fastq_name,ingest_time,alignment_time,postqc_time
SQ_MX2021-16,,,
SQ_MX2021-25,,,
SQ_MX2021-26,,,
SQ_MX2021-27,,,
SQ_MX2021-28,,,
SQ_MX2021-29,,,
SQ_MX2021-30,,,
SQ_MX2021-31,,,
SQ_MX2021-32,,,
SQ_MX2021-33,,,
SQ_MX2021-34,,,
SQ_MX2021-35,,,
SQ_MX2021-36,,,
SQ_MX2021-22,,,
SQ_MX2021-1,,,
SQ_MX2021-2,,,
SQ_MX2021-3,,,
SQ_MX2021-4,,,
SQ_MX2021-5,,,
SQ_MX2021-6,,,
SQ_MX2021-7,,,
SQ_MX2021-8,,,
SQ_MX2021-9,,,
SQ_MX2021-12,,,
SQ_MX2021-10,,,
SQ_MX2021-13,,,
SQ_MX2021-11,,,
SQ_MX2021-14,,,
NY-MX12019-9,2023-11-15 18:58:39.676-08,2024-07-07 22:54:44.99346-07,2024-07-15 14:27:42.988544-07
SQ_MX2021-15,,,
SQ_PX1101-6,,,
SQ_PX1101-7,,,
NY-MX12019-8,2023-11-15 18:58:39.676-08,2024-11-22 00:57:12.112932-08,2024-12-10 01:53:35.373546-08
NY-MX12019-3,2023-11-15 18:58:39.676-08,2024-09-24 15:53:43.005115-07,2024-09-25 10:24:59.736279-07
NY-MX12019-2,2023-11-15 18:58:39.676-08,2024-11-22 00:54:02.289147-08,2024-12-10 01:52:24.281243-08
NY-MX12019-1,2023-11-15 18:58:39.676-08,2024-11-22 00:50:52.032514-08,2024-12-10 01:51:14.370385-08
SQ_AT0579-2,2024-03-23 17:05:25.224-07,2024-08-30 00:47:12.276079-07,2024-09-10 12:52:55.162495-07
NY-MX12019-7,2023-11-15 18:58:39.676-08,2024-09-23 16:28:52.615126-07,2024-09-25 10:26:02.61087-07
NY-MX12019-6,2023-11-15 18:58:39.676-08,2024-09-24 15:54:35.845623-07,2024-09-25 10:25:49.272726-07
NY-MX12019-5,2023-11-15 18:58:39.676-08,2024-09-24 15:54:18.278495-07,2024-09-25 10:25:37.431428-07
NY-MX22005-25,2024-09-19 20:04:15.748-07,2024-09-20 10:24:09.476742-07,2024-09-30 10:40:02.704433-07
SQ_MX2028-5,2024-03-23 05:02:13.336-07,2024-11-24 03:18:11.192691-08,2025-01-07 16:36:55.926551-08
SQ_MX2028-6,2024-03-23 05:02:13.336-07,2025-02-11 05:19:38.549885-08,2025-02-17 07:38:20.66362-08
SQ_MX2028-7,2024-03-23 05:02:13.336-07,2025-02-11 05:21:44.496848-08,2025-02-17 07:43:27.630432-08
NW-TX4110-2,2024-05-13 23:26:58.214-07,2024-07-01 14:41:41.215203-07,2025-01-15 10:35:56.998559-08
NW-TX4110-3,2024-05-13 23:26:58.214-07,2024-07-01 14:42:04.41437-07,2025-01-15 10:36:10.284903-08
NY-AT26010-7,2024-10-20 10:25:26.02-07,2024-10-28 17:01:04.003379-07,2024-10-31 11:57:06.696187-07
NY-MX12030-10,2024-02-02 23:09:50.637-08,2024-02-07 10:01:59.241744-08,2024-12-10 00:24:45.533603-08
SQ_MX2028-8,2024-03-23 05:02:13.336-07,2024-11-05 14:28:18.665568-08,2025-01-07 22:51:29.212362-08
SQ_MX2028-9,2024-03-23 05:02:13.336-07,2024-11-05 14:31:28.113689-08,2025-01-07 22:53:39.471768-08
NY-AT0662-1,2023-09-26 03:04:23.409-07,2025-02-11 11:09:40.599518-08,2025-02-17 10:06:37.58981-08
NY-AT0662-3,2023-09-26 03:04:23.409-07,2025-02-11 11:07:33.608809-08,2025-02-17 10:01:30.46113-08
NY-AT0662-2,2023-09-26 03:04:23.409-07,2024-10-22 10:44:29.238682-07,2024-12-10 16:12:47.383488-08
NY-AT0662-5,2023-09-26 03:04:23.409-07,2024-10-22 10:35:01.155906-07,2024-12-10 16:10:26.076098-08
NY-AT0662-4,2023-09-26 03:04:23.409-07,2024-10-22 10:47:38.778687-07,2024-12-10 16:13:59.100092-08
NY-AT0662-7,2023-09-26 03:04:23.409-07,2025-02-11 11:26:47.910295-08,2025-02-17 10:11:44.150256-08
NY-AT0662-6,2023-09-26 03:04:23.409-07,2025-02-11 10:48:18.757837-08,2025-02-17 09:51:16.475106-08
NY-AT0662-9,2023-09-26 03:04:23.409-07,2025-02-11 11:05:26.844102-08,2025-02-17 09:56:23.181789-08
NY-AT0662-8,2023-09-26 03:04:23.409-07,2024-10-22 10:38:10.583621-07,2024-12-10 16:11:36.711342-08
SQ_PX1101-8,,,
ON HOLD,,,
SQ-PX1102-1,,,
SQ_AT0579-8,,,
10X388-7,,,
10X220-7,,,
NW-TX4110-4,,,
NW-TX4110-1,,,
NW_AT0588-8,2024-01-11 20:52:23.769-08,2024-10-22 09:16:05.439957-07,2024-12-10 16:34:56.41608-08
NW_TX4057-4,,,
NW_TX4057-5,,,
NW_TX4057-6,,,
NW_TX4057-1,,,
NW_TX4057-2,,,
NW_TX4057-3,,,
NW_TX0149-10,,,
NW_TX0091-6,,,
NW_TX0091-7,,,
NW_TX0091-4,,,
NW_TX0091-5,,,
10X318-8,,,
NW_TX0091-3,,,
NW_TX0091-1,,,
10X318-4,,,
10X318-5,,,
10X318-6,,,
10X318-7,,,
10X318-1,,,
10X318-2,,,
10X318-3,,,
NW_TX0104-1,,,
SM-D9E42-11,,,
NW_TX0104-3,,,
NW_TX0104-2,,,
NW_TX0104-5,,,
NW_TX0104-4,,,
NW_TX0104-7,,,
NW_TX0104-6,,,
NW_TX0104-9,,,
NW_TX0104-8,,,
NY-AT16071-5,,,
NY-AT26009-15,2024-10-12 17:21:04.974-07,2024-10-13 02:02:27.848304-07,2024-10-14 11:52:50.290881-07
NW_MX2054-4,2023-09-11 23:57:22.623-07,2024-10-22 00:09:16.603169-07,2024-12-11 00:02:51.310681-08
SQ_AT0579-6,2024-03-23 17:05:25.224-07,2025-02-17 06:31:54.00782-08,2025-02-18 09:48:15.646927-08
NY-AT16071-4,2024-07-03 07:54:30.736-07,2024-11-19 08:42:51.306156-08,2024-12-03 13:43:48.53681-08
NY-AT16071-7,2024-07-03 07:54:30.736-07,2024-07-17 13:00:22.580769-07,2024-12-02 12:50:18.76224-08
NY-AT16071-6,2024-07-03 07:54:30.736-07,2024-11-19 08:49:11.348112-08,2024-12-03 13:44:48.754442-08
NY-AT16071-1,2024-07-03 07:54:30.736-07,2024-11-19 08:39:41.24666-08,2024-12-03 13:43:33.830974-08
NY-AT16071-3,2024-07-03 07:54:30.736-07,2024-11-11 16:53:25.476279-08,2024-12-02 13:12:09.155606-08
NY-AT16071-2,2024-07-03 07:54:30.736-07,2024-11-11 16:47:54.448504-08,2024-12-02 13:11:53.799736-08
NY-AT16071-9,2024-07-03 07:54:30.736-07,2024-11-11 17:00:04.633769-08,2024-12-02 13:12:47.823615-08
NY-AT16071-8,2024-07-03 07:54:30.736-07,2024-07-17 13:00:29.989781-07,2024-12-02 12:50:32.586488-08
SQ_AT0032-4,2024-03-23 13:04:22.165-07,2024-11-10 01:06:04.915579-08,2025-01-08 00:14:34.775445-08
SQ_AT0032-3,2024-03-23 13:04:22.165-07,2024-11-10 01:02:56.951435-08,2025-01-08 00:12:23.073291-08
SQ_AT0032-1,2024-03-23 13:04:22.165-07,2024-11-05 14:06:11.731541-08,2025-01-07 22:36:17.949024-08
NW_TX0084-10,,,
NW_TX0084-11,,,
NW_TX0196-1,,,
NW_TX0196-2,,,
NW_TX0196-3,,,
NW_TX0196-4,,,
NW_TX0196-5,,,
NW_TX0032-11,,,
NW_TX0032-10,,,
NW_TX0196-8,,,
SQ_AT0040-6,,,
NY-AT26007-15,2024-10-05 17:01:13.013-07,2024-10-07 14:27:24.581643-07,2024-10-09 10:37:48.637228-07
NY-AT26007-14,2024-10-05 17:01:13.013-07,2024-10-07 14:24:12.908818-07,2024-10-09 10:40:59.623885-07
NY-AT0650-10,2023-08-30 08:00:20.477-07,2024-11-24 03:49:46.887872-08,2024-12-09 23:26:34.253475-08
NW_MX2054-5,2023-09-11 23:57:22.623-07,2024-10-22 00:12:26.728681-07,2024-12-11 00:04:01.133924-08
SQ_MX2021-37,,,
SQ_AT0579-9,2024-03-23 17:05:25.224-07,2024-12-18 14:55:56.596734-08,2025-01-08 06:21:09.497708-08
SQ_MX2021-38,,,
SQ_MX2021-39,,,
SQ_MX2021-40,,,
SQ_MX2021-41,,,
SQ_MX2021-42,,,
SQ_MX2021-43,,,
SQ_MX2021-44,,,
SQ_MX2026-24,,,
SQ_MX2026-25,,,
SQ_MX2026-26,,,
SQ_MX2026-29,,,
SQ_MX2026-27,,,
SQ_MX2026-28,,,
SQ_MX2026-22,,,
SQ_MX2026-23,,,
SQ_MX2026-14,,,
SQ_MX2026-10,,,
SQ_MX2026-11,,,
SQ_MX2026-12,,,
SQ_MX2026-15,,,
SQ_MX2026-16,,,
SQ_MX2026-20,,,
SQ_MX2026-17,,,
SQ_MX2026-18,,,
SQ_MX2026-21,,,
SQ_MX2026-19,,,
SQ_MX2026-13,,,
SQ_PX1101-1,,,
SQ_PX1101-2,,,
SQ_PX1101-3,,,
SQ_PX1101-4,,,
SQ_PX1101-5,,,
SQ_MX2014-25,,,
SQ_MX2014-26,,,
SQ_MX2014-27,,,
SQ_MX2014-28,,,
SQ_MX2014-29,,,
SQ_MX2014-30,,,
SQ_MX2014-31,,,
SQ_MX2014-32,,,
SQ_MX2014-33,,,
SQ_MX2014-34,,,
SQ_MX2014-35,,,
SQ_MX2014-36,,,
SQ_MX2021-19,,,
SQ_MX2021-24,,,
SQ_MX2021-20,,,
SQ_MX2021-21,,,
NW_TX4015-3,,,
SQ_AT0040-7,,,
NY-MX12019-4,2023-11-15 18:58:39.676-08,2024-09-24 15:54:02.601865-07,2024-09-25 10:25:25.807616-07
NY-MX2141-1,2023-08-17 15:18:37.765-07,2024-08-28 02:41:56.334465-07,2024-09-11 15:20:59.736036-07
NY-AT26010-4,2024-10-20 10:25:26.02-07,2024-10-28 16:51:31.469125-07,2025-03-21 12:55:55.381959-07
NY-AT26007-17,2024-10-05 17:01:13.013-07,2024-10-07 14:33:46.98528-07,2024-10-09 10:31:27.735064-07
NY-MX12035-4,2024-02-23 02:14:03.559-08,2024-07-11 18:06:49.170163-07,2024-08-20 09:36:19.648562-07
NY-AT26007-11,2024-10-05 17:01:13.013-07,2024-10-08 12:10:17.572416-07,2024-10-09 10:50:32.63918-07
NW_TX0174-1,,,
SM-HINLH-8,,,
SM-HINLH-3,,,
SM-HINLH-2,,,
SM-HINLH-1,,,
SM-HINLH-6,,,
10X237-1,,,
10X237-2,,,
10X237-3,,,
SM-HINLH-5,,,
SM-HINLH-4,,,
NY-AT26007-10,2024-10-05 17:01:13.013-07,2024-10-07 14:11:27.231029-07,2024-10-09 10:53:43.584788-07
NY-AT26007-13,2024-10-05 17:01:13.013-07,2024-10-07 14:21:01.202906-07,2024-10-09 10:44:10.580888-07
NY-AT26007-12,2024-10-05 17:01:13.013-07,2024-10-07 14:17:49.820471-07,2024-10-09 10:47:21.839635-07
NY-AT26007-19,2024-10-05 17:01:13.013-07,2024-10-07 14:40:08.948874-07,2024-10-09 10:25:06.096224-07
NY-AT26007-18,2024-10-05 17:01:13.013-07,2024-10-07 14:36:58.419613-07,2024-10-09 10:28:17.057492-07
SQ_AT0616-11,2023-03-10 23:23:35.361-08,2024-10-01 13:26:34.252866-07,2024-12-09 10:11:41.67803-08
NW-MX2125-9,2023-03-11 02:20:42.04-08,2024-08-28 00:24:36.826227-07,2024-09-11 13:04:08.341375-07
NW-MX2125-8,2023-03-11 02:20:42.04-08,2024-08-28 00:21:21.890027-07,2024-09-11 13:00:57.978729-07
NY-MX2150-1,2023-10-18 23:11:00.612-07,2025-02-11 06:55:28.527961-08,2025-02-17 08:24:22.681707-08
NY-MX2150-7,2023-10-18 23:11:00.612-07,2024-08-28 05:02:16.66831-07,2024-09-11 17:41:55.738037-07
NY-MX2150-6,2023-10-18 23:11:00.612-07,2024-08-28 04:59:06.557629-07,2024-09-11 17:38:44.696368-07
NY-MX2150-5,2023-10-18 23:11:00.612-07,2024-10-21 17:38:39.586861-07,2024-12-09 19:10:49.59651-08
NY-MX2150-4,2023-10-18 23:11:00.612-07,2024-10-01 17:02:11.316654-07,2024-12-09 19:09:36.40955-08
NW-MX2125-1,2023-03-11 02:20:42.04-08,2024-11-24 03:30:49.50768-08,2024-12-09 21:25:43.211934-08
NW-MX2125-3,2023-03-11 02:20:42.04-08,2024-08-28 00:04:13.522849-07,2024-09-11 12:45:04.102513-07
NW-MX2125-2,2023-03-11 02:20:42.04-08,2024-10-21 20:05:22.512724-07,2024-12-09 21:26:56.09385-08
NW-MX2125-5,2023-03-11 02:20:42.04-08,2024-08-28 00:10:41.445344-07,2024-09-11 12:51:26.158302-07
NW-MX2125-4,2023-03-11 02:20:42.04-08,2024-08-28 00:07:27.831273-07,2024-09-11 12:48:14.834292-07
NW-MX2125-7,2023-03-11 02:20:42.04-08,2024-08-28 00:17:05.598734-07,2024-09-11 12:57:47.238216-07
NW-MX2125-6,2023-03-11 02:20:42.04-08,2024-08-28 00:13:54.153228-07,2024-09-11 12:54:36.662312-07
NY-MX22003-20,2024-09-04 01:08:41.386-07,2024-09-04 09:55:13.002174-07,2024-09-08 21:49:50.874619-07
NW-AT0642-1,2024-03-05 11:52:47.613-08,2025-02-08 14:53:10.054461-08,2025-02-16 12:39:51.532937-08
SQ_MX2028-4,2024-03-23 05:02:13.336-07,2024-10-21 18:52:09.528315-07,2025-01-07 16:34:46.196695-08
NW-AT0642-3,2024-03-05 11:52:47.613-08,2025-02-08 14:57:22.056156-08,2025-02-16 12:50:05.857873-08
NW-AT0642-2,2024-03-05 11:52:47.613-08,2025-02-08 14:55:16.084692-08,2025-02-16 12:44:58.276928-08
NW-AT0642-5,2024-03-05 11:52:47.613-08,2025-02-08 15:01:34.98684-08,2025-02-16 13:00:19.944932-08
NW-AT0642-4,2024-03-05 11:52:47.613-08,2025-02-08 14:59:28.067169-08,2025-02-16 12:55:12.904848-08
NW-AT0642-7,2024-03-05 11:52:47.613-08,2024-08-19 14:35:46.437578-07,2024-08-21 10:00:22.342417-07
NW-AT0642-6,2024-03-05 11:52:47.613-08,2024-08-19 14:35:01.616626-07,2024-08-21 09:59:24.813309-07
NW-AT0642-9,2024-03-05 11:52:47.613-08,2024-08-19 14:36:19.95456-07,2024-08-21 10:00:47.104135-07
NW-AT0642-8,2024-03-05 11:52:47.613-08,2024-08-19 14:36:06.646351-07,2024-08-21 10:00:35.388272-07
SQ_MX2031-3,2024-03-23 04:06:20.054-07,2025-02-10 21:31:08.808726-08,2025-02-17 05:45:53.878174-08
SQ_MX2028-1,2024-03-23 05:02:13.336-07,2024-11-05 15:53:52.289774-08,2025-01-08 01:04:55.2839-08
SQ_MX2031-1,2024-03-23 04:06:20.054-07,2024-12-11 12:36:32.832442-08,2025-01-07 18:40:26.894634-08
NY-TX14018-1,,,
NY-TX14018-2,,,
SQ_MX2028-2,2024-03-23 05:02:13.336-07,2024-11-05 15:57:02.365729-08,2025-01-08 01:07:05.087794-08
SQ_MX2028-3,2024-03-23 05:02:13.336-07,2024-11-19 09:19:32.641055-08,2025-01-08 00:27:44.98676-08
SQ_MX2031-4,2024-03-23 04:06:20.054-07,2025-02-10 22:33:17.61632-08,2025-02-17 05:51:00.150482-08
NY-TX14018-4,2023-11-11 02:05:45.989-08,2023-11-13 09:20:17.933227-08,2023-12-08 02:07:15.449088-08
SQ_MX2031-5,2024-03-23 04:06:20.054-07,2025-02-10 23:05:37.883134-08,2025-02-17 05:56:06.585578-08
NY-TX14018-3,2023-11-11 02:05:45.989-08,2023-11-13 09:19:55.976523-08,2023-12-08 02:07:07.662759-08
NW-TX4132-1,2024-10-05 02:55:38.841-07,2024-10-07 14:31:29.471568-07,2025-01-17 14:40:33.594727-08
NW-TX4132-2,2024-10-05 02:55:38.841-07,2024-10-07 14:31:47.641528-07,2025-01-17 14:37:20.359965-08
NW-TX4132-3,2024-10-05 02:55:38.841-07,2024-10-07 14:24:44.199997-07,2025-01-17 14:29:53.676927-08
NW-TX4132-4,2024-10-05 02:55:38.841-07,2024-10-07 14:24:56.825389-07,2025-01-17 14:30:03.77809-08
NW-TX4132-5,2024-10-05 02:55:38.841-07,2024-10-07 14:25:10.452799-07,2025-01-17 14:30:13.870284-08
NY-AT16012-7,2023-10-25 11:16:51.925-07,2024-11-21 23:40:36.798745-08,2024-12-10 01:25:16.211104-08
NY-AT16012-1,2023-10-25 11:16:51.925-07,2024-11-21 23:27:37.994647-08,2024-12-10 01:20:17.110018-08
NY-AT16012-2,2023-10-25 11:16:51.925-07,2024-11-21 23:30:49.993619-08,2024-12-10 01:21:30.472374-08
NY-AT16012-3,2023-10-25 11:16:51.925-07,2024-11-24 01:33:15.706696-08,2024-12-10 01:22:44.983053-08
SQ_AT0602-1,2024-01-11 21:52:20.085-08,2024-12-19 10:05:36.77732-08,2025-01-08 07:19:40.44504-08
SQ_AT0602-2,2024-01-11 21:52:20.085-08,2024-12-19 10:10:47.853725-08,2025-01-08 07:21:49.815353-08
SQ_AT0602-3,2024-01-11 21:52:20.085-08,2024-12-19 10:15:57.82323-08,2025-01-08 07:23:59.940389-08
SQ_AT0602-4,2024-01-11 21:52:20.085-08,2024-12-19 10:21:07.679737-08,2025-01-08 07:26:09.92753-08
SQ_AT0602-5,2024-01-11 21:52:20.085-08,2024-11-05 14:53:41.464946-08,2025-01-07 20:54:01.074489-08
SQ_AT0602-6,2024-01-11 21:52:20.085-08,2024-11-05 14:56:51.052787-08,2025-01-07 20:56:12.289581-08
SQ_AT0602-7,2024-01-11 21:52:20.085-08,2024-12-19 10:26:17.033116-08,2025-01-08 07:28:19.317061-08
SQ_AT0602-8,2024-01-11 21:52:20.085-08,2024-12-19 10:31:26.436599-08,2025-01-08 07:30:28.74911-08
SQ_AT0602-9,2024-01-11 21:52:20.085-08,2024-02-06 10:33:12.681517-08,2025-01-08 02:53:15.323309-08
NW-TX4129-4,2024-09-16 17:10:09.301-07,2025-01-12 18:38:09.718039-08,2025-01-17 13:16:15.005192-08
NW-TX4129-5,2024-09-16 17:10:09.301-07,2024-09-18 10:14:16.563603-07,2025-01-23 10:04:06.544589-08
NW_TX0014-7,,,
SM-HINLH-7,,,
10X360-3,,,
10X360-2,,,
10X360-5,,,
10X360-4,,,
10X360-7,,,
NY-TX4089-10,,,
10X190-6,,,
10X190-7,,,
10X190-4,,,
10X190-5,,,
10X190-2,,,
10X190-3,,,
NW_TX0072-9,,,
10X190-1,,,
NW_TX0072-7,,,
NW_TX0072-6,,,
NW_TX0072-5,,,
NW_TX0072-4,,,
NY-MX12065-9,2024-06-18 17:08:12.887-07,2024-11-19 10:14:56.823631-08,2024-12-03 13:23:45.257997-08
NY-MX12065-3,2024-06-18 17:08:12.887-07,2024-11-11 15:07:17.214594-08,2024-12-02 13:05:01.867952-08
NW_AT0615-12,2024-03-05 11:47:13.855-08,2024-12-24 01:25:48.02774-08,2025-01-07 18:07:55.876591-08
NW_AT0615-11,2024-03-05 11:47:13.855-08,2024-12-11 11:58:38.093599-08,2025-01-07 18:05:46.033173-08
NW_AT0615-10,2024-03-05 11:47:13.855-08,2024-12-11 11:55:28.895877-08,2025-01-07 18:03:36.336102-08
SQ_AT008-9,2024-03-23 12:41:27.481-07,2025-03-03 11:46:00.044216-08,2025-03-04 12:26:32.392094-08
SQ_AT008-8,2024-03-23 12:41:27.481-07,2025-03-03 12:11:50.854865-08,2025-03-04 12:52:20.265021-08
NW_TX0072-3,,,
NW_TX0072-2,,,
10X190-8,,,
SQ_AT008-5,,,
SQ_AT008-4,,,
SQ_AT008-7,,,
SQ_AT008-6,,,
SQ_AT008-1,,,
SQ_AT008-3,,,
SQ_AT008-2,,,
NW_MX2092-8,2024-02-15 02:35:48.594-08,2024-11-05 15:34:52.098921-08,2024-12-10 15:20:16.583116-08
NW_MX2092-9,2024-02-15 02:35:48.594-08,2024-01-12 13:19:59.541115-08,2024-12-10 17:40:00.236822-08
NW_MX2092-4,2024-02-15 02:35:48.594-08,2024-02-20 10:28:07.278074-08,2024-12-10 23:45:17.268073-08
NW-TX4132-6,2024-10-05 02:55:38.841-07,2024-10-09 10:23:00.073348-07,2025-01-17 14:29:41.740893-08
NY-TX24004-9,2024-10-12 09:07:26.115-07,2024-10-14 09:03:57.274015-07,2025-01-23 13:26:07.715165-08
NY-TX24004-8,2024-10-12 09:07:26.115-07,2024-10-14 09:03:43.567599-07,2025-01-23 10:42:06.590589-08
NY-TX24004-5,2024-10-12 09:07:26.115-07,2024-10-14 09:03:05.620874-07,2025-01-23 10:42:38.357192-08
NY-TX24004-4,2024-10-12 09:07:26.115-07,2024-10-14 09:02:54.337206-07,2025-01-23 10:42:28.514409-08
NY-TX24004-7,2024-10-12 09:07:26.115-07,2024-10-14 09:03:32.036177-07,2025-01-23 10:41:56.45516-08
NY-TX24004-6,2024-10-12 09:07:26.115-07,2024-10-14 09:03:18.751286-07,2025-01-23 10:42:48.091087-08
NY-TX24004-1,2024-10-12 09:07:26.115-07,2024-10-14 09:02:15.702958-07,2025-01-23 10:43:17.698152-08
NY-TX24004-3,2024-10-12 09:07:26.115-07,2024-10-14 09:02:41.349535-07,2025-01-23 10:43:07.855996-08
NW_MX2092-5,2024-02-15 02:35:48.594-08,2024-11-26 10:23:44.645643-08,2024-12-10 16:36:06.014706-08
NW_MX2092-6,2024-02-15 02:35:48.594-08,2024-12-19 10:00:26.554665-08,2025-01-08 07:17:30.575386-08
NW_MX2092-7,2024-02-15 02:35:48.594-08,2024-10-22 04:16:02.96232-07,2024-12-11 00:34:20.059226-08
NW_MX2092-1,2024-02-15 02:35:48.594-08,2024-08-27 15:51:56.748029-07,2024-09-10 13:35:11.481479-07
NW_MX2092-2,2024-02-15 02:35:48.594-08,2024-08-27 15:55:11.976886-07,2024-09-10 13:42:48.999129-07
NW_MX2092-3,2024-02-15 02:35:48.594-08,2024-02-15 15:09:36.208745-08,2024-12-10 23:44:08.028165-08
NY-MX22004-17,2024-09-06 09:46:52.406-07,2024-09-08 22:04:01.132353-07,2024-09-11 15:01:46.433157-07
SQ_AT0586-9,2024-02-15 04:58:46.839-08,2024-02-15 15:09:05.891962-08,2025-01-08 04:28:30.023183-08
SQ_AT0586-8,2024-02-15 04:58:46.839-08,2024-02-15 15:08:51.034068-08,2025-01-08 04:26:19.927286-08
SQ_AT0586-7,2024-02-15 04:58:46.839-08,2024-11-26 10:01:40.931985-08,2025-01-07 23:26:18.418435-08
NY-MX2148-6,2023-10-12 06:23:16.214-07,2024-08-28 04:40:01.220119-07,2024-09-11 17:18:44.315087-07
SQ_AT0586-5,2024-02-15 04:58:46.839-08,2024-11-24 04:30:51.643642-08,2025-01-07 23:21:58.06729-08
SQ_AT0586-4,2024-02-15 04:58:46.839-08,2024-02-15 15:08:32.065223-08,2025-01-08 04:24:09.883259-08
SQ_AT0586-3,2024-02-15 04:58:46.839-08,2024-02-15 15:08:17.442344-08,2025-01-08 04:21:59.654731-08
SQ_AT0586-2,2024-02-15 04:58:46.839-08,2024-11-24 04:27:42.150084-08,2025-01-07 23:19:47.744563-08
SQ_AT0586-1,2024-02-15 04:58:46.839-08,2024-11-24 04:24:32.728501-08,2025-01-07 23:17:37.709884-08
NW_TX0153-8,2023-07-26 23:11:05.58-07,2023-06-23 10:49:48.243769-07,2023-05-21 21:44:26.753762-07
NW_TX0153-7,2023-07-26 23:11:05.58-07,2023-06-23 10:49:21.509504-07,2023-05-21 21:44:18.77862-07
SQ_AT0568-7,2024-03-07 17:14:45.155-08,2024-10-01 10:20:23.892437-07,2024-12-07 23:56:50.120901-08
SQ_AT0568-6,2024-03-07 17:14:45.155-08,2024-12-17 13:19:51.512855-08,2025-01-08 05:26:58.609848-08
SQ_AT0568-5,2024-03-07 17:14:45.155-08,2024-12-17 13:14:06.246103-08,2025-01-08 05:24:48.617528-08
NW_TX0153-9,,,
NW_TX0153-5,,,
NW_TX0153-4,,,
NW_TX0153-6,,,
NW_TX0153-1,,,
NW_TX0153-3,,,
NW_TX0153-2,,,
SQ_AT0568-9,,,
SQ_AT0568-8,,,
NW_TX0040-22,,,
NW_TX0040-21,,,
NW_TX0040-20,,,
10X220-8,,,
SNICR5_E12-P0_210823_15k,,,
SNICR5_E12-P0_210823_6k,,,
NY-TX24017-7,,,
NW_TX4010-3,,,
SQ_AT0568-4,2024-03-07 17:14:45.155-08,2024-12-17 13:08:19.551801-08,2025-01-08 05:22:38.268828-08
NW-TX4120-4,2024-08-14 00:03:34.677-07,2024-08-14 10:07:12.606281-07,2025-01-22 12:34:56.75043-08
NY-AT16012-8,2023-10-25 11:16:51.925-07,2024-11-24 01:36:25.158714-08,2024-12-10 01:26:32.255939-08
NY-AT16012-9,2023-10-25 11:16:51.925-07,2024-01-24 08:57:43.273409-08,2024-12-10 00:09:11.925599-08
NY-AT16012-4,2023-10-25 11:16:51.925-07,2024-11-21 23:37:19.78149-08,2024-12-10 01:24:00.954641-08
NY-AT16012-5,2023-10-25 11:16:51.925-07,2024-11-21 23:47:08.470855-08,2024-12-10 01:27:44.205725-08
NY-AT16012-6,2023-10-25 11:16:51.925-07,2024-11-21 23:50:25.091091-08,2024-12-10 01:28:54.467851-08
NW-TX4129-3,2024-09-16 17:10:09.301-07,2024-09-18 10:12:57.321246-07,2025-01-22 15:24:07.308461-08
NY-AT26004-14,2024-09-06 13:02:16.889-07,2024-09-08 21:54:29.973511-07,2024-09-11 14:52:15.247773-07
NY-AT26004-15,2024-09-06 13:02:16.889-07,2024-09-08 21:57:40.893852-07,2024-09-11 14:55:28.810707-07
NY-AT26004-16,2024-09-06 13:02:16.889-07,2024-09-08 22:00:50.795012-07,2024-09-11 14:58:38.489676-07
NY-AT26004-17,2024-09-06 13:02:16.889-07,2024-09-08 22:04:01.132353-07,2024-09-11 15:01:46.433157-07
NY-AT26004-10,2024-09-06 13:02:16.889-07,2024-09-09 13:52:39.447226-07,2024-09-11 14:42:42.32894-07
NY-AT26004-11,2024-09-06 13:02:16.889-07,2024-09-08 21:44:58.36058-07,2024-09-11 14:45:51.093895-07
NY-AT26004-12,2024-09-06 13:02:16.889-07,2024-09-08 21:48:08.545868-07,2024-09-11 14:49:06.019033-07
NY-AT26004-13,2024-09-06 13:02:16.889-07,2024-09-08 21:51:19.341635-07,2024-09-11 14:36:23.724192-07
NY-MX22004-18,2024-09-06 09:46:52.406-07,2024-09-08 22:07:12.207221-07,2024-09-11 15:04:53.801909-07
NY-MX22004-19,2024-09-06 09:46:52.406-07,2024-09-08 22:10:22.811125-07,2024-09-11 15:08:01.000446-07
NY-AT26003-18,2024-08-31 19:19:23.43-07,2024-09-04 09:43:07.134691-07,2024-09-08 21:59:21.89463-07
NY-AT16055-10,2024-04-24 00:56:20-07,2024-07-12 10:47:33.499507-07,2024-08-22 10:41:06.472507-07
NY-TX24017-8,,,
NY-TX24017-9,,,
SQ_AT0568-3,,,
SQ_AT0568-2,,,
SQ_AT0568-1,,,
10X356-8,,,
10X356-2,,,
10X356-3,,,
10X356-1,,,
10X356-6,,,
10X356-7,,,
10X356-4,,,
10X356-5,,,
10X176-8,,,
10X176-6,,,
10X176-7,,,
10X176-4,,,
10X176-5,,,
10X176-2,,,
10X176-3,,,
10X176-1,,,
10X385-6,,,
10X385-7,,,
10X385-4,,,
10X385-5,,,
10X385-2,,,
10X385-3,,,
10X385-1,,,
NW_TX0091-2,,,
SQ_AT0580-5,2024-02-15 05:09:29.915-08,2024-08-30 00:53:34.928462-07,2024-09-10 12:59:16.46698-07
SQ_AT0580-7,2024-02-15 05:09:29.915-08,2024-12-18 15:21:49.322197-08,2025-01-08 06:32:00.067766-08
SQ_AT0580-4,,,
10X206-8,,,
SQ_AT0580-3,,,
NW_TX4004-1,,,
NW_TX4004-2,,,
NW_TX4004-3,,,
NW_TX4004-4,,,
NW_TX4004-5,,,
NW_TX0176-6,,,
NW_TX0176-7,,,
NW_TX0176-4,,,
NW_TX1071-8,,,
NW_TX0176-2,,,
NW_TX0091-8,,,
NW_TX0176-1,,,
NW_TX1071-3,,,
NW_TX1071-2,,,
NW_TX1071-1,,,
NW_TX0091-9,,,
NW_TX1071-7,,,
NW_TX1071-6,,,
NW_TX0176-8,,,
NW_TX0176-9,,,
NW_TX0023-14,,,
NW_TX0023-11,,,
NW_TX0023-10,,,
NW_TX0023-13,,,
NW_TX0023-12,,,
NW_TX0187-8,,,
NW_TX0094-10,,,
NW_TX0115-2,,,
10X206-6,,,
NW_TX0134-1,,,
NW_TX0115-5,,,
NW_TX0134-3,,,
SQ_AT0580-1,2024-02-15 05:09:29.915-08,2024-11-07 11:39:45.235713-08,2024-12-10 14:37:17.930949-08
NW_AT0622-10,2024-02-29 11:21:40.891-08,2025-02-08 15:26:47.822678-08,2025-02-16 14:01:40.094422-08
NY-AT16027-1,2024-03-05 15:02:58.771-08,2024-07-17 13:09:57.900406-07,2024-08-16 11:00:32.46259-07
NY-AT16027-2,2024-03-05 15:02:58.771-08,2024-07-25 14:58:45.495167-07,2024-08-16 12:00:07.374238-07
NY-AT16027-3,2024-03-05 15:02:58.771-08,2024-11-11 13:33:47.208839-08,2025-03-21 10:49:15.329429-07
NY-AT16027-4,2024-03-05 15:02:58.771-08,2024-11-11 13:37:03.504119-08,2024-12-02 12:54:31.313-08
NW-AT0639-9,2024-03-06 02:35:01.439-08,2025-02-08 14:06:51.325246-08,2025-02-16 10:47:23.616396-08
NY-AT16027-6,2024-03-05 15:02:58.771-08,2024-02-05 10:01:42.610082-08,2024-12-10 00:18:39.86118-08
NY-AT16027-7,2024-03-05 15:02:58.771-08,2024-02-05 10:02:50.951558-08,2024-12-10 00:19:49.984558-08
NY-AT16027-8,2024-03-05 15:02:58.771-08,2024-07-17 12:56:15.78771-07,2024-12-02 12:49:43.363656-08
NW-AT0639-8,2024-03-06 02:35:01.439-08,2025-02-08 14:04:45.389588-08,2025-02-16 10:42:17.154199-08
NW-AT0639-6,2024-03-06 02:35:01.439-08,2024-10-22 08:44:31.299125-07,2024-12-09 23:23:02.049044-08
NW_MX0003-8,2024-03-22 16:52:19.381-07,2024-10-21 20:14:52.403887-07,2024-12-09 21:30:31.430368-08
NW_MX0003-9,2024-03-22 16:52:19.381-07,2024-10-21 20:18:02.043175-07,2024-12-09 21:31:42.441858-08
NW_MX0003-1,2024-03-22 16:52:19.381-07,2025-02-10 03:47:58.56975-08,2025-02-17 02:57:12.60337-08
NW_MX0003-2,2024-03-22 16:52:19.381-07,2025-02-10 03:50:04.525785-08,2025-02-17 03:02:19.258223-08
NW_MX0003-3,2024-03-22 16:52:19.381-07,2025-02-10 03:52:10.408414-08,2025-02-17 03:07:26.55135-08
NW_MX0003-4,2024-03-22 16:52:19.381-07,2025-02-10 04:09:16.391685-08,2025-02-17 03:12:33.752421-08
NW_MX0003-5,2024-03-22 16:52:19.381-07,2025-02-10 04:11:22.231375-08,2025-02-17 03:17:40.56707-08
NW_MX0003-6,2024-03-22 16:52:19.381-07,2025-02-10 04:28:28.070381-08,2025-02-17 03:22:47.211098-08
NW-AT0639-2,2024-03-06 02:35:01.439-08,2025-02-08 13:56:09.824526-08,2025-02-16 10:21:51.642876-08
NW_TX4043-9,2024-03-05 10:14:38.637-08,2025-02-11 20:58:13.458033-08,2025-02-17 12:29:47.729974-08
NW_TX4043-8,2024-03-05 10:14:38.637-08,2025-02-11 20:54:20.949786-08,2025-02-17 12:24:41.139635-08
SM-D9E42-10,,,
SM-D9E42-12,,,
NW_TX0135-9,,,
NW_TX0135-4,,,
NW_TX0135-7,,,
NW_TX0135-6,,,
SQ_AT0040-9,,,
SQ_AT0040-4,,,
NW_TX0103-10,,,
NW_TX1068-8,,,
NW_TX1068-1,,,
NW_TX1068-3,,,
NW_TX1068-2,,,
NW_TX1068-5,,,
NW_TX1068-7,,,
NW_TX1068-6,,,
NW_TX0089-5,,,
NW_TX0089-4,,,
NW_TX0089-7,,,
NW_TX0089-6,,,
NW_TX0089-1,,,
10X240-7,,,
NW_TX0089-3,,,
NW_TX0089-2,,,
NW_TX0089-9,,,
NW_TX0089-8,,,
NW_TX0081-1,,,
NW_TX0081-3,,,
NW_TX0081-2,,,
NW_TX0122-6,,,
NW_TX4023-5,,,
NW_TX4023-4,,,
NW_TX4023-1,,,
NW_TX4023-3,,,
NW_TX4023-2,,,
NW_MX4001-2,,,
NW_MX4001-3,,,
NW_MX4001-1,,,
NW_MX4001-4,,,
NW_MX4001-5,,,
NW_TX0032-13,,,
NW_TX0032-12,,,
NW_TX0196-6,,,
NW_TX0196-7,,,
NW_TX0088-1,,,
NW_TX0088-2,,,
NW_TX0088-3,,,
NW_TX1069-1,,,
NW_TX0088-6,,,
NW_TX0088-7,,,
NW_TX0049-9,,,
NW_TX0049-8,,,
NW_TX0049-1,,,
NW_TX0049-3,,,
NW_TX0049-2,,,
NW_TX0049-5,,,
NW_TX0049-4,,,
NW_TX0049-7,,,
NW_TX0049-6,,,
NW_TX0022-9,,,
NW_TX0022-4,,,
NW_TX0022-5,,,
NW_TX0022-6,,,
NW_TX0022-7,,,
NW_TX0022-2,,,
NW_TX0022-3,,,
SM-GFCOR-3,,,
SM-GFCOR-2,,,
SM-GFCOR-1,,,
SM-GFCOR-7,,,
SM-GFCOR-6,,,
SM-GFCOR-5,,,
SM-GFCOR-4,,,
SM-GFCOR-9,,,
SM-GFCOR-8,,,
NW-TX4073-4,,,
NW-TX4073-5,,,
NW-TX4073-6,,,
NW-TX4073-7,,,
NW-TX4073-1,,,
NW-TX4073-2,,,
NW-TX4073-3,,,
NW_TX0068-8,,,
NW_TX0068-9,,,
NW_TX0068-6,,,
SM-D9E4A-9,,,
SM-D9E4A-8,,,
SM-D9E4A-1,,,
SM-D9E4A-3,,,
SM-D9E4A-2,,,
SM-D9E4A-5,,,
SM-D9E4A-7,,,
SM-D9E4A-6,,,
NW_TX0174-8,,,
NW_TX0090-3,,,
NW_TX0090-2,,,
NW_TX0090-1,,,
NW_TX0090-7,,,
NW_TX0090-6,,,
NW_TX0090-5,,,
NW_TX0090-4,,,
NW_TX0090-9,,,
NW_TX0090-8,,,
NW_TX0174-2,,,
NW_TX0174-3,,,
NW_TX0174-4,,,
NW_TX0174-5,,,
NW_TX0174-6,,,
NW_TX0174-7,,,
NW_TX0037-10,,,
NW_TX0037-11,,,
NY-AT0656-12,,,
10X390-4,,,
NW_TX0057-8,,,
NW_TX0057-9,,,
NW_TX0057-1,,,
NW_TX0057-2,,,
NW_TX0057-3,,,
NW_TX0057-4,,,
NW_TX0057-5,,,
NW_TX0057-6,,,
NW_TX0057-7,,,
NW_TX0129-6,,,
NW_TX0129-7,,,
NW_TX0129-4,,,
NW_TX0129-5,,,
NW_TX0129-2,,,
NW_TX0129-3,,,
NW_TX0129-1,,,
NW_TX0129-8,,,
NW_TX0129-9,,,
NW-AT0707-4,2024-06-18 17:26:36.653-07,2024-08-27 17:15:23.462282-07,2024-09-10 15:22:55.977264-07
NW_TX0095-1,,,
NW_TX0095-6,,,
NW_TX0095-7,,,
NW_TX0095-4,,,
NW_TX0095-5,,,
NY-TX14035-4,,,
NY-TX14035-2,,,
NY-TX14035-3,,,
NY-TX14035-1,,,
NW-AT0707-7,2024-06-18 17:26:36.653-07,2024-09-26 10:42:19.037146-07,2024-09-30 10:21:51.355795-07
NW-AT0707-6,2024-06-18 17:26:36.653-07,2024-09-26 10:42:03.246411-07,2024-09-30 10:21:35.454079-07
NW-AT0707-9,2024-06-18 17:26:36.653-07,2024-08-28 11:22:01.167389-07,2024-09-11 22:50:00.524407-07
NW-AT0707-8,2024-06-18 17:26:36.653-07,2024-09-26 10:42:34.705334-07,2024-09-30 10:22:08.013477-07
NY-AT0661-10,2023-09-28 01:11:55.731-07,2025-02-11 13:27:08.427827-08,2025-02-17 10:47:31.16857-08
NY-TX24006-10,2024-10-20 01:23:36.737-07,2024-10-22 12:34:12.315034-07,2025-01-23 10:48:12.648523-08
NY-AT16009-1,2024-03-05 13:18:00.907-08,2024-11-15 10:25:54.617681-08,2024-12-03 13:13:35.670502-08
NY-MX12051-1,2024-04-10 19:27:39.51-07,2024-11-13 16:30:35.030452-08,2024-12-10 11:22:44.809722-08
NY-AT16009-2,2024-03-05 13:18:00.907-08,2024-01-24 08:55:37.854159-08,2024-12-10 00:05:37.876627-08
NY-AT16009-3,2024-03-05 13:18:00.907-08,2024-10-21 15:24:59.01516-07,2024-10-30 10:50:27.745169-07
NY-AT16009-4,2024-03-05 13:18:00.907-08,2024-01-24 08:56:19.879637-08,2024-12-10 00:06:49.49826-08
NY-AT16009-5,2024-03-05 13:18:00.907-08,2023-12-12 09:29:19.690685-08,2024-10-30 10:51:28.145318-07
10X222-2,2024-03-05 21:59:25.288-08,2024-10-18 10:39:30.664551-07,2025-02-13 14:56:41.154166-08
NW_TX0203-5,,,
NW_TX0203-7,,,
NW_TX0203-6,,,
NW_TX0203-1,,,
NW_TX0203-3,,,
NW_TX0203-9,,,
NW_TX0203-8,,,
NW_TX0177-3,,,
NW_TX0177-2,,,
NW_TX0177-1,,,
NW_TX0177-7,,,
NW_TX0177-6,,,
NW_TX0177-5,,,
NW_TX0177-4,,,
NW_TX0177-8,,,
NW_TX0071-4,,,
NW_TX0071-5,,,
NW_TX0071-6,,,
NW_TX0071-7,,,
NW_TX0071-1,,,
NW_TX0071-2,,,
NW_TX0071-3,,,
NW_TX0071-8,,,
NW_TX0071-9,,,
NW-TX4068-4,,,
NW-TX4068-5,,,
NW-TX4068-6,,,
NW-TX4068-1,,,
NW-TX4068-2,,,
NW-TX4068-3,,,
NY_TX4064-4,,,
NY_TX4064-1,,,
NY_TX4064-2,,,
NY_TX4064-3,,,
SQ_AT0576-10,,,
SQ_AT0576-11,,,
SQ_AT0576-12,,,
SQ_AT0576-13,,,
SM-HJW8J-9,,,
SM-HJW8J-8,,,
SM-HJW8J-1,,,
SM-HJW8J-2,,,
SM-HJW8J-5,,,
SM-HJW8J-4,,,
SM-HJW8J-7,,,
SM-HJW8J-6,,,
10X382-1,,,
NW_TX0055-7,,,
10X382-3,,,
10X382-2,,,
10X382-5,,,
10X382-4,,,
10X382-7,,,
10X382-6,,,
10X382-8,,,
NW_TX0055-8,,,
NW_TX0055-9,,,
NW_TX0026-12,,,
NW_TX0026-13,,,
NW_TX0026-10,,,
NW_TX0026-11,,,
NW_TX0026-14,,,
SQ_AT0564-6,,,
SQ_AT0564-5,,,
SQ_AT0564-4,,,
SQ_AT0564-8,,,
10X276-1,,,
10X276-3,,,
10X276-2,,,
10X276-5,,,
10X276-4,,,
10X276-7,,,
10X276-6,,,
10X276-8,,,
NW_TX0016-9,,,
NW_TX0016-8,,,
NW_TX0016-1,,,
NW_TX0016-3,,,
NW_TX0016-2,,,
NW_TX0016-5,,,
NW_TX0016-4,,,
NW_TX0016-7,,,
NW_TX0016-6,,,
10X418-8,,,
NW_TX0106-7,,,
NW_TX0106-5,,,
NW_TX0106-4,,,
10X418-1,,,
NW_TX0106-2,,,
NW_TX0106-1,,,
10X418-6,,,
NW_TX0117-9,,,
NW_TX0117-8,,,
NW_TX0117-5,,,
NW_TX0117-4,,,
NW_TX0117-7,,,
NW_TX0117-6,,,
NW_TX0117-1,,,
NW_TX0117-3,,,
NW_TX0117-2,,,
NW_TX0055-5,,,
SM-K6L25-1,,,
NW_TX0055-2,,,
NW_TX0131-5,,,
NW_TX0131-4,,,
NW_TX0131-7,,,
NW_TX0131-6,,,
NW_TX0131-1,,,
NW_TX0131-3,,,
NW_TX0131-2,,,
NW_TX0131-9,,,
NW_TX0131-8,,,
NW_TX0012-11,,,
NW_TX0012-13,,,
NW_TX0055-1,,,
NW_TX0012-12,,,
NY-TX14029-1,,,
NY-TX14029-3,,,
NY-TX14029-2,,,
NY-TX14029-4,,,
SQ_AT0611-7,,,
SQ_AT0611-2,,,
NY-MX22001-16,,,
NY-MX22001-15,,,
NW_TX1064-8,,,
NW_TX1064-5,,,
NW_TX1064-4,,,
NW_TX1064-7,,,
NW_TX1064-6,,,
NW_TX1064-1,,,
NW_TX1064-3,,,
NW_TX1064-2,,,
SQ_AT0618-11,,,
SQ_AT0618-10,,,
SQ_AT0618-12,,,
NW_TX0069-9,,,
NW_TX0069-8,,,
NW_TX0069-3,,,
NW_TX0069-2,,,
NW_TX0069-1,,,
NW_TX0069-7,,,
NW_TX0069-6,,,
NW_TX0069-5,,,
NW_TX0069-4,,,
10X390-8,,,
10X390-6,,,
NW_TX0030-11,,,
NW_TX0030-10,,,
NW_TX0030-13,,,
NW_TX0030-12,,,
NW_TX0030-15,,,
NW_TX0030-14,,,
NW_TX0030-16,,,
NW_TX0162-1,,,
NW_TX0162-3,,,
NW_TX0162-2,,,
NW_TX0162-5,,,
NW_TX0162-4,,,
NW_TX0162-7,,,
NW_TX0162-6,,,
NW_TX0162-9,,,
NW_TX0162-8,,,
SM-GFCOS-14,,,
SM-GFCOS-15,,,
SM-GFCOS-10,,,
SM-GFCOS-11,,,
SM-GFCOS-12,,,
SM-GFCOS-13,,,
NY-AT0655-11,,,
NY-AT0655-10,,,
NW_TX0072-8,,,
NW_TX0072-1,,,
10X161-1,,,
NW_TX0128-3,,,
NW_TX0128-2,,,
NW_TX0128-1,,,
NW_TX0128-5,,,
NW_TX0128-4,,,
NW_TX0128-9,,,
NW_TX0128-8,,,
NW-TX4092-11,,,
NW-TX4092-10,,,
SQ_AT0039-2,,,
NW_TX0094-4,,,
NW_TX0094-2,,,
NW_TX4032-7,,,
NW_TX4032-3,,,
NW_TX4032-2,,,
NW_TX4032-1,,,
NW_TX0094-8,,,
SQ_AT0026-12,,,
NW_TX0017-6,,,
SQ_AT0056-12,,,
SM-D9E42-7,,,
NW_AT1508-1,,,
NW_AT1508-3,,,
NW_AT1508-2,,,
NW_AT1508-5,,,
NW_AT1508-4,,,
NW_AT1508-7,,,
NW_AT1508-6,,,
NW_AT1508-9,,,
NW_AT1508-8,,,
NW_TX0105-10,,,
SM-D9E42-9,,,
NW_TX0107-8,,,
NW_TX0107-9,,,
NW_TX0107-2,,,
NW_TX0107-3,,,
NW_TX0107-1,,,
NW_TX0107-6,,,
NW_TX0107-7,,,
NW_TX0107-4,,,
NW_TX0107-5,,,
NW_TX4012-1,,,
NW_TX4012-3,,,
NW_TX4012-2,,,
NW_TX4012-4,,,
SQ_AT0599-11,,,
NW_TX0193-8,,,
NW_TX0193-1,,,
NW_TX0193-3,,,
NW_TX0193-2,,,
NW_TX0193-5,,,
NW_TX0193-4,,,
NW_TX0193-7,,,
NW_TX0193-6,,,
10X350-8,,,
10X350-1,,,
10X350-2,,,
10X350-3,,,
10X350-4,,,
10X350-5,,,
10X350-6,,,
10X350-7,,,
NW_TX0054-3,,,
NW_TX0054-2,,,
NW_TX0054-1,,,
NW_TX0054-7,,,
NW_TX0054-6,,,
NW_TX0054-5,,,
NW_TX0054-4,,,
NW_TX0054-9,,,
NW_TX0054-8,,,
NY-MX2137-2,,,
SM-HFQDC-14,,,
SM-HFQDC-10,,,
SM-HFQDC-11,,,
SM-HFQDC-12,,,
SM-HFQDC-13,,,
NW_TX0075-10,,,
NW_TX0075-11,,,
10X193-8,,,
10X193-5,,,
10X193-4,,,
NW_TX0075-1,,,
NW_TX0075-2,,,
NW_TX0075-3,,,
NW_TX0075-4,,,
NW_TX0075-5,,,
NW_TX0075-6,,,
NW_TX0075-7,,,
NW_TX0075-8,,,
NW_TX0075-9,,,
SQ_AT0584-8,,,
SQ_AT0584-7,,,
NW_TX0157-6,,,
NW_TX0004-5,,,
NW_TX0090-13,,,
NW_TX0090-12,,,
NW_TX0090-11,,,
NW_TX0090-10,,,
SQ_AT0567-3,,,
SQ_AT0567-4,,,
SQ_AT0567-5,,,
SQ_AT0567-6,,,
SQ_AT0567-7,,,
10X355-1,,,
10X355-3,,,
10X355-2,,,
10X355-5,,,
10X355-4,,,
10X355-6,,,
NW_TX0038-5,,,
NW_TX0038-4,,,
NW_TX0038-7,,,
NW_TX0038-6,,,
NW_TX0038-1,,,
NW_TX0038-3,,,
NW_TX0038-2,,,
NW_TX0038-9,,,
NW_TX0038-8,,,
SM-D9E4A-4,,,
NW_TX0004-2,,,
NW_TX0030-9,,,
NW_TX0030-5,,,
NW_TX0030-4,,,
NW_TX0030-7,,,
NW_TX0030-6,,,
NW_TX0030-1,,,
NW_TX0030-3,,,
NW_TX0030-2,,,
NW_TX0004-3,,,
NW_TX4062-4,,,
NW_TX4062-1,,,
NW_TX4062-2,,,
NW_TX4062-3,,,
NY-AT0655-7,,,
NY-TX14028-4,,,
NY-TX14028-1,,,
NY-AT0655-6,,,
NY-TX14028-3,,,
NW_TX0012-5,,,
NW_TX0012-4,,,
NW_TX0012-7,,,
NW_TX0012-6,,,
NW_TX0012-1,,,
NW_TX0012-3,,,
NW_TX0012-2,,,
NW_TX0012-9,,,
NW_TX0012-8,,,
NW_TX1056-8,,,
NW_TX1056-9,,,
NW_TX4009-1,,,
NW_TX1056-7,,,
NW_TX4009-3,,,
NW_TX4009-2,,,
NW_TX4009-5,,,
NW_TX4009-4,,,
NW_TX4009-7,,,
NW_TX4009-6,,,
NW_TX0136-2,,,
NW_TX0136-3,,,
NW_TX0136-1,,,
NW_TX0136-6,,,
NW_TX0136-7,,,
NW_TX0136-4,,,
NW_TX0136-5,,,
NW_TX0136-8,,,
NW_TX0136-9,,,
NW_TX0047-6,,,
NY-TX14044-2,,,
NY-TX14044-3,,,
NY-TX14044-1,,,
NY-TX14044-4,,,
NW_TX0040-8,,,
NW_TX0040-9,,,
NW_TX0040-4,,,
NW_TX0040-5,,,
NW_TX0040-6,,,
NW_TX0040-7,,,
NW_TX0040-1,,,
NW_TX0040-2,,,
NW_TX0040-3,,,
NW_TX4028-4,,,
NW_TX4028-2,,,
NW_TX4028-3,,,
NW_TX4028-1,,,
NW_TX0060-10,,,
NW_TX0001-11,,,
NW_TX0001-10,,,
NW_TX0001-13,,,
NW_TX0001-12,,,
NW_TX0001-15,,,
NW_TX0001-14,,,
NW_TX0001-17,,,
NW_TX0001-16,,,
NW_TX0001-19,,,
NW_TX0001-18,,,
SQ_AT0616-2,,,
NW-TX4109-1,,,
NW-TX4109-4,,,
NW_TX0134-4,,,
SQ_AT0570-12,,,
SQ_AT0570-13,,,
SQ_AT0570-10,,,
SQ_AT0570-11,,,
SQ_AT0057-12,,,
SQ_AT0057-11,,,
NW_TX0106-6,,,
NW_TX0106-3,,,
NW_TX0106-9,,,
NW_TX0106-8,,,
NW_TX0106-10,,,
NW_TX0124-9,,,
NW_TX0124-8,,,
NW_TX0124-7,,,
NW_TX0124-6,,,
NW_TX0124-5,,,
NW_TX0124-4,,,
NW_TX0124-3,,,
NW_TX0124-2,,,
NW_TX0124-1,,,
NW_TX4031-4,,,
NW_TX4031-1,,,
NW_TX4031-2,,,
NW_TX4031-3,,,
SQ_AT012-1,,,
SQ_AT012-2,,,
NW_TX4015-4,,,
NW_TX4015-2,,,
NW_TX4015-1,,,
NW_TX0103-6,,,
NW_TX0103-7,,,
NW_TX0103-4,,,
NW_TX0103-5,,,
NW_TX0103-2,,,
NW_TX0103-3,,,
NW_TX0103-1,,,
NW_TX0103-8,,,
NW_TX0103-9,,,
SQ_AT0624-2,,,
NY-TX4086-2,,,
NY-TX4086-3,,,
NY-TX4086-1,,,
NY-TX4086-6,,,
NY-TX4086-4,,,
NY-TX4086-5,,,
SQ_AT0611-11,,,
NW_TX4056-8,,,
NW_TX4056-1,,,
NW_TX4056-3,,,
NW_TX4056-2,,,
NW_TX4056-5,,,
NW_TX4056-4,,,
NW_TX4056-7,,,
NW_TX4056-6,,,
SQ_AT0624-1,,,
NW_TX0058-11,,,
NW_TX0058-10,,,
SQ_AT0565-6,,,
10X192-8,,,
10X192-1,,,
10X192-2,,,
10X192-3,,,
10X192-4,,,
10X192-5,,,
10X192-6,,,
10X192-7,,,
NW_TX0200-8,,,
NW_TX0200-9,,,
NW_TX0200-6,,,
NW_TX0200-7,,,
NW_TX0200-4,,,
NW_TX0200-5,,,
NW_TX0200-2,,,
NW_TX0200-3,,,
NW_TX0200-1,,,
SQ_AT0565-8,,,
NW_TX0197-5,,,
NW_TX0197-4,,,
NW_TX0197-7,,,
NW_TX0197-6,,,
NW_TX0197-1,,,
NW_TX0197-3,,,
NW_TX0197-2,,,
NW_TX0197-9,,,
NW_TX0197-8,,,
NW_TX0058-9,,,
NW_TX0058-8,,,
NW_TX0058-7,,,
NW_TX0058-6,,,
NW_TX0058-5,,,
NW_TX0058-4,,,
NW_TX0058-3,,,
NW_TX0058-2,,,
NW_TX0058-1,,,
10X206-4,,,
SQ_AT0040-8,,,
NW_TX0175-9,,,
NW_TX0175-8,,,
NW_TX0175-5,,,
NW_TX0175-4,,,
NW_TX0175-7,,,
NW_TX0175-6,,,
NW_TX0175-1,,,
NW_TX0175-3,,,
NW_TX0175-2,,,
NW_TX0178-4,,,
NW_TX0178-5,,,
NW_TX0178-6,,,
NW_TX0178-7,,,
NW_TX0178-1,,,
NW_TX0178-2,,,
NW_TX0178-3,,,
NW_TX0178-8,,,
NW_TX0178-9,,,
SQ_AT0569-9,,,
10X330-8,,,
10X330-2,,,
10X330-3,,,
10X330-1,,,
10X330-6,,,
10X330-7,,,
10X330-4,,,
10X330-5,,,
10X218-5,,,
10X218-4,,,
10X218-7,,,
10X218-6,,,
10X218-1,,,
10X218-3,,,
10X218-2,,,
NW_TX0041-19,,,
NW_TX0041-18,,,
NW_TX0041-14,,,
NW_TX0041-11,,,
NW_TX0041-10,,,
NW_TX0041-12,,,
SM-HH8FP-6,,,
SM-HH8FP-7,,,
SM-HH8FP-1,,,
SM-HH8FP-2,,,
SM-HH8FP-3,,,
NW_TX1057-9,,,
NW_TX1057-8,,,
NW_TX1057-3,,,
NW_TX1057-2,,,
NW_TX1057-1,,,
NW_TX1057-7,,,
NW_TX1057-6,,,
NW_TX1057-5,,,
NW_TX1057-4,,,
NW_TX4029-3,,,
NW_TX4029-2,,,
NW_TX0019-12,,,
NW_TX0019-13,,,
NW_TX0019-14,,,
NW_TX4029-5,,,
NW_TX4029-4,,,
SQ_AT009-1,,,
SQ_AT009-2,,,
SQ_AT009-3,,,
SQ_AT009-4,,,
SQ_AT009-5,,,
SQ_AT009-6,,,
SQ_AT009-7,,,
SQ_AT009-8,,,
SQ_AT009-9,,,
NW_TX0015-2,,,
NW_TX0015-3,,,
NW_TX0015-1,,,
NW_TX0015-6,,,
NW_TX0015-7,,,
NW_TX0015-4,,,
NW_TX0015-5,,,
NW_TX0015-8,,,
NW_TX0015-9,,,
SQ_AT0572-10,,,
SM-HB5U8-6,,,
SM-HB5U8-7,,,
SM-HB5U8-4,,,
SM-HB5U8-5,,,
SM-HB5U8-2,,,
SM-HB5U8-3,,,
SM-HB5U8-1,,,
10X182-4,,,
10X182-3,,,
10X182-2,,,
SQ_AT0562-11,,,
10X182-8,,,
NW_TX1059-8,,,
10X358-3,,,
NY-TX4087-10,,,
NW_TX0132-8,,,
NW_TX0132-9,,,
NW_TX0132-6,,,
NW_TX0132-7,,,
NW_TX0132-4,,,
NW_TX0132-5,,,
NW_TX0132-2,,,
NW_TX0132-3,,,
NW_TX0132-1,,,
NW_TX4005-4,,,
NW_TX4005-1,,,
NW_TX4005-3,,,
NW_TX4005-2,,,
NW-TX4108-1,,,
NW_MX0002-1,,,
10X182-1,,,
SQ_AT0049-5,,,
SQ_AT0049-6,,,
SQ_AT0049-1,,,
SM-G9JI1-6,,,
SM-G9JI1-7,,,
SM-G9JI1-4,,,
SM-G9JI1-5,,,
SM-G9JI1-2,,,
SM-G9JI1-3,,,
SM-G9JI1-1,,,
SM-G9JI1-8,,,
SM-G9JI1-9,,,
NW_TX0066-10,,,
SQ_AT0027-10,,,
SQ_AT0022-3,,,
SQ_AT0022-4,,,
SQ_AT0022-5,,,
SQ_AT0022-6,,,
SQ_AT0579-5,,,
SQ_AT009-12,,,
SQ_AT009-13,,,
NW_TX0051-14,,,
SM-HITT5-8,,,
NW_TX0051-10,,,
NW_TX0051-11,,,
NW_TX0051-12,,,
NW_TX0051-13,,,
SM-HITT5-4,,,
SM-HITT5-5,,,
SM-GFCOR-12,,,
SM-GFCOR-11,,,
SM-GFCOR-10,,,
SM-HITT5-1,,,
SM-HI3EC-10,,,
SM-HITT5-2,,,
SM-HI3EC-11,,,
SM-HITT5-3,,,
SM-HI3EC-12,,,
NW_TX0003-19,,,
NW_TX0003-18,,,
NW_TX0003-17,,,
NW_TX0003-16,,,
NW_TX0003-15,,,
NW_TX0003-14,,,
NW_TX0003-13,,,
NW_TX0003-12,,,
NW_TX0003-11,,,
NW_TX0003-10,,,
NW_TX0161-8,,,
NW_TX0161-9,,,
NW_TX0161-2,,,
NW_TX0161-3,,,
NW_TX0161-1,,,
NW_TX0161-6,,,
NW_TX0161-7,,,
NW_TX0161-4,,,
NW_TX0161-5,,,
SQ_AT0570-8,,,
SQ_AT0570-9,,,
SQ_AT0570-4,,,
SQ_AT0570-5,,,
SQ_AT0570-6,,,
SQ_AT0570-7,,,
SQ_AT0570-2,,,
SQ_AT0570-3,,,
10X377-8,,,
10X377-1,,,
10X377-3,,,
10X377-2,,,
10X377-5,,,
10X377-4,,,
10X377-7,,,
10X377-6,,,
NY-TX4087-7,,,
NY-TX4087-6,,,
NY-TX4087-4,,,
NY-TX4087-3,,,
NY-TX4087-2,,,
NY-TX4087-1,,,
NY-TX4087-9,,,
NY-TX4087-8,,,
NW_TX4014-3,,,
NW_TX4014-2,,,
NW_TX4014-1,,,
NW_TX0004-15,,,
NW_TX0004-12,,,
NW_TX0004-13,,,
NW_TX0004-10,,,
NW_TX4014-4,,,
NW_TX0004-18,,,
NW_TX0004-19,,,
NW_TX0127-4,,,
NW_TX0127-5,,,
NW_TX0127-6,,,
NW_TX0127-7,,,
NW_TX0102-7,,,
NW_TX0127-1,,,
NW_TX0127-2,,,
NW_TX0127-3,,,
NW_TX0102-9,,,
NW_TX0102-8,,,
NW_TX0127-8,,,
NW_TX0127-9,,,
SQ_AT0025-1,,,
NW_TX0023-1,,,
NW_TX0007-12,,,
NW_TX0023-3,,,
NW_TX0023-2,,,
NW_TX0023-5,,,
NW_TX0023-4,,,
NW_TX0023-7,,,
NW_TX0007-14,,,
NW_TX0023-9,,,
NW_TX0023-8,,,
NY-TX14037-1,,,
NY-TX14037-2,,,
NY-TX14037-3,,,
NY-TX14037-4,,,
NW_AT1510-10,,,
NW_AT1510-11,,,
NW-TX4072-1,,,
NW-TX4072-3,,,
NW-TX4072-2,,,
NW-TX4072-5,,,
NW-TX4072-4,,,
SM-GFCOS-6,,,
SM-GFCOS-7,,,
SM-GFCOS-4,,,
NW_TX0093-1,,,
NW_TX0093-2,,,
NW_TX0093-3,,,
NW_TX0093-6,,,
NW_TX0093-7,,,
NW_TX4035-1,,,
NW_TX4035-2,,,
NW_TX0073-10,,,
NW_TX4035-6,,,
NW_TX4035-7,,,
SM-D9E45-5,,,
SM-D9E45-4,,,
SM-D9E45-7,,,
SM-D9E45-1,,,
SM-D9E45-3,,,
SM-D9E45-2,,,
SQ_AT0045-11,,,
NY-TX4082-4,,,
NY-TX4082-3,,,
SQ_AT0045-12,,,
NW_TX0201-9,,,
NW_TX0201-8,,,
NW_TX0201-3,,,
NW_TX0201-2,,,
NW_TX0201-1,,,
NW_TX0201-7,,,
NW_TX0201-6,,,
NW_TX0201-5,,,
NW_TX0201-4,,,
NW_TX0028-14,,,
NW_TX0028-15,,,
NW_TX0028-16,,,
NW_TX0028-12,,,
NW_TX0028-13,,,
NW_TX4011-2,,,
NW_TX4011-3,,,
NW_TX4011-1,,,
NW_TX4011-4,,,
NW_TX4011-5,,,
SQ_AT0616-8,,,
NW_TX0078-10,,,
NY-TX14032-1,,,
SQ_AT0028-7,,,
NY-TX14032-3,,,
NY-TX14032-2,,,
SQ_AT0028-2,,,
NY-TX14032-4,,,
SQ_AT0028-1,,,
SQ_AT0028-8,,,
SQ_AT0028-9,,,
SM-HH8FM-5,,,
SQ_AT0055-8,,,
SM-HH8FM-6,,,
SQ_AT0055-7,,,
NW_TX0024-10,,,
NW_TX0024-11,,,
NW_TX0024-12,,,
NW_TX0024-13,,,
NW_TX0190-2,,,
NW_TX0190-1,,,
NW_TX0190-6,,,
NW_TX0190-7,,,
NW_TX0190-4,,,
NW_TX0190-5,,,
NW_TX0190-9,,,
NW_TX0056-9,,,
NW_TX0056-8,,,
NW_TX0056-5,,,
NW_TX0056-4,,,
NW_TX0056-7,,,
NW_TX0056-6,,,
NW_TX0056-1,,,
NW_TX0056-3,,,
NW_TX0056-2,,,
SM-HH8FM-3,,,
SM-HH8FM-2,,,
NW_TX0204-2,,,
NW_TX0204-3,,,
NW_TX0204-1,,,
NW_TX0204-6,,,
NW_TX0204-7,,,
NW_TX0204-4,,,
NW_TX0204-5,,,
NW_TX0204-8,,,
NW_TX0204-9,,,
NW_TX0123-10,,,
SM-GE921-4,,,
SM-GE921-5,,,
SM-GE921-6,,,
SM-GE921-7,,,
SM-GE921-1,,,
SM-GE921-2,,,
SM-GE921-3,,,
NW_TX0070-5,,,
NW_TX0070-4,,,
NW_TX0070-7,,,
NW_TX0070-6,,,
SQ_AT014-10,,,
NW-TX4069-1,,,
NW-TX4069-3,,,
NW-TX4069-2,,,
NW-TX4069-5,,,
NW-TX4069-4,,,
SQ_AT014-12,,,
NW_TX0133-9,,,
NW_TX0133-8,,,
NW_TX0133-3,,,
NW_TX0133-2,,,
NW_TX0133-1,,,
NW_TX0133-7,,,
NW_TX0133-6,,,
NW_TX0133-5,,,
NW_TX0133-4,,,
SQ_AT0023-10,,,
SQ_AT016-10,,,
NW_TX0011-4,,,
NW_TX0011-5,,,
NW_TX0011-2,,,
NW_TX0011-3,,,
NW_TX0011-1,,,
SM-HJW8K-8,,,
SM-HJW8K-9,,,
SM-HJW8K-4,,,
SM-HJW8K-5,,,
SM-HJW8K-6,,,
SM-HJW8K-7,,,
SM-HJW8K-2,,,
SM-HJW8K-3,,,
SQ_AT0056-11,,,
NW_TX0065-11,,,
NW_TX0065-10,,,
NW_TX0118-2,,,
NW_TX0118-3,,,
NW_TX0118-1,,,
NW_TX0118-6,,,
NW_TX0118-7,,,
NW_TX0118-4,,,
NW_TX0118-5,,,
NW_TX0118-8,,,
NW_TX0118-9,,,
NY-TX14027-3,,,
NY-TX14027-2,,,
NY-TX14027-1,,,
NY-TX14027-4,,,
NW_TX0160-7,,,
NW_TX0160-6,,,
NW_TX0064-4,,,
NW_TX0064-5,,,
NW-MX2184-8,,,
NW_AT1502-1,,,
SQ_AT0568-12,,,
SQ_AT0568-11,,,
SQ_AT0568-10,,,
NW-TX4075-6,,,
NW-TX4075-4,,,
NW-TX4075-5,,,
NW-TX4075-2,,,
NW-TX4075-3,,,
NW-TX4075-1,,,
SQ_AT0019-9,,,
NW_TX4018-5,,,
NW_TX4018-4,,,
NW_TX4018-3,,,
NW_TX4018-2,,,
NW_TX4018-1,,,
NW_TX0123-1,,,
NW_TX0123-2,,,
NW_TX0123-3,,,
NW_TX0123-4,,,
NW_TX0123-5,,,
NW_TX0123-6,,,
NW_TX0123-7,,,
NW_TX0123-8,,,
NW_TX0123-9,,,
NW_TX4010-5,,,
NW_TX4010-4,,,
NW_TX0168-8,,,
SQ_AT0054-9,,,
NW_TX0168-7,,,
SQ_AT0019-6,,,
NW_TX0168-6,,,
SQ_AT0582-10,,,
NW_TX4025-4,,,
NY-MX2139-9,,,
NW_TX0141-12,,,
NW_TX0141-13,,,
NW_TX0141-10,,,
NW_TX0141-11,,,
SQ_AT0030-7,,,
NW_TX0087-10,,,
NW_TX4055-4,,,
NW_TX4055-5,,,
10X182-7,,,
10X182-6,,,
10X182-5,,,
NW_TX0194-6,,,
NW_TX0194-7,,,
NW_TX0194-4,,,
NW_TX0194-5,,,
NW_TX0194-2,,,
NW_TX0194-3,,,
NW_TX0194-1,,,
NW_TX0156-8,,,
NW_TX0156-9,,,
NW_TX0156-4,,,
NW_TX0156-5,,,
NW_TX0156-6,,,
NW_TX0156-7,,,
SQ_AT0621-5,,,
NW_TX0156-1,,,
NW_TX0156-2,,,
NW_TX0156-3,,,
NW_AT1508-10,,,
10X173-7,,,
10X173-5,,,
10X173-4,,,
10X173-3,,,
10X173-2,,,
10X173-1,,,
10X134-5,,,
10X134-6,,,
10X134-1,,,
10X134-2,,,
NW_TX0010-9,,,
NW_TX0010-8,,,
NW_TX0010-3,,,
NW_TX0010-2,,,
NW_TX0010-1,,,
NW_TX0010-7,,,
NW_TX0010-6,,,
NW_TX0010-5,,,
NW_TX0010-4,,,
NW_TX0009-19,,,
NW_TX0009-18,,,
NW_TX0009-11,,,
NW_TX0009-10,,,
NW_TX0009-13,,,
NW_TX0009-12,,,
NW_TX0009-15,,,
NW_TX0009-14,,,
NW_TX0009-17,,,
NW_TX0009-16,,,
NW_TX0074-4,,,
NW_TX0074-6,,,
NW_TX0074-1,,,
NW_TX0074-3,,,
NW_TX0074-2,,,
NW_TX0074-9,,,
NW_TX0074-8,,,
NW_TX1058-8,,,
NW_TX1058-9,,,
NW_TX1058-4,,,
NW_TX1058-5,,,
NW_TX1058-6,,,
NW_TX1058-7,,,
NW_TX1058-1,,,
NW_TX1058-2,,,
NW_TX1058-3,,,
NW_TX0084-8,,,
NW_TX0084-9,,,
NW_TX0084-4,,,
NW_TX0084-5,,,
NW_TX0084-6,,,
NW_TX0084-7,,,
NW_TX0084-1,,,
NW_TX0084-2,,,
NW_TX0084-3,,,
NW_TX4026-4,,,
NW_TX4026-1,,,
NW_TX4026-2,,,
NW_TX4026-3,,,
NW_TX0068-7,,,
SQ_AT0566-1,,,
NW_TX0068-4,,,
SQ_AT0566-3,,,
SQ_AT0566-2,,,
NW_TX0068-5,,,
NW_TX0068-2,,,
NW_TX0068-3,,,
NW_TX0068-1,,,
SM-K6L22-6,,,
NW_TX0018-12,,,
NW_TX0018-11,,,
NW_TX0018-10,,,
10X418-3,,,
10X418-2,,,
10X418-7,,,
10X418-5,,,
10X418-4,,,
NW_TX0051-8,,,
NW_TX4063-1,,,
NW_TX4063-3,,,
NW_TX4063-2,,,
NW_TX4063-5,,,
NW_TX4063-4,,,
NW_TX0093-10,,,
NW_TX0185-4,,,
NW_TX0185-5,,,
NW_TX0185-6,,,
NW_TX0185-7,,,
NW_TX0185-1,,,
NW_TX0185-2,,,
NW_TX0185-3,,,
NW_TX0185-8,,,
NW_TX0065-7,,,
NW_TX0065-6,,,
NW_TX0065-5,,,
NW_TX0065-4,,,
NW_TX0065-3,,,
NW_TX0065-2,,,
NW_TX0065-1,,,
10X361-8,,,
NW_TX0065-9,,,
NW_TX0065-8,,,
SQ_AT0599-9,,,
10X228-4,,,
10X228-5,,,
10X228-6,,,
10X228-1,,,
10X228-2,,,
10X228-3,,,
10X216-2,,,
SQ_AT014-13,,,
NW-MX2185-7,,,
NW_TX0022-14,,,
NW_MX0002-2,,,
NW_TX0022-12,,,
NW_TX0022-13,,,
NW_TX0022-10,,,
NW_TX0022-11,,,
NW_TX0097-10,,,
NW_TX0053-2,,,
SQ_AT0025-11,,,
SM-HJW8J-14,,,
SM-HJW8J-11,,,
SM-HJW8J-10,,,
SM-HJW8J-13,,,
SM-HJW8J-12,,,
NW_TX0041-1,,,
NW_TX0041-3,,,
NW_TX0041-2,,,
NW_TX0041-5,,,
NW_TX0041-4,,,
NW_TX0041-7,,,
NW_TX0041-6,,,
NW_TX0041-9,,,
NW_TX0041-8,,,
SQ_AT0617-10,,,
SQ_AT0617-11,,,
SQ_AT0617-12,,,
NW_TX0086-10,,,
NW-TX4074-3,,,
NW-TX4074-2,,,
NW-TX4074-1,,,
NW-TX4074-6,,,
NW-TX4074-5,,,
NW-TX4074-4,,,
SQ_AT0579-1,,,
SM-GE922-4,,,
SM-HH8FP-4,,,
NY-TX4088-1,,,
NY-TX4088-2,,,
NY-TX4088-3,,,
NY-TX4088-4,,,
NY-TX4088-5,,,
NY-TX4088-6,,,
NY-TX4088-7,,,
NY-TX4088-8,,,
NY-TX4088-9,,,
SM-HH8FP-8,,,
SM-HH8FP-9,,,
NW_AT1501-4,,,
NW_AT1501-5,,,
NW_AT1501-6,,,
NW_AT1501-7,,,
NW_AT1501-1,,,
NW_AT1501-2,,,
NW_AT1501-3,,,
NW_AT1501-8,,,
NW_AT1501-9,,,
NW_TX0142-9,,,
NW_TX0142-8,,,
NW_TX0142-7,,,
NW_TX0142-6,,,
NW_TX0142-5,,,
NW_TX0142-4,,,
NW_TX0142-3,,,
NW_TX0142-2,,,
NW_TX0142-1,,,
10X392-2,,,
10X392-3,,,
NY-TX4087-11,,,
10X392-1,,,
10X392-6,,,
10X392-4,,,
10X392-5,,,
SQ_AT0045-2,,,
SQ_AT0022-1,,,
SQ_AT0022-2,,,
NY-TX14038-4,,,
NY-TX14038-3,,,
NY-TX14038-2,,,
NY-TX14038-1,,,
SQ_AT0022-7,,,
SQ_AT0022-8,,,
SQ_AT0022-9,,,
SQ_AT009-10,,,
SQ_AT009-11,,,
SQ_AT009-14,,,
SQ_AT009-15,,,
NW_TX0020-8,,,
NW_TX0020-9,,,
NW_TX0020-2,,,
NW_TX0020-3,,,
NW_TX0020-1,,,
NW_TX0020-6,,,
NW_TX0020-7,,,
NW_TX0020-4,,,
NW_TX0020-5,,,
NW-TX4071-2,,,
NW-TX4071-3,,,
NW-TX4071-1,,,
NW-TX4071-4,,,
NW-TX4071-5,,,
NW_TX0151-3,,,
NW_TX0195-8,,,
10X390-7,,,
NW_TX0151-2,,,
NW_TX0195-3,,,
NW_TX0195-2,,,
NW_TX0195-1,,,
NW_TX0195-7,,,
NW_TX0195-6,,,
NW_TX0195-5,,,
NW_TX0195-4,,,
NW_TX0151-9,,,
NW_TX0151-8,,,
SQ_AT016-9,,,
NY-AT0645-2,,,
10X390-2,,,
NW_TX0017-4,,,
NW_TX0017-5,,,
NW_TX4030-1,,,
NW_TX4030-3,,,
NW_TX4030-2,,,
NW_TX4030-7,,,
10X390-3,,,
NW_TX0039-12,,,
NW_TX0032-5,,,
NW_TX0039-13,,,
NW_TX0032-4,,,
NW_TX0039-10,,,
NW_TX0039-11,,,
NW_TX0047-7,,,
NW_TX0039-17,,,
NY-TX14017-3,,,
NW_TX0047-5,,,
NY-TX14017-4,,,
NW_TX0047-4,,,
NW_TX0047-9,,,
NW_TX0047-8,,,
SQ_AT0572-2,,,
NW_TX0079-8,,,
NW_TX0079-9,,,
NW_TX0079-4,,,
NW_TX0079-5,,,
NW_TX0079-6,,,
NW_TX0079-7,,,
NW_TX0079-1,,,
NW_TX0079-2,,,
NW_TX0079-3,,,
NW-TX4131-4,,,
NW-TX4092-9,,,
NW-TX4092-8,,,
NW-TX4092-7,,,
NW_TX0152-10,,,
NW_TX0152-11,,,
NW-MX2191-6,,,
10X216-8,,,
10X216-7,,,
10X216-6,,,
10X216-5,,,
10X216-4,,,
10X216-3,,,
10X216-1,,,
SM-GE922-7,,,
SM-GE922-6,,,
SM-GE922-5,,,
SM-GE922-3,,,
SM-GE922-2,,,
SM-GE922-1,,,
SQ_AT0578-9,,,
SM-D9E4A-11,,,
SM-D9E4A-10,,,
NW_TX0179-9,,,
NW_TX0179-8,,,
NW_TX0179-1,,,
NW_TX0179-3,,,
NW_TX0179-2,,,
NW_TX0179-5,,,
NW_TX0179-4,,,
NW_TX0179-7,,,
NW_TX0179-6,,,
NW_TX0073-2,,,
NW_TX0073-3,,,
NW_TX0073-1,,,
NW_TX0073-6,,,
NW_TX0073-7,,,
NW_TX0073-4,,,
NW_TX0073-5,,,
NW_TX0073-8,,,
NW_TX0073-9,,,
NW_TX0002-29,,,
NW_TX0002-28,,,
NW_TX0112-8,,,
NW_TX0112-9,,,
NW_TX0002-21,,,
NW_TX0002-20,,,
NW_TX0002-23,,,
NW_TX0112-7,,,
NW_TX0002-25,,,
NW_TX0112-1,,,
NW_TX0112-2,,,
NW_TX0112-3,,,
SQ_AT0580-11,,,
SQ_AT0580-10,,,
SM-HI3EC-8,,,
SM-HI3EC-9,,,
SM-K6L25-8,,,
SM-HI3EC-2,,,
SM-HI3EC-3,,,
SM-HI3EC-1,,,
SM-HI3EC-6,,,
SM-HI3EC-7,,,
SM-HI3EC-4,,,
SM-HI3EC-5,,,
NW_TX0051-9,,,
SQ_AT0023-5,,,
SQ_AT0023-4,,,
SQ_AT0023-6,,,
NW_TX1061-8,,,
NW_TX1061-9,,,
NW_TX1061-4,,,
NW_TX1061-5,,,
NW_TX1061-6,,,
NW_TX1061-7,,,
NW_TX1061-1,,,
NW_TX1061-2,,,
NW_TX1061-3,,,
NW_TX0158-8,,,
NW_TX0158-9,,,
NW_TX0158-6,,,
NW_TX0158-7,,,
NW_TX0158-4,,,
NW_TX0158-5,,,
NW_TX0158-2,,,
NW_TX0158-3,,,
NW_TX0158-1,,,
NW_TX0038-11,,,
NW_TX0038-10,,,
NW_TX0038-13,,,
NW_TX0038-12,,,
NW_TX0038-15,,,
NW_TX0038-14,,,
NW_TX0021-13,,,
NW_TX0021-12,,,
NW_TX0021-11,,,
NW_TX0021-10,,,
NW_TX0021-14,,,
NW-TX4103-9,,,
NW_TX0112-4,,,
NW_TX0112-5,,,
NW_TX0112-6,,,
NW_TX0002-22,,,
NW_TX0002-24,,,
NW_TX0002-27,,,
NW_TX0002-26,,,
NY-TX14031-3,,,
NW_TX0181-1,,,
NW_TX0181-2,,,
NW_TX0181-3,,,
NW_TX0181-4,,,
NW_TX0181-5,,,
NW_TX0181-6,,,
NW_TX0181-7,,,
NW_TX0181-8,,,
NW_TX0181-9,,,
SQ_AT0616-3,,,
NW_TX0189-8,,,
NW_TX0189-1,,,
NW_TX0189-2,,,
NW_TX0189-3,,,
NW_TX0189-4,,,
NW_TX0189-5,,,
NW_TX0189-6,,,
NW_TX0189-7,,,
NW_TX0167-1,,,
NW_TX0167-4,,,
NW_TX0167-5,,,
NW_TX0167-6,,,
NW_TX0167-7,,,
NW-TX4083-1,,,
NY-AT0654-10,,,
NY-AT0654-12,,,
NY-AT0654-13,,,
NW_TX0095-8,,,
SQ_AT0613-8,,,
NW_TX0095-9,,,
NW_TX0029-9,,,
NW_TX0029-8,,,
NW_TX0029-7,,,
NW_TX0029-6,,,
NW_TX0029-5,,,
NW_TX0029-4,,,
NW_TX0029-3,,,
NW_TX0029-2,,,
NW_TX0029-1,,,
10X379-3,,,
NW_TX0095-2,,,
10X379-1,,,
10X379-7,,,
10X379-6,,,
10X379-5,,,
NW_TX0095-3,,,
10X379-8,,,
NW_TX0021-7,,,
NW_TX0021-6,,,
NW_TX0021-5,,,
NW_TX0021-4,,,
NW_TX0021-3,,,
NW_TX0021-2,,,
NW_TX0021-1,,,
NW_TX0021-9,,,
NW_TX0021-8,,,
SM-HH8FM-4,,,
SM-HH8FM-1,,,
NW_TX0007-9,,,
NW_TX0007-8,,,
NW_TX0007-7,,,
NW_TX0007-6,,,
NW_TX0007-5,,,
NW_TX0007-4,,,
NW_TX0007-3,,,
NW_TX0007-2,,,
NW_TX0007-1,,,
SM-HITT5-11,,,
NW_TX0053-8,,,
NW_TX0053-9,,,
NW-TX4078-5,,,
NW-TX4078-4,,,
NW-TX4078-3,,,
NW-TX4078-2,,,
NW-TX4078-1,,,
NW_TX0053-4,,,
NW_TX0053-5,,,
NW_TX0053-6,,,
NW_TX0053-7,,,
SQ_AT0569-12,,,
SQ_AT0569-13,,,
NW_TX0053-1,,,
NW_TX0141-4,,,
NW_TX0141-5,,,
NW_TX0141-6,,,
NW_TX0141-7,,,
NW_TX0141-1,,,
NW_TX0141-2,,,
NW_TX0141-3,,,
NW_TX0053-3,,,
NW_TX0141-8,,,
NW_TX0141-9,,,
NW-TX4070-7,,,
NW-TX4070-6,,,
NW-TX4070-5,,,
NW-TX4070-4,,,
NW-TX4070-3,,,
NW-TX4070-2,,,
NW-TX4070-1,,,
NW_AT1505-1,,,
NW_AT1505-2,,,
NW_AT1505-3,,,
NW_AT1505-4,,,
NW_AT1505-5,,,
NW_AT1505-6,,,
NW_AT1505-7,,,
NW_AT1505-8,,,
NW_AT1505-9,,,
NW_AT1506-12,,,
NW_AT1506-11,,,
NW_AT1506-10,,,
NW_TX0024-6,,,
NW_TX0024-7,,,
NW_TX0024-4,,,
NW_TX0024-5,,,
NW_TX0024-2,,,
NW_TX0024-3,,,
NW_TX0024-1,,,
NW_TX0024-8,,,
NW_TX0024-9,,,
SQ_AT0036-3,,,
SQ_AT0036-4,,,
SQ_AT0565-10,,,
SQ_AT0565-11,,,
NW_TX4017-1,,,
NW_TX4017-2,,,
NW_TX4017-3,,,
NW_TX4017-4,,,
NW_TX4017-5,,,
NW_TX0165-6,,,
NW_TX0165-7,,,
NW_TX0165-8,,,
NW_TX0165-9,,,
NW_TX0031-12,,,
NW_TX0031-13,,,
NW_TX0031-10,,,
NW_TX0031-11,,,
NW_TX0031-14,,,
NW_TX0031-15,,,
SM-HIVUL-1,,,
SM-HIVUL-2,,,
SM-HIVUL-3,,,
SM-HIVUL-4,,,
SM-HIVUL-5,,,
SM-HIVUL-6,,,
SM-HIVUL-7,,,
SM-HIVUL-8,,,
SQ_AT0026-4,,,
SQ_AT0026-5,,,
SQ_AT0026-6,,,
SQ_AT0026-7,,,
SQ_AT0026-1,,,
SQ_AT0026-2,,,
SQ_AT0026-3,,,
SM-HINLH-9,,,
SQ_AT0571-2,,,
SQ_AT0571-9,,,
NW_TX0089-11,,,
NW_TX0126-9,,,
NW_TX0126-8,,,
NW_TX0126-1,,,
NW_TX0126-3,,,
NW_TX0126-2,,,
NW_TX0126-5,,,
NW_TX0126-4,,,
NW_TX0126-7,,,
NW_TX0126-6,,,
NW_TX0092-9,,,
NW_TX0092-8,,,
NW_TX0092-5,,,
NW_TX0092-4,,,
NW_TX0092-7,,,
NW_TX0092-6,,,
NW_TX0092-1,,,
NW_TX0092-3,,,
NW_TX0092-2,,,
NW_TX4034-5,,,
NW_TX4034-4,,,
NW_TX4034-7,,,
NW_TX4034-6,,,
NW_TX4034-1,,,
SM-D9E44-5,,,
NW_TX4034-3,,,
NW_TX4034-2,,,
SM-D9E44-8,,,
NW_TX0203-4,,,
10X146-3,,,
NW_TX0203-2,,,
10X146-2,,,
SM-HI3F7-3,,,
SM-HI3F7-2,,,
SM-G9JI2-11,,,
SM-G9JI2-10,,,
SQ_AT0047-2,,,
NW_TX0035-8,,,
NW_TX0035-9,,,
NW_TX0035-4,,,
NW_TX0035-5,,,
NW_TX0035-6,,,
NW_TX0035-7,,,
NW_TX0035-1,,,
NW_TX0035-2,,,
NW_TX0035-3,,,
NW_TX0134-6,,,
NW_TX0159-9,,,
NW_TX0159-8,,,
NW_TX0159-3,,,
NW_TX0159-2,,,
NW_TX0159-1,,,
NW_TX0159-7,,,
NW_TX0159-6,,,
NW_TX0159-5,,,
NW_TX0159-4,,,
SQ_AT0583-4,,,
SQ_AT0583-3,,,
NW_TX0077-8,,,
NW_TX0077-9,,,
NW_TX0077-6,,,
NW_TX0077-7,,,
NW_TX0077-4,,,
NW_TX0077-5,,,
NW_TX0077-2,,,
NW_TX0077-3,,,
NW_TX0077-1,,,
SM-HB5U9-3,,,
SM-HB5U9-2,,,
SM-HB5U9-1,,,
SM-HB5U9-6,,,
SM-HB5U9-5,,,
SM-HB5U9-4,,,
NW_TX0046-10,,,
NW_TX0027-4,,,
NW_TX0027-2,,,
NW_TX0004-16,,,
NW_TX0004-17,,,
NW_TX0004-14,,,
NY-TX14006-1,,,
NY-TX14006-2,,,
NY-TX14006-3,,,
NY-TX14006-4,,,
NW_TX0004-11,,,
NY-AT0653-11,,,
NY-AT0653-10,,,
NW_TX0062-8,,,
NW_TX0062-9,,,
NW_TX0062-1,,,
NW_TX0062-2,,,
NW_TX0062-3,,,
NW_TX0062-4,,,
NW_TX0062-5,,,
NW_TX0062-6,,,
NW_TX0062-7,,,
NW_TX0102-3,,,
NW_TX0102-2,,,
NW_TX0102-1,,,
NY-TX14026-4,,,
NY-TX14026-5,,,
NY-TX14026-3,,,
NW_TX0102-6,,,
NW_TX0102-5,,,
NW_TX0102-4,,,
10X227-3,,,
10X227-2,,,
10X227-1,,,
10X227-6,,,
10X227-5,,,
10X227-4,,,
SQ_AT0025-4,,,
NW_TX0042-8,,,
NW_TX0042-9,,,
NW_TX0042-2,,,
NW_TX0042-3,,,
NW_TX0042-1,,,
NW_TX0042-6,,,
NW_TX0042-7,,,
NW_TX0042-4,,,
NW_TX0042-5,,,
SQ_AT0028-10,,,
SQ_AT0028-11,,,
SQ_AT0028-12,,,
SQ_AT0028-13,,,
NW_TX0007-13,,,
NW_TX0107-10,,,
NW_TX0007-11,,,
NW_TX0007-10,,,
NW_TX0007-16,,,
NW_TX0023-6,,,
SQ_AT0617-5,,,
SQ_AT0617-3,,,
NW_TX0164-3,,,
NW_TX0164-2,,,
NW_TX0164-1,,,
NW_TX0164-7,,,
NW_TX0164-6,,,
NW_TX0164-5,,,
NW_TX0164-4,,,
NW_TX0009-5,,,
NW_TX0009-4,,,
NW_TX0009-1,,,
NW_TX0009-3,,,
NW_TX0009-2,,,
NW_TX0025-3,,,
NW_TX0025-2,,,
NW_TX0025-1,,,
NW_TX0004-7,,,
NW_TX0025-7,,,
NW_TX0025-6,,,
NW_TX0025-5,,,
NW_TX0025-4,,,
NW_TX0025-9,,,
NW_TX0025-8,,,
NW_TX0004-8,,,
NW_TX0004-9,,,
NW_TX0115-10,,,
10X204-6,,,
10X204-7,,,
10X204-4,,,
10X204-5,,,
10X204-2,,,
10X204-3,,,
10X204-1,,,
10X204-8,,,
SM-HITT5-6,,,
SQ_AT0018-11,,,
NW_TX0145-1,,,
NW_TX0145-2,,,
NW_TX0145-3,,,
NW_TX0145-4,,,
NW_TX0145-5,,,
NW_TX0145-6,,,
NW_TX0145-7,,,
NW_TX0145-8,,,
NW_TX0145-9,,,
SM-HITT5-7,,,
NW_TX0060-6,,,
NW_TX0060-7,,,
NW_TX0060-4,,,
NW_TX0060-5,,,
NW_TX0060-2,,,
NW_TX0060-3,,,
10X391-7,,,
NW_TX0060-1,,,
10X391-8,,,
SQ_AT0054-11,,,
SQ_AT0054-10,,,
NW_TX0060-8,,,
NW_TX0060-9,,,
SM-HI3F7-8,,,
NW_TX1057-10,,,
NW_TX0108-5,,,
NW_TX0108-4,,,
NW_TX0108-7,,,
NW_TX0108-6,,,
NW_TX0108-1,,,
NW_TX0108-3,,,
NW_TX0108-2,,,
10X379-4,,,
NW_TX0108-9,,,
NW_TX0108-8,,,
NW_TX0100-9,,,
NW_TX0100-8,,,
NW_TX0100-5,,,
NW_TX0100-4,,,
NW_TX0100-7,,,
NW_TX0100-6,,,
NW_TX0100-1,,,
NW_TX0100-3,,,
NW_TX0100-2,,,
NY-TX14003-1,,,
SQ_AT0045-10,,,
NW_TX0093-8,,,
SQ_AT015-9,,,
NW_TX0093-9,,,
NW_TX0122-5,,,
NW_TX0122-4,,,
NW_TX0122-7,,,
NW_TX0122-1,,,
NW_TX0122-3,,,
NW_TX0122-2,,,
NW_TX0122-9,,,
NW_TX0122-8,,,
NW_TX4033-2,,,
NW_TX4033-3,,,
NW_TX4033-1,,,
NW_TX4033-6,,,
NW_TX4033-7,,,
NW_TX4033-4,,,
NW_TX4033-5,,,
NW_TX4033-8,,,
NW_TX0167-8,,,
NW_TX0167-9,,,
NW_TX0093-4,,,
NW_TX0093-5,,,
SM-HPZA3-12,,,
SM-HPZA3-10,,,
SM-HPZA3-11,,,
NW_TX0043-11,,,
NW_TX0043-10,,,
NY-TX14014-3,,,
NY-TX14014-5,,,
NY-TX14014-4,,,
NY-TX14014-6,,,
NW_TX0167-2,,,
SM-D9E45-8,,,
NW_TX0167-3,,,
SM-D9E45-6,,,
NW_TX0170-8,,,
NW_TX0170-9,,,
NW_TX0170-4,,,
NW_TX0170-5,,,
NW_TX0170-6,,,
NW_TX0170-7,,,
NW_TX0170-1,,,
NW_TX0170-2,,,
NW_TX0170-3,,,
SQ_AT0561-2,,,
10X362-6,,,
10X362-5,,,
10X362-4,,,
10X362-3,,,
10X362-2,,,
10X362-1,,,
10X319-1,,,
NW_TX0012-10,,,
10X319-3,,,
10X319-2,,,
10X319-5,,,
10X319-4,,,
10X319-7,,,
10X319-6,,,
10X319-8,,,
SQ_AT0582-9,,,
SQ_AT0582-6,,,
SQ_AT0582-5,,,
NW_MX4002-4,,,
10X248-2,,,
SQ_AT0561-7,,,
10X248-3,,,
NW_TX0076-9,,,
NW_TX0076-8,,,
NW_TX0076-3,,,
NW_TX0076-2,,,
NW_TX0076-1,,,
NW_TX0076-7,,,
NW_TX0076-6,,,
NW_TX0076-5,,,
NW_TX0076-4,,,
SM-HJW8J-3,,,
NW_TX0157-1,,,
10X217-2,,,
NW_TX0157-3,,,
NW_TX0157-2,,,
NW_TX0157-5,,,
NW_TX0157-4,,,
NW_TX0157-7,,,
10X217-3,,,
NW_TX0157-9,,,
NW_TX0157-8,,,
NW_TX0055-4,,,
10X217-1,,,
10X217-6,,,
NW_TX0055-3,,,
10X217-4,,,
10X217-5,,,
SM-HH8FP-5,,,
10X389-2,,,
10X389-3,,,
10X389-1,,,
10X389-6,,,
10X389-7,,,
10X389-4,,,
10X389-5,,,
10X243-5,,,
10X243-4,,,
10X243-7,,,
10X243-6,,,
10X243-1,,,
10X243-3,,,
10X243-2,,,
NY-AT0655-3,,,
10X243-8,,,
10X172-2,,,
10X172-3,,,
10X172-1,,,
10X172-6,,,
10X172-7,,,
10X172-4,,,
10X172-5,,,
10X172-8,,,
NW_TX4061-4,,,
NW_TX4061-3,,,
NW_TX4061-2,,,
NW_TX4061-1,,,
NW_TX0040-18,,,
NW_TX0040-19,,,
NW_TX0040-16,,,
NW_TX0040-17,,,
NW_TX0040-14,,,
NW_TX0040-15,,,
NW_TX0040-12,,,
NW_TX0040-13,,,
NW_TX0040-10,,,
NW_TX0040-11,,,
SQ_AT0044-8,,,
SQ_AT0044-9,,,
SQ_AT0044-4,,,
SQ_AT0044-5,,,
SQ_AT0044-6,,,
SQ_AT0044-7,,,
SQ_AT0044-1,,,
SQ_AT0044-2,,,
SQ_AT0044-3,,,
SQ_AT0042-1,,,
SQ_AT0569-7,,,
SQ_AT0613-9,,,
NW_TX0043-7,,,
NW_TX0043-6,,,
NW_TX0043-5,,,
NW_TX0043-4,,,
NW_TX0043-3,,,
NY-AT0654-3,,,
NY-AT0654-1,,,
NY-AT0654-6,,,
NY-AT0654-7,,,
NY-AT0654-4,,,
NY-AT0654-5,,,
NW_TX1059-1,,,
NW_TX1059-3,,,
NW_TX1059-2,,,
NW_TX1059-5,,,
NW_TX1059-4,,,
NW_TX1059-7,,,
NW_TX1059-6,,,
NW_TX0085-1,,,
NW_TX0085-3,,,
NW_TX0085-2,,,
NW_TX0085-5,,,
NW_TX0085-4,,,
NW_TX0085-7,,,
NW_TX0085-6,,,
NW_TX0085-9,,,
NW_TX0085-8,,,
NW_TX0100-10,,,
NW_TX4027-1,,,
NW_TX4027-3,,,
NW_TX4027-2,,,
NW_TX4027-4,,,
SQ_AT0613-7,,,
10X379-2,,,
SQ_AT0613-4,,,
SM-GFCOS-8,,,
SM-GFCOS-9,,,
SM-GFCOS-2,,,
NY-MX12063-1,,,
NW_TX0069-10,,,
SQ_AT0616-1,,,
SQ_AT0616-7,,,
SQ_AT0616-4,,,
10X419-4,,,
10X419-2,,,
10X419-3,,,
10X419-1,,,
NW_TX0055-6,,,
NW_TX0184-9,,,
NW_TX0184-8,,,
NW_TX0184-1,,,
NW_TX0184-3,,,
NW_TX0184-2,,,
NW_TX0184-5,,,
NW_TX0184-4,,,
NW_TX0184-7,,,
NW_TX0184-6,,,
NW_TX0061-3,,,
NW_TX0061-2,,,
NW_TX0061-1,,,
NW_TX0061-7,,,
NW_TX0061-6,,,
NW_TX0061-5,,,
NW_TX0061-4,,,
NW_TX0061-9,,,
NW_TX0061-8,,,
SQ_AT0028-3,,,
NW_TX0026-8,,,
NW_TX0026-9,,,
NW_TX0026-1,,,
NW_TX0026-2,,,
NW_TX0026-3,,,
NW_TX0026-4,,,
NW_TX0026-5,,,
NW_TX0026-6,,,
NW_TX0026-7,,,
10X349-8,,,
10X349-6,,,
10X349-7,,,
10X349-4,,,
10X349-5,,,
10X349-2,,,
10X349-3,,,
10X349-1,,,
NW_TX0059-10,,,
NW_TX0059-11,,,
NW_TX0059-12,,,
NW_TX0168-5,,,
NW_TX0168-4,,,
NW_TX0168-3,,,
NW_TX0168-2,,,
NW_TX0168-1,,,
SQ_AT0004-1,,,
SQ_AT0004-2,,,
SQ_AT0004-3,,,
SQ_AT0004-4,,,
SQ_AT0004-5,,,
SQ_AT0004-6,,,
SQ_AT0004-7,,,
SQ_AT0004-8,,,
NW-TX4077-1,,,
NW-TX4077-2,,,
NW-TX4077-3,,,
NW-TX4077-4,,,
NW-TX4077-5,,,
NW-TX4077-6,,,
SM-HH8FN-10,,,
SM-HH8FN-11,,,
SM-HH8FN-12,,,
SM-HH8FN-13,,,
SM-HH8FO-9,,,
SM-HH8FO-8,,,
SM-HH8FO-3,,,
SM-HH8FO-2,,,
SM-HH8FO-1,,,
SM-HH8FO-7,,,
SM-HH8FO-6,,,
SM-HH8FO-5,,,
SM-HH8FO-4,,,
NW_TX0052-14,,,
NW_TX0052-11,,,
NW_TX0052-10,,,
NW_TX0052-13,,,
NW_TX0052-12,,,
NW_TX0119-10,,,
SQ_AT0039-4,,,
SQ_AT014-2,,,
SQ_AT014-1,,,
NY-TX4089-5,,,
NY-TX4089-4,,,
NY-TX4089-7,,,
NY-TX4089-6,,,
NY-TX4089-1,,,
NY-TX4089-3,,,
NY-TX4089-2,,,
NY-TX4089-9,,,
NY-TX4089-8,,,
SQ_AT0572-9,,,
SQ_AT0572-1,,,
NW_TX0125-2,,,
NW_TX0125-3,,,
NW_TX0125-1,,,
NW_TX0125-6,,,
NW_TX0125-7,,,
NW_TX0125-4,,,
NW_TX0125-5,,,
NW_TX0125-8,,,
NW_TX0125-9,,,
NY-TX14039-2,,,
NY-TX14039-3,,,
NY-TX14039-1,,,
NY-TX14039-4,,,
SQ_AT0023-9,,,
NW_TX0017-15,,,
SM-HITT5-10,,,
NY-TX14031-2,,,
NW_TX0017-12,,,
NY-TX14031-1,,,
NY-TX14031-4,,,
NW_TX0017-13,,,
NW_TX0017-10,,,
NW_TX0017-11,,,
NW_TX0099-8,,,
NW_TX0099-9,,,
NW_TX0099-6,,,
NW_TX0099-7,,,
NW_TX0099-4,,,
NW_TX0099-5,,,
NW_TX0099-2,,,
NW_TX0099-3,,,
NW_TX0099-1,,,
NW_TX0158-10,,,
SQ_AT0055-9,,,
NW_TX4065-1,,,
SQ_AT0567-12,,,
NW_TX4037-8,,,
NW_TX4037-7,,,
NW_TX4065-6,,,
SQ_AT0567-11,,,
10X230-8,,,
10X230-7,,,
10X230-6,,,
10X230-5,,,
10X230-4,,,
10X230-3,,,
10X230-2,,,
10X230-1,,,
SM-K6L25-4,,,
10X277-8,,,
10X277-4,,,
10X277-5,,,
10X277-6,,,
10X277-7,,,
10X277-1,,,
10X277-2,,,
10X277-3,,,
SM-K6L25-7,,,
NW_TX0190-3,,,
SM-K6L25-2,,,
SM-K6L25-3,,,
NW_TX0079-10,,,
NW_TX0190-8,,,
NW_TX0078-1,,,
NW_TX0078-3,,,
NW_TX0078-2,,,
NW_TX0078-5,,,
NW_TX0078-4,,,
NW_TX0078-7,,,
NW_TX0078-6,,,
NW_TX0078-9,,,
NW_TX0078-8,,,
SM-HI3F7-1,,,
SM-HI3F7-7,,,
SM-HI3F7-6,,,
SM-HI3F7-5,,,
SM-HI3F7-4,,,
NW_TX0059-2,,,
NW_TX0059-3,,,
NW_TX0059-1,,,
NW_TX0059-6,,,
NW_TX0059-7,,,
NW_TX0059-4,,,
NW_TX0059-5,,,
NW_TX0059-8,,,
NW_TX0059-9,,,
NY-MX22001-21,,,
NW_TX0064-10,,,
10X217-7,,,
10X217-8,,,
NY-AT0655-5,,,
NY-AT0655-4,,,
NY-AT0655-2,,,
NY-AT0655-1,,,
NY-AT0655-9,,,
NY-AT0655-8,,,
SQ_AT0575-10,,,
NW_TX0150-10,,,
NW_TX0010-12,,,
NW_TX0010-11,,,
NW_TX0010-10,,,
NW_TX0017-14,,,
NW_TX4065-3,,,
NW_TX4065-2,,,
NW_TX4065-7,,,
NW_TX0082-6,,,
NW_TX0082-7,,,
NW_TX0082-4,,,
NW_TX0082-5,,,
NW_TX0082-2,,,
NW_TX0082-3,,,
NW_TX0082-1,,,
NW_TX0082-8,,,
NW_TX0082-9,,,
NY-TX14001-7,,,
NY-TX14001-6,,,
NY-TX14001-5,,,
NY-TX14001-4,,,
NY-TX14001-3,,,
NY-TX14001-2,,,
NY-TX14001-1,,,
NW_TX0039-16,,,
NY-TX14001-8,,,
NW_TX0113-1,,,
NW_TX0113-3,,,
NW_TX0113-2,,,
NW_TX0113-5,,,
NW_TX0113-4,,,
NW_TX0113-7,,,
NW_TX0113-6,,,
NW_TX0113-9,,,
NW_TX0113-8,,,
NW_TX4020-6,,,
NW_TX4020-7,,,
NW_TX4020-4,,,
NW_TX4020-5,,,
NW_TX4020-2,,,
NW_TX4020-3,,,
NW_TX4020-1,,,
NY-TX14009-4,,,
NY-TX14009-3,,,
NY-TX14009-2,,,
NY-TX14009-1,,,
NW_TX0039-14,,,
NW_TX0039-15,,,
NW_TX0047-10,,,
NW_TX0006-10,,,
NW_TX1060-1,,,
NW_TX1060-3,,,
NW_TX1060-2,,,
NW_TX1060-5,,,
NW_TX1060-4,,,
NW_TX1060-7,,,
NW_TX1060-6,,,
NW_TX1060-8,,,
SQ_AT0022-12,,,
SQ_AT0022-10,,,
NW_TX0047-13,,,
NW_TX0047-12,,,
NW_TX0047-11,,,
NY-TX14025-4,,,
NY-TX14025-1,,,
NY-TX14025-3,,,
NY-TX14025-2,,,
NW_TX4065-5,,,
NW_TX4065-4,,,
AB-PS6001-7,,,
AB-PS6001-8,,,
NW_TX4044-9,,,
NW_TX0169-9,,,
SM-HH8FN-4,,,
SM-HH8FN-5,,,
SM-HH8FN-2,,,
SM-HH8FN-3,,,
SM-HH8FN-1,,,
NY-AT16029-4,,,
NW_TX0180-5,,,
NW_TX0180-4,,,
NW_TX0180-7,,,
NW_TX0180-6,,,
NW_TX0180-1,,,
NW_TX0180-3,,,
NW_TX0180-2,,,
NW_TX0180-9,,,
NW_TX0180-8,,,
NW_TX0033-11,,,
NW_TX0033-12,,,
NW_TX0033-13,,,
NW_TX0033-14,,,
NW_TX0033-15,,,
NW_TX0033-16,,,
NW_TX0188-9,,,
NW_TX0188-8,,,
NW_TX0188-5,,,
NW_TX0188-4,,,
NW_TX0188-7,,,
NW_TX0188-6,,,
NW_TX0188-1,,,
NW_TX0188-3,,,
NW_TX0188-2,,,
SQ_AT0591-9,,,
SQ_AT0591-8,,,
SQ_AT0591-3,,,
SQ_AT0591-2,,,
NW_TX0166-9,,,
NW_TX0166-8,,,
NW_TX0166-5,,,
NW_TX0166-4,,,
NW_TX0166-7,,,
NW_TX0166-6,,,
NW_TX0166-1,,,
NW_TX0166-3,,,
NW_TX0166-2,,,
NW_TX0001-20,,,
NW_TX0001-21,,,
NW_TX0001-22,,,
NW_TX0001-23,,,
SQ_AT0573-5,,,
SQ_AT0573-4,,,
SQ_AT0573-2,,,
SQ_AT0573-1,,,
NW_TX0057-12,,,
SQ_AT0575-9,,,
NW_TX0057-10,,,
NW_TX0057-11,,,
NW_AT1504-12,,,
10X378-6,,,
10X378-7,,,
10X378-4,,,
10X378-5,,,
10X378-2,,,
10X378-3,,,
10X378-1,,,
10X378-8,,,
NW_TX0098-9,,,
NW_TX0098-8,,,
NW_TX0098-3,,,
NW_TX0098-2,,,
NW_TX0098-1,,,
NW_TX0098-7,,,
NW_TX0098-6,,,
NW_TX0098-5,,,
NW_TX0098-4,,,
SQ_AT0022-11,,,
NY-TX14008-7,,,
SM-HPZA3-4,,,
SM-HPZA3-5,,,
SM-HPZA3-1,,,
SM-HPZA3-2,,,
SM-HPZA3-3,,,
NW_TX0140-9,,,
NW_TX0140-8,,,
NW_TX0140-1,,,
NW_TX0140-3,,,
NW_TX0140-2,,,
NW_TX0140-5,,,
NW_TX0140-4,,,
NW_TX0140-7,,,
NW_TX0140-6,,,
NW_TX0202-10,,,
SM-HIVUK-7,,,
SM-HIVUK-6,,,
SM-HIVUK-5,,,
SM-HIVUK-4,,,
SM-HIVUK-3,,,
SM-HIVUK-2,,,
SM-HIVUK-1,,,
SM-HIVUK-8,,,
NW_AT1504-5,,,
NW_AT1504-4,,,
NW_AT1504-7,,,
NW_AT1504-6,,,
NW_AT1504-1,,,
NW_AT1504-3,,,
NW_AT1504-2,,,
NW_AT1504-9,,,
NW_AT1504-8,,,
SQ_AT007-3,,,
NW_TX0018-5,,,
NW_TX0121-8,,,
NW_TX0121-9,,,
NW_TX0121-6,,,
NW_TX0121-7,,,
NW_TX0121-4,,,
NW_TX0121-5,,,
NW_TX0121-2,,,
NW_TX0121-3,,,
NW_TX0121-1,,,
NW_TX4016-5,,,
NW_TX4016-4,,,
NW_TX4016-6,,,
NW_TX4016-1,,,
NW_TX4016-3,,,
NW_TX4016-2,,,
SQ_AT0616-9,,,
SM-D9E43-3,,,
SM-D9E43-9,,,
SM-D9E43-8,,,
SQ_AT0027-1,,,
SQ_AT0027-3,,,
SQ_AT0027-2,,,
SQ_AT0027-4,,,
SQ_AT0027-7,,,
SQ_AT007-4,,,
SQ_AT007-5,,,
10X354-8,,,
10X354-4,,,
10X354-5,,,
10X354-7,,,
10X354-1,,,
10X354-2,,,
10X354-3,,,
SQ_AT0052-7,,,
SQ_AT0052-1,,,
SQ_AT0052-3,,,
SQ_AT0052-2,,,
NW_TX0063-11,,,
NW_TX0063-10,,,
NW_TX0138-8,,,
NW_TX0138-9,,,
NW_TX0138-1,,,
NW_TX0138-2,,,
NW_TX0138-3,,,
NW_TX0138-4,,,
NW_TX0138-5,,,
NW_TX0138-6,,,
NW_TX0138-7,,,
10X359-5,,,
10X359-4,,,
10X359-7,,,
10X359-6,,,
10X359-1,,,
10X359-3,,,
10X359-2,,,
10X359-8,,,
NW_TX0154-8,,,
NW_TX0154-9,,,
NW_TX0154-6,,,
NW_TX0154-7,,,
NW_TX0154-4,,,
NW_TX0154-5,,,
SQ_AT0057-4,,,
SQ_AT0057-3,,,
NW_TX0083-3,,,
NW_TX0083-2,,,
NW_TX0083-1,,,
NW_TX0083-7,,,
NW_TX0083-6,,,
NW_TX0083-5,,,
NW_TX0083-4,,,
NW_TX0083-9,,,
NW_TX0083-8,,,
NW_TX0041-24,,,
NW_TX0041-20,,,
NW_TX0041-21,,,
SM-HINLH-11,,,
NW_TX4021-3,,,
NW_TX4021-2,,,
NW_TX4021-1,,,
SM-HINLH-10,,,
NW_TX4021-6,,,
NW_TX4021-5,,,
NW_TX4021-4,,,
SM-HFQDC-8,,,
SM-HFQDC-9,,,
10X171-1,,,
SM-HFQDC-7,,,
SM-HFQDC-4,,,
SM-HFQDC-5,,,
SM-HFQDC-2,,,
SM-HFQDC-3,,,
SM-HFQDC-1,,,
NW_TX0156-10,,,
SM-K6L23-6,,,
SM-K6L23-7,,,
NW_TX4054-8,,,
SM-K6L23-4,,,
NW_TX0034-1,,,
NW_TX0034-3,,,
NW_TX0034-2,,,
NW_TX0034-5,,,
NW_TX0034-4,,,
NW_TX0034-7,,,
NW_TX0034-6,,,
NW_TX0034-9,,,
NW_TX0034-8,,,
NW_TX4066-2,,,
NW_TX4066-3,,,
NW_TX4066-4,,,
NW_TX4066-5,,,
SM-HH8FN-6,,,
SM-HH8FN-7,,,
NY-TX14024-1,,,
NY-TX14024-2,,,
NY-TX14024-3,,,
NY-TX14024-4,,,
NW_TX0192-7,,,
NW_TX0025-12,,,
NW_TX0025-11,,,
NW_TX0025-10,,,
SM-HH8FN-8,,,
SM-HH8FN-9,,,
NW_TX4040-5,,,
NW_TX4040-6,,,
NW_TX4040-7,,,
NW_TX4040-8,,,
NW_TX0044-8,,,
NW_TX0044-9,,,
NW_TX0044-1,,,
NW_TX0044-2,,,
NW_TX0044-3,,,
NW_TX0044-4,,,
NW_TX0044-5,,,
NW_TX0044-6,,,
NW_TX0044-7,,,
NW_TX1067-6,,,
NW_TX1067-7,,,
NW_TX1067-4,,,
NW_TX1067-5,,,
NW_TX1067-2,,,
NW_TX1067-3,,,
NW_TX1067-1,,,
NW_TX4048-8,,,
NW_TX4048-9,,,
NW_TX4048-1,,,
NW_TX4048-2,,,
NW_TX4048-3,,,
NW_TX4048-7,,,
SM-D9E43-10,,,
NW_TX0086-8,,,
NW_TX0086-9,,,
NW_TX0086-2,,,
NW_TX0086-3,,,
NW_TX0086-1,,,
NW_TX0086-6,,,
NW_TX0086-7,,,
NW_TX0086-4,,,
NW_TX0086-5,,,
NY-TX14005-3,,,
NY-TX14005-2,,,
SQ_AT0050-2,,,
NY-TX14005-4,,,
NW_TX4024-2,,,
NW_TX4024-3,,,
NW_TX4024-1,,,
SQ_AT0619-9,,,
NW_TX4024-4,,,
NW_TX4024-5,,,
NW_TX0187-2,,,
NW_TX0187-3,,,
NW_TX0187-1,,,
NW_TX0187-6,,,
NW_TX0187-7,,,
NW_TX0187-4,,,
NW_TX0187-5,,,
10X206-1,,,
10X206-2,,,
10X206-3,,,
10X206-5,,,
10X206-7,,,
NW_TX0063-9,,,
NW_TX0063-8,,,
NW_TX0063-5,,,
NW_TX0063-4,,,
NW_TX0063-7,,,
NW_TX0063-6,,,
NW_TX0063-1,,,
NW_TX0063-3,,,
NW_TX0063-2,,,
NW_TX0096-2,,,
NW_TX0096-8,,,
SQ_AT0562-10,,,
SQ_AT0591-7,,,
SQ_AT0591-6,,,
NW_TX0046-6,,,
NW_TX0046-7,,,
NW_TX0046-4,,,
NW_TX0046-5,,,
NW_TX0046-2,,,
NW_TX0046-3,,,
NW_TX0046-1,,,
NW_TX0046-8,,,
NW_TX0046-9,,,
SM-H4RNA-3,,,
SM-H4RNA-2,,,
SM-H4RNA-1,,,
NW_TX0118-10,,,
SM-H4RNA-4,,,
SQ_AT0577-1,,,
SQ_AT0577-6,,,
SQ_AT0577-9,,,
SQ_AT0577-8,,,
NW_TX0085-10,,,
SM-D9E44-1,,,
SM-D9E44-2,,,
SM-D9E44-3,,,
NW_TX0112-10,,,
SM-D9E44-4,,,
NW_TX0112-11,,,
SM-D9E44-6,,,
SM-D9E44-7,,,
10X203-1,,,
10X203-3,,,
10X203-2,,,
10X203-5,,,
10X203-4,,,
10X203-7,,,
10X203-6,,,
10X203-8,,,
SM-HH8FM-7,,,
NW_TX0114-10,,,
NW_TX0120-9,,,
NW_TX0120-8,,,
NW_TX0120-3,,,
NW_TX0120-2,,,
NW_TX0120-1,,,
NW_TX0120-7,,,
NW_TX0120-6,,,
NW_TX0120-5,,,
NW_TX0120-4,,,
10X390-5,,,
10X390-1,,,
SM-D9E42-2,,,
SM-D9E42-3,,,
SM-D9E42-1,,,
SM-D9E42-6,,,
SM-D9E42-4,,,
SM-D9E42-5,,,
SM-D9E42-8,,,
NW_AT1503-2,,,
NW_AT1503-3,,,
NW_AT1503-1,,,
NW_AT1503-6,,,
NW_AT1503-7,,,
NW_AT1503-4,,,
NW_AT1503-5,,,
NW_AT1503-8,,,
NW_TX0144-5,,,
NW_TX0144-4,,,
NW_TX0144-7,,,
NW_TX0144-6,,,
NW_TX0144-1,,,
NW_TX0144-3,,,
NW_TX0144-2,,,
NW_TX0144-9,,,
NW_TX0144-8,,,
NW_TX4019-2,,,
NW_TX4019-3,,,
NW_TX4019-1,,,
NW_TX4019-6,,,
NW_TX4019-4,,,
NW_TX4019-5,,,
SQ_MX2031-2,2024-03-23 04:06:20.054-07,2024-10-21 22:31:03.54592-07,2025-01-07 18:42:36.493076-08
NW_MX2056-10,2024-01-11 19:42:32.025-08,2024-02-06 10:30:09.374326-08,2024-12-10 18:01:00.665395-08
SQ_AT0020-9,2023-11-17 20:19:02.047-08,2024-11-24 05:27:50.967259-08,2024-12-05 11:45:17.45682-08
SQ_AT0020-7,2023-11-17 20:19:02.047-08,2025-02-27 14:46:11.053829-08,2025-03-03 13:35:32.008698-08
SQ_AT0020-6,,,
NW_AT1501-12,,,
NW_AT1501-10,,,
NW_AT1501-11,,,
SM-HJW8K-1,,,
NW_TX0155-7,,,
NW_TX0155-6,,,
NW_TX0155-5,,,
NW_TX0155-4,,,
NW_TX0155-3,,,
NW_TX0155-2,,,
NW_TX0155-1,,,
NW_TX0155-9,,,
NW_TX0155-8,,,
SQ_AT0018-12,,,
NW_AT1504-11,,,
NW_AT1504-10,,,
10X358-1,,,
10X358-2,,,
10X358-4,,,
10X358-5,,,
10X358-6,,,
10X358-7,,,
10X358-8,,,
SM-D9E45-10,,,
10X270-3,,,
10X270-2,,,
10X270-1,,,
10X270-7,,,
10X270-6,,,
10X270-5,,,
10X270-4,,,
10X270-8,,,
NW_TX0016-11,,,
NW_TX0016-10,,,
NW_TX0016-12,,,
NW_TX0035-14,,,
NW_TX0035-15,,,
NW_TX0035-12,,,
NW_TX0035-13,,,
NW_TX0035-10,,,
NW_TX0035-11,,,
10X383-8,,,
SM-HITT5-9,,,
10X383-4,,,
10X383-5,,,
10X383-6,,,
10X383-7,,,
10X383-1,,,
10X383-2,,,
10X383-3,,,
NW_TX0171-1,,,
NW_TX0171-3,,,
NW_TX0171-2,,,
NW_TX0171-5,,,
NW_TX0171-4,,,
NW_TX0171-7,,,
NW_TX0171-6,,,
NW_TX0171-9,,,
NW_TX0171-8,,,
SM-GFCOS-5,,,
SM-GFCOS-3,,,
NW_TX0020-14,,,
NW_TX0020-15,,,
NW_TX0020-10,,,
NW_TX0020-11,,,
NW_TX0020-12,,,
NW_TX0020-13,,,
NW_TX0095-10,,,
SM-GFCOS-1,,,
10X175-5,,,
10X175-4,,,
10X175-7,,,
10X175-6,,,
10X175-1,,,
10X175-3,,,
10X175-2,,,
10X175-8,,,
NW_TX1066-3,,,
NW_TX1066-2,,,
NW_TX1066-1,,,
NW_TX1066-7,,,
NW_TX1066-6,,,
NW_TX1066-5,,,
NW_TX1066-4,,,
NW_TX1066-8,,,
NW_TX0087-7,,,
NW_TX0087-6,,,
NW_TX0087-5,,,
NW_TX0087-4,,,
NW_TX0087-3,,,
NW_TX0087-2,,,
NW_TX0087-1,,,
NW_TX0087-9,,,
NW_TX0087-8,,,
NW-AT0711-6,,,
NW_TX4025-5,,,
NW_TX4025-3,,,
NW_TX4025-2,,,
NW_TX4025-1,,,
NW_TX0019-6,,,
NW_TX0019-7,,,
NW_TX0019-4,,,
NW_TX0019-5,,,
NW_TX0019-2,,,
NW_TX0019-3,,,
NW_TX0019-1,,,
NW_TX0019-8,,,
NW_TX0019-9,,,
NW_TX0110-8,,,
NW_TX0110-9,,,
NW_TX0110-2,,,
NW_TX0110-3,,,
NW_TX0110-1,,,
NW_TX0110-6,,,
NW_TX0110-7,,,
NW_TX0110-4,,,
NW_TX0110-5,,,
NW_TX0151-11,,,
NW_TX0151-10,,,
SM-K6L22-9,,,
SM-K6L22-8,,,
SM-K6L22-3,,,
SM-K6L22-2,,,
SM-K6L22-1,,,
SM-K6L22-7,,,
SM-K6L22-5,,,
SM-K6L22-4,,,
SQ_AT0042-6,,,
SQ_AT0042-7,,,
SQ_AT0042-4,,,
SQ_AT0042-5,,,
SQ_AT0042-2,,,
SQ_AT0042-3,,,
NW_TX1063-8,,,
NW_TX1063-2,,,
NW_TX1063-3,,,
NW_TX1063-1,,,
NW_TX1063-6,,,
NW_TX1063-7,,,
NW_TX1063-4,,,
NW_TX1063-5,,,
NW_TX0128-7,,,
NW_TX0128-6,,,
NW_TX0004-23,,,
NW_TX0004-22,,,
NW_TX0004-21,,,
NW_TX0004-20,,,
NW_TX0004-26,,,
NW_TX0004-25,,,
NW_TX0004-24,,,
SQ_AT0042-8,,,
SQ_AT0578-10,,,
SQ_AT0042-9,,,
SQ_AT0045-1,,,
SQ_AT0045-3,,,
SQ_AT0045-5,,,
SQ_AT0045-4,,,
SQ_AT0045-7,,,
SQ_AT0045-6,,,
SQ_AT0045-9,,,
SQ_AT0045-8,,,
NY-MX2141-9,2023-08-17 15:18:37.765-07,2024-08-28 03:01:15.18245-07,2024-09-11 15:40:06.242141-07
NY-MX2141-8,2023-08-17 15:18:37.765-07,2024-08-28 02:58:03.294301-07,2024-09-11 15:36:53.593238-07
NY-MX2141-7,2023-08-17 15:18:37.765-07,2024-08-28 02:54:50.324302-07,2024-09-11 15:33:42.979242-07
NY-AT16052-3,2024-04-12 03:56:11.213-07,2024-06-28 10:58:29.928612-07,2024-07-03 16:07:56.619603-07
NY-AT16052-8,2024-04-12 03:56:11.213-07,2024-08-26 12:17:17.652101-07,2024-09-23 16:52:19.120685-07
NY-AT16052-9,2024-04-12 03:56:11.213-07,2024-08-26 12:22:28.434163-07,2024-09-23 16:52:32.168634-07
NW_MX2080-7,2024-01-11 21:01:35.648-08,2024-01-21 10:57:48.700081-08,2024-12-10 18:12:41.351759-08
NW_MX2080-6,2024-01-11 21:01:35.648-08,2024-10-22 03:16:04.978075-07,2024-12-11 00:23:52.751111-08
NY-MX12043-6,2024-03-13 21:09:25.356-07,2024-11-13 15:36:43.978716-08,2024-12-09 22:30:21.122645-08
NY-MX12043-7,2024-03-13 21:09:25.356-07,2024-10-21 17:19:25.268623-07,2024-10-30 11:04:45.920186-07
NY-MX12043-4,2024-03-13 21:09:25.356-07,2024-10-21 17:09:52.701949-07,2024-10-30 11:04:07.656323-07
NY-MX12043-5,2024-03-13 21:09:25.356-07,2024-11-13 15:33:33.178122-08,2024-12-09 22:29:10.703064-08
NY-MX12043-2,2024-03-13 21:09:25.356-07,2024-11-15 10:11:09.986222-08,2024-12-09 22:26:50.34174-08
NY-MX12043-3,2024-03-13 21:09:25.356-07,2024-11-15 10:10:01.709876-08,2024-12-09 22:28:00.297915-08
NW_TX0047-3,,,
NW_TX0047-2,,,
NW_TX0047-1,,,
NY-MX12043-1,2024-03-13 21:09:25.356-07,2024-11-13 15:23:58.738648-08,2024-12-09 22:25:40.561317-08
NY-MX12043-8,2024-03-13 21:09:25.356-07,2024-10-21 17:22:37.292308-07,2024-10-30 11:05:02.809911-07
NY-MX12043-9,2024-03-13 21:09:25.356-07,2024-11-22 03:29:46.111152-08,2024-12-10 10:44:20.784194-08
NY-MX12061-6,2024-06-18 10:55:59.028-07,2024-05-24 10:45:17.542662-07,2024-08-19 12:24:07.516759-07
NW-TX4101-1,2024-03-15 14:43:08.858-07,2024-03-15 15:03:52.860301-07,2024-03-18 09:10:01.402398-07
NW-TX4101-6,2024-03-15 14:43:08.858-07,2024-03-15 15:04:58.714858-07,2024-03-18 09:11:02.166248-07
NW-TX4101-7,2024-03-15 14:43:08.858-07,2024-03-15 15:05:10.24827-07,2024-03-18 09:11:13.50026-07
NW-TX4101-4,2024-03-15 14:43:08.858-07,2024-03-15 15:04:26.867191-07,2024-03-18 09:10:37.809008-07
NW-TX4101-5,2024-03-15 14:43:08.858-07,2024-03-15 15:04:38.774245-07,2024-03-18 09:10:50.548683-07
NW-TX4101-8,2024-03-15 14:43:08.858-07,2024-03-15 15:05:24.48354-07,2024-03-18 09:11:29.894429-07
NW-TX4101-9,2024-03-15 14:43:08.858-07,2024-03-15 15:05:36.660473-07,2024-03-18 09:11:44.391814-07
SQ_AT0596-7,2024-03-07 16:50:58.026-08,2025-02-09 19:05:17.616141-08,2025-02-16 19:50:00.096065-08
SQ_AT0596-8,2024-03-07 16:50:58.026-08,2025-02-09 19:07:23.900716-08,2025-02-16 19:55:09.770521-08
NY-MX22008-6,2024-10-12 12:58:14.639-07,2024-10-13 02:37:18.556325-07,2024-10-14 10:39:40.152736-07
NY-MX22008-7,2024-10-12 12:58:14.639-07,2024-10-13 02:40:28.826495-07,2025-03-21 11:50:08.066574-07
NY-MX22008-4,2024-10-12 12:58:14.639-07,2024-10-13 02:30:58.72243-07,2024-10-14 10:55:32.297696-07
NY-MX22008-5,2024-10-12 12:58:14.639-07,2024-10-13 02:34:08.697135-07,2024-10-14 10:46:01.115749-07
NY-MX12061-8,2024-06-18 10:55:59.028-07,2024-06-28 10:22:48.6281-07,2024-08-16 12:24:41.700921-07
NY-MX22008-3,2024-10-12 12:58:14.639-07,2024-10-13 02:27:48.730222-07,2024-10-14 10:58:43.217999-07
NY-MX22008-1,2024-10-12 12:58:14.639-07,2024-10-13 01:43:20.421876-07,2024-10-14 12:27:49.140762-07
NW_MX2106-10,2024-03-05 11:52:45.884-08,2024-10-01 12:57:18.285679-07,2024-12-09 10:00:22.945372-08
NY-MX22008-8,2024-10-12 12:58:14.639-07,2024-10-13 02:43:43.704086-07,2024-10-14 10:26:55.96009-07
NY-MX22008-9,2024-10-12 12:58:14.639-07,2024-10-13 02:46:54.481864-07,2024-10-14 10:20:35.090088-07
NY-MX12060-7,2024-06-18 07:15:05.631-07,2024-05-20 11:06:44.286145-07,2024-08-22 17:37:13.526328-07
SQ_AT0040-1,,,
NW_TX0183-8,,,
NW_TX0183-6,,,
NW_TX0183-7,,,
NW_TX0183-4,,,
NW_TX0183-5,,,
NW_TX0183-2,,,
NW_TX0183-3,,,
NW_TX0183-1,,,
NW-TX4083-8,,,
NW-TX4083-3,,,
NW-TX4083-2,,,
NW-TX4083-5,,,
NW-TX4083-4,,,
NW-TX4083-6,,,
NW_TX0149-8,,,
NW_TX0149-9,,,
NW_TX0149-4,,,
NW_TX0149-5,,,
NW_TX0149-6,,,
NW_TX0149-7,,,
NW_TX0149-1,,,
NW_TX0149-2,,,
NW_TX0149-3,,,
SM-HPZA3-7,,,
SQ_AT0619-12,,,
SQ_AT0619-10,,,
SQ_AT0619-11,,,
SM-HPZA3-8,,,
SQ_AT0040-2,,,
SM-HPZA3-9,,,
SQ_AT0574-1,,,
SQ_AT0574-2,,,
SQ_AT0574-3,,,
NW_TX0186-7,,,
NW_TX0186-6,,,
10X146-7,,,
10X146-6,,,
10X146-5,,,
10X146-4,,,
10X146-1,,,
NW_TX0056-12,,,
SQ_MX2017-7,,,
SQ_MX2017-3,,,
NW_TX0027-9,,,
NW_TX0027-8,,,
NW_TX0027-5,,,
NW_TX0027-7,,,
NW_TX0027-6,,,
NW_TX0027-1,,,
NW_TX0027-3,,,
SQ_AT0040-3,,,
SQ_AT0021-3,,,
SQ_AT0021-2,,,
SQ_AT0021-1,,,
NW_TX0001-5,,,
NW_TX0001-4,,,
NW_TX0001-7,,,
NW_TX0001-6,,,
NW_TX0001-1,,,
NW_TX0001-3,,,
NW_TX0001-2,,,
NW_TX0001-9,,,
NW_TX0001-8,,,
NW_TX0097-8,,,
NW_TX0097-9,,,
NW_TX0097-4,,,
NW_TX0097-5,,,
NW_TX0097-6,,,
NW_TX0097-7,,,
NW_TX0097-1,,,
NW_TX0097-2,,,
NW_TX0097-3,,,
NW_TX0143-2,,,
NW_TX0143-3,,,
NW_TX0143-1,,,
NW_TX0143-6,,,
NW_TX0143-7,,,
NW_TX0143-4,,,
NW_TX0143-5,,,
NW_TX0143-8,,,
NW_TX0143-9,,,
NW-TX4076-5,,,
NW-TX4076-4,,,
NW-TX4076-6,,,
NW-TX4076-1,,,
NW-TX4076-3,,,
NW-TX4076-2,,,
NW_TX4039-4,,,
NW_TX4039-1,,,
NW_TX4039-2,,,
NW_TX4039-3,,,
NW_TX0007-15,,,
NW_AT1507-8,,,
NW_AT1507-9,,,
NW_AT1507-6,,,
NW_AT1507-7,,,
NW_AT1507-4,,,
NW_AT1507-5,,,
NW_AT1507-2,,,
NW_AT1507-3,,,
NW_AT1507-1,,,
NW_TX0205-9,,,
NW_TX0205-8,,,
NW_TX0205-7,,,
NW_TX0205-6,,,
NW_TX0205-5,,,
NW_TX0205-4,,,
NW_TX0205-3,,,
NW_TX0205-2,,,
NW_TX0205-1,,,
SQ_AT0038-1,,,
SQ_AT0038-2,,,
NW_TX0094-7,,,
NW_TX0094-6,,,
NW_TX0094-5,,,
NW_TX0094-3,,,
SQ_AT0020-10,,,
NW_TX0094-1,,,
NW_TX4032-8,,,
NW_TX4032-4,,,
NW_TX0003-28,,,
NW_TX0003-29,,,
NW_TX0094-9,,,
NW_TX0003-22,,,
NW_TX0003-23,,,
NW_TX0003-20,,,
NW_TX0003-21,,,
NW_TX0003-26,,,
NW_TX0003-27,,,
NW_TX0003-24,,,
NW_TX0003-25,,,
SQ_AT0024-2,,,
SQ_AT0024-1,,,
NW_TX0036-11,,,
NW_TX0036-10,,,
NW_TX0008-6,,,
SQ_MX2022-3,,,
NW_TX0160-8,,,
SQ_MX2022-6,,,
10X353-3,,,
10X353-2,,,
10X353-1,,,
10X353-6,,,
10X353-5,,,
10X353-4,,,
10X215-4,,,
10X215-5,,,
10X215-6,,,
10X215-7,,,
10X215-1,,,
10X215-2,,,
10X215-3,,,
10X215-8,,,
NW_TX0027-11,,,
NW_TX0027-10,,,
NW_TX0027-13,,,
NW_TX0027-12,,,
NW_TX0052-1,,,
NW_TX0052-3,,,
NW_TX0052-2,,,
NW_TX0052-5,,,
NW_TX0052-4,,,
NW_TX0052-7,,,
NW_TX0052-6,,,
NW_TX0052-9,,,
NW_TX0052-8,,,
10X380-7,,,
10X380-6,,,
10X380-5,,,
10X380-4,,,
10X380-3,,,
10X380-2,,,
10X380-1,,,
10X380-8,,,
NW_TX0018-3,,,
NW_TX0018-2,,,
NW_TX0018-1,,,
NW_TX0018-7,,,
NW_TX0018-6,,,
NW_TX0018-4,,,
NW_TX0018-9,,,
NW_TX0018-8,,,
NW_TX0119-9,,,
NW_TX0119-8,,,
NW_TX0119-7,,,
NW_TX0119-6,,,
NW_TX0119-5,,,
NW_TX0119-4,,,
NW_TX0119-3,,,
NW_TX0119-2,,,
NW_TX0119-1,,,
SQ_AT0561-8,,,
10X249-3,,,
10X249-2,,,
10X249-1,,,
10X249-7,,,
10X249-6,,,
10X249-5,,,
10X249-4,,,
10X249-8,,,
10X381-7,,,
NW_TX0111-7,,,
NW_TX0111-6,,,
NW_TX0111-5,,,
NW_TX0111-4,,,
NW_TX0111-3,,,
NW_TX0111-2,,,
NW_TX0111-1,,,
NW_TX0111-9,,,
NW_TX0111-8,,,
10X241-8,,,
10X241-3,,,
10X241-2,,,
10X241-1,,,
10X241-7,,,
10X241-6,,,
10X241-5,,,
10X241-4,,,
SM-K6L23-2,,,
SM-K6L23-3,,,
SM-K6L23-1,,,
NW_TX0137-9,,,
NW_TX0137-8,,,
NW_TX0137-7,,,
NW_TX0137-6,,,
NW_TX0137-5,,,
NW_TX0137-4,,,
NW_TX0137-3,,,
NW_TX0137-2,,,
NW_TX0137-1,,,
NW_AT1510-6,,,
NW_AT1510-7,,,
NW_AT1510-4,,,
NW_AT1510-5,,,
NW_AT1510-2,,,
NW_AT1510-3,,,
NW_AT1510-1,,,
NW_AT1510-8,,,
NW_AT1510-9,,,
NW_TX0037-8,,,
NW_TX0037-9,,,
NW_TX0037-2,,,
NW_TX0037-3,,,
NW_TX0037-1,,,
NW_TX0037-6,,,
NW_TX0037-7,,,
NW_TX0037-4,,,
NW_TX0037-5,,,
NW_TX4006-6,,,
NW_TX4006-4,,,
NW_TX4006-5,,,
NW_TX4006-2,,,
NW_TX4006-3,,,
NW_TX4006-1,,,
NY-TX14023-5,,,
NY-TX14023-4,,,
NY-TX14023-3,,,
NY-TX14023-2,,,
NY-TX14023-1,,,
NW_TX1062-7,,,
NW_TX1062-6,,,
NW_TX1062-5,,,
NW_TX1062-4,,,
NW_TX1062-3,,,
NW_TX1062-2,,,
NW_TX1062-1,,,
NW_TX1062-8,,,
NW_TX0114-6,,,
NW_TX0114-7,,,
NW_TX0114-4,,,
NW_TX0114-5,,,
NW_TX0114-2,,,
NW_TX0114-3,,,
NW_TX0114-1,,,
NW_TX0114-8,,,
NW_TX0114-9,,,
SM-K6L26-7,,,
SM-K6L26-6,,,
SM-K6L26-5,,,
SM-K6L26-4,,,
SM-K6L26-3,,,
SM-K6L26-2,,,
SM-K6L26-1,,,
SQ_AT0610-9,,,
SQ_AT0610-8,,,
NW_TX0009-20,,,
NW_TX0009-21,,,
NW_TX0009-22,,,
SQ_AT0060-8,,,
NW_TX0182-9,,,
NW_TX0182-8,,,
NW_TX0182-3,,,
NW_TX0182-2,,,
NW_TX0182-1,,,
NW_TX0182-7,,,
NW_TX0182-6,,,
NW_TX0182-5,,,
NW_TX0182-4,,,
SQ_AT0019-8,,,
NY-TX14043-4,,,
NY-TX14043-1,,,
SQ_AT0019-7,,,
NY-TX14043-3,,,
NY-TX14043-2,,,
NW_TX4045-5,,,
NW_TX4045-6,,,
SQ_AT0039-1,,,
NY-TX14008-2,,,
NY-TX14008-3,,,
NY-TX14008-1,,,
NY-TX14008-6,,,
NY-TX14008-4,,,
NY-TX14008-5,,,
SQ_AT0039-3,,,
SM-D9E43-7,,,
SM-D9E43-6,,,
SM-D9E43-5,,,
SM-D9E43-4,,,
SM-D9E43-2,,,
SM-D9E43-1,,,
SQ_AT0614-4,,,
NW_AT1507-10,,,
NW_TX0083-11,,,
NW_TX0083-10,,,
10X376-6,,,
10X376-7,,,
NW_TX0061-10,,,
NW-TX4106-6,,,
NW_TX0064-6,,,
NW_AT1506-9,,,
NW_AT1506-8,,,
NW_AT1506-3,,,
NW_AT1506-2,,,
NW_AT1506-1,,,
NW_AT1506-7,,,
NW_AT1506-6,,,
NW_AT1506-5,,,
NW_AT1506-4,,,
SQ_AT0620-4,,,
SQ_AT0578-7,,,
SQ_AT0578-1,,,
SQ_AT0578-2,,,
SQ_AT0620-5,,,
SQ_AT0578-8,,,
SQ_AT0620-6,,,
NW_TX0006-2,,,
NW_TX0006-3,,,
NW_TX0006-1,,,
NW_TX0006-6,,,
NW_TX0006-7,,,
NW_TX0006-4,,,
NW_TX0006-5,,,
NW_TX0006-8,,,
NW_TX0006-9,,,
NW-TX4079-2,,,
NW-TX4079-3,,,
NW-TX4079-1,,,
NW_TX0105-8,,,
NW_TX0105-9,,,
NW-TX4079-4,,,
NW_TX0105-4,,,
NW_TX0105-5,,,
NW_TX0105-6,,,
NW_TX0105-7,,,
NW_TX0105-1,,,
NW_TX0105-2,,,
NW_TX0105-3,,,
10X248-8,,,
SQ_AT0058-2,,,
SQ_AT0058-1,,,
NW_TX0147-8,,,
NW_TX0147-9,,,
NW_TX0147-6,,,
NW_TX0147-7,,,
NW_TX0147-4,,,
NW_TX0147-5,,,
NW_TX0147-2,,,
NW_TX0147-3,,,
NW_TX0147-1,,,
SQ_MX2023-6,,,
10X240-6,,,
10X240-4,,,
10X240-2,,,
SQ_AT0025-5,,,
10X240-3,,,
SQ_AT0034-1,,,
SQ_AT0034-2,,,
NW_TX4059-4,,,
NW_TX4059-2,,,
NW_TX4059-3,,,
NW_TX4059-1,,,
SQ_AT0025-2,,,
10X191-3,,,
10X191-2,,,
10X191-1,,,
10X191-7,,,
10X191-6,,,
10X191-5,,,
10X191-4,,,
10X191-8,,,
SQ_AT0040-10,,,
SQ_AT0040-11,,,
10X354-6,,,
NW_TX0152-8,,,
NW_TX0152-9,,,
NW_TX0152-1,,,
NW_TX0152-2,,,
NW_TX0152-3,,,
NW_TX0152-4,,,
NW_TX0152-5,,,
NW_TX0152-6,,,
NW_TX0152-7,,,
SQ_AT0052-5,,,
10X194-8,,,
SQ_AT0052-4,,,
10X194-2,,,
10X194-1,,,
10X194-6,,,
10X194-7,,,
10X194-4,,,
10X194-5,,,
NW_TX0198-8,,,
SQ_AT0052-6,,,
NW_TX0198-2,,,
NW_TX0198-3,,,
NW_TX0198-1,,,
NW_TX0198-6,,,
NW_TX0198-7,,,
NW_TX0198-4,,,
NW_TX0198-5,,,
10X357-7,,,
10X357-6,,,
10X357-5,,,
10X357-4,,,
10X357-2,,,
10X357-1,,,
10X357-8,,,
10X384-3,,,
10X384-2,,,
10X384-1,,,
SQ_AT0564-14,,,
10X384-7,,,
10X384-6,,,
10X384-5,,,
10X384-4,,,
NW_TX0036-7,,,
NW_TX0036-6,,,
NW_TX0036-5,,,
NW_TX0036-4,,,
NW_TX0036-3,,,
NW_TX0036-2,,,
NW_TX0036-1,,,
NW_TX0036-9,,,
NW_TX0036-8,,,
NW_TX0172-8,,,
NW_TX0172-9,,,
SQ_AT0578-5,,,
SQ_AT0561-6,,,
SQ_AT0561-4,,,
SQ_AT0561-5,,,
10X360-8,,,
NW_TX0014-9,,,
NW_TX0014-8,,,
10X360-1,,,
NW_TX0014-6,,,
NW_TX0014-5,,,
NW_TX0014-4,,,
NW_TX0014-3,,,
NW_TX0014-2,,,
NW_TX0014-1,,,
10X360-6,,,
NW_TX4007-3,,,
NW_TX0134-5,,,
NW_TX0115-1,,,
NW_TX0134-7,,,
NW_TX0115-7,,,
NW_TX0115-6,,,
NW_TX0134-2,,,
NW_TX0115-4,,,
NW_TX0115-9,,,
NW_TX0115-8,,,
NW_TX0134-8,,,
NW_TX0134-9,,,
SQ_AT0629-9,,,
NY-TX14042-1,,,
NY-TX14042-2,,,
NY-TX14042-3,,,
NY-TX14042-4,,,
NW_TX1069-4,,,
NW_TX1069-5,,,
NW_TX1069-6,,,
NW_TX1069-7,,,
NW_TX0088-4,,,
NW_TX0088-5,,,
NW_TX1069-2,,,
NW_TX1069-3,,,
NW_TX0088-8,,,
NW_TX0088-9,,,
NW_TX1069-8,,,
NW_TX1069-9,,,
NW_TX0033-6,,,
NW_TX0033-7,,,
NW_TX0033-3,,,
NW_TX0033-8,,,
NW_TX0080-8,,,
NW_TX0080-9,,,
NW_TX0080-1,,,
NW_TX0080-2,,,
NW_TX0080-3,,,
NW_TX0080-4,,,
NW_TX0080-5,,,
NW_TX0080-6,,,
NW_TX0080-7,,,
NW_TX0013-12,,,
NW_TX0013-13,,,
NW_TX0013-10,,,
NW_TX0013-11,,,
NW_TX0013-14,,,
NW_TX4022-1,,,
NW_TX4022-2,,,
NW_TX4022-3,,,
NW_TX4022-4,,,
NW_TX4022-5,,,
NW_TX4022-6,,,
NW_TX4022-7,,,
NW_TX0150-6,,,
NW_TX0150-7,,,
NW_TX0150-4,,,
NW_TX0150-5,,,
NW_TX0150-2,,,
NW_TX0150-3,,,
NW_TX0150-1,,,
NW_TX0150-8,,,
NW_TX0150-9,,,
NW_TX0002-10,,,
NW_TX0002-11,,,
NW_TX0002-12,,,
NW_TX0002-13,,,
NW_TX0002-14,,,
NW_TX0002-15,,,
NW_TX0002-16,,,
NW_TX0002-17,,,
NW_TX0002-18,,,
NW_TX0002-19,,,
SQ_AT0562-7,,,
NW_TX4007-2,,,
NW_TX4007-1,,,
NW_TX4007-7,,,
NW_TX4007-6,,,
NW_TX4007-5,,,
NW_TX4007-4,,,
NW_TX0139-9,,,
NW_TX0139-8,,,
NW-AT0710-2,,,
NW-AT0710-3,,,
NW-AT0710-8,,,
NW-AT0710-9,,,
NY-AT16077-2,,,
NY-AT16077-3,,,
NY-AT16077-7,,,
NY-AT16077-8,,,
NW_TX0139-5,,,
NW_TX0139-4,,,
NW_TX0139-7,,,
NW_TX0139-6,,,
NW_TX0139-1,,,
NW_TX0139-3,,,
NW_TX0139-2,,,
NW_TX0115-3,,,
10X135-1,,,
10X135-3,,,
10X135-2,,,
10X135-4,,,
SQ_AT0046-1,,,
SQ_AT0571-10,,,
SM-G9JI2-9,,,
SM-G9JI2-8,,,
SM-G9JI2-5,,,
SM-G9JI2-4,,,
SM-G9JI2-7,,,
SM-G9JI2-6,,,
SM-G9JI2-1,,,
SQ_AT0056-10,,,
SM-G9JI2-3,,,
SM-G9JI2-2,,,
NW-TX4075-7,,,
NW_TX4041-1,,,
NW_TX0045-9,,,
NW_TX0045-8,,,
NW_TX0045-5,,,
NW_TX0045-4,,,
NW_TX0045-7,,,
NW_TX0045-6,,,
NW_TX0045-1,,,
NW_TX0045-3,,,
NW_TX0045-2,,,
NW_TX0048-4,,,
NW_TX0048-5,,,
NW_TX0048-6,,,
NW_TX0048-7,,,
NW_TX0048-1,,,
NW_TX0048-2,,,
NW_TX0048-3,,,
NW_TX0048-8,,,
NW_TX0048-9,,,
NW_TX4049-5,,,
NW_TX4049-1,,,
SQ_AT0590-2,,,
SQ_AT0590-1,,,
SQ_AT0590-6,,,
SQ_AT0590-7,,,
SQ_AT0590-9,,,
NW_TX0034-10,,,
SM-HH8FO-13,,,
SM-HH8FO-12,,,
SM-HH8FO-11,,,
SM-HH8FO-10,,,
10X120-3,,,
10X120-4,,,
10X174-1,,,
10X174-2,,,
10X265-1,,,
10X265-2,,,
10X265-3,,,
10X265-4,,,
10X265-5,,,
10X265-6,,,
10X265-7,,,
10X265-8,,,
10X348-1,,,
10X348-2,,,
10X348-3,,,
10X348-4,,,
10X348-5,,,
10X348-6,,,
10X348-7,,,
10X348-8,,,
10X386-2,,,
10X386-3,,,
10X386-4,,,
10X386-5,,,
10X386-6,,,
10X386-7,,,
10X386-8,,,
10X387-2,,,
10X387-3,,,
10X387-4,,,
10X387-5,,,
10X387-6,,,
10X387-7,,,
10X388-2,,,
10X388-3,,,
10X388-4,,,
10X388-5,,,
10X388-6,,,
SQ_AT0610-11,,,
SQ_AT0610-10,,,
10X193-7,,,
10X193-6,,,
10X193-1,,,
10X193-3,,,
10X193-2,,,
NW_TX0146-9,,,
NW_TX0146-8,,,
NW_TX0146-3,,,
NW_TX0146-2,,,
NW_TX0146-1,,,
NW_TX0146-7,,,
NW_TX0146-6,,,
NW_TX0146-5,,,
NW_TX0146-4,,,
10X174-3,,,
10X174-4,,,
10X174-5,,,
10X174-6,,,
10X174-7,,,
10X174-8,,,
NW-TX34009-1,,,
NW-TX34009-10,,,
NW-TX34009-11,,,
NW-TX34009-12,,,
NW-TX34009-2,,,
NW-TX34009-3,,,
NW-TX34009-4,,,
NW-TX34009-5,,,
NW-TX34009-6,,,
NW-TX34009-7,,,
NW-TX34009-8,,,
NW-TX34009-9,,,
NW-TX34010-1,,,
NW-TX34010-10,,,
NW-TX34010-11,,,
NW-TX34010-12,,,
NW-TX34010-2,,,
NW-TX34010-3,,,
NW-TX34010-4,,,
NW-TX34010-5,,,
NW-TX34010-6,,,
NW-TX34010-7,,,
NW-TX34010-8,,,
NW-TX34010-9,,,
NY-TX24017-1,,,
NY-TX24017-10,,,
NY-TX24017-11,,,
NY-TX24017-12,,,
NY-TX24017-2,,,
NY-TX24017-3,,,
NY-TX24017-4,,,
NY-TX24017-5,,,
NY-TX24017-6,,,
NW_TX4049-3,,,
NW-TX4080-2,,,
NW-TX4080-3,,,
NW-TX4080-1,,,
NW-TX4080-4,,,
SQ_AT0614-11,,,
SQ_AT0614-13,,,
SQ_AT0614-12,,,
10X229-1,,,
10X229-3,,,
10X229-2,,,
10X229-5,,,
10X229-4,,,
10X229-7,,,
10X229-6,,,
10X229-8,,,
NW_TX0002-8,,,
NW_TX0002-9,,,
NW_TX0002-6,,,
NW_TX0002-7,,,
NW_TX0002-4,,,
NW_TX0002-5,,,
NW_TX0002-2,,,
NW_TX0002-3,,,
NW_TX0002-1,,,
NY-TX14034-3,,,
NY-TX14034-2,,,
NY-TX14034-1,,,
NY-TX14034-4,,,
NW_TX0074-5,,,
NW_TX4058-3,,,
NW_TX4058-2,,,
NW_TX4058-1,,,
NW_TX4058-6,,,
NW_TX4058-5,,,
NW_TX4058-4,,,
NW_TX0074-7,,,
NW_TX0202-1,,,
NW_TX0202-2,,,
NW_TX0202-3,,,
NW_TX0202-4,,,
NW_TX0202-5,,,
NW_TX0202-6,,,
NW_TX0202-7,,,
NW_TX0202-8,,,
NW_TX0202-9,,,
SQ_AT0029-12,,,
NW_TX0191-9,,,
NW_TX0191-8,,,
NW_TX0191-7,,,
NW_TX0191-6,,,
NW_TX0191-5,,,
NW_TX0191-4,,,
NW_TX0191-3,,,
NW_TX0191-2,,,
NW_TX0191-1,,,
NW_TX0199-7,,,
NW_TX0199-6,,,
NW_TX0199-5,,,
NW_TX0199-4,,,
NW_TX0199-3,,,
NW_TX0199-2,,,
NW_TX0199-1,,,
NW_TX0199-9,,,
NW_TX0199-8,,,
NW_TX0173-7,,,
NW_TX0173-6,,,
NW_TX0173-5,,,
NW_TX0173-4,,,
NW_TX0173-3,,,
NW_TX0173-2,,,
NW_TX0173-1,,,
NW_TX0173-9,,,
NW_TX0173-8,,,
10X240-1,,,
SM-G9JI1-10,,,
SM-G9JI1-11,,,
SM-G9JI1-12,,,
NW_TX0042-10,,,
NW_TX0042-11,,,
NW_TX0042-12,,,
NW_TX0076-10,,,
10X361-4,,,
10X361-5,,,
10X361-6,,,
10X361-7,,,
10X361-1,,,
10X361-2,,,
10X361-3,,,
NW_TX0051-2,,,
NW_TX0051-3,,,
NW_TX0051-1,,,
NW_TX0051-6,,,
NW_TX0051-7,,,
NW_TX0051-4,,,
NW_TX0051-5,,,
SQ_AT0629-3,,,
SQ_AT0629-5,,,
SQ_AT0629-4,,,
SQ_AT0629-6,,,
NY-MX12071-5,,,
NW_TX0071-10,,,
NW_TX0071-11,,,
NW_TX0151-1,,,
NW_TX0151-7,,,
NW_TX0151-6,,,
NW_TX0151-5,,,
NW_TX0151-4,,,
NW_TX0032-3,,,
NW_TX0032-2,,,
NW_TX0032-1,,,
NW_TX0032-7,,,
NW_TX0032-6,,,
NW_TX0017-2,,,
NW_TX0017-3,,,
SQ_AT0621-6,,,
NW_TX0032-9,,,
NW_TX0032-8,,,
NW_TX0017-8,,,
NW_TX0017-9,,,
NW_TX0072-10,,,
SQ_AT0028-6,,,
NW_TX0116-8,,,
NW_TX0116-9,,,
NW_TX0116-1,,,
NW_TX0116-2,,,
NW_TX0116-3,,,
NW_TX0116-4,,,
NW_TX0116-5,,,
NW_TX0116-6,,,
NW_TX0116-7,,,
SQ_AT0028-4,,,
SM-K6L24-9,,,
SM-K6L24-8,,,
SM-K6L24-1,,,
SM-K6L24-3,,,
SM-K6L24-2,,,
SM-K6L24-5,,,
SM-K6L24-4,,,
SM-K6L24-7,,,
SM-K6L24-6,,,
SQ_AT0028-5,,,
NW_TX0130-1,,,
NW_TX0130-2,,,
NW_TX0130-3,,,
NW_TX0130-4,,,
NW_TX0130-5,,,
NW_TX0130-6,,,
NW_TX0130-7,,,
NW_TX0130-8,,,
NW_TX0130-9,,,
NW_TX4003-7,,,
NW_TX4003-6,,,
NW_TX4003-5,,,
NW_TX4003-4,,,
NW_TX4003-3,,,
NW_TX4003-2,,,
NW_TX4003-1,,,
NW_TX4003-8,,,
NW_TX0186-5,,,
NW_TX1065-8,,,
NW_TX1065-1,,,
NW_TX1065-2,,,
NW_TX1065-3,,,
NW_TX1065-4,,,
NW_TX1065-5,,,
NW_TX1065-6,,,
NW_TX1065-7,,,
NW_TX0067-10,,,
NY-AT0653-9,,,
NY-AT0653-8,,,
NY-AT0653-5,,,
NY-AT0653-4,,,
NY-AT0653-7,,,
NY-AT0653-6,,,
NY-AT0653-1,,,
NY-AT0653-3,,,
NY-AT0653-2,,,
SQ_AT0047-6,,,
SQ_AT0047-5,,,
SQ_AT0047-4,,,
SQ_AT0047-3,,,
SQ_AT0047-1,,,
SQ_AT0574-10,,,
10X329-8,,,
10X329-1,,,
10X329-2,,,
10X329-3,,,
10X329-4,,,
10X329-5,,,
10X329-6,,,
10X329-7,,,
NW_TX0041-22,,,
NY-TX14003-3,,,
NY-TX14003-2,,,
NY-TX14003-5,,,
NY-TX14003-4,,,
NW_TX0030-8,,,
SQ_AT007-2,,,
SQ_AT007-1,,,
NW_MX4002-1,,,
NW_MX4002-3,,,
NW_MX4002-2,,,
NW_MX4002-5,,,
NW_MX4002-7,,,
NW_MX4002-6,,,
NW_TX0163-8,,,
NW_TX0163-9,,,
NW_TX0163-4,,,
NW_TX0163-5,,,
NW_TX0163-6,,,
NW_TX0163-7,,,
NW_TX0163-1,,,
NW_TX0163-2,,,
NW_TX0163-3,,,
SM-HFQDC-6,,,
10X375-8,,,
10X375-7,,,
10X375-6,,,
10X375-5,,,
10X375-4,,,
10X375-3,,,
10X375-2,,,
10X375-1,,,
NW-TX4084-8,,,
NW-TX4084-4,,,
NW-TX4084-5,,,
NW-TX4084-2,,,
NW-TX4084-3,,,
NW-TX4084-1,,,
SM-K6L23-5,,,
NW_TX0003-9,,,
NW_TX0003-8,,,
NW_TX0003-3,,,
NW_TX0003-2,,,
NW_TX0003-1,,,
NW_TX0003-7,,,
NW_TX0003-6,,,
NW_TX0003-5,,,
NW_TX0003-4,,,
SM-K6L25-9,,,
NW_TX0009-9,,,
NW_TX0009-8,,,
SQ_AT0030-10,,,
NY-MX2140-1,,,
SQ_AT0030-12,,,
NW_TX0009-7,,,
NW_TX0009-6,,,
NW_TX0148-1,,,
NW_TX0004-4,,,
NW_TX0148-3,,,
NW_TX0148-2,,,
NW_TX0148-5,,,
NW_TX0148-4,,,
NW_TX0148-7,,,
NW_TX0148-6,,,
NW_TX0148-9,,,
NW_TX0148-8,,,
NW_TX0004-6,,,
SM-HH8FP-12,,,
SM-HH8FP-10,,,
SM-HH8FP-11,,,
NW_TX0004-1,,,
NW_AT1509-8,,,
NW_AT1509-9,,,
NW_AT1509-4,,,
NW_AT1509-5,,,
NW_AT1509-6,,,
NW_AT1509-7,,,
NW_AT1509-1,,,
NW_AT1509-2,,,
NW_AT1509-3,,,
NW_TX0169-2,,,
NW_TX0169-3,,,
NW_TX0169-1,,,
NW_TX0169-6,,,
NW_TX0169-7,,,
NW_TX0169-4,,,
NW_TX0169-5,,,
NW_TX0169-8,,,
NW_TX0050-10,,,
NW_TX0028-2,,,
NW_TX0028-3,,,
NW_TX0028-1,,,
NW_TX0028-4,,,
NW_TX0028-8,,,
SQ_AT0580-2,,,
NW_TX4013-4,,,
NW_TX4013-1,,,
NW_TX4013-2,,,
NW_TX4013-3,,,
SM-HPZA3-6,,,
SQ_AT0575-8,,,
SQ_AT0575-4,,,
SQ_AT0575-3,,,
SQ_AT0575-2,,,
NY-TX14028-2,,,
SM-K6L23-8,,,
SQ_AT0566-11,,,
SM-K6L23-9,,,
NW_TX0122-10,,,
SQ_AT0050-3,,,
SM-HINLH-12,,,
NW_TX4055-2,,,
NW_TX4055-3,,,
NW_TX4054-7,,,
NW_TX4054-6,,,
NW_TX4054-5,,,
NW_TX4054-4,,,
NW_TX4054-3,,,
NW_TX4054-2,,,
NW_TX4054-1,,,
NW_TX0192-4,,,
NW_TX0192-5,,,
NW_TX0192-6,,,
NW_TX4055-1,,,
NW_TX0192-1,,,
NW_TX0192-2,,,
NW_TX0192-3,,,
NW_TX0192-8,,,
NW_TX0192-9,,,
NW_TX0050-7,,,
NW_TX0050-6,,,
NW_TX0050-5,,,
NW_TX0050-4,,,
NW_TX0050-3,,,
NW_TX0050-2,,,
NW_TX0050-1,,,
NW_TX0050-9,,,
NW_TX0050-8,,,
NW_AT1505-10,,,
NW_TX1056-6,,,
NW_TX1056-4,,,
NW_TX0096-1,,,
NW_TX0096-3,,,
NW_TX1056-5,,,
NW_TX0096-5,,,
NW_TX0096-4,,,
NW_TX0096-7,,,
NW_TX0096-6,,,
NW_TX0096-9,,,
NW_TX1056-2,,,
NW_TX1056-3,,,
NW_TX1056-1,,,
NW_TX0206-4,,,
NW_TX0206-5,,,
NW_TX0206-6,,,
NW_TX0206-7,,,
NW_TX0206-1,,,
NW_TX0206-2,,,
NW_TX0206-3,,,
NW_TX0206-8,,,
SQ_AT0585-4,,,
SQ_AT0585-1,,,
SQ_AT0585-2,,,
SQ_AT0585-3,,,
NW_TX4010-2,,,
NW_TX4010-1,,,
NY-TX14033-4,,,
SQ_AT0029-1,,,
NY-TX14033-1,,,
NY-TX14033-2,,,
NY-TX14033-3,,,
SQ_AT0029-8,,,
NW_TX0022-8,,,
NW_TX0022-1,,,
NW_TX0168-9,,,
NW_TX0054-13,,,
NW_TX0054-12,,,
NW_TX0054-11,,,
NW_TX0054-10,,,
NW_TX0015-10,,,
NW_TX0015-11,,,
10X393-2,,,
NW_TX0039-1,,,
NW_TX0039-2,,,
NW_TX0039-3,,,
NW_TX0039-4,,,
NW_TX0039-5,,,
NW_TX0039-6,,,
NW_TX0039-7,,,
NW_TX0039-8,,,
NW_TX0039-9,,,
NW_TX0049-11,,,
NW_TX0049-10,,,
10X236-1,,,
10X236-2,,,
NW_TX0031-8,,,
NW_TX0031-9,,,
NW_TX0031-1,,,
NW_TX0031-2,,,
NW_TX0031-3,,,
NW_TX0031-4,,,
NW_TX0031-5,,,
NW_TX0031-6,,,
NW_TX0031-7,,,
NW_TX0013-1,,,
NW_TX0013-2,,,
NW_TX0013-3,,,
NW_TX0013-4,,,
NW_TX0013-5,,,
NW_TX0013-6,,,
NW_TX0013-7,,,
NW_TX0013-8,,,
NW_TX0013-9,,,
10X381-8,,,
10X381-2,,,
10X381-3,,,
10X381-1,,,
10X381-6,,,
10X381-4,,,
10X381-5,,,
NW_TX4008-4,,,
NW_TX4008-5,,,
NW_TX4008-1,,,
NW_TX4008-2,,,
NW_TX4008-3,,,
SQ_AT015-13,,,
NY-TX14045-5,,,
NY-TX14045-4,,,
NY-TX14045-3,,,
NY-TX14045-2,,,
NY-TX14045-1,,,
NW_TX0161-10,,,
NW_TX1067-8,,,
NW_TX0062-10,,,
NW_TX0089-10,,,
SQ_AT014-11,,,
10X248-6,,,
10X248-7,,,
10X248-4,,,
10X248-5,,,
10X248-1,,,
10X240-8,,,
10X240-5,,,
NY-MX12064-9,,,
NW_TX0041-23,,,
SQ_AT0561-3,,,
SQ_AT0561-1,,,
10X391-1,,,
NW_TX1070-8,,,
NW_TX1070-9,,,
NW_TX1070-6,,,
NW_TX1070-7,,,
NW_TX1070-4,,,
NW_TX1070-5,,,
NW_TX1070-2,,,
NW_TX1070-3,,,
NW_TX1070-1,,,
10X391-2,,,
10X391-5,,,
10X391-4,,,
10X391-6,,,
SQ_AT0054-12,,,
10X357-3,,,
SQ_AT0621-3,,,
SQ_AT0621-4,,,
SQ_AT0621-7,,,
NY-TX14005-1,,,
NW_TX0066-8,,,
NW_TX0066-9,,,
NW_TX0066-4,,,
NW_TX0066-6,,,
NW_TX0066-7,,,
NW_TX0066-1,,,
NW_TX0066-2,,,
NW_TX0066-3,,,
NW_TX4042-8,,,
NW_TX4042-6,,,
NW_TX4042-7,,,
NW-TX4104-9,,,
SQ_AT0040-5,,,
NW-TX4085-3,,,
NW-TX4085-2,,,
NW-TX4085-1,,,
NW-TX4085-5,,,
NW-TX4085-4,,,
NY-TX14007-4,,,
NY-TX14007-1,,,
NY-TX14007-3,,,
NY-TX14007-2,,,
SQ_AT0619-5,,,
SQ_AT0619-1,,,
10X264-8,,,
10X264-4,,,
10X264-5,,,
10X264-6,,,
10X264-7,,,
10X264-1,,,
10X264-2,,,
10X264-3,,,
SQ_AT0029-3,,,
10X391-3,,,
NW_TX0108-10,,,
SQ_AT0564-11,,,
SQ_AT0564-10,,,
SM-K6L25-5,,,
SM-K6L25-6,,,
SQ_AT0620-11,,,
SM-D9E45-9,,,
10X269-5,,,
10X269-4,,,
10X269-7,,,
10X269-6,,,
10X269-1,,,
10X269-3,,,
10X269-2,,,
10X269-8,,,
NW_TX0099-10,,,
NY-MX22012-17,2024-10-27 14:35:26.969-07,2024-10-29 15:35:32.721125-07,2024-10-31 11:16:36.167215-07
NY-MX22012-18,2024-10-27 14:35:26.969-07,2024-10-29 15:38:40.51247-07,2024-10-31 11:15:26.699297-07
NY-MX22012-19,2024-10-27 14:35:26.969-07,2024-10-29 15:41:47.981367-07,2024-10-31 11:14:17.223871-07
NY-MX22012-2,2024-10-27 14:35:26.969-07,2024-10-29 15:44:55.612596-07,2024-10-31 11:13:08.14614-07
NY-MX22012-20,2024-10-27 14:35:26.969-07,2024-10-29 15:48:13.353098-07,2024-10-31 11:11:58.843935-07
NY-MX22012-21,2024-10-27 14:35:26.969-07,2024-10-29 15:51:20.917653-07,2024-10-31 11:10:49.441764-07
NY-MX22012-3,2024-10-27 14:35:26.969-07,2024-10-29 15:54:29.236334-07,2024-10-31 11:09:39.414324-07
NY-MX22012-4,2024-10-27 14:35:26.969-07,2024-10-29 15:57:37.440061-07,2024-10-31 11:08:30.052775-07
NY-MX22012-5,2024-10-27 14:35:26.969-07,2024-10-29 16:00:45.24309-07,2024-10-31 11:07:20.835642-07
NY-MX22012-6,2024-10-27 14:35:26.969-07,2024-10-29 16:03:53.020825-07,2024-10-31 11:06:11.664497-07
NY-MX22012-7,2024-10-27 14:35:26.969-07,2024-10-29 16:07:01.644144-07,2024-10-31 11:05:02.567184-07
NY-MX22012-8,2024-10-27 14:35:26.969-07,2024-10-29 16:10:09.292103-07,2024-10-31 11:03:52.573046-07
NY-MX22012-9,2024-10-27 14:35:26.969-07,2024-10-29 16:13:16.983797-07,2024-10-31 11:02:42.182532-07
SQ_MX2034-4,2024-01-11 21:26:00.406-08,2024-11-24 06:51:50.463604-08,2025-01-08 01:54:43.587358-08
SQ_MX2034-5,2024-01-11 21:26:00.406-08,2024-01-17 13:50:23.426955-08,2025-01-08 03:30:01.196398-08
SQ_MX2034-6,2024-01-11 21:26:00.406-08,2024-01-17 13:50:36.498713-08,2025-01-08 03:32:11.566334-08
SQ_MX2034-7,2024-01-11 21:26:00.406-08,2024-01-17 13:50:50.350266-08,2025-01-08 03:34:22.45214-08
SQ_MX2034-8,2024-01-11 21:26:00.406-08,2024-01-17 13:51:07.320157-08,2025-01-08 03:36:32.237193-08
SQ_MX2034-9,2024-01-11 21:26:00.406-08,2024-01-17 13:51:22.504182-08,2025-01-08 03:38:42.334324-08
NW_TX0028-10,2025-02-13 21:07:27.019-08,2025-02-14 09:23:31.404616-08,2025-02-14 14:05:52.530945-08
NW_TX0028-11,2025-02-13 21:07:27.019-08,2025-02-14 09:23:59.675144-08,2025-02-17 10:24:02.770289-08
NW_TX0028-5,2025-02-13 21:07:27.019-08,2025-02-17 10:22:46.931035-08,2025-02-18 09:42:09.068223-08
NW_TX0028-6,2025-02-13 21:07:27.019-08,2025-02-14 09:24:25.409434-08,2025-02-14 14:04:25.561489-08
NW_TX0028-7,2025-02-13 21:07:27.019-08,2025-02-14 09:24:47.874128-08,2025-02-17 10:24:16.632529-08
NW_TX0028-9,2025-02-13 21:07:27.019-08,2025-02-14 09:25:03.924417-08,2025-02-14 14:04:12.867657-08
NW_TX0066-5,2025-02-13 22:20:28.857-08,2025-02-14 09:25:24.995715-08,2025-02-18 12:04:23.626586-08
SQ_MX2035-1,2024-02-15 04:37:06.611-08,2025-01-14 00:30:49.760639-08,2025-01-08 03:40:51.940885-08
SQ_MX2035-10,2024-02-15 04:37:06.611-08,2024-12-11 13:14:29.429311-08,2025-01-07 19:13:08.826049-08
SQ_MX2035-2,2024-02-15 04:37:06.611-08,2024-12-24 01:36:08.43702-08,2025-01-07 19:02:07.310258-08
SQ_MX2035-3,2024-02-15 04:37:06.611-08,2024-12-11 13:01:49.743647-08,2025-01-07 19:04:20.131968-08
SQ_MX2035-4,2024-02-15 04:37:06.611-08,2024-12-24 01:41:17.857706-08,2025-01-07 19:06:32.264454-08
SQ_MX2035-5,2024-02-15 04:37:06.611-08,2024-12-11 13:08:10.36051-08,2025-01-07 19:08:43.584555-08
SQ_MX2035-6,2024-02-15 04:37:06.611-08,2025-01-14 00:33:01.432484-08,2025-01-08 03:43:01.503559-08
SQ_MX2035-7,2024-02-15 04:37:06.611-08,2025-01-14 00:35:12.099898-08,2025-01-08 03:45:11.925558-08
SQ_MX2035-8,2024-02-15 04:37:06.611-08,2025-01-14 00:52:36.958754-08,2025-01-08 04:32:50.527157-08
SQ_MX2035-9,2024-02-15 04:37:06.611-08,2024-12-11 13:11:19.981653-08,2025-01-07 19:10:56.753976-08
SQ_MX2036-1,2024-02-15 04:38:02.447-08,2024-11-24 07:13:55.348977-08,2025-01-08 02:09:56.688202-08
SQ_MX2036-10,2024-02-15 04:38:02.447-08,2024-12-11 13:23:58.273526-08,2025-01-07 19:19:43.68748-08
SQ_MX2036-2,2024-02-15 04:38:02.447-08,2024-02-15 15:11:08.106589-08,2025-01-08 04:34:59.962578-08
SQ_MX2036-3,2024-02-15 04:38:02.447-08,2024-02-15 15:11:32.446254-08,2025-01-08 04:37:09.404584-08
SQ_MX2036-4,2024-02-15 04:38:02.447-08,2024-02-15 15:11:53.051938-08,2025-01-08 04:39:19.405807-08
SQ_MX2036-5,2024-02-15 04:38:02.447-08,2024-02-15 15:12:10.236737-08,2025-01-08 04:41:29.042173-08
SQ_MX2036-6,2024-02-15 04:38:02.447-08,2024-02-20 10:25:36.025678-08,2025-01-08 04:43:39.111129-08
SQ_MX2036-7,2024-02-15 04:38:02.447-08,2024-11-10 01:37:22.328252-08,2025-01-08 00:36:30.533497-08
SQ_MX2036-8,2024-02-15 04:38:02.447-08,2024-12-11 13:17:39.107172-08,2025-01-07 19:15:20.450203-08
SQ_MX2036-9,2024-02-15 04:38:02.447-08,2024-12-11 13:20:48.874661-08,2025-01-07 19:17:32.570277-08
SQ_MX2037-1,2024-02-23 07:56:18.939-08,2024-11-10 01:40:29.732194-08,2025-01-08 00:38:42.334824-08
SQ_MX2037-2,2024-02-23 07:56:18.939-08,2024-11-10 01:43:37.870183-08,2024-12-11 11:30:12.808096-08
SQ_MX2037-3,2024-02-23 07:56:18.939-08,2024-11-10 01:46:47.292189-08,2025-01-08 00:40:52.772266-08
SQ_MX2042-4,2024-03-22 19:41:28.646-07,2024-12-11 14:34:19.296697-08,2025-01-07 20:07:59.713607-08
SQ_MX2042-5,2024-03-22 19:41:28.646-07,2024-12-12 09:17:31.740245-08,2025-01-07 20:10:10.052018-08
SQ_MX2042-6,2024-03-22 19:41:28.646-07,2025-02-11 05:42:47.944862-08,2025-02-17 07:53:41.150765-08
SQ_MX2042-7,2024-03-22 19:41:28.646-07,2024-12-24 01:46:27.016515-08,2025-01-07 20:12:20.41908-08
SQ_MX2042-8,2024-03-22 19:41:28.646-07,2024-12-17 05:26:38.518842-08,2025-01-07 20:14:30.714246-08
SQ_MX2042-9,2024-03-22 19:41:28.646-07,2024-12-17 05:31:55.107977-08,2025-01-07 20:16:41.585007-08
SQ_MX2043-1,2024-01-11 20:00:25.238-08,2024-11-10 02:02:25.412775-08,2024-12-11 12:59:35.896577-08
SQ_MX2043-10,2024-01-11 20:00:25.238-08,2024-11-10 02:11:47.99989-08,2025-01-08 00:56:13.531282-08
SQ_MX2043-2,2024-01-11 20:00:25.238-08,2024-12-17 10:50:22.961483-08,2025-01-07 20:25:26.380291-08
SQ_MX2043-3,2024-01-11 20:00:25.238-08,2024-12-17 10:56:07.173856-08,2025-01-07 20:27:37.596133-08
SQ_MX2043-4,2024-01-11 20:00:25.238-08,2024-12-17 06:04:31.635992-08,2025-01-07 20:29:48.889361-08
SQ_MX2043-5,2024-01-11 20:00:25.238-08,2024-12-17 11:07:42.329621-08,2025-01-07 20:32:02.72498-08
SQ_MX2043-6,2024-01-11 20:00:25.238-08,2024-12-17 11:13:28.7786-08,2025-01-07 20:34:15.857904-08
SQ_MX2043-7,2024-01-11 20:00:25.238-08,2024-01-17 13:58:10.434485-08,2025-01-08 04:17:40.295652-08
SQ_MX2043-8,2024-01-11 20:00:25.238-08,2024-01-17 13:58:23.740456-08,2025-01-08 04:19:50.309951-08
SQ_MX2043-9,2024-01-11 20:00:25.238-08,2024-11-10 02:08:40.587492-08,2025-01-08 00:54:01.912801-08
SQ_MX2044-1,2024-01-11 19:44:03.377-08,2024-12-26 01:30:56.87918-08,2025-01-08 09:43:42.899537-08
SQ_MX2044-2,2024-01-11 19:44:03.377-08,2024-12-24 04:10:49.247135-08,2025-01-08 09:45:53.456949-08
SQ_MX2044-3,2024-01-11 19:44:03.377-08,2024-01-17 13:57:32.13989-08,2025-01-08 04:13:20.673253-08
SQ_MX2044-4,2024-01-11 19:44:03.377-08,2024-01-17 13:57:48.719266-08,2025-01-08 04:15:30.111614-08
SQ_MX2044-5,2024-01-11 19:44:03.377-08,2024-11-10 02:05:32.881922-08,2025-01-08 00:51:49.421246-08
SQ_MX2044-6,2024-01-11 19:44:03.377-08,2024-12-17 10:33:07.079776-08,2025-01-07 20:18:53.238829-08
SQ_MX2044-7,2024-01-11 19:44:03.377-08,2024-12-17 10:38:51.320988-08,2025-01-07 20:21:04.337958-08
SQ_MX2044-8,2024-01-11 19:44:03.377-08,2024-12-17 10:44:37.000536-08,2025-01-07 20:23:14.993511-08
SQ_MX2044-9,2024-01-11 19:44:03.377-08,2024-11-10 02:14:55.392164-08,2025-01-08 00:58:23.357811-08
SQ_MX2045-1,2024-03-23 02:00:37.714-07,2024-12-17 11:19:16.061795-08,2025-01-07 20:36:29.956687-08
SQ_MX2045-2,2024-03-23 02:00:37.714-07,2024-12-17 11:25:01.430952-08,2025-01-07 20:38:42.131817-08
SQ_MX2045-3,2024-03-23 02:00:37.714-07,2024-12-17 11:30:37.755406-08,2025-01-07 20:40:53.357143-08
SQ_MX2045-4,2024-03-23 02:00:37.714-07,2024-12-17 11:36:20.135979-08,2025-01-07 20:43:05.09301-08
SQ_MX2045-5,2024-03-23 02:00:37.714-07,2024-12-17 11:42:03.372949-08,2025-01-07 20:45:15.773707-08
SQ_MX2045-6,2024-03-23 02:00:37.714-07,2025-02-17 07:58:47.710127-08,2025-02-18 09:48:22.000621-08
SQ_MX2045-7,2024-03-23 02:00:37.714-07,2025-02-11 06:02:02.169499-08,2025-02-17 08:03:54.835802-08
SQ_MX2045-8,2024-03-23 02:00:37.714-07,2024-11-10 02:18:03.050902-08,2025-01-08 01:00:33.6496-08
SQ_MX2045-9,2024-03-23 02:00:37.714-07,2024-11-10 02:21:10.577691-08,2025-01-08 01:02:45.231058-08
SQ_MX2046-1,2024-01-11 21:06:04.252-08,2024-12-24 04:16:02.155278-08,2025-01-08 09:48:03.470801-08
SQ_MX2046-10,2024-01-11 21:06:04.252-08,2024-12-11 10:11:11.911032-08,2025-01-07 16:52:02.679956-08
SQ_MX2046-2,2024-01-11 21:06:04.252-08,2024-12-24 04:21:14.276371-08,2025-01-08 09:50:14.086079-08
SQ_MX2046-3,2024-01-11 21:06:04.252-08,2024-11-07 11:00:57.419715-08,2025-01-07 23:45:55.974836-08
SQ_MX2046-4,2024-01-11 21:06:04.252-08,2024-11-07 11:04:09.110034-08,2025-01-07 23:48:06.511143-08
SQ_MX2046-5,2024-01-11 21:06:04.252-08,2024-01-12 12:55:11.032247-08,2025-01-08 02:57:34.274635-08
SQ_MX2046-6,2024-01-11 21:06:04.252-08,2025-02-11 02:48:42.313537-08,2025-02-17 06:26:47.266626-08
SQ_MX2046-7,2024-01-11 21:06:04.252-08,2024-12-11 10:01:44.09653-08,2024-12-24 01:11:28.172015-08
SQ_MX2067-7,2024-03-07 17:00:18.483-08,2024-12-24 02:07:05.668701-08,2025-01-08 06:03:47.70229-08
SQ_MX2067-8,2024-03-07 17:00:18.483-08,2024-11-24 02:33:57.905096-08,2024-12-09 09:20:34.243305-08
SQ_MX2067-9,2024-03-07 17:00:18.483-08,2024-11-24 02:37:06.28895-08,2024-12-09 09:21:49.699604-08
SQ_MX2078-1,2024-02-15 04:35:20.905-08,2024-11-24 04:24:32.728501-08,2025-01-07 23:17:37.709884-08
SQ_MX2078-10,2024-02-15 04:35:20.905-08,2025-01-14 00:22:04.775607-08,2025-01-08 02:59:43.770293-08
SQ_MX2078-2,2024-02-15 04:35:20.905-08,2024-11-24 04:27:42.150084-08,2025-01-07 23:19:47.744563-08
SQ_MX2078-3,2024-02-15 04:35:20.905-08,2024-02-15 15:08:17.442344-08,2025-01-08 04:21:59.654731-08
SQ_MX2078-4,2024-02-15 04:35:20.905-08,2024-02-15 15:08:32.065223-08,2025-01-08 04:24:09.883259-08
SQ_MX2078-5,2024-02-15 04:35:20.905-08,2024-11-24 04:30:51.643642-08,2025-01-07 23:21:58.06729-08
SQ_MX2078-6,2024-02-15 04:35:20.905-08,2024-11-24 04:34:01.007153-08,2025-01-07 23:24:08.336839-08
SQ_MX2078-7,2024-02-15 04:35:20.905-08,2024-11-26 10:01:40.931985-08,2025-01-07 23:26:18.418435-08
SQ_MX2078-8,2024-02-15 04:35:20.905-08,2024-02-15 15:08:51.034068-08,2025-01-08 04:26:19.927286-08
SQ_MX2078-9,2024-02-15 04:35:20.905-08,2024-02-15 15:09:05.891962-08,2025-01-08 04:28:30.023183-08
SQ_MX2079-1,2024-01-11 21:06:48.344-08,2024-12-11 11:39:40.48963-08,2025-01-07 17:52:40.065119-08
SQ_MX2079-2,2024-01-11 21:06:48.344-08,2024-12-11 11:42:50.344291-08,2025-01-07 17:54:54.128008-08
SQ_MX2079-3,2024-01-11 21:06:48.344-08,2024-12-18 15:42:29.553799-08,2025-01-08 06:40:42.253807-08
SQ_MX2079-4,2024-01-11 21:06:48.344-08,2024-12-18 15:47:40.021413-08,2025-01-08 06:42:51.793699-08
SQ_MX2087-1,2024-01-11 21:07:33.239-08,2025-02-09 15:54:53.766312-08,2025-02-16 18:47:53.223864-08
SQ_MX2087-10,2024-01-11 21:07:33.239-08,2025-02-09 17:54:40.872679-08,2025-02-16 19:23:42.777241-08
SQ_MX2087-2,2024-01-11 21:07:33.239-08,2025-02-09 15:57:00.368183-08,2025-02-16 18:52:59.603437-08
SQ_MX2087-3,2024-01-11 21:07:33.239-08,2025-02-09 16:44:06.91194-08,2025-02-16 18:58:06.053449-08
SQ_MX2087-4,2024-01-11 21:07:33.239-08,2025-02-09 16:46:13.638885-08,2025-02-16 19:03:12.257831-08
SQ_MX2087-5,2024-01-11 21:07:33.239-08,2025-02-09 17:03:19.906675-08,2025-02-16 19:08:19.024641-08
SQ_MX2087-6,2024-01-11 21:07:33.239-08,2024-01-21 10:58:31.013641-08,2025-01-08 02:38:07.15924-08
SQ_MX2087-7,2024-01-11 21:07:33.239-08,2024-01-21 10:58:45.76255-08,2025-01-08 02:40:16.601075-08
SQ_MX2087-8,2024-01-11 21:07:33.239-08,2025-02-09 17:35:26.988911-08,2025-02-16 19:13:26.615404-08
SQ_MX2087-9,2024-01-11 21:07:33.239-08,2025-02-09 17:37:33.32558-08,2025-02-16 19:18:34.391765-08
SQ_MX2088-1,2024-03-21 14:36:47.746-07,2024-11-08 11:45:27.077934-08,2025-01-08 00:03:24.845079-08
SQ_MX2088-2,2024-03-21 14:36:47.746-07,2024-11-10 00:40:57.805118-08,2025-01-08 00:05:36.40315-08
SQ_MX2088-3,2024-03-21 14:36:47.746-07,2025-02-09 17:56:47.327363-08,2025-02-16 19:28:51.222866-08
SQ_MX2088-4,2024-03-21 14:36:47.746-07,2025-02-09 17:58:53.301501-08,2025-02-16 19:33:58.601777-08
SQ_MX2088-5,2024-03-21 14:36:47.746-07,2025-02-09 18:01:00.055743-08,2025-02-16 19:39:41.471784-08
SQ_MX2088-6,2024-03-21 14:36:47.746-07,2025-02-09 18:33:07.218502-08,2025-02-16 19:44:50.697706-08
SQ_MX2088-7,2024-03-21 14:36:47.746-07,2025-02-09 19:05:17.616141-08,2025-02-16 19:50:00.096065-08
SQ_MX2088-8,2024-03-21 14:36:47.746-07,2025-02-09 19:07:23.900716-08,2025-02-16 19:55:09.770521-08
SQ_MX2090-1,2024-01-11 19:56:21.502-08,2025-02-09 20:43:41.991887-08,2025-02-16 20:36:52.518426-08
SQ_MX2090-10,2024-01-11 19:56:21.502-08,2024-02-06 10:32:29.606116-08,2025-01-08 02:51:05.912222-08
SQ_MX2090-11,2024-01-11 19:56:21.502-08,2025-02-09 20:45:50.564565-08,2025-02-16 20:42:00.703728-08
SQ_MX2090-2,2024-01-11 19:56:21.502-08,2024-11-07 11:45:20.819505-08,2025-01-07 23:37:12.067079-08
SQ_MX2090-3,2024-01-11 19:56:21.502-08,2024-11-08 11:45:21.001066-08,2025-01-07 23:39:24.465308-08
SQ_MX2090-4,2024-01-11 19:56:21.502-08,2024-01-12 13:17:44.890799-08,2025-01-08 02:42:26.561918-08
SQ_MX2090-5,2024-01-11 19:56:21.502-08,2024-01-12 13:18:00.58074-08,2025-01-08 02:44:36.726781-08
SQ_MX2097-1,,,
SQ_MX2097-7,,,
SQ_MX2101-8,,,
SQ_TX4038-3,,,
SQ_TX4038-4,,,
SQ_TX4038-5,,,
SQ_TX4038-6,,,
SQ_TX4038-7,,,
SQ_TX4038-8,,,
NY-MX22014-1,2024-11-16 11:31:45.593-08,2024-11-17 23:38:18.916634-08,2025-03-21 13:05:15.650524-07
NY-MX22014-10,2024-11-16 11:31:45.593-08,2024-11-18 00:00:24.46478-08,2024-11-21 11:52:23.394107-08
NY-MX22014-11,2024-11-16 11:31:45.593-08,2024-11-18 00:31:57.086521-08,2024-11-21 12:03:58.733676-08
NY-MX22014-12,2024-11-16 11:31:45.593-08,2024-11-18 00:03:33.61053-08,2024-11-21 11:53:32.923374-08
NY-MX22014-13,2024-11-16 11:31:45.593-08,2024-11-18 00:06:42.771056-08,2025-03-21 11:18:51.737736-07
NY-MX22014-14,2024-11-16 11:31:45.593-08,2024-11-18 00:09:52.110963-08,2024-11-21 11:55:52.256451-08
NY-MX22014-15,2024-11-16 11:31:45.593-08,2024-11-20 10:55:54.301232-08,2024-11-21 11:57:02.081688-08
NY-MX22014-16,2024-11-16 11:31:45.593-08,2024-11-18 00:16:10.689113-08,2024-11-21 11:58:11.386738-08
NY-MX22014-17,2024-11-16 11:31:45.593-08,2024-11-18 00:19:20.039046-08,2024-11-21 11:59:20.660273-08
NY-MX22014-18,2024-11-16 11:31:45.593-08,2024-11-18 00:22:29.533399-08,2024-11-21 12:00:30.069459-08
NY-MX22014-19,2024-11-16 11:31:45.593-08,2024-11-18 00:25:38.722278-08,2024-11-21 12:01:39.583992-08
NY-MX22014-2,2024-11-16 11:31:45.593-08,2024-11-17 23:41:28.317607-08,2024-11-21 11:45:24.705043-08
NY-MX22014-20,2024-11-16 11:31:45.593-08,2024-11-17 23:31:58.99446-08,2024-11-21 11:41:55.098876-08
NY-MX22014-21,2024-11-16 11:31:45.593-08,2024-11-17 23:35:08.772806-08,2024-11-21 11:43:04.776876-08
NY-MX22014-22,2024-11-16 11:31:45.593-08,2024-11-18 00:28:47.94732-08,2024-11-21 12:02:49.131729-08
NY-MX22014-3,2024-11-16 11:31:45.593-08,2024-11-17 23:44:37.408821-08,2024-11-21 11:46:34.352857-08
NY-MX22014-4,2024-11-16 11:31:45.593-08,2024-11-17 23:47:46.707663-08,2024-11-21 11:47:44.202164-08
NY-MX22014-5,2024-11-16 11:31:45.593-08,2024-11-20 10:52:43.596078-08,2024-11-21 11:48:54.035064-08
NY-MX22014-6,2024-11-16 11:31:45.593-08,2024-11-17 23:54:05.566397-08,2024-11-21 11:50:03.718231-08
NY-MX22014-7,2024-11-16 11:31:45.593-08,2024-11-17 23:57:14.881276-08,2025-03-21 13:08:22.401646-07
NY-MX22014-8,2024-11-16 11:31:45.593-08,2024-11-19 10:14:27.053474-08,2024-11-21 11:39:34.270863-08
NY-MX22014-9,2024-11-16 11:31:45.593-08,2024-11-17 23:28:49.68483-08,2024-11-21 11:40:44.752188-08
NY-AT26014-1,2024-11-17 00:36:46.284-08,2024-11-17 23:38:18.916634-08,2025-03-21 13:05:15.650524-07
NY-AT26014-10,2024-11-17 00:36:46.284-08,2024-11-18 00:00:24.46478-08,2024-11-21 11:52:23.394107-08
NY-AT26014-11,2024-11-17 00:36:46.284-08,2024-11-18 00:31:57.086521-08,2024-11-21 12:03:58.733676-08
NY-AT26014-12,2024-11-17 00:36:46.284-08,2024-11-18 00:03:33.61053-08,2024-11-21 11:53:32.923374-08
NY-AT26014-13,2024-11-17 00:36:46.284-08,2024-11-18 00:06:42.771056-08,2025-03-21 11:18:51.737736-07
NY-AT26014-14,2024-11-17 00:36:46.284-08,2024-11-18 00:09:52.110963-08,2024-11-21 11:55:52.256451-08
NY-AT26014-15,2024-11-17 00:36:46.284-08,2024-11-20 10:55:54.301232-08,2024-11-21 11:57:02.081688-08
NY-AT26014-16,2024-11-17 00:36:46.284-08,2024-11-18 00:16:10.689113-08,2024-11-21 11:58:11.386738-08
NY-AT26014-17,2024-11-17 00:36:46.284-08,2024-11-18 00:19:20.039046-08,2024-11-21 11:59:20.660273-08
NY-AT26014-18,2024-11-17 00:36:46.284-08,2024-11-18 00:22:29.533399-08,2024-11-21 12:00:30.069459-08
NY-AT26014-19,2024-11-17 00:36:46.284-08,2024-11-18 00:25:38.722278-08,2024-11-21 12:01:39.583992-08
NY-AT26014-2,2024-11-17 00:36:46.284-08,2024-11-17 23:41:28.317607-08,2024-11-21 11:45:24.705043-08
NY-AT26014-20,2024-11-17 00:36:46.284-08,2024-11-17 23:31:58.99446-08,2024-11-21 11:41:55.098876-08
NY-AT26014-21,2024-11-17 00:36:46.284-08,2024-11-17 23:35:08.772806-08,2024-11-21 11:43:04.776876-08
NY-AT26014-22,2024-11-17 00:36:46.284-08,2024-11-18 00:28:47.94732-08,2024-11-21 12:02:49.131729-08
NY-AT26014-3,2024-11-17 00:36:46.284-08,2024-11-17 23:44:37.408821-08,2024-11-21 11:46:34.352857-08
NY-AT26014-4,2024-11-17 00:36:46.284-08,2024-11-17 23:47:46.707663-08,2024-11-21 11:47:44.202164-08
NY-AT26014-5,2024-11-17 00:36:46.284-08,2024-11-20 10:52:43.596078-08,2024-11-21 11:48:54.035064-08
NY-AT26014-6,2024-11-17 00:36:46.284-08,2024-11-17 23:54:05.566397-08,2024-11-21 11:50:03.718231-08
NY-AT26014-7,2024-11-17 00:36:46.284-08,2024-11-17 23:57:14.881276-08,2025-03-21 13:08:22.401646-07
NY-AT26014-8,2024-11-17 00:36:46.284-08,2024-11-19 10:14:27.053474-08,2024-11-21 11:39:34.270863-08
NY-AT26014-9,2024-11-17 00:36:46.284-08,2024-11-17 23:28:49.68483-08,2024-11-21 11:40:44.752188-08
NW-TX4137-1,2024-11-20 16:35:01.507-08,2024-11-21 09:03:22.014562-08,2025-01-17 13:38:40.805566-08
NW-TX4137-2,2024-11-20 16:35:01.507-08,2024-11-21 09:03:34.564575-08,2025-01-17 13:38:50.737657-08
NW-TX4137-3,2024-11-20 16:35:01.507-08,2024-11-21 09:03:46.694775-08,2025-01-17 13:38:30.247445-08
NW-TX4137-4,2024-11-20 16:35:01.507-08,2024-11-22 11:56:44.896777-08,2025-01-17 13:31:52.831669-08
NW-TX4137-5,2024-11-20 16:35:01.507-08,2024-11-21 09:04:08.63641-08,2025-01-17 13:32:02.781468-08
NW-TX4137-6,2024-11-20 16:35:01.507-08,2024-11-21 09:04:33.148297-08,2025-01-17 13:35:16.436299-08
NY-MX22015-1,2024-11-22 03:14:29.512-08,2024-11-24 01:30:04.633117-08,2024-11-29 17:22:33.640148-08
NY-MX22015-10,2024-11-22 03:14:29.512-08,2024-11-26 10:07:59.033494-08,2024-11-29 16:59:23.765278-08
NY-MX22015-11,2024-11-22 03:14:29.512-08,2024-11-24 01:36:25.185064-08,2024-11-29 17:21:23.616157-08
NY-MX22015-12,2024-11-22 03:14:29.512-08,2024-11-24 01:39:38.713696-08,2024-11-29 17:20:13.749085-08
NY-MX22015-13,2024-11-22 03:14:29.512-08,2024-11-24 01:42:46.500247-08,2024-11-29 17:19:04.346383-08
NY-MX22015-14,2024-11-22 03:14:29.512-08,2024-11-24 01:45:54.35931-08,2024-11-29 17:17:54.147853-08
NY-MX22015-15,2024-11-22 03:14:29.512-08,2024-11-24 01:49:03.660273-08,2024-11-29 17:16:44.968096-08
NY-AT26015-22,2024-11-23 02:03:12.323-08,2024-11-24 02:14:18.03576-08,2024-11-29 17:08:39.369785-08
NY-AT26015-3,2024-11-23 02:03:12.323-08,2024-11-24 02:17:27.686688-08,2024-11-29 17:07:30.335567-08
NY-AT26015-4,2024-11-23 02:03:12.323-08,2024-11-24 02:20:37.057754-08,2024-11-29 17:06:21.17093-08
NY-AT26015-5,2024-11-23 02:03:12.323-08,2024-11-24 02:23:46.698777-08,2025-03-21 11:59:29.204687-07
NY-AT26015-6,2024-11-23 02:03:12.323-08,2024-11-24 02:26:56.276252-08,2024-11-29 17:04:01.85697-08
NY-AT26015-7,2024-11-23 02:03:12.323-08,2024-11-24 02:30:05.91396-08,2024-11-29 17:02:52.682113-08
NY-AT26015-8,2024-11-23 02:03:12.323-08,2024-11-26 10:14:17.811896-08,2024-12-01 10:26:17.80337-08
NY-AT26015-9,2024-11-23 02:03:12.323-08,2024-11-24 02:36:24.942228-08,2024-11-29 17:01:43.379352-08
NW-TX4138-1,2024-11-26 00:06:09.859-08,2024-11-26 09:27:34.952857-08,2025-01-17 13:31:32.391529-08
NW-TX4138-2,2024-11-26 00:06:09.859-08,2024-11-26 09:28:11.228683-08,2025-01-17 13:31:42.783814-08
NW-TX4138-3,2024-11-26 00:06:09.859-08,2024-11-26 09:28:28.720074-08,2025-01-17 13:31:11.703635-08
NW-TX4138-4,2024-11-26 00:06:09.859-08,2024-11-26 09:28:47.987586-08,2025-01-17 13:31:22.191073-08
NW-TX4138-5,2024-11-26 00:06:09.859-08,2024-11-26 09:24:45.287819-08,2025-01-17 13:24:46.063794-08
NW-TX4138-6,2024-11-26 00:06:09.859-08,2024-11-26 09:25:03.373543-08,2025-01-17 13:27:58.935513-08
NW-TX4139-1,2024-11-25 23:58:05.501-08,2024-11-26 09:29:07.100741-08,2025-01-17 13:24:36.052438-08
NW-TX4139-2,2024-11-25 23:58:05.501-08,2024-11-26 09:29:24.663979-08,2025-01-17 13:24:26.213287-08
NW-TX4139-3,2024-11-25 23:58:05.501-08,2024-11-26 09:29:39.826847-08,2025-01-17 13:24:16.125636-08
NW-TX4139-4,2024-11-25 23:58:05.501-08,2024-11-26 09:30:00.10426-08,2025-01-17 13:24:05.641292-08
NW-TX4139-5,2024-11-25 23:58:05.501-08,2024-11-26 09:25:29.001063-08,2025-01-17 13:20:52.251092-08
NW-TX4139-6,2024-11-25 23:58:05.501-08,2024-11-26 09:26:08.596656-08,2025-01-17 13:17:38.776965-08
NW-MX2194-1,2024-11-26 00:13:49.853-08,2024-12-11 16:24:00.852041-08,2024-12-13 09:31:04.975437-08
NW-MX2194-3,,,
NW-AT0714-3,,,
NW-FX8002-1,,,
NW-FX8002-2,,,
NW-FX8002-3,,,
NW-FX8002-4,,,
NW-FX8002-5,,,
NY-AT26023-9,2025-01-26 19:39:36.346-08,2025-01-28 12:41:30.330814-08,2025-01-29 12:03:52.09829-08
NY-AT26023-1,2025-01-26 19:39:36.346-08,2025-01-27 11:20:12.430911-08,2025-01-28 12:34:16.007854-08
SM-DPC4L-07,,,
SM-DPC4L-06,,,
SM-DPC4L-08,,,
SM-DPC4L-09,,,
SM-DPC4L-11,,,
SM-DPC4L-10,,,
SM-DPC4M-01,,,
SM-DPC4M-02,,,
SM-DPC4M-03,,,
SM-DPC4M-04,,,
SQ-80030-03,,,
SQ-80030-01,,,
SQ-80030-02,,,
SQ-80031-01,,,
SQ-80030-04,,,
SQ-80031-05,,,
SQ-80030-05,,,
SQ-80031-06,,,
SQ-80031-07,,,
SQ-80031-08,,,
SQ_MX2011-10,,,
SQ_MX2011-11,,,
SQ_TX4060-1,,,
SQ_TX4060-2,,,
SQ_TX4060-3,,,
SQ_TX4060-4,,,
NW-TX34006-7,,,
NW-TX34006-8,,,
NW_TX0135-8,,,
SQ_AT0565-4,,,
SQ_AT0565-5,,,
SQ_AT0565-2,,,
SQ_AT0565-3,,,
SQ_AT0565-1,,,
NW_TX0135-1,,,
NW_TX0135-3,,,
NW_TX0135-2,,,
NW_TX0135-5,,,
NW_TX0043-2,,,
NW_TX0043-1,,,
NW_TX0043-9,,,
NW_TX0043-8,,,
NY-AT0654-8,,,
NY-AT0654-9,,,
NY-AT0654-2,,,
NW_TX4044-2,,,
NW_TX4044-3,,,
SM-F2QG4-01,,,
SM-F2QG4-02,,,
SM-F2QG4-03,,,
SM-F2QG4-04,,,
SM-F2QG4-05,,,
SM-F2QG4-06,,,
SM-F2QG4-07,,,
SM-F2QG4-08,,,
SM-F2QG4-09,,,
SM-F2QG4-10,,,
SM-F2QG4-11,,,
SM-F2QG4-12,,,
SM-F2QG2-05,,,
SM-F2QG4-13,,,
SM-F2QG2-01,,,
SM-F2QG1-07,,,
SM-F2QG2-02,,,
SM-F2QG1-11,,,
SM-F2QG2-03,,,
SM-F2QG2-04,,,
SM-F2QG2-07,,,
SM-F2QG3-02,,,
SM-F2QG3-04,,,
SM-F2QG3-06,,,
SM-F2QG2-06,,,
SM-F2QG2-08,,,
SM-F2QG3-01,,,
SM-F2QG3-03,,,
SM-F2QG3-05,,,
SM-F2QG3-07,,,
SM-F2QG3-08,,,
SM-F2QG1-01,,,
NW_TX0134-10,,,
SQ_MX2014-16,,,
SQ_MX2014-17,,,
SQ_MX2014-18,,,
SQ_MX2014-19,,,
SQ_MX2014-20,,,
SQ_MX2014-21,,,
SQ_MX2014-22,,,
SQ_MX2014-23,,,
SQ_MX2014-24,,,
SQ-PX1102-2,,,
SQ-PX1102-3,,,
SQ-PX1102-4,,,
SQ-PX1102-5,,,
SQ-PX1102-6,,,
SQ-PX1102-7,,,
SQ-PX1102-8,,,
NY-PX1103-1,,,
NY-PX1103-2,,,
NY-PX1103-3,,,
NY-PX1103-4,,,
NY-PX1103-5,,,
NY-PX1103-6,,,
NY-PX1103-7,,,
NY-PX1103-8,,,
AB-PS6001-1,,,
AB-PS6001-2,,,
AB-PS6001-3,,,
AB-PS6001-4,,,
AB-PS6001-5,,,
AB-PS6001-6,,,
NW_TX0186-8,,,
NW_TX0056-11,,,
NW_TX0056-10,,,
NW_TX0056-13,,,
NW_TX0186-4,,,
NW_TX0186-3,,,
NW_TX0186-2,,,
NW_TX0186-1,,,
NW_TX0019-10,,,
NW_TX0019-11,,,
NW_TX4029-1,,,
NW_TX0172-2,,,
NW_TX0172-3,,,
NW_TX0172-1,,,
NW_TX0172-6,,,
NW_TX0172-7,,,
NW_TX0172-4,,,
NW_TX0172-5,,,
SM-F2QG1-02,,,
SM-F2QG1-03,,,
SM-F2QG1-04,,,
NW-FX8003-1,,,
NW-FX8003-2,,,
SM-F2QG1-05,,,
SM-F2QG1-08,,,
SM-F2QG1-06,,,
SM-F2QG1-09,,,
SM-DPC4J-01,,,
SM-F2QG1-10,,,
SM-DPC4J-03,,,
SM-DPC4J-02,,,
SM-DPC4J-04,,,
SM-DPC4J-05,,,
SM-DPC4J-06,,,
SM-DPC4J-08,,,
SM-DPC4J-07,,,
SM-DPC4J-09,,,
SM-DPC4J-10,,,
SM-DPC4K-01,,,
SM-DPC4K-02,,,
SM-DPC4K-03,,,
SM-DPC4K-04,,,
SM-DPC4K-05,,,
SM-DPC4K-06,,,
SM-DPC4K-08,,,
SM-DPC4K-07,,,
SM-DPC4K-09,,,
SM-DPC4L-05,,,
SM-DPC4L-02,,,
SM-DPC4L-03,,,
SM-DPC4L-01,,,
SM-DPC4L-04,,,
SQ-80019-3,,,
SQ-80019-1,,,
SQ-80019-2,,,
SQ-80019-4,,,
SQ-80019-5,,,
SQ-80019-6,,,
SQ-80019-7,,,
SQ-80020-1,,,
SQ-80019-8,,,
SQ-80020-2,,,
SQ-80020-3,,,
SM-DPC4R-1,,,
SQ-80021-1,,,
SM-DPC4R-2,,,
SM-DPC4R-3,,,
SM-DPC4R-4,,,
SM-DPC4R-7,,,
SM-DPC4R-5,,,
SM-DPC4R-6,,,
SM-DAIHL-2,,,
SM-DPC4R-8,,,
SM-DAIHL-1,,,
SM-DAIHL-3,,,
SM-DAIHL-5,,,
SM-DAIHL-4,,,
SQ-80031-02,,,
SQ-80031-03,,,
SQ-80031-04,,,
SQ_VS0001-01,,,
SQ_VS0001-02,,,
SQ_VS0001-03,,,
SQ_VS0001-04,,,
SQ_AT006-5,,,
SQ_AT006-1,,,
SQ_AT006-2,,,
SQ_AT006-3,,,
SQ_AT006-4,,,
SQ_AT006-6,,,
SQ_AT006-7,,,
NW_AT0001-1,,,
NW_AT0001-2,,,
SQ_MX2009-4,,,
SQ_MX2009-5,,,
SQ_MX2009-6,,,
SQ_MX2011-9,,,
SQ_MX2014-4,,,
SQ_MX2014-5,,,
SQ_MX2014-6,,,
SQ_MX2014-7,,,
SQ_MX2014-8,,,
SQ_MX2014-9,,,
SQ_MX2014-10,,,
SQ_MX2014-11,,,
SQ_MX2014-12,,,
SQ_MX2014-13,,,
SQ_MX2014-14,,,
SQ_MX2014-15,,,
SQ_MX2014-37,,,
SQ_MX2014-38,,,
SQ_MX2014-39,,,
SQ_MX2014-40,,,
SQ_MX2014-41,,,
SQ_MX2014-42,,,
SQ_MX2014-43,,,
SQ_MX2014-44,,,
SQ_MX2014-45,,,
SQ_MX2014-46,,,
SQ_MX2014-47,,,
SQ_MX2014-48,,,
SQ_MX2014-49,,,
SQ_MX2014-50,,,
SQ_MX2014-51,,,
SQ_MX2014-52,,,
SQ_MX2014-53,,,
SQ_MX2014-54,,,
SQ_MX2021-17,,,
SQ_MX2021-18,,,
SQ_MX2021-23,,,
NW_TX1068-4,,,
NY-MX12013-1,2024-03-05 09:31:21.44-08,2024-09-24 15:34:14.862287-07,2024-09-25 10:00:06.412446-07
NW_AT0588-9,2024-01-11 20:52:23.769-08,2024-10-22 03:19:14.165833-07,2024-12-11 00:25:02.245243-08
NW_AT0588-2,2024-01-11 20:52:23.769-08,2024-02-06 10:31:30.395059-08,2024-12-10 18:11:31.624598-08
NW_AT0588-3,2024-01-11 20:52:23.769-08,2024-10-22 03:06:36.01257-07,2024-12-11 00:22:42.872769-08
NW_AT0588-1,2024-01-11 20:52:23.769-08,2024-08-27 15:48:39.313587-07,2024-09-10 13:27:35.089574-07
NW_AT0588-6,2024-01-11 20:52:23.769-08,2024-10-22 03:16:04.978075-07,2024-12-11 00:23:52.751111-08
NW_AT0588-7,2024-01-11 20:52:23.769-08,2024-01-21 10:57:48.700081-08,2024-12-10 18:12:41.351759-08
NW_AT0588-4,2024-01-11 20:52:23.769-08,2024-12-18 16:13:36.002439-08,2025-01-08 06:53:40.603012-08
NW_AT0588-5,2024-01-11 20:52:23.769-08,2024-12-18 16:18:46.984067-08,2025-01-08 06:55:50.139414-08
NY-AT26004-18,2024-09-06 13:02:16.889-07,2024-09-08 22:07:12.207221-07,2024-09-11 15:04:53.801909-07
NY-AT26004-19,2024-09-06 13:02:16.889-07,2024-09-08 22:10:22.811125-07,2024-09-11 15:08:01.000446-07
NY-AT26003-11,2024-08-31 19:19:23.43-07,2024-09-04 09:14:39.984239-07,2024-09-08 22:21:36.563301-07
NY-AT26003-10,2024-08-31 19:19:23.43-07,2024-09-04 09:10:37.461842-07,2024-09-08 22:24:47.72757-07
NY-AT26003-13,2024-08-31 19:19:23.43-07,2024-09-04 09:22:48.453452-07,2024-09-08 22:15:15.381432-07
NY-AT26003-12,2024-08-31 19:19:23.43-07,2024-09-04 09:18:44.839666-07,2025-03-21 11:06:23.17654-07
NY-AT26003-15,2024-08-31 19:19:23.43-07,2024-09-04 09:30:53.383977-07,2025-03-21 11:46:59.636433-07
NY-AT26003-14,2024-08-31 19:19:23.43-07,2024-09-04 09:26:48.721922-07,2024-09-08 22:12:04.408592-07
NY-AT26003-17,2024-08-31 19:19:23.43-07,2024-09-04 09:39:06.436694-07,2024-09-08 22:02:32.717452-07
NY-AT26003-16,2024-08-31 19:19:23.43-07,2024-09-04 09:35:00.798846-07,2024-09-08 22:05:44.237936-07
NY-AT26003-19,2024-08-31 19:19:23.43-07,2024-09-04 09:47:04.2967-07,2024-09-08 21:56:11.4541-07
NY-MX12046-9,2024-03-21 14:50:56.145-07,2024-11-13 15:39:54.664849-08,2024-12-09 22:31:31.10221-08
NY-MX12046-8,2024-03-21 14:50:56.145-07,2024-08-26 11:04:27.257263-07,2024-09-23 16:45:42.962151-07
NW_TX4043-3,2024-03-05 10:14:38.637-08,2025-02-11 16:56:54.640399-08,2025-02-17 11:59:06.785325-08
NW_TX4043-2,2024-03-05 10:14:38.637-08,2025-02-11 16:39:48.31083-08,2025-02-17 11:53:59.643197-08
NW_TX4043-1,2024-03-05 10:14:38.637-08,2025-02-11 14:14:15.439309-08,2025-02-17 10:52:37.679113-08
NW_TX4043-7,2024-03-05 10:14:38.637-08,2025-02-11 20:20:27.680063-08,2025-02-17 12:19:34.496291-08
NW_TX4043-6,2024-03-05 10:14:38.637-08,2025-02-17 12:14:27.7742-08,2025-02-18 09:48:35.107023-08
NW_TX4043-5,2024-03-05 10:14:38.637-08,2025-02-11 19:01:10.28172-08,2025-02-17 12:09:21.844721-08
NW_TX4043-4,2024-03-05 10:14:38.637-08,2025-02-11 17:59:02.051274-08,2025-02-17 12:04:14.99134-08
NW_MX2091-11,2024-01-11 21:04:10.35-08,2024-01-21 11:00:45.568586-08,2024-12-10 17:38:49.457977-08
NW_MX2091-10,2024-01-11 21:04:10.35-08,2024-12-24 01:20:38.012448-08,2025-01-07 17:57:06.19524-08
NY-MX12001-4,2023-07-01 03:47:03.039-07,2024-06-28 11:04:59.08189-07,2024-07-03 16:06:44.470969-07
NY-MX12001-5,2023-07-01 03:47:03.039-07,2024-06-28 11:05:06.714041-07,2024-07-03 16:06:52.474086-07
NY-MX12001-6,2023-07-01 03:47:03.039-07,2024-06-28 11:05:14.512818-07,2024-07-03 16:07:00.358894-07
NY-MX12001-7,2023-07-01 03:47:03.039-07,2024-06-28 11:05:23.286812-07,2024-07-03 16:07:08.333019-07
SQ_AT0048-4,2024-02-15 04:31:01.19-08,2024-02-15 15:13:09.49728-08,2025-01-08 04:48:00.018398-08
NY-MX12001-1,2023-07-01 03:47:03.039-07,2024-06-28 11:04:36.306309-07,2024-07-03 16:06:18.812525-07
NY-MX12001-2,2023-07-01 03:47:03.039-07,2024-06-28 11:04:43.541354-07,2024-07-03 16:06:27.436759-07
NY-MX12001-3,2023-07-01 03:47:03.039-07,2024-06-28 11:04:51.380584-07,2024-07-04 13:35:21.776225-07
SQ_AT0048-8,2024-02-15 04:31:01.19-08,2024-12-11 13:52:41.379894-08,2025-01-07 19:39:31.206679-08
SQ_AT0048-9,2024-02-15 04:31:01.19-08,2024-12-11 13:55:50.682384-08,2025-01-07 19:41:43.223538-08
NY-MX12001-8,2023-07-01 03:47:03.039-07,2024-06-28 11:05:31.767936-07,2024-07-03 16:07:16.475229-07
NY-MX12001-9,2023-07-01 03:47:03.039-07,2024-06-28 11:05:39.607906-07,2024-07-03 16:07:24.012569-07
SQ_AT0598-10,2024-01-11 21:00:59.105-08,2024-02-06 10:32:29.606116-08,2025-01-08 02:51:05.912222-08
NW_MX2098-2,2024-03-05 10:56:27.315-08,2024-10-01 11:24:00.737898-07,2024-12-03 15:04:28.608462-08
NW_MX2098-3,2024-03-05 10:56:27.315-08,2024-10-01 11:27:17.307722-07,2024-12-03 15:04:42.965438-08
NW_MX2098-1,2024-03-05 10:56:27.315-08,2024-11-10 00:40:58.331889-08,2024-12-10 18:15:00.763058-08
NW_MX2098-6,2024-03-05 10:56:27.315-08,2024-11-10 00:47:20.530939-08,2024-12-10 17:48:09.870612-08
NW_MX2098-7,2024-03-05 10:56:27.315-08,2024-11-05 13:47:06.505653-08,2024-12-09 23:00:42.260906-08
NW_MX2098-4,2024-03-05 10:56:27.315-08,2024-11-26 10:26:53.649767-08,2024-12-10 16:44:10.993814-08
NW_MX2098-5,2024-03-05 10:56:27.315-08,2024-10-22 09:50:48.763129-07,2024-12-10 16:45:20.396152-08
NW_MX2098-8,2024-03-05 10:56:27.315-08,2024-11-05 13:50:16.067499-08,2024-12-09 23:01:52.074303-08
NW_MX2098-9,2024-03-05 10:56:27.315-08,2024-11-05 13:53:25.30729-08,2024-12-09 23:03:02.272635-08
NY-MX22009-10,2024-10-12 23:09:17.018-07,2024-10-13 01:46:31.056095-07,2024-10-14 12:24:38.467467-07
NY-MX2144-8,2023-09-14 23:10:47.258-07,2024-12-27 21:12:20.376601-08,2025-01-07 22:23:16.281014-08
NY-MX2144-9,2023-09-14 23:10:47.258-07,2025-02-27 13:15:14.032561-08,2025-03-03 11:35:43.325417-08
NY-MX2144-4,2023-09-14 23:10:47.258-07,2024-12-25 11:55:05.844103-08,2025-01-07 22:14:33.410238-08
NY-MX2144-5,2023-09-14 23:10:47.258-07,2024-12-25 12:00:15.920878-08,2025-01-07 22:16:44.334588-08
NY-MX2144-6,2023-09-14 23:10:47.258-07,2024-12-25 12:05:25.616688-08,2025-01-07 22:18:55.400785-08
NY-MX2144-7,2023-09-14 23:10:47.258-07,2024-12-25 12:10:34.848299-08,2025-01-07 22:21:05.95891-08
NY-MX2144-1,2023-09-14 23:10:47.258-07,2024-12-25 11:39:37.061197-08,2025-01-07 22:08:01.31051-08
NY-MX2144-2,2023-09-14 23:10:47.258-07,2024-12-25 11:44:46.457608-08,2025-01-07 22:10:11.293704-08
NY-MX2144-3,2023-09-14 23:10:47.258-07,2024-12-25 11:49:56.111386-08,2025-01-07 22:12:21.808376-08
NY-MX2148-9,2023-10-12 06:23:16.214-07,2025-02-11 06:19:08.867021-08,2025-02-17 08:09:01.625272-08
SQ_AT015-3,2024-03-23 03:58:52.632-07,2024-11-24 05:05:33.356116-08,2025-01-08 01:17:55.621241-08
SQ_AT015-2,2024-03-23 03:58:52.632-07,2024-11-24 05:02:23.60814-08,2025-01-08 01:15:46.214974-08
NW-AT0713-2,2024-08-14 03:53:24.854-07,2024-08-26 12:53:34.304452-07,2024-09-10 17:34:28.300656-07
NW-AT0713-3,2024-08-14 03:53:24.854-07,2024-08-19 12:35:59.162867-07,2024-09-10 17:09:04.669716-07
NW-AT0713-6,2024-08-14 03:53:24.854-07,2024-08-19 13:22:36.079806-07,2024-09-08 23:47:29.818021-07
NW-AT0713-7,2024-08-14 03:53:24.854-07,2024-08-19 13:22:54.349936-07,2024-09-08 23:50:40.610777-07
NW-AT0713-4,2024-08-14 03:53:24.854-07,2024-08-19 12:36:06.884168-07,2024-09-10 17:15:25.819822-07
NW-AT0713-5,2024-08-14 03:53:24.854-07,2024-08-19 12:36:14.258386-07,2024-09-10 17:18:36.182383-07
NW-AT0713-8,2024-08-14 03:53:24.854-07,2024-08-19 13:23:08.699519-07,2024-09-08 23:53:51.171629-07
NW-AT0713-9,2024-08-14 03:53:24.854-07,2024-08-19 13:23:30.240773-07,2024-09-08 23:57:02.163817-07
NY-AT26002-8,2024-08-31 18:32:10.015-07,2024-09-01 09:20:55.828551-07,2024-09-08 22:43:51.499917-07
NY-AT26002-9,2024-08-31 18:32:10.015-07,2024-09-01 09:24:06.482464-07,2025-03-21 12:52:48.881792-07
NY-AT26002-4,2024-08-31 18:32:10.015-07,2024-09-01 09:01:52.442641-07,2024-09-08 23:02:55.262919-07
NY-AT26002-5,2024-08-31 18:32:10.015-07,2024-09-01 09:11:24.32991-07,2024-09-08 22:53:23.166419-07
NY-AT26002-6,2024-08-31 18:32:10.015-07,2024-09-01 09:14:34.776402-07,2024-09-08 22:50:12.379197-07
NY-AT26002-7,2024-08-31 18:32:10.015-07,2024-09-01 09:17:45.126471-07,2024-09-08 22:47:01.910114-07
NY-AT26002-1,2024-08-31 18:32:10.015-07,2024-09-25 09:19:30.037678-07,2024-09-09 09:49:37.895219-07
NY-AT26002-2,2024-08-31 18:32:10.015-07,2024-09-23 16:58:54.748774-07,2024-09-09 09:50:59.358823-07
NY-AT26002-3,2024-08-31 18:32:10.015-07,2024-09-01 08:26:54.656476-07,2024-09-08 23:34:42.342547-07
NY-AT16022-2,2023-12-10 02:36:26.494-08,2024-11-14 14:22:32.022912-08,2025-03-21 12:37:07.947949-07
NY-MX12006-10,2024-03-05 07:49:00.642-08,2024-11-15 10:28:11.781568-08,2024-12-03 13:11:31.84416-08
NY-MX12077-4,2024-07-24 03:42:26.907-07,2024-10-07 12:03:30.938045-07,2024-10-08 09:57:38.080666-07
NW_AT0627-8,2023-03-06 16:08:05.349-08,2024-08-27 22:38:00.726927-07,2024-09-11 11:12:46.304927-07
NW_AT0627-9,2023-03-06 16:08:05.349-08,2024-08-27 22:41:12.792592-07,2024-09-11 11:15:57.272075-07
NW_MX2114-6,2024-02-29 10:49:42.787-08,2024-11-05 15:41:11.35843-08,2024-12-10 15:22:35.858688-08
NW_AT0627-1,2023-03-06 16:08:05.349-08,2024-08-27 21:34:01.713463-07,2024-09-11 10:50:33.906907-07
NW_AT0627-2,2023-03-06 16:08:05.349-08,2024-08-27 22:18:55.712029-07,2024-09-11 10:53:44.452697-07
NW_AT0627-3,2023-03-06 16:08:05.349-08,2024-08-27 22:22:06.338097-07,2024-09-11 10:56:56.931174-07
NW_AT0627-4,2023-03-06 16:08:05.349-08,2024-08-27 22:25:16.742963-07,2024-09-11 11:00:07.406031-07
NW_AT0627-5,2023-03-06 16:08:05.349-08,2024-08-29 10:21:11.68605-07,2024-09-11 11:03:17.547952-07
NW_AT0627-6,2023-03-06 16:08:05.349-08,2024-08-27 22:31:38.972897-07,2024-09-11 11:06:27.497216-07
NW_AT0627-7,2023-03-06 16:08:05.349-08,2024-08-27 22:34:49.075252-07,2024-09-11 11:09:35.802638-07
NW_MX2114-4,2024-02-29 10:49:42.787-08,2024-10-01 15:02:25.218031-07,2024-12-09 10:48:39.923714-08
NW_MX2114-3,2024-02-29 10:49:42.787-08,2024-10-01 14:59:14.343168-07,2024-12-09 10:47:26.188532-08
NW_MX2114-1,2024-02-29 10:49:42.787-08,2024-11-10 00:59:51.07263-08,2024-12-10 17:55:10.851439-08
NY-MX12031-10,2024-03-05 10:14:11.119-08,2024-07-17 13:05:11.013202-07,2024-07-25 14:42:07.860182-07
SQ_MX2032-1,2024-03-21 14:42:52.567-07,2025-02-11 02:46:35.452971-08,2025-02-17 06:21:40.188318-08
SQ_MX2032-3,2024-03-21 14:42:52.567-07,2024-10-21 19:08:05.676519-07,2025-01-07 16:45:34.083767-08
SQ_MX2032-2,2024-03-21 14:42:52.567-07,2024-10-21 19:04:52.222101-07,2025-01-07 16:43:24.461452-08
SQ_MX2032-5,2024-03-21 14:42:52.567-07,2024-11-10 01:15:29.676239-08,2025-01-07 23:43:45.489495-08
SQ_MX2032-4,2024-03-21 14:42:52.567-07,2024-11-10 01:27:59.309147-08,2025-03-21 11:21:58.903139-07
SQ_MX2032-7,2024-03-21 14:42:52.567-07,2024-12-11 12:39:42.352028-08,2025-01-07 18:44:46.250049-08
SQ_MX2032-6,2024-03-21 14:42:52.567-07,2024-11-10 01:31:06.959954-08,2025-01-08 00:32:07.063954-08
SQ_MX2032-8,2024-03-21 14:42:52.567-07,2024-12-11 12:42:51.719102-08,2025-01-07 18:46:56.482358-08
NY-MX12067-8,2024-06-20 21:25:43.253-07,2024-10-22 12:10:34.399993-07,2024-11-07 14:25:49.012351-08
NW-AT0678-8,2023-11-28 12:19:03.685-08,2024-08-28 07:06:14.290025-07,2024-09-11 19:51:11.346336-07
NW-AT0678-9,2023-11-28 12:19:03.685-08,2024-08-28 07:09:25.422463-07,2024-09-11 19:54:23.739325-07
NW-AT0678-6,2023-11-28 12:19:03.685-08,2024-08-28 06:59:53.410962-07,2024-09-11 19:44:46.879843-07
NW-AT0678-4,2023-11-28 12:19:03.685-08,2024-08-28 06:53:33.164344-07,2024-09-11 19:38:22.293998-07
NW-AT0678-5,2023-11-28 12:19:03.685-08,2024-08-28 06:56:43.244921-07,2024-09-11 19:41:34.916103-07
NW-AT0678-2,2023-11-28 12:19:03.685-08,2025-02-10 01:44:22.825426-08,2025-02-16 23:41:00.688113-08
NW-AT0678-3,2023-11-28 12:19:03.685-08,2024-08-28 06:50:21.455153-07,2024-09-11 19:35:07.414313-07
NY-MX12067-6,2024-06-20 21:25:43.253-07,2024-11-11 15:35:14.74698-08,2025-03-21 11:31:21.611978-07
NW_MX2113-4,2024-02-29 12:22:54.727-08,2024-10-01 14:43:21.414743-07,2024-12-09 10:41:22.217195-08
NW_MX2113-5,2024-02-29 12:22:54.727-08,2024-10-01 14:46:32.346599-07,2024-12-09 10:42:33.944119-08
NY-MX12044-1,2024-03-13 21:07:58.258-07,2024-11-22 03:32:57.347301-08,2024-12-10 10:45:31.566354-08
NY-MX12044-3,2024-03-13 21:07:58.258-07,2024-11-22 03:39:19.755193-08,2024-12-10 10:47:52.142403-08
NY-MX12044-2,2024-03-13 21:07:58.258-07,2024-11-22 03:36:08.600566-08,2024-12-10 10:46:41.997005-08
NY-MX12044-5,2024-03-13 21:07:58.258-07,2024-11-22 03:42:30.54657-08,2024-12-10 10:50:11.793332-08
NY-MX12044-4,2024-03-13 21:07:58.258-07,2024-07-22 16:02:36.592439-07,2024-12-10 10:49:02.043439-08
NY-MX12044-7,2024-03-13 21:07:58.258-07,2024-08-02 13:29:07.884644-07,2024-12-10 00:39:16.687289-08
NY-MX12044-6,2024-03-13 21:07:58.258-07,2024-08-02 13:28:48.044076-07,2024-12-10 00:38:03.709363-08
NY-MX12044-9,2024-03-13 21:07:58.258-07,2024-08-26 09:04:59.598063-07,2024-09-23 16:42:22.989761-07
NY-MX12044-8,2024-03-13 21:07:58.258-07,2024-08-26 08:59:48.39246-07,2024-09-23 16:42:09.193634-07
NW_AT0604-5,2023-09-14 07:51:45.322-07,2024-02-06 09:59:24.251892-08,2024-12-10 17:45:50.21823-08
NW_AT0604-4,2023-09-14 07:51:45.322-07,2024-12-19 10:46:55.829051-08,2025-01-08 07:36:58.048121-08
NW_AT0604-7,2023-09-14 07:51:45.322-07,2024-11-24 04:52:55.453167-08,2024-12-10 15:33:02.548473-08
NW_AT0604-6,2023-09-14 07:51:45.322-07,2024-11-24 04:49:45.989671-08,2024-12-10 15:31:52.40401-08
NW_AT0604-1,2023-09-14 07:51:45.322-07,2024-12-19 10:36:36.175815-08,2025-01-08 07:32:38.771656-08
NW_AT0604-3,2023-09-14 07:51:45.322-07,2024-12-19 10:41:45.563659-08,2025-01-08 07:34:48.507045-08
NW_AT0604-2,2023-09-14 07:51:45.322-07,2024-10-22 04:22:21.729883-07,2024-12-11 00:35:29.553446-08
NW_AT0604-8,2023-09-14 07:51:45.322-07,2024-11-26 09:55:22.505864-08,2024-12-09 09:29:18.774369-08
NW_MX2105-11,2024-03-05 11:42:22.999-08,2024-10-01 12:31:21.228102-07,2024-12-09 09:50:24.467622-08
NW_MX2105-10,2024-03-05 11:42:22.999-08,2024-10-01 12:28:03.974707-07,2024-12-09 09:49:08.733746-08
NY-AT26007-16,2024-10-05 17:01:13.013-07,2024-10-07 14:30:35.452832-07,2024-10-09 10:34:38.267929-07
NY-MX22003-11,2024-09-04 01:08:41.386-07,2024-09-04 09:14:39.984239-07,2024-09-08 22:21:36.563301-07
NY-TX24001-10,2024-09-19 23:51:24.89-07,2024-10-08 15:14:04.868065-07,2025-01-23 10:48:44.475711-08
SQ_AT0594-8,2024-03-21 14:32:56.132-07,2025-02-09 13:50:39.27424-08,2025-02-16 18:37:40.565808-08
SQ_AT0594-9,2024-03-21 14:32:56.132-07,2025-02-09 14:52:46.410127-08,2025-02-16 18:42:46.868055-08
SQ_AT0594-2,2024-03-21 14:32:56.132-07,2025-02-08 17:08:02.546979-08,2025-02-16 18:07:00.945499-08
NW_MX2108-1,2024-03-05 11:03:37.042-08,2024-12-11 11:52:19.264956-08,2025-01-07 18:01:26.160191-08
NW_MX2108-2,2024-03-05 11:03:37.042-08,2024-12-11 11:55:28.895877-08,2025-01-07 18:03:36.336102-08
NW_MX2108-3,2024-03-05 11:03:37.042-08,2024-12-11 11:58:38.093599-08,2025-01-07 18:05:46.033173-08
NW_MX2108-4,2024-03-05 11:03:37.042-08,2024-12-24 01:25:48.02774-08,2025-01-07 18:07:55.876591-08
NW_MX2108-5,2024-03-05 11:03:37.042-08,2024-11-05 15:25:21.273783-08,2024-12-10 17:54:00.841829-08
NW_MX2108-6,2024-03-05 11:03:37.042-08,2024-12-11 12:04:56.704303-08,2025-01-07 18:10:05.850717-08
NW_MX2108-7,2024-03-05 11:03:37.042-08,2024-12-11 12:08:06.911161-08,2025-01-07 18:12:15.396607-08
NW_MX2108-8,2024-03-05 11:03:37.042-08,2024-10-01 13:23:19.245106-07,2024-12-09 10:10:25.864746-08
NW_MX2108-9,2024-03-05 11:03:37.042-08,2024-10-01 13:26:34.252866-07,2024-12-09 10:11:41.67803-08
NY-MX22003-13,2024-09-04 01:08:41.386-07,2024-09-04 09:22:48.453452-07,2024-09-08 22:15:15.381432-07
NW_AT0589-7,2024-01-11 21:07:45.046-08,2024-10-22 03:31:51.478954-07,2024-12-11 00:27:22.548871-08
NW_AT0589-6,2024-01-11 21:07:45.046-08,2024-10-22 03:28:42.110643-07,2024-12-11 00:26:12.440949-08
NW_AT0589-5,2024-01-11 21:07:45.046-08,2024-12-18 16:29:06.989188-08,2025-01-08 07:00:10.008705-08
NW_AT0589-4,2024-01-11 21:07:45.046-08,2024-12-18 16:23:57.15701-08,2025-01-08 06:57:59.75297-08
NW_AT0589-3,2024-01-11 21:07:45.046-08,2024-02-06 10:31:48.606707-08,2024-12-10 18:13:51.360086-08
NW_AT0589-2,2024-01-11 21:07:45.046-08,2024-08-27 15:45:28.262485-07,2024-09-10 13:23:41.457722-07
NW_AT0589-1,2024-01-11 21:07:45.046-08,2024-01-12 13:13:11.972554-08,2024-12-10 17:27:12.911215-08
NW-MX2167-4,2024-01-05 11:32:52.428-08,2024-12-24 02:48:21.194231-08,2025-01-08 08:59:12.79908-08
NW-MX2167-9,2024-01-05 11:32:52.428-08,2024-08-28 07:25:21.665738-07,2024-09-11 20:10:23.090447-07
NW-MX2167-8,2024-01-05 11:32:52.428-08,2024-10-22 07:38:15.622658-07,2024-12-11 01:06:53.636559-08
NY-MX22003-12,2024-09-04 01:08:41.386-07,2024-09-04 09:18:44.839666-07,2025-03-21 11:06:23.17654-07
NW_AT0589-9,2024-01-11 21:07:45.046-08,2024-10-22 03:38:10.426958-07,2024-12-11 00:28:32.109153-08
NW_AT0589-8,2024-01-11 21:07:45.046-08,2024-12-18 16:34:16.302956-08,2025-01-08 07:02:20.752214-08
NW_MX2100-8,2024-03-05 10:13:59.752-08,2024-10-22 09:35:02.51688-07,2024-12-10 16:52:18.179365-08
NW_MX2100-9,2024-03-05 10:13:59.752-08,2024-11-08 11:31:37.814506-08,2024-12-10 12:20:54.135177-08
NW_MX2100-1,2024-03-05 10:13:59.752-08,2024-10-01 11:52:50.195773-07,2024-12-09 09:33:03.248406-08
NW_MX2100-2,2024-03-05 10:13:59.752-08,2024-10-01 11:56:02.647625-07,2024-12-09 09:34:16.084307-08
NW_MX2100-3,2024-03-05 10:13:59.752-08,2024-10-01 11:59:14.436952-07,2024-12-09 09:35:30.543532-08
NW_MX2100-4,2024-03-05 10:13:59.752-08,2024-10-01 12:02:25.175766-07,2024-12-09 09:36:41.539333-08
NW_MX2100-5,2024-03-05 10:13:59.752-08,2024-10-22 09:25:34.127184-07,2024-12-10 16:48:49.214046-08
NW_MX2100-6,2024-03-05 10:13:59.752-08,2024-10-22 09:28:43.682208-07,2024-12-10 16:49:58.595901-08
NW_MX2100-7,2024-03-05 10:13:59.752-08,2024-10-22 09:31:53.298144-07,2024-12-10 16:51:08.072063-08
NY-AT16030-10,2024-02-03 03:15:19.687-08,2024-02-07 10:01:59.241744-08,2024-12-10 00:24:45.533603-08
NY-MX12072-9,2024-07-03 04:17:19.099-07,2024-11-13 16:46:22.832067-08,2024-12-10 11:28:33.670323-08
SQ_AT0043-9,2024-02-15 05:04:46.514-08,2024-12-11 13:20:48.874661-08,2025-01-07 19:17:32.570277-08
SQ_AT0043-8,2024-02-15 05:04:46.514-08,2024-12-11 13:17:39.107172-08,2025-01-07 19:15:20.450203-08
NY-MX2150-2,2023-10-18 23:11:00.612-07,2025-02-11 08:07:09.9353-08,2025-02-17 08:49:56.758458-08
NY-MX12052-7,2024-04-10 21:24:18.365-07,2024-08-26 12:12:06.957206-07,2024-09-23 16:52:05.355142-07
NY-TX14011-1,2023-09-25 19:34:55.611-07,2024-02-15 14:41:25.990103-08,2024-02-19 10:05:10.717582-08
NY-TX14011-2,2023-09-25 19:34:55.611-07,2024-02-15 14:41:37.713593-08,2024-02-19 10:05:25.484366-08
NY-TX14011-3,2023-09-25 19:34:55.611-07,2024-02-14 15:45:01.461868-08,2024-02-19 10:05:37.307097-08
NY-TX14011-4,2023-09-25 19:34:55.611-07,2024-02-14 15:45:12.244779-08,2024-02-19 10:05:56.000303-08
NY-AT0656-10,2023-09-14 15:12:26.688-07,2025-02-09 22:06:51.715042-08,2025-02-16 21:33:09.929127-08
NY-AT0656-11,2023-09-14 15:12:26.688-07,2025-02-13 16:19:50.309896-08,2025-02-17 14:42:55.670569-08
NY-TX14019-1,2023-11-11 02:36:32.292-08,2023-11-13 09:16:16.738974-08,2023-12-08 02:07:23.363336-08
NY-TX14019-2,2023-11-11 02:36:32.292-08,2023-11-13 09:16:32.663324-08,2023-12-08 02:07:31.043884-08
NY-TX14019-3,2023-11-11 02:36:32.292-08,2023-11-13 09:16:51.286939-08,2023-12-08 02:07:39.210724-08
NY-TX14019-4,2023-11-11 02:36:32.292-08,2023-11-13 09:17:21.998394-08,2023-12-08 02:07:47.359582-08
NY-AT16037-9,2024-02-28 03:35:41.07-08,2024-11-19 09:46:15.504767-08,2024-12-03 13:18:42.563234-08
NY-AT16037-8,2024-02-28 03:35:41.07-08,2024-11-19 09:43:04.620596-08,2024-12-03 13:18:29.715587-08
NY-AT16037-3,2024-02-28 03:35:41.07-08,2024-08-21 15:30:27.305206-07,2024-08-22 17:41:53.382335-07
NY-AT16037-2,2024-02-28 03:35:41.07-08,2024-07-11 18:07:19.577398-07,2024-08-20 09:41:45.533191-07
NY-AT16037-1,2024-02-28 03:35:41.07-08,2024-07-11 18:07:12.263669-07,2024-08-20 09:41:35.313557-07
NY-AT16037-7,2024-02-28 03:35:41.07-08,2024-11-19 09:39:54.419748-08,2024-12-03 13:18:16.448787-08
NY-AT16037-6,2024-02-28 03:35:41.07-08,2024-11-19 09:36:44.283071-08,2024-12-03 13:18:01.719363-08
NY-AT16037-5,2024-02-28 03:35:41.07-08,2024-11-13 14:20:21.751189-08,2024-12-03 13:17:42.995185-08
NY-AT16037-4,2024-02-28 03:35:41.07-08,2024-11-11 14:19:35.255781-08,2024-12-02 12:58:20.437805-08
NY-MX12039-5,2024-03-07 18:16:54.563-08,2024-11-13 16:14:44.808904-08,2024-12-10 11:15:46.104429-08
NY-MX12039-4,2024-03-07 18:16:54.563-08,2024-11-19 09:24:02.447567-08,2024-12-10 00:59:01.336157-08
NY-MX12039-7,2024-03-07 18:16:54.563-08,2024-11-19 09:03:30.780751-08,2024-12-10 11:18:04.81475-08
NY-MX12039-6,2024-03-07 18:16:54.563-08,2024-07-25 14:43:53.22507-07,2024-12-10 11:16:55.499088-08
NY-MX12039-1,2024-03-07 18:16:54.563-08,2024-11-13 15:08:05.671288-08,2024-12-09 22:19:50.749718-08
NY-MX12039-3,2024-03-07 18:16:54.563-08,2024-11-19 09:20:52.432598-08,2024-12-10 00:57:45.748677-08
NY-MX12039-2,2024-03-07 18:16:54.563-08,2024-11-11 14:22:45.436709-08,2024-12-02 12:58:36.495009-08
NY-MX12039-9,2024-03-07 18:16:54.563-08,2024-07-11 18:07:27.208369-07,2024-08-20 09:42:45.588243-07
NY-MX12039-8,2024-03-07 18:16:54.563-08,2024-08-23 08:37:46.35489-07,2024-08-23 13:46:46.467222-07
NW_TX4053-1,2024-02-29 15:48:35.316-08,2024-03-01 09:46:42.907144-08,2024-03-06 14:45:39.851726-08
NW_TX4053-2,2024-02-29 15:48:35.316-08,2024-03-01 09:46:53.573104-08,2024-03-06 14:46:11.404741-08
NW_TX4053-3,2024-02-29 15:48:35.316-08,2024-03-05 09:56:09.501419-08,2024-03-11 13:08:42.963927-07
NW_TX4053-4,2024-02-29 15:48:35.316-08,2024-03-05 09:56:49.619801-08,2024-03-06 14:47:00.216816-08
NW_TX4053-5,2024-02-29 15:48:35.316-08,2024-03-01 09:47:31.03155-08,2024-03-11 13:09:01.541199-07
NW_TX4053-6,2024-02-29 15:48:35.316-08,2024-03-01 09:47:44.301392-08,2024-03-11 13:09:20.049175-07
NW_TX4053-7,2024-02-29 15:48:35.316-08,2024-03-01 09:47:55.947355-08,2024-03-06 14:48:13.69432-08
NW_TX4053-8,2024-02-29 15:48:35.316-08,2024-03-01 09:48:06.060394-08,2024-03-11 13:09:41.87414-07
NW_TX4053-9,2024-02-29 15:48:35.316-08,2024-03-05 09:54:08.52329-08,2024-03-11 13:10:01.080907-07
NY-TX24005-6,2024-10-12 11:07:58.207-07,2024-10-14 12:47:20.385883-07,2025-01-23 10:43:59.142171-08
NY-TX24005-8,2024-10-12 11:07:58.207-07,2024-10-14 12:47:43.502571-07,2025-01-23 10:44:19.290949-08
NY-TX24005-9,2024-10-12 11:07:58.207-07,2024-10-14 12:47:55.988839-07,2025-01-23 10:43:39.129534-08
NW-AT0707-1,2024-06-18 17:26:36.653-07,2024-08-28 11:12:28.62674-07,2024-09-11 22:40:29.900177-07
NW-AT0707-3,2024-06-18 17:26:36.653-07,2024-08-28 11:18:50.135125-07,2024-09-11 22:46:49.944931-07
NW-AT0707-2,2024-06-18 17:26:36.653-07,2024-08-28 11:15:39.308068-07,2024-09-11 22:43:40.308697-07
NW-AT0707-5,2024-06-18 17:26:36.653-07,2024-08-27 17:18:37.887731-07,2024-09-10 15:26:43.510936-07
NY-AT16009-6,2024-03-05 13:18:00.907-08,2024-07-17 13:02:22.973958-07,2024-12-02 12:52:46.730442-08
10X222-3,2024-03-05 21:59:25.288-08,2024-10-18 10:39:44.770312-07,2025-02-13 14:56:56.698335-08
NY-AT16009-7,2024-03-05 13:18:00.907-08,2024-07-25 14:39:25.562558-07,2024-12-03 13:14:14.186038-08
NY-AT16009-8,2024-03-05 13:18:00.907-08,2023-12-12 09:29:52.729481-08,2024-12-10 00:08:01.159624-08
10X222-1,2024-03-05 21:59:25.288-08,2024-10-18 10:39:17.573895-07,2025-02-13 14:56:25.287671-08
NY-AT16009-9,2024-03-05 13:18:00.907-08,2024-11-13 13:42:11.037384-08,2024-12-03 13:14:27.739397-08
10X222-6,2024-03-05 21:59:25.288-08,2024-10-18 10:40:32.540319-07,2025-02-13 14:57:43.818801-08
NW-TX4113-4,2024-07-10 01:16:08.517-07,2024-12-03 12:29:35.331639-08,2025-01-15 10:57:32.387842-08
NW-TX4113-3,2024-07-10 01:16:08.517-07,2024-12-03 12:27:18.110082-08,2025-01-15 10:57:10.87303-08
NW-TX4113-2,2024-07-10 01:16:08.517-07,2024-12-03 12:27:03.54713-08,2025-01-15 10:56:57.861046-08
NW-TX4113-1,2024-07-10 01:16:08.517-07,2025-01-29 13:00:33.375228-08,2025-01-30 10:28:18.886262-08
NY-AT16076-2,2024-07-24 10:38:02.158-07,2024-11-11 17:55:25.413852-08,2024-12-02 13:17:41.683951-08
NY-AT16076-3,2024-07-24 10:38:02.158-07,2024-11-11 18:02:55.172984-08,2024-12-02 13:17:58.800452-08
NY-AT16076-1,2024-07-24 10:38:02.158-07,2024-07-26 11:02:16.286527-07,2024-09-24 15:08:53.237606-07
NY-AT16076-6,2024-07-24 10:38:02.158-07,2024-07-25 14:20:04.626718-07,2024-12-02 13:19:28.555564-08
10X222-4,2024-03-05 21:59:25.288-08,2024-10-18 10:40:01.930855-07,2025-02-13 14:57:10.628741-08
NY-AT16076-4,2024-07-24 10:38:02.158-07,2024-11-14 11:13:02.025573-08,2025-03-21 11:37:35.722713-07
NY-AT16076-5,2024-07-24 10:38:02.158-07,2024-11-11 18:18:21.292412-08,2025-03-21 12:46:34.612606-07
NY-AT16076-8,2024-07-24 10:38:02.158-07,2024-11-11 18:32:24.327755-08,2025-03-21 11:40:42.411388-07
10X222-5,2024-03-05 21:59:25.288-08,2024-10-18 10:40:19.199041-07,2025-02-13 14:57:29.979517-08
NY-MX12017-9,2023-11-07 04:19:57.806-08,2024-09-24 15:50:45.504233-07,2024-09-25 10:23:21.764572-07
NY-MX12017-8,2023-11-07 04:19:57.806-08,2024-09-24 15:50:12.736482-07,2024-09-25 10:23:09.834797-07
NY-MX12017-1,2023-11-07 04:19:57.806-08,2024-09-24 15:48:18.736234-07,2024-09-25 10:21:58.946789-07
NY-MX12017-3,2023-11-07 04:19:57.806-08,2024-11-22 00:25:34.346497-08,2024-12-10 01:41:47.721113-08
NY-MX12017-2,2023-11-07 04:19:57.806-08,2024-11-24 01:45:54.292917-08,2024-12-10 01:40:37.757525-08
NY-MX12017-5,2023-11-07 04:19:57.806-08,2024-11-22 00:31:54.150522-08,2024-12-10 01:44:08.758618-08
NY-MX12017-4,2023-11-07 04:19:57.806-08,2024-11-22 00:28:44.33891-08,2024-12-10 01:42:58.123759-08
NY-MX12017-7,2023-11-07 04:19:57.806-08,2024-09-24 15:49:52.117415-07,2024-09-25 10:22:57.965873-07
NY-MX12017-6,2023-11-07 04:19:57.806-08,2024-11-22 00:35:04.034499-08,2024-12-10 01:45:21.292231-08
NY-MX2138-9,2023-07-19 15:21:19.346-07,2024-10-01 15:43:47.467774-07,2024-12-09 11:05:05.650096-08
NY-MX2138-8,2023-07-19 15:21:19.346-07,2024-10-21 17:35:26.820306-07,2024-12-09 11:03:48.989744-08
NY-MX12029-9,2024-01-31 19:14:16.799-08,2024-07-11 18:06:11.783585-07,2024-08-20 09:29:51.835181-07
NY-MX12078-9,2024-08-03 07:14:07.626-07,2024-11-15 10:19:06.447687-08,2024-12-03 13:47:28.673139-08
NY-MX2138-3,2023-07-19 15:21:19.346-07,2024-10-01 15:31:04.090423-07,2024-12-09 10:59:58.837264-08
NY-MX2138-2,2023-07-19 15:21:19.346-07,2024-10-01 15:27:52.348517-07,2024-12-09 10:58:47.057484-08
NY-MX2138-5,2023-07-19 15:21:19.346-07,2024-10-09 08:51:44.523588-07,2024-10-10 09:32:57.924188-07
NY-MX2138-4,2023-07-19 15:21:19.346-07,2024-10-01 15:34:15.122013-07,2024-12-09 11:01:14.172056-08
NY-MX2138-7,2023-07-19 15:21:19.346-07,2024-10-01 15:37:25.865854-07,2024-12-09 11:02:34.681226-08
NY-MX2138-6,2023-07-19 15:21:19.346-07,2024-02-22 15:59:43.796317-08,2024-11-26 09:39:26.570583-08
SQ_AT0584-10,2024-02-15 04:37:53.082-08,2024-12-11 11:36:30.592606-08,2025-01-07 17:50:29.817513-08
SQ_AT0583-10,2024-02-15 04:39:22.044-08,2025-02-08 16:00:44.187648-08,2025-02-16 15:23:25.691503-08
NY-MX12005-5,2024-03-05 07:24:24.364-08,2024-10-21 14:43:54.668945-07,2024-10-30 09:48:45.666022-07
NY-TX24004-2,2024-10-12 09:07:26.115-07,2024-10-14 09:02:29.424397-07,2025-01-23 10:37:59.011121-08
SQ_AT0564-3,2024-01-11 21:26:17.48-08,2024-08-30 00:15:05.603309-07,2024-09-10 12:19:13.919543-07
SQ_AT0564-2,2024-01-11 21:26:17.48-08,2024-08-30 00:11:54.947813-07,2024-09-10 12:15:15.648665-07
SQ_AT0564-1,2024-01-11 21:26:17.48-08,2024-08-30 00:08:44.673714-07,2024-09-10 12:11:14.116026-07
SQ_AT0564-7,2024-01-11 21:26:17.48-08,2024-10-21 19:20:53.572766-07,2024-12-09 21:10:22.29508-08
SQ_AT0564-9,2024-01-11 21:26:17.48-08,2024-01-12 13:02:37.245326-08,2024-12-10 17:59:50.81118-08
SQ_MX2033-4,2024-02-15 04:59:32.99-08,2024-02-15 15:10:15.442506-08,2025-01-08 04:30:40.551325-08
SQ_MX2033-5,2024-02-15 04:59:32.99-08,2025-01-14 00:26:27.58123-08,2025-01-08 03:25:42.276285-08
SQ_MX2033-6,2024-02-15 04:59:32.99-08,2025-01-14 00:28:38.815517-08,2025-01-08 03:27:51.781883-08
SQ_MX2033-1,2024-02-15 04:59:32.99-08,2024-12-11 12:46:00.953974-08,2025-01-07 18:49:08.211288-08
SQ_MX2033-2,2024-02-15 04:59:32.99-08,2024-12-11 12:49:10.759484-08,2025-01-07 18:51:19.078838-08
SQ_MX2033-3,2024-02-15 04:59:32.99-08,2025-01-14 00:24:16.25706-08,2025-01-08 03:23:32.755018-08
NW-MX2172-1,2024-02-01 18:38:22-08,2024-08-27 16:17:39.090755-07,2024-09-10 14:13:27.149678-07
NW-MX2172-3,2024-02-01 18:38:22-08,2024-08-27 16:24:03.023294-07,2024-09-10 14:21:15.618827-07
NW-MX2172-2,2024-02-01 18:38:22-08,2024-08-27 16:20:50.885537-07,2024-09-10 14:17:17.031311-07
NW-MX2172-5,2024-02-01 18:38:22-08,2024-10-01 19:34:13.125083-07,2024-12-09 20:07:04.962822-08
NW-MX2172-4,2024-02-01 18:38:22-08,2024-08-27 16:27:14.077381-07,2024-09-10 14:25:11.489809-07
NW-MX2172-7,2024-02-01 18:38:22-08,2024-10-01 19:40:38.674522-07,2024-12-09 20:09:29.182722-08
NW-MX2168-5,2024-01-05 11:31:14.239-08,2024-10-01 18:52:46.262382-07,2024-12-09 19:51:36.019894-08
NW-MX2172-9,2024-02-01 18:38:22-08,2024-10-01 19:47:02.633771-07,2024-12-09 20:11:53.559997-08
NW-MX2172-8,2024-02-01 18:38:22-08,2024-10-01 19:43:51.611001-07,2024-12-09 20:10:41.25383-08
NY-AT0659-3,2024-03-05 14:33:08.657-08,2025-02-11 16:37:42.058654-08,2025-02-17 11:48:53.125376-08
NY-MX12002-9,2024-03-05 10:14:51.313-08,2024-07-11 18:05:17.521104-07,2024-08-15 14:11:45.542784-07
NY-AT0659-2,2024-03-05 14:33:08.657-08,2025-02-11 15:37:45.173324-08,2025-02-17 11:13:04.169736-08
NY-MX12002-7,2024-03-05 10:14:51.313-08,2024-02-21 09:35:15.336156-08,2024-08-15 15:08:36.48215-07
NY-MX12002-6,2024-03-05 10:14:51.313-08,2024-07-11 18:05:02.179874-07,2024-08-15 14:10:53.881772-07
NY-MX12002-5,2024-03-05 10:14:51.313-08,2024-07-11 18:04:54.781906-07,2024-08-15 14:10:38.860124-07
NY-MX12002-4,2024-03-05 10:14:51.313-08,2024-08-21 10:19:19.509058-07,2024-08-22 12:20:13.117462-07
NY-MX12002-3,2024-03-05 10:14:51.313-08,2024-08-19 14:36:44.847481-07,2024-08-21 10:05:04.879913-07
NY-MX12002-1,2024-03-05 10:14:51.313-08,2024-07-07 22:54:53.637254-07,2024-07-10 10:38:31.916385-07
NY-AT16046-3,2024-03-25 21:14:19.302-07,2024-08-26 10:38:30.824799-07,2024-09-23 16:43:55.977375-07
NY-AT16046-2,2024-03-25 21:14:19.302-07,2024-11-19 09:27:12.807001-08,2024-12-10 01:00:18.473897-08
NY-AT16046-1,2024-03-25 21:14:19.302-07,2024-11-11 14:32:16.772001-08,2024-12-02 12:59:23.490421-08
NY-AT16046-7,2024-03-25 21:14:19.302-07,2024-08-26 10:59:16.654163-07,2024-09-23 16:45:23.410367-07
NY-AT16046-5,2024-03-25 21:14:19.302-07,2024-08-26 10:48:51.729185-07,2024-09-23 16:44:28.209523-07
NY-AT16046-4,2024-03-25 21:14:19.302-07,2024-08-26 10:43:40.978338-07,2024-09-23 16:44:09.899558-07
NY-AT0659-7,2024-03-05 14:33:08.657-08,2025-02-11 19:01:10.28172-08,2025-02-17 12:09:21.844721-08
NY-AT16046-9,2024-03-25 21:14:19.302-07,2024-11-13 15:39:54.664849-08,2024-12-09 22:31:31.10221-08
NY-AT16046-8,2024-03-25 21:14:19.302-07,2024-08-26 11:04:27.257263-07,2024-09-23 16:45:42.962151-07
NW_AT0630-9,2023-03-06 09:12:55.296-08,2024-11-26 10:20:35.777356-08,2024-12-10 16:24:27.640747-08
NW_MX2062-1,2024-01-11 20:31:40.506-08,2024-11-05 16:16:06.789038-08,2024-12-10 11:56:31.837714-08
NW_AT0630-5,2023-03-06 09:12:55.296-08,2024-08-27 23:35:20.167472-07,2024-09-11 12:16:27.740593-07
NW_MX2062-3,2024-01-11 20:31:40.506-08,2025-02-08 15:54:08.021517-08,2025-02-16 15:08:05.985408-08
NW_MX2062-2,2024-01-11 20:31:40.506-08,2025-02-08 15:52:02.243269-08,2025-02-16 15:02:59.486185-08
NW_MX2062-5,2024-01-11 20:31:40.506-08,2025-02-08 15:56:13.886032-08,2025-02-16 15:13:12.277569-08
NW_AT0630-1,2023-03-06 09:12:55.296-08,2024-08-27 23:22:34.48216-07,2024-09-11 12:03:43.435102-07
NW_AT0630-2,2023-03-06 09:12:55.296-08,2024-08-27 23:25:45.165501-07,2024-09-11 12:06:54.033338-07
NW_MX2062-6,2024-01-11 20:31:40.506-08,2024-01-12 13:06:13.154754-08,2024-12-10 17:16:46.78926-08
NW_MX2123-9,2024-02-29 10:43:12.839-08,2024-08-28 00:01:02.756742-07,2024-09-11 12:41:53.713325-07
NW_MX2123-8,2024-02-29 10:43:12.839-08,2024-10-09 08:51:14.73455-07,2024-10-10 09:32:19.834325-07
NY-MX12016-8,2023-11-07 02:39:30.977-08,2024-09-24 15:47:50.245415-07,2024-09-25 10:15:24.95005-07
NY-MX12016-9,2023-11-07 02:39:30.977-08,2024-09-24 15:48:05.444368-07,2024-09-25 10:15:37.118053-07
NW_MX2123-1,2024-02-29 10:43:12.839-08,2024-08-27 23:45:02.994517-07,2024-09-11 12:25:59.086585-07
NY-MX12016-5,2023-11-07 02:39:30.977-08,2024-09-24 15:46:58.530015-07,2024-09-25 10:14:13.397318-07
NW_MX2123-3,2024-02-29 10:43:12.839-08,2024-08-27 23:51:25.642039-07,2024-09-11 12:32:22.062426-07
NW_MX2123-2,2024-02-29 10:43:12.839-08,2024-08-27 23:48:14.967224-07,2024-09-11 12:29:10.076248-07
NW_MX2123-5,2024-02-29 10:43:12.839-08,2024-08-27 23:57:50.339019-07,2024-09-11 12:38:43.344597-07
NW_MX2123-4,2024-02-29 10:43:12.839-08,2024-08-27 23:54:38.089617-07,2024-09-11 12:35:32.827918-07
NW_MX2123-7,2024-02-29 10:43:12.839-08,2024-11-24 06:23:23.470058-08,2024-12-10 16:25:37.284239-08
NW_MX2123-6,2024-02-29 10:43:12.839-08,2024-10-09 08:50:52.150378-07,2024-10-10 09:32:04.310304-07
NY-AT0651-10,2023-09-29 01:23:50.64-07,2025-02-10 00:05:51.436065-08,2025-02-16 23:20:35.012881-08
NY-TX24001-4,2024-09-19 23:51:24.89-07,2024-10-08 15:17:11.901055-07,2025-01-23 10:49:33.849708-08
NY-TX24001-5,2024-09-19 23:51:24.89-07,2024-10-08 15:17:46.179009-07,2025-01-23 10:49:46.050725-08
NY-TX24001-6,2024-09-19 23:51:24.89-07,2024-10-08 15:18:02.401449-07,2025-01-23 10:48:54.245494-08
NY-TX24001-7,2024-09-19 23:51:24.89-07,2024-10-08 15:18:34.601047-07,2025-01-23 10:49:04.160463-08
NY-TX24001-1,2024-09-19 23:51:24.89-07,2024-10-08 15:13:36.33953-07,2025-01-23 10:38:09.38306-08
NY-TX24001-2,2024-09-19 23:51:24.89-07,2024-10-08 15:15:44.354278-07,2025-01-23 12:54:48.523067-08
NY-TX24001-3,2024-09-19 23:51:24.89-07,2024-10-08 15:16:39.052765-07,2025-01-23 10:35:50.544319-08
NY-TX24001-8,2024-09-19 23:51:24.89-07,2024-10-08 15:18:58.258549-07,2025-01-23 10:49:13.917597-08
NY-TX24001-9,2024-09-19 23:51:24.89-07,2024-10-08 15:19:28.002659-07,2025-01-23 10:49:23.842598-08
NY-MX2152-9,2023-11-02 08:14:22.233-07,2024-08-28 05:46:46.217183-07,2024-09-11 18:31:26.092805-07
NY-MX2152-5,2023-11-02 08:14:22.233-07,2024-09-02 20:19:43.779701-07,2024-09-11 18:18:42.633173-07
NY-MX2152-4,2023-11-02 08:14:22.233-07,2024-08-28 05:30:53.319325-07,2024-09-11 18:15:30.234988-07
NY-MX2152-7,2023-11-02 08:14:22.233-07,2024-08-28 05:40:25.172048-07,2024-09-11 18:25:04.182076-07
NY-MX2152-6,2023-11-02 08:14:22.233-07,2024-09-02 20:20:01.196057-07,2024-09-11 18:21:53.388231-07
NY-MX2152-1,2023-11-02 08:14:22.233-07,2024-08-28 05:21:21.13575-07,2024-09-11 18:05:55.064564-07
NY-MX2152-3,2023-11-02 08:14:22.233-07,2024-08-28 05:27:43.143343-07,2024-09-11 18:12:18.60443-07
NY-MX2152-2,2023-11-02 08:14:22.233-07,2024-08-28 05:24:32.96462-07,2024-09-11 18:09:06.472556-07
NW-MX2126-2,2023-03-28 23:23:24.136-07,2024-08-28 00:31:00.073183-07,2024-09-11 13:10:30.348114-07
NW-MX2126-3,2023-03-28 23:23:24.136-07,2024-08-28 00:34:12.121679-07,2024-09-11 13:13:41.478553-07
NW-MX2126-1,2023-03-28 23:23:24.136-07,2024-08-28 00:27:47.716186-07,2024-09-11 13:07:19.205545-07
NW-MX2126-6,2023-03-28 23:23:24.136-07,2024-08-28 00:43:45.598505-07,2024-09-11 13:23:12.342928-07
NW-MX2126-7,2023-03-28 23:23:24.136-07,2024-08-28 00:46:56.675787-07,2024-09-11 13:26:23.273022-07
NW-MX2126-4,2023-03-28 23:23:24.136-07,2024-08-28 00:37:23.604434-07,2024-09-11 13:16:51.634826-07
NW-MX2126-5,2023-03-28 23:23:24.136-07,2024-08-28 00:40:34.488885-07,2024-09-11 13:20:01.594681-07
NY-AT26005-22,2024-09-20 01:02:21.025-07,2024-09-23 11:00:17.008655-07,2024-09-27 10:24:40.894942-07
NY-AT26005-23,2024-09-20 01:02:21.025-07,2024-09-20 10:17:46.733617-07,2024-09-30 10:46:22.933599-07
NW-MX2126-8,2023-03-28 23:23:24.136-07,2024-08-28 00:50:07.213873-07,2024-09-11 13:29:33.956185-07
NW-MX2126-9,2023-03-28 23:23:24.136-07,2024-08-28 00:53:18.54004-07,2024-09-11 13:32:43.860695-07
NY-AT26005-24,2024-09-20 01:02:21.025-07,2024-09-20 10:20:58.346954-07,2024-09-30 10:43:12.87647-07
NY-AT26005-25,2024-09-20 01:02:21.025-07,2024-09-20 10:24:09.476742-07,2024-09-30 10:40:02.704433-07
SQ_AT012-5,2024-03-23 20:55:54.831-07,2025-02-10 02:58:51.525546-08,2025-02-17 00:52:36.942576-08
SQ_MX2025-9,2024-01-11 20:49:57.864-08,2025-02-08 15:22:35.995813-08,2025-02-16 13:51:26.802096-08
SQ_MX2025-8,2024-01-11 20:49:57.864-08,2025-02-10 14:44:14.990305-08,2025-02-17 05:10:08.895088-08
SQ_MX2025-5,2024-01-11 20:49:57.864-08,2025-02-10 14:37:15.606141-08,2025-02-17 04:54:48.293748-08
SQ_MX2025-4,2024-01-11 20:49:57.864-08,2025-02-11 08:58:34.260537-08,2025-02-17 09:05:16.372455-08
NY-MX22006-18,2024-09-26 00:23:23.453-07,2024-09-27 10:25:48.617188-07,2024-09-30 12:26:55.705529-07
NW_TX0029-13,,,
NW_TX0029-12,,,
NW_TX0029-11,,,
NW_TX0029-10,,,
NW_TX0029-16,,,
NW_TX0029-15,,,
NW_TX0029-14,,,
SQ_AT0565-9,,,
NW_TX0110-10,,,
NY-AT16006-3,2023-09-08 01:19:39.522-07,2024-10-21 14:56:33.381802-07,2024-10-30 09:49:57.876582-07
NY-MX12022-9,2023-12-09 21:03:38.367-08,2024-11-22 01:57:30.002902-08,2024-12-10 02:16:48.063202-08
NY-MX12022-8,2023-12-09 21:03:38.367-08,2024-11-24 01:55:26.017641-08,2024-12-10 02:15:38.23096-08
NY-MX12022-5,2023-12-09 21:03:38.367-08,2024-11-22 01:44:52.449584-08,2024-12-10 02:12:08.417925-08
NY-MX12022-7,2023-12-09 21:03:38.367-08,2024-11-22 01:51:11.037634-08,2024-12-10 02:14:27.810877-08
NY-MX12022-6,2023-12-09 21:03:38.367-08,2024-11-24 01:52:12.811458-08,2024-12-10 02:13:18.083727-08
NY-MX12022-1,2023-12-09 21:03:38.367-08,2024-11-22 01:41:42.608446-08,2024-12-10 02:10:58.573548-08
NY-MX12022-3,2023-12-09 21:03:38.367-08,2024-11-14 14:22:25.300106-08,2024-12-02 12:53:47.199592-08
NY-MX12022-2,2023-12-09 21:03:38.367-08,2024-11-14 14:22:32.022912-08,2025-03-21 12:37:07.947949-07
NY-AT16021-8,2023-12-05 04:01:08.517-08,2024-11-22 01:35:21.323958-08,2024-12-10 02:08:39.623128-08
NY-MX22006-16,2024-09-26 00:23:23.453-07,2024-09-27 10:19:28.189162-07,2024-09-30 12:33:22.030104-07
NY-MX22006-17,2024-09-26 00:23:23.453-07,2024-09-27 10:22:38.229883-07,2024-09-30 12:30:08.939039-07
NY-MX22006-14,2024-09-26 00:23:23.453-07,2024-09-27 10:13:08.443274-07,2024-09-30 12:39:46.320255-07
NY-MX22006-15,2024-09-26 00:23:23.453-07,2024-09-27 10:16:18.430905-07,2024-09-30 12:36:33.903424-07
NY-MX22006-10,2024-09-26 00:23:23.453-07,2024-09-27 10:00:26.854103-07,2024-09-30 12:52:37.754122-07
NY-MX22006-11,2024-09-26 00:23:23.453-07,2024-09-27 10:03:37.774655-07,2024-09-30 12:49:25.112408-07
NY-AT16021-7,2023-12-05 04:01:08.517-08,2024-07-17 12:55:01.115354-07,2024-12-02 12:49:25.405915-08
NY-AT16021-4,2023-12-05 04:01:08.517-08,2023-12-12 09:30:32.74674-08,2024-12-10 00:17:29.52573-08
NY-AT16021-5,2023-12-05 04:01:08.517-08,2024-11-22 01:32:10.856629-08,2024-12-10 02:07:29.856528-08
NY-MX12057-10,2024-05-01 03:28:27.489-07,2024-07-17 13:11:52.986377-07,2024-08-15 12:41:22.720891-07
NY-AT0674-10,2023-11-11 11:16:26.315-08,2024-10-01 17:38:20.836164-07,2024-12-09 19:22:49.091449-08
NY-MX12045-4,2024-03-13 23:17:26.113-07,2024-08-26 09:25:44.562598-07,2024-09-23 16:43:16.651209-07
NY-MX12045-5,2024-03-13 23:17:26.113-07,2024-11-22 03:45:41.469582-08,2024-12-10 10:51:21.379814-08
NY-MX12045-6,2024-03-13 23:17:26.113-07,2024-11-22 03:48:52.088745-08,2024-12-10 10:52:31.439663-08
NY-MX12045-7,2024-03-13 23:17:26.113-07,2024-11-19 09:49:26.370821-08,2024-12-10 10:53:41.042926-08
NY-MX12045-1,2024-03-13 23:17:26.113-07,2024-08-26 09:10:10.760008-07,2024-09-23 16:42:40.480984-07
NY-MX12045-2,2024-03-13 23:17:26.113-07,2024-08-26 09:15:22.378664-07,2024-09-23 16:42:52.502244-07
NY-MX12045-3,2024-03-13 23:17:26.113-07,2024-08-26 09:20:33.268482-07,2024-09-23 16:43:04.374996-07
NY-MX12045-8,2024-03-13 23:17:26.113-07,2024-03-27 12:25:15.391417-07,2024-12-10 00:40:27.956444-08
NY-MX12045-9,2024-03-13 23:17:26.113-07,2024-08-02 13:29:59.99522-07,2024-12-10 00:41:38.76524-08
SQ_AT0621-14,2024-02-29 11:05:34.583-08,2024-10-09 08:49:36.692594-07,2024-10-10 09:30:58.460498-07
SQ_AT0621-11,2024-02-29 11:05:34.583-08,2025-02-11 04:59:02.655351-08,2025-02-17 07:28:07.596677-08
SQ_AT0621-10,2024-02-29 11:05:34.583-08,2024-10-01 14:49:42.303614-07,2024-12-09 10:43:47.497927-08
SQ_AT0621-13,2024-02-29 11:05:34.583-08,2024-10-01 14:56:03.783114-07,2024-12-09 10:46:13.62525-08
SQ_AT0621-12,2024-02-29 11:05:34.583-08,2024-10-01 14:52:53.126124-07,2024-12-09 10:45:01.627883-08
SQ_AT0611-4,2024-02-29 11:21:56.497-08,2024-10-01 12:05:35.857967-07,2024-12-09 09:40:22.314067-08
SQ_AT0611-5,2024-02-29 11:21:56.497-08,2024-10-22 09:53:58.256826-07,2024-12-10 16:46:29.550694-08
SQ_AT0611-6,2024-02-29 11:21:56.497-08,2024-10-22 09:57:07.339135-07,2024-12-10 16:47:39.735125-08
SQ_AT0611-1,2024-02-29 11:21:56.497-08,2024-10-09 08:49:12.858279-07,2024-10-10 09:30:27.335077-07
SQ_AT0611-3,2024-02-29 11:21:56.497-08,2024-10-21 19:46:22.295394-07,2024-12-09 21:19:47.667651-08
NY-MX22001-17,2024-03-21 23:18:50.644-07,2024-08-26 10:23:00.427817-07,2024-09-23 16:54:10.543585-07
NY-MX22001-14,2024-03-21 23:18:50.644-07,2024-08-26 10:07:26.251958-07,2024-09-23 16:53:23.851305-07
NY-MX22001-13,2024-03-21 23:18:50.644-07,2024-08-26 10:02:14.954987-07,2024-09-23 16:53:02.396807-07
NY-MX22001-11,2024-03-21 23:18:50.644-07,2024-11-11 14:29:06.6254-08,2024-12-02 13:24:19.573357-08
NY-MX22001-10,2024-03-21 23:18:50.644-07,2024-11-19 07:58:31.030455-08,2024-12-03 13:51:30.651837-08
NY-AT26009-16,2024-10-12 17:21:04.974-07,2024-10-13 02:05:38.68374-07,2024-10-14 11:46:27.712342-07
SQ_AT014-6,2024-03-21 14:34:16.705-07,2025-02-10 04:09:16.391685-08,2025-02-17 03:12:33.752421-08
NY-MX22002-12,2025-03-19 17:00:16.889-07,2024-09-01 08:36:27.360766-07,2024-09-08 23:25:09.735328-07
NY-MX22002-13,2025-03-19 17:00:16.889-07,2024-09-01 08:39:38.101017-07,2025-03-21 11:43:49.695782-07
NY-MX12069-8,2024-06-27 19:54:14.902-07,2025-01-16 11:19:25.419385-08,2025-01-17 05:03:15.404887-08
NY-MX12069-9,2024-06-27 19:54:14.902-07,2024-12-02 13:26:01.049442-08,2024-12-10 01:04:15.114586-08
NY-MX22002-16,2025-03-19 17:00:16.889-07,2024-09-01 08:49:09.615634-07,2024-09-08 23:12:27.167203-07
NY-MX22002-17,2025-03-19 17:00:16.889-07,2024-09-01 08:52:20.440533-07,2024-09-08 23:09:16.863982-07
NY-MX22002-14,2025-03-19 17:00:16.889-07,2024-09-01 08:42:48.47756-07,2024-09-08 23:18:48.765438-07
NY-MX22002-15,2025-03-19 17:00:16.889-07,2024-09-01 08:45:59.18507-07,2024-09-08 23:15:38.142783-07
NY-MX12069-2,2024-06-27 19:54:14.902-07,2024-11-11 16:23:01.003439-08,2024-12-02 13:10:05.987682-08
NY-MX12069-3,2024-06-27 19:54:14.902-07,2024-11-11 16:28:43.031877-08,2024-12-02 13:10:21.023005-08
NY-MX22002-18,2025-03-19 17:00:16.889-07,2024-09-01 08:55:31.055462-07,2024-09-08 22:34:19.324465-07
NY-MX12069-1,2024-06-27 19:54:14.902-07,2024-11-11 16:14:59.386554-08,2024-12-02 13:09:50.427074-08
NY-MX12069-6,2024-06-27 19:54:14.902-07,2024-11-13 14:29:52.499629-08,2024-12-03 13:42:25.797872-08
NY-MX12069-7,2024-06-27 19:54:14.902-07,2024-11-15 10:20:14.783121-08,2024-12-03 13:42:38.550344-08
NY-MX12069-4,2024-06-27 19:54:14.902-07,2024-11-13 14:23:32.074149-08,2024-12-03 13:41:51.233197-08
NY-MX12069-5,2024-06-27 19:54:14.902-07,2024-11-15 10:21:22.708755-08,2024-12-03 13:42:04.705324-08
NY-AT16001-8,2024-03-05 14:32:56.086-08,2024-06-28 11:05:31.767936-07,2024-07-03 16:07:16.475229-07
NY-AT16001-9,2024-03-05 14:32:56.086-08,2024-06-28 11:05:39.607906-07,2024-07-03 16:07:24.012569-07
NY-AT16001-1,2024-03-05 14:32:56.086-08,2024-06-28 11:04:36.306309-07,2024-07-03 16:06:18.812525-07
NY-AT16001-2,2024-03-05 14:32:56.086-08,2024-06-28 11:04:43.541354-07,2024-07-03 16:06:27.436759-07
NY-AT16001-3,2024-03-05 14:32:56.086-08,2024-06-28 11:04:51.380584-07,2024-07-04 13:35:21.776225-07
NY-AT16001-4,2024-03-05 14:32:56.086-08,2024-06-28 11:04:59.08189-07,2024-07-03 16:06:44.470969-07
NY-AT16001-5,2024-03-05 14:32:56.086-08,2024-06-28 11:05:06.714041-07,2024-07-03 16:06:52.474086-07
NY-AT16001-6,2024-03-05 14:32:56.086-08,2024-06-28 11:05:14.512818-07,2024-07-03 16:07:00.358894-07
NY-AT16001-7,2024-03-05 14:32:56.086-08,2024-06-28 11:05:23.286812-07,2024-07-03 16:07:08.333019-07
NW_AT0597-2,2024-01-11 20:25:19.983-08,2024-11-06 11:45:24.168349-08,2024-12-10 12:12:45.754902-08
NW_AT0597-3,2024-01-11 20:25:19.983-08,2024-01-12 13:17:02.584506-08,2024-12-10 17:31:51.369926-08
NW_AT0597-1,2024-01-11 20:25:19.983-08,2024-11-05 16:57:12.891488-08,2024-12-10 12:11:36.427271-08
NW_AT0597-6,2024-01-11 20:25:19.983-08,2025-02-09 19:18:04.812797-08,2025-02-16 20:11:15.705587-08
NW_AT0597-7,2024-01-11 20:25:19.983-08,2025-02-09 19:20:11.874107-08,2025-02-16 20:16:23.922785-08
NW_AT0597-4,2024-01-11 20:25:19.983-08,2025-02-09 19:09:32.710719-08,2025-02-16 20:01:00.043311-08
NW_AT0597-5,2024-01-11 20:25:19.983-08,2025-02-09 19:15:57.323991-08,2025-02-16 20:06:07.179398-08
NW_AT0597-8,2024-01-11 20:25:19.983-08,2025-02-09 19:22:19.132818-08,2025-02-16 20:21:31.087274-08
NW_AT0597-9,2024-01-11 20:25:19.983-08,2025-02-09 19:24:25.789728-08,2025-02-16 20:26:38.201498-08
NY-AT16063-8,2024-06-18 23:57:10.546-07,2024-11-11 14:35:27.113474-08,2024-12-02 12:59:40.545516-08
NY-AT16063-9,2024-06-18 23:57:10.546-07,2024-11-11 14:38:37.913688-08,2024-12-02 13:00:01.16408-08
NY-MX22005-11,2024-09-19 20:04:15.748-07,2024-09-20 09:36:20.155571-07,2024-09-30 11:14:54.05659-07
NY-MX22005-10,2024-09-19 20:04:15.748-07,2024-09-23 11:12:54.957554-07,2024-09-27 10:11:59.416944-07
NW-TX4116-4,2024-07-29 19:00:10.206-07,2025-01-12 17:38:47.630453-08,2025-01-15 14:33:37.573162-08
NY-MX22005-16,2024-09-19 20:04:15.748-07,2024-09-20 09:52:22.500083-07,2024-09-30 11:02:13.942682-07
NY-MX22005-15,2024-09-19 20:04:15.748-07,2024-09-20 09:49:11.835178-07,2024-09-30 11:05:24.407675-07
NW-TX4116-2,2024-07-29 19:00:10.206-07,2025-01-12 17:34:24.334314-08,2025-01-15 14:33:10.631969-08
NY-MX22005-14,2024-09-19 20:04:15.748-07,2024-09-20 09:45:57.996636-07,2024-09-30 11:08:34.296245-07
NW-TX4116-3,2024-07-29 19:00:10.206-07,2025-01-12 17:36:36.141181-08,2025-01-15 14:33:23.887154-08
NW-TX4116-1,2024-07-29 19:00:10.206-07,2025-01-12 17:32:12.341909-08,2025-01-15 14:32:56.394154-08
NY-MX22005-19,2024-09-19 20:04:15.748-07,2024-09-20 10:01:54.138398-07,2024-09-30 10:52:42.885757-07
NY-MX22005-18,2024-09-19 20:04:15.748-07,2024-09-20 09:58:44.066917-07,2024-09-30 10:55:52.89375-07
NY-AT16063-4,2024-06-18 23:57:10.546-07,2024-06-28 10:23:48.824869-07,2024-08-16 12:27:18.805806-07
SQ_AT0595-9,2024-01-11 21:48:38.874-08,2025-02-09 17:37:33.32558-08,2025-02-16 19:18:34.391765-08
SQ_AT0595-8,2024-01-11 21:48:38.874-08,2025-02-09 17:35:26.988911-08,2025-02-16 19:13:26.615404-08
SQ_AT0595-3,2024-01-11 21:48:38.874-08,2025-02-09 16:44:06.91194-08,2025-02-16 18:58:06.053449-08
SQ_AT0595-2,2024-01-11 21:48:38.874-08,2025-02-09 15:57:00.368183-08,2025-02-16 18:52:59.603437-08
SQ_AT0595-1,2024-01-11 21:48:38.874-08,2025-02-09 15:54:53.766312-08,2025-02-16 18:47:53.223864-08
SQ_AT0595-7,2024-01-11 21:48:38.874-08,2024-01-21 10:58:45.76255-08,2025-01-08 02:40:16.601075-08
SQ_AT0595-6,2024-01-11 21:48:38.874-08,2024-01-21 10:58:31.013641-08,2025-01-08 02:38:07.15924-08
SQ_AT0595-5,2024-01-11 21:48:38.874-08,2025-02-09 17:03:19.906675-08,2025-02-16 19:08:19.024641-08
SQ_AT0595-4,2024-01-11 21:48:38.874-08,2025-02-09 16:46:13.638885-08,2025-02-16 19:03:12.257831-08
NW_AT0603-2,2024-02-06 15:30:05.156-08,2024-02-07 14:18:02.118717-08,2024-12-10 17:43:29.25237-08
NW_AT0603-3,2024-02-06 15:30:05.156-08,2024-11-05 13:28:07.04441-08,2024-12-09 22:53:42.158739-08
NW_AT0603-1,2024-02-06 15:30:05.156-08,2024-02-07 14:17:34.306399-08,2024-12-10 17:42:19.557169-08
NW_AT0603-6,2024-02-06 15:30:05.156-08,2024-02-07 14:18:37.472146-08,2024-12-10 17:44:39.273252-08
NW_AT0603-7,2024-02-06 15:30:05.156-08,2024-10-01 11:11:17.048168-07,2024-12-09 09:25:35.255124-08
NW_AT0603-4,2024-02-06 15:30:05.156-08,2024-11-05 13:31:16.345782-08,2024-12-09 22:54:52.509326-08
NW_AT0603-5,2024-02-06 15:30:05.156-08,2024-10-21 21:08:46.55113-07,2024-12-09 21:41:08.66014-08
NW_AT0603-8,2024-02-06 15:30:05.156-08,2024-10-01 11:14:27.946956-07,2024-12-09 09:26:50.255405-08
NW_AT0603-9,2024-02-06 15:30:05.156-08,2024-10-01 11:17:39.031971-07,2024-12-09 09:28:04.644528-08
NW-MX2183-9,2024-05-21 14:51:39.65-07,2024-09-26 10:38:24.301703-07,2024-09-30 10:16:03.319321-07
NW-MX2183-8,2024-05-21 14:51:39.65-07,2024-09-26 10:38:07.984788-07,2024-09-30 10:15:34.244738-07
NW-AT0696-8,2024-04-09 11:56:47.683-07,2024-09-26 10:29:59.296007-07,2024-09-30 10:02:28.551669-07
NW-AT0696-9,2024-04-09 11:56:47.683-07,2024-09-26 10:30:23.510355-07,2024-09-30 10:02:41.056216-07
SQ_AT017-7,2024-02-28 00:17:57.79-08,2024-10-21 23:37:34.113942-07,2025-01-07 21:00:35.091965-08
NW-MX2183-1,2024-05-21 14:51:39.65-07,2024-09-26 10:37:46.594577-07,2024-09-30 10:15:19.350128-07
NW-AT0696-3,2024-04-09 11:56:47.683-07,2024-09-26 10:28:29.362155-07,2024-09-30 10:01:10.563945-07
NW-MX2183-2,2024-05-21 14:51:39.65-07,2024-08-28 09:12:46.26831-07,2024-09-11 21:43:00.833162-07
NW-AT0696-6,2024-04-09 11:56:47.683-07,2024-09-26 10:29:28.197977-07,2024-09-30 10:01:55.181211-07
NW-MX2183-4,2024-05-21 14:51:39.65-07,2024-08-27 17:05:37.618937-07,2024-09-10 15:11:25.34325-07
NW-MX2183-7,2024-05-21 14:51:39.65-07,2024-08-27 17:12:07.620746-07,2024-09-10 15:19:04.20719-07
NW-AT0696-5,2024-04-09 11:56:47.683-07,2024-09-26 10:28:58.755648-07,2024-09-30 10:01:40.222899-07
SQ_AT017-9,2024-02-28 00:17:57.79-08,2024-11-05 15:03:09.686945-08,2025-01-07 21:04:57.538416-08
SQ_AT017-8,2024-02-28 00:17:57.79-08,2024-11-05 15:00:00.383818-08,2025-01-07 21:02:45.810414-08
NY-MX12066-4,2024-06-13 23:50:24.684-07,2024-11-19 10:21:17.663574-08,2024-12-03 13:39:00.520838-08
SQ_AT0021-10,2023-11-17 20:28:04.872-08,2025-02-27 14:56:27.016336-08,2025-03-03 13:45:58.879861-08
SQ_AT0048-12,2024-02-15 04:31:01.19-08,2025-01-14 00:39:33.679012-08,2025-01-08 04:00:20.508429-08
SQ_AT0048-13,2024-02-15 04:31:01.19-08,2025-01-14 00:41:44.498101-08,2025-01-08 04:02:30.900954-08
SQ_AT0048-10,2024-02-15 04:31:01.19-08,2024-12-11 13:58:59.809172-08,2025-01-07 19:43:54.946375-08
SQ_AT0048-11,2024-02-15 04:31:01.19-08,2024-02-15 15:14:03.966767-08,2025-01-08 04:52:19.491535-08
NY-MX12077-9,2024-07-24 03:42:26.907-07,2024-08-15 10:06:55.01636-07,2024-08-16 09:38:05.250307-07
NW-AT0711-14,2024-07-23 07:12:10.049-07,2024-08-28 11:34:44.809564-07,2024-09-11 23:02:45.004818-07
NW-AT0711-12,2024-07-23 07:12:10.049-07,2024-08-02 11:39:00.26432-07,2024-09-10 17:24:56.911951-07
NW-AT0711-13,2024-07-23 07:12:10.049-07,2024-08-28 11:31:34.406551-07,2024-09-11 22:59:33.285119-07
NW-AT0711-10,2024-07-23 07:12:10.049-07,2024-08-27 18:22:48.189854-07,2024-09-10 16:40:28.696213-07
NW-AT0711-11,2024-07-23 07:12:10.049-07,2024-08-02 11:38:35.11593-07,2024-09-10 17:21:46.729431-07
NW_MX2080-9,2024-01-11 21:01:35.648-08,2024-10-22 03:19:14.165833-07,2024-12-11 00:25:02.245243-08
NW_MX2080-8,2024-01-11 21:01:35.648-08,2024-10-22 09:16:05.439957-07,2024-12-10 16:34:56.41608-08
NW_MX2080-5,2024-01-11 21:01:35.648-08,2024-12-18 16:18:46.984067-08,2025-01-08 06:55:50.139414-08
NW_MX2080-4,2024-01-11 21:01:35.648-08,2024-12-18 16:13:36.002439-08,2025-01-08 06:53:40.603012-08
NW_MX2080-1,2024-01-11 21:01:35.648-08,2024-08-27 15:48:39.313587-07,2024-09-10 13:27:35.089574-07
NW_MX2080-3,2024-01-11 21:01:35.648-08,2024-10-22 03:06:36.01257-07,2024-12-11 00:22:42.872769-08
NW_MX2080-2,2024-01-11 21:01:35.648-08,2024-02-06 10:31:30.395059-08,2024-12-10 18:11:31.624598-08
NW-AT0712-12,2024-07-31 20:37:08.508-07,2024-08-27 18:51:22.935304-07,2024-09-10 17:12:15.050492-07
NW-AT0712-11,2024-07-31 20:37:08.508-07,2024-08-28 11:53:49.319016-07,2024-09-11 23:21:49.537271-07
NW-AT0712-10,2024-07-31 20:37:08.508-07,2024-08-28 11:50:38.976744-07,2024-09-11 23:18:39.251233-07
NY-MX2135-8,2024-03-05 05:35:56.889-08,2024-08-28 01:44:34.882057-07,2024-09-11 14:23:34.365176-07
NY-MX2135-9,2024-03-05 05:35:56.889-08,2024-08-28 01:51:00.802482-07,2024-09-11 14:29:55.23827-07
NY-MX2135-1,2024-03-05 05:35:56.889-08,2024-09-05 10:58:08.816315-07,2024-09-11 13:39:04.51656-07
NY-MX2135-2,2024-03-05 05:35:56.889-08,2024-09-05 11:04:46.447333-07,2024-09-11 13:45:24.707491-07
NY-MX2135-3,2024-03-05 05:35:56.889-08,2024-08-28 01:12:35.981605-07,2024-09-11 13:51:46.46241-07
NY-MX2135-4,2024-03-05 05:35:56.889-08,2024-08-28 01:19:01.10751-07,2024-09-11 13:58:07.204667-07
NY-MX2135-5,2024-03-05 05:35:56.889-08,2024-08-28 01:25:26.943363-07,2024-09-11 14:04:28.788591-07
NY-MX2135-6,2024-03-05 05:35:56.889-08,2024-08-28 01:31:49.521553-07,2024-09-11 14:10:49.201756-07
NY-MX2135-7,2024-03-05 05:35:56.889-08,2024-08-28 01:38:12.088853-07,2024-09-11 14:17:10.756942-07
SQ_AT0031-8,2024-01-11 20:43:54.15-08,2025-02-10 14:44:14.990305-08,2025-02-17 05:10:08.895088-08
SQ_AT0031-9,2024-01-11 20:43:54.15-08,2025-02-08 15:22:35.995813-08,2025-02-16 13:51:26.802096-08
SQ_AT0031-4,2024-01-11 20:43:54.15-08,2025-02-11 08:58:34.260537-08,2025-02-17 09:05:16.372455-08
SQ_AT0031-5,2024-01-11 20:43:54.15-08,2025-02-10 14:37:15.606141-08,2025-02-17 04:54:48.293748-08
SQ_AT0031-6,2024-01-11 20:43:54.15-08,2025-02-10 14:39:44.497718-08,2025-02-17 04:59:54.770615-08
SQ_AT0031-7,2024-01-11 20:43:54.15-08,2025-02-10 14:42:03.46564-08,2025-02-17 05:05:01.916863-08
SQ_AT0031-1,2024-01-11 20:43:54.15-08,2024-01-17 13:48:14.397344-08,2025-01-08 09:11:12.230294-08
SQ_AT0031-2,2024-01-11 20:43:54.15-08,2024-01-17 13:48:31.556278-08,2025-01-08 03:19:13.403271-08
SQ_AT0031-3,2024-01-11 20:43:54.15-08,2024-01-17 13:48:47.067292-08,2025-01-08 03:21:23.330015-08
NW-AT0644-3,2024-02-29 12:24:46.908-08,2024-07-11 18:04:30.907366-07,2024-08-15 14:09:23.687343-07
NW-AT0644-2,2024-02-29 12:24:46.908-08,2024-07-17 13:12:31.975594-07,2024-08-16 13:19:23.724612-07
NW-AT0644-1,2024-02-29 12:24:46.908-08,2024-08-14 14:58:48.170846-07,2024-08-21 10:14:35.454931-07
NW-AT0644-7,2024-02-29 12:24:46.908-08,2025-02-08 15:05:47.776726-08,2025-02-16 13:10:33.020664-08
NW-AT0644-5,2024-02-29 12:24:46.908-08,2024-07-11 18:04:46.882053-07,2024-08-15 14:09:58.515852-07
NW-AT0644-4,2024-02-29 12:24:46.908-08,2024-07-11 18:04:38.720097-07,2024-08-15 14:09:39.222016-07
NW_TX4032-6,2023-08-06 22:07:58.274-07,2024-08-27 15:33:14.783423-07,2024-09-05 10:35:49.448648-07
NW_TX4032-5,2023-08-06 22:07:58.274-07,2024-08-27 15:30:06.102289-07,2024-09-05 10:35:32.42303-07
NW-AT0644-8,2024-02-29 12:24:46.908-08,2025-02-08 15:07:53.655766-08,2025-02-16 13:15:39.91786-08
SQ_AT0026-10,2023-11-17 20:26:23.528-08,2025-02-27 15:37:45.321603-08,2025-03-03 14:27:32.042846-08
SQ_AT0026-11,2023-11-17 20:26:23.528-08,2025-02-27 15:43:07.771696-08,2025-03-03 14:32:50.816965-08
SQ_AT0595-10,2024-01-11 21:48:38.874-08,2025-02-09 17:54:40.872679-08,2025-02-16 19:23:42.777241-08
SQ_AT0586-6,2024-02-15 04:58:46.839-08,2024-11-24 04:34:01.007153-08,2025-01-07 23:24:08.336839-08
NY-AT0661-8,2023-09-28 01:11:55.731-07,2024-10-22 11:28:41.511171-07,2024-12-10 16:20:59.016521-08
NY-AT0661-9,2023-09-28 01:11:55.731-07,2024-10-22 11:06:35.903565-07,2024-12-10 16:17:30.198694-08
NY-AT0661-2,2023-09-28 01:11:55.731-07,2024-10-22 11:12:54.641851-07,2024-12-10 16:18:39.907045-08
NY-AT0661-3,2023-09-28 01:11:55.731-07,2025-02-11 12:50:36.67388-08,2025-02-17 10:32:11.481749-08
NY-AT0661-1,2023-09-28 01:11:55.731-07,2025-02-11 12:18:29.198265-08,2025-02-17 10:27:05.073255-08
NY-AT0661-6,2023-09-28 01:11:55.731-07,2024-10-22 11:25:32.348657-07,2024-12-10 16:19:49.504536-08
NY-AT0661-7,2023-09-28 01:11:55.731-07,2025-02-11 11:31:01.124282-08,2025-02-17 10:21:57.970938-08
NY-AT0661-4,2023-09-28 01:11:55.731-07,2025-02-11 12:52:43.415295-08,2025-02-17 10:37:18.034895-08
NY-AT0661-5,2023-09-28 01:11:55.731-07,2025-02-11 13:09:51.019099-08,2025-02-17 10:42:24.53555-08
NW-AT0700-6,2024-05-04 12:02:24.056-07,2024-08-28 08:22:35.83353-07,2024-09-11 21:07:54.434764-07
NW-AT0700-7,2024-05-04 12:02:24.056-07,2024-08-27 16:43:09.751294-07,2024-09-10 14:44:42.817336-07
NW-AT0700-4,2024-05-04 12:02:24.056-07,2024-09-26 10:35:51.62449-07,2024-09-30 10:13:25.701638-07
NW-AT0700-5,2024-05-04 12:02:24.056-07,2024-08-28 08:19:25.41381-07,2024-09-11 21:04:42.561795-07
NW-AT0700-2,2024-05-04 12:02:24.056-07,2024-09-26 10:35:16.859333-07,2024-09-30 10:12:46.33832-07
NW-AT0700-3,2024-05-04 12:02:24.056-07,2024-09-26 10:35:35.75316-07,2024-09-30 10:13:01.246857-07
NW-AT0700-1,2024-05-04 12:02:24.056-07,2024-08-28 08:16:15.088898-07,2024-09-11 21:01:31.174262-07
NY-MX2146-5,2023-09-25 20:07:53.163-07,2024-08-28 03:45:51.789956-07,2024-09-11 16:24:41.87233-07
NW-AT0700-9,2024-05-04 12:02:24.056-07,2024-08-28 08:25:45.938469-07,2024-09-11 21:11:05.88594-07
SQ_AT0599-10,2024-01-11 21:11:35.154-08,2024-12-24 01:20:38.012448-08,2025-01-07 17:57:06.19524-08
NW_MX2062-9,2024-01-11 20:31:40.506-08,2024-01-12 13:07:15.893431-08,2024-12-10 17:20:15.82157-08
NW_MX2062-8,2024-01-11 20:31:40.506-08,2024-01-12 13:06:46.290389-08,2024-12-10 17:19:06.823252-08
SQ_MX2025-6,2024-01-11 20:49:57.864-08,2025-02-10 14:39:44.497718-08,2025-02-17 04:59:54.770615-08
SQ_MX2025-1,2024-01-11 20:49:57.864-08,2024-01-17 13:48:14.397344-08,2025-01-08 09:11:12.230294-08
SQ_MX2025-3,2024-01-11 20:49:57.864-08,2024-01-17 13:48:47.067292-08,2025-01-08 03:21:23.330015-08
SQ_MX2025-2,2024-01-11 20:49:57.864-08,2024-01-17 13:48:31.556278-08,2025-01-08 03:19:13.403271-08
SQ_AT0056-1,2024-03-21 14:52:55.919-07,2024-12-11 10:42:47.524357-08,2025-01-07 17:13:40.146699-08
NW-AT0641-8,2023-05-16 02:57:29.725-07,2024-12-25 10:58:09.077565-08,2025-01-07 21:50:39.523841-08
NW-AT0641-9,2023-05-16 02:57:29.725-07,2024-12-25 11:03:18.473778-08,2025-01-07 21:52:49.754268-08
SQ_AT0056-5,2024-03-21 14:52:55.919-07,2024-12-11 10:55:25.560037-08,2025-01-07 17:22:19.861685-08
SQ_AT0056-4,2024-03-21 14:52:55.919-07,2024-12-11 10:52:15.663796-08,2025-01-07 17:20:09.579598-08
NY-AT16058-8,2024-05-07 05:04:00.976-07,2024-07-12 10:43:30.708882-07,2024-08-19 12:27:48.618086-07
NY-AT16058-9,2024-05-07 05:04:00.976-07,2024-07-12 10:43:45.15199-07,2024-08-19 12:28:00.409971-07
NW-AT0641-2,2023-05-16 02:57:29.725-07,2024-12-25 10:27:12.021873-08,2025-01-07 21:37:38.834766-08
NW-AT0641-3,2023-05-16 02:57:29.725-07,2024-12-25 10:32:21.880861-08,2025-01-07 21:39:48.939728-08
NY-AT16058-4,2024-05-07 05:04:00.976-07,2024-10-03 13:15:24.382278-07,2025-02-04 14:38:14.833279-08
NW-AT0641-1,2023-05-16 02:57:29.725-07,2024-12-24 05:12:56.234714-08,2025-01-07 21:35:28.228703-08
NW-AT0641-6,2023-05-16 02:57:29.725-07,2024-12-25 10:47:50.448858-08,2025-01-07 21:46:18.341434-08
NW-AT0641-7,2023-05-16 02:57:29.725-07,2024-12-25 10:52:59.950354-08,2025-01-07 21:48:28.701804-08
NW-AT0641-4,2023-05-16 02:57:29.725-07,2024-12-25 10:37:31.553841-08,2025-01-07 21:41:58.502124-08
NW-AT0641-5,2023-05-16 02:57:29.725-07,2024-12-25 10:42:41.258003-08,2025-01-07 21:44:08.303629-08
NY-MX12054-6,2024-04-17 02:50:03.574-07,2024-07-12 10:46:43.171287-07,2024-08-22 17:35:48.627565-07
NY-MX12054-4,2024-04-17 02:50:03.574-07,2024-07-12 10:46:29.047626-07,2024-08-22 17:35:20.746022-07
NY-MX12054-5,2024-04-17 02:50:03.574-07,2024-07-12 10:46:36.103783-07,2024-08-22 17:35:37.278737-07
NY-MX12054-2,2024-04-17 02:50:03.574-07,2024-07-12 10:46:14.499322-07,2024-08-22 17:35:08.643597-07
NY-MX12054-3,2024-04-17 02:50:03.574-07,2024-07-12 10:46:21.725154-07,2024-08-22 10:40:37.086226-07
NY-MX12054-1,2024-04-17 02:50:03.574-07,2024-07-12 10:46:07.187487-07,2024-08-22 17:34:40.5267-07
NW-TX4134-1,2024-10-18 15:55:34.965-07,2024-10-22 12:32:11.29495-07,2025-01-17 14:29:11.774547-08
NW-AT0637-9,2024-03-05 11:45:53.296-08,2024-06-28 11:04:21.200149-07,2024-07-03 16:06:02.211393-07
NY-MX2137-6,2023-06-27 02:44:53.337-07,2025-02-08 15:20:29.909246-08,2025-02-16 13:46:20.399321-08
NY-MX2137-7,2023-06-27 02:44:53.337-07,2024-02-21 09:30:31.241248-08,2024-08-20 12:09:26.870487-07
NY-MX2137-4,2023-06-27 02:44:53.337-07,2025-02-08 15:16:17.687905-08,2025-02-16 13:36:06.392271-08
NY-MX2137-5,2023-06-27 02:44:53.337-07,2025-02-08 15:18:23.850539-08,2025-02-16 13:41:13.560704-08
NY-MX2137-3,2023-06-27 02:44:53.337-07,2024-02-21 09:30:07.903944-08,2024-08-22 12:36:23.480104-07
NY-MX2137-1,2023-06-27 02:44:53.337-07,2025-02-08 15:14:11.698071-08,2025-02-16 13:30:59.545754-08
NY-MX2137-8,2023-06-27 02:44:53.337-07,2024-02-21 09:30:46.188497-08,2024-08-20 16:44:46.63322-07
NY-MX2137-9,2023-06-27 02:44:53.337-07,2024-02-21 09:31:30.549107-08,2024-08-20 11:20:26.667087-07
NY-AT16039-9,2024-03-07 20:51:46.8-08,2024-07-11 18:07:27.208369-07,2024-08-20 09:42:45.588243-07
NY-AT16039-8,2024-03-07 20:51:46.8-08,2024-08-23 08:37:46.35489-07,2024-08-23 13:46:46.467222-07
NY-AT16039-1,2024-03-07 20:51:46.8-08,2024-11-13 15:08:05.671288-08,2024-12-09 22:19:50.749718-08
NY-AT16039-3,2024-03-07 20:51:46.8-08,2024-11-19 09:20:52.432598-08,2024-12-10 00:57:45.748677-08
NY-AT16039-2,2024-03-07 20:51:46.8-08,2024-11-11 14:22:45.436709-08,2024-12-02 12:58:36.495009-08
NY-AT16039-5,2024-03-07 20:51:46.8-08,2024-11-13 16:14:44.808904-08,2024-12-10 11:15:46.104429-08
NY-AT16039-4,2024-03-07 20:51:46.8-08,2024-11-19 09:24:02.447567-08,2024-12-10 00:59:01.336157-08
NY-AT16039-7,2024-03-07 20:51:46.8-08,2024-11-19 09:03:30.780751-08,2024-12-10 11:18:04.81475-08
NY-AT16039-6,2024-03-07 20:51:46.8-08,2024-07-25 14:43:53.22507-07,2024-12-10 11:16:55.499088-08
NW-TX4094-9,2024-01-20 16:46:04.18-08,2024-01-22 12:04:36.913748-08,2024-01-23 09:09:49.091206-08
NW-TX4094-8,2024-01-20 16:46:04.18-08,2024-01-22 12:04:26.426469-08,2024-01-23 09:09:37.564731-08
NW-TX4094-3,2024-01-20 16:46:04.18-08,2024-01-22 12:03:29.96229-08,2024-01-23 09:08:31.122255-08
NW-TX4094-2,2024-01-20 16:46:04.18-08,2024-01-22 12:03:19.457668-08,2024-01-23 09:08:19.582728-08
NW-TX4094-5,2024-01-20 16:46:04.18-08,2024-01-22 12:03:51.554024-08,2024-01-23 09:08:56.938278-08
NW-TX4094-4,2024-01-20 16:46:04.18-08,2024-01-22 12:03:40.829901-08,2024-01-23 09:08:44.817153-08
NW-TX4094-7,2024-01-20 16:46:04.18-08,2024-01-22 12:04:14.359965-08,2024-01-23 09:09:24.943273-08
NW-TX4094-6,2024-01-20 16:46:04.18-08,2024-01-22 12:04:03.075621-08,2024-01-23 09:09:13.764394-08
SQ_AT0584-9,2024-02-15 04:37:53.082-08,2024-12-11 11:33:21.146079-08,2025-01-07 17:48:19.826607-08
SQ_AT0584-1,2024-02-15 04:37:53.082-08,2025-02-08 16:02:50.896449-08,2025-02-16 15:28:31.944418-08
SQ_AT0047-12,2023-11-17 20:28:11.655-08,2025-01-14 00:46:05.490631-08,2025-01-08 04:06:51.654974-08
SQ_AT0047-11,2023-11-17 20:28:11.655-08,2024-12-11 14:11:36.396-08,2025-01-07 19:52:41.427245-08
SQ_AT0047-10,2023-11-17 20:28:11.655-08,2024-12-11 14:08:27.375642-08,2025-01-07 19:50:30.084267-08
SQ_AT0584-5,2024-02-15 04:37:53.082-08,2025-02-08 16:49:06.715287-08,2025-02-16 17:21:03.019855-08
SQ_AT0584-4,2024-02-15 04:37:53.082-08,2025-02-08 16:47:00.138637-08,2025-02-16 17:15:56.214626-08
SQ_AT0584-6,2024-02-15 04:37:53.082-08,2025-02-08 16:51:12.694365-08,2025-02-16 17:26:09.425323-08
NY-MX22004-10,2024-09-06 09:46:52.406-07,2024-09-09 13:52:39.447226-07,2024-09-11 14:42:42.32894-07
NY-MX22004-11,2024-09-06 09:46:52.406-07,2024-09-08 21:44:58.36058-07,2024-09-11 14:45:51.093895-07
NY-MX22004-12,2024-09-06 09:46:52.406-07,2024-09-08 21:48:08.545868-07,2024-09-11 14:49:06.019033-07
NY-MX22004-13,2024-09-06 09:46:52.406-07,2024-09-08 21:51:19.341635-07,2024-09-11 14:36:23.724192-07
NY-MX22004-14,2024-09-06 09:46:52.406-07,2024-09-08 21:54:29.973511-07,2024-09-11 14:52:15.247773-07
NY-MX22004-15,2024-09-06 09:46:52.406-07,2024-09-08 21:57:40.893852-07,2024-09-11 14:55:28.810707-07
NY-MX22004-16,2024-09-06 09:46:52.406-07,2024-09-08 22:00:50.795012-07,2024-09-11 14:58:38.489676-07
SQ_AT0567-8,2024-02-28 00:12:47.383-08,2024-12-17 13:02:30.587435-08,2025-01-08 05:20:27.743124-08
SQ_AT0567-9,2024-02-28 00:12:47.383-08,2024-12-24 01:15:28.671447-08,2025-01-07 17:39:38.896334-08
SQ_AT0567-1,2024-02-28 00:12:47.383-08,2024-12-17 12:56:41.90337-08,2025-01-08 05:18:17.695353-08
SQ_AT0567-2,2024-02-28 00:12:47.383-08,2024-11-05 14:50:28.515462-08,2024-12-09 22:08:08.818856-08
NY-AT16004-8,2024-03-05 14:51:06.015-08,2024-10-21 14:37:35.869229-07,2024-10-30 09:47:50.036121-07
NW-MX2181-9,2024-05-13 23:56:13.283-07,2024-08-27 16:56:00.584539-07,2024-09-10 14:59:58.370478-07
SQ_MX2124-9,2024-03-05 10:46:30.282-08,2023-03-08 15:32:52.897818-08,2024-10-18 11:09:52.605201-07
SQ_MX2124-8,2024-03-05 10:46:30.282-08,2023-03-08 15:32:34.030752-08,2024-10-18 11:09:16.838766-07
NY-MX12023-1,2024-03-05 09:53:42.981-08,2024-11-22 02:00:39.885026-08,2024-12-10 02:17:58.525052-08
NY-MX12023-2,2024-03-05 09:53:42.981-08,2024-11-22 02:03:51.426152-08,2024-12-10 02:19:07.936812-08
NY-MX12023-3,2024-03-05 09:53:42.981-08,2024-11-22 02:07:02.401714-08,2024-12-10 02:20:17.24356-08
NY-MX12023-4,2024-03-05 09:53:42.981-08,2024-11-22 02:10:12.643651-08,2024-12-10 02:21:27.713763-08
NY-MX12023-5,2024-03-05 09:53:42.981-08,2024-11-22 02:13:24.440299-08,2024-12-10 02:22:38.45897-08
NY-MX12023-6,2024-03-05 09:53:42.981-08,2024-11-22 02:16:35.326789-08,2024-12-10 02:23:48.138679-08
NY-MX12023-7,2024-03-05 09:53:42.981-08,2024-11-22 02:19:46.736803-08,2024-12-10 10:17:25.026349-08
NY-MX12023-8,2024-03-05 09:53:42.981-08,2024-09-24 15:55:32.017675-07,2024-09-25 10:26:17.201521-07
NY-MX12023-9,2024-03-05 09:53:42.981-08,2024-11-22 02:23:00.858112-08,2024-12-10 10:18:35.233455-08
NW-MX2181-1,2024-05-13 23:56:13.283-07,2024-08-28 08:28:56.9584-07,2024-09-11 21:14:16.811151-07
SQ_AT007-7,2024-03-07 16:51:19.94-08,2024-11-24 03:37:08.349001-08,2024-12-09 21:29:18.856845-08
NY-AT16020-9,2024-03-05 14:43:31.428-08,2024-11-22 01:22:41.77894-08,2024-12-10 02:04:01.748503-08
NY-AT16020-8,2024-03-05 14:43:31.428-08,2024-11-24 01:49:03.573487-08,2024-12-10 02:02:52.421542-08
NY-AT16020-7,2024-03-05 14:43:31.428-08,2024-11-22 01:16:22.187859-08,2024-12-10 02:01:42.762003-08
NY-AT16020-6,2024-03-05 14:43:31.428-08,2024-11-22 01:13:11.3039-08,2024-12-10 02:00:33.263946-08
NY-AT16020-5,2024-03-05 14:43:31.428-08,2024-11-22 01:10:01.391851-08,2024-12-10 01:59:23.902459-08
NY-AT16020-4,2024-03-05 14:43:31.428-08,2024-08-14 15:24:37.795418-07,2024-12-10 01:58:14.41263-08
NY-AT16020-3,2024-03-05 14:43:31.428-08,2024-11-22 01:06:49.506824-08,2024-12-10 01:57:05.072712-08
NY-AT16020-2,2024-03-05 14:43:31.428-08,2024-11-22 01:03:38.230758-08,2024-12-10 01:55:55.267655-08
NY-AT16020-1,2024-03-05 14:43:31.428-08,2024-11-22 01:00:26.391026-08,2024-12-10 01:54:45.172307-08
SQ_AT0043-3,2024-02-15 05:04:46.514-08,2024-02-15 15:11:32.446254-08,2025-01-08 04:37:09.404584-08
SQ_AT0030-11,2024-01-11 21:19:09.266-08,2024-10-21 18:42:36.665908-07,2025-01-07 16:28:15.325692-08
SQ_AT0020-8,2023-11-17 20:19:02.047-08,2025-02-27 14:51:18.722986-08,2025-03-03 13:40:50.742057-08
NY-AT16004-1,2024-03-05 14:51:06.015-08,2024-08-21 15:34:21.894266-07,2024-08-22 10:31:59.357011-07
NY-AT26010-6,2024-10-20 10:25:26.02-07,2024-10-28 16:57:52.6724-07,2024-10-31 11:58:15.707904-07
SQ_MX2018-1,2024-02-27 23:36:38.136-08,2024-11-26 09:58:31.866947-08,2025-01-07 16:19:34.159491-08
SQ_MX2018-9,2024-02-27 23:36:38.136-08,2024-10-21 21:49:53.138426-07,2025-01-07 18:18:44.185364-08
SQ_MX2018-8,2024-02-27 23:36:38.136-08,2024-10-21 22:59:34.405562-07,2025-01-07 20:47:27.663588-08
NY-MX12026-1,2024-03-05 05:08:40.059-08,2024-11-22 03:20:14.519403-08,2024-12-10 10:40:51.314391-08
NY-MX12026-3,2024-03-05 05:08:40.059-08,2024-11-22 03:26:35.789946-08,2024-12-10 10:43:11.050271-08
NY-MX12026-2,2024-03-05 05:08:40.059-08,2024-11-22 03:23:24.796174-08,2024-12-10 10:42:01.288501-08
NY-MX12026-5,2024-03-05 05:08:40.059-08,2024-07-17 13:09:19.92477-07,2024-08-16 10:52:46.056156-07
NY-MX12026-4,2024-03-05 05:08:40.059-08,2024-07-17 13:09:11.674493-07,2024-08-16 10:52:33.768972-07
NY-MX12026-7,2024-03-05 05:08:40.059-08,2024-07-17 13:09:34.676208-07,2024-08-16 10:53:09.146266-07
NY-MX12026-6,2024-03-05 05:08:40.059-08,2024-07-17 13:09:27.283165-07,2024-08-16 10:52:58.657851-07
NY-MX12026-9,2024-03-05 05:08:40.059-08,2024-07-25 14:58:30.23291-07,2024-08-16 11:59:41.844483-07
NY-MX12026-8,2024-03-05 05:08:40.059-08,2024-07-17 13:09:42.401211-07,2024-08-16 10:53:20.742009-07
NW-MX2134-9,2023-05-20 05:47:33.925-07,2024-08-19 14:36:19.95456-07,2024-08-21 10:00:47.104135-07
NW-MX2134-8,2023-05-20 05:47:33.925-07,2024-08-19 14:36:06.646351-07,2024-08-21 10:00:35.388272-07
NW-MX2134-7,2023-05-20 05:47:33.925-07,2024-08-19 14:35:46.437578-07,2024-08-21 10:00:22.342417-07
NW-MX2134-6,2023-05-20 05:47:33.925-07,2024-08-19 14:35:01.616626-07,2024-08-21 09:59:24.813309-07
NW-MX2134-5,2023-05-20 05:47:33.925-07,2025-02-08 15:01:34.98684-08,2025-02-16 13:00:19.944932-08
NW-MX2134-4,2023-05-20 05:47:33.925-07,2025-02-08 14:59:28.067169-08,2025-02-16 12:55:12.904848-08
NW-MX2134-3,2023-05-20 05:47:33.925-07,2025-02-08 14:57:22.056156-08,2025-02-16 12:50:05.857873-08
NW-MX2134-2,2023-05-20 05:47:33.925-07,2025-02-08 14:55:16.084692-08,2025-02-16 12:44:58.276928-08
NW-MX2134-1,2023-05-20 05:47:33.925-07,2025-02-08 14:53:10.054461-08,2025-02-16 12:39:51.532937-08
NW_MX2116-1,2023-03-06 07:56:21.015-08,2025-02-13 17:07:28.883216-08,2025-02-17 15:28:57.992293-08
NW_MX2116-3,2023-03-06 07:56:21.015-08,2025-02-08 15:35:11.551389-08,2025-02-16 14:22:07.044441-08
NW_MX2116-2,2023-03-06 07:56:21.015-08,2025-02-17 15:34:04.169387-08,2025-02-18 09:49:13.621111-08
NW_MX2116-5,2023-03-06 07:56:21.015-08,2025-02-13 17:18:13.337425-08,2025-02-17 15:39:10.998391-08
NW_MX2116-4,2023-03-06 07:56:21.015-08,2025-02-08 15:37:18.150919-08,2025-02-16 14:27:13.512553-08
NW_MX2116-7,2023-03-06 07:56:21.015-08,2024-09-08 21:31:27.972725-07,2024-09-11 10:09:15.604242-07
NW_MX2116-6,2023-03-06 07:56:21.015-08,2025-02-18 02:27:38.021669-08,2025-02-19 15:51:45.764024-08
NW_MX2116-9,2023-03-06 07:56:21.015-08,2024-09-08 21:37:42.967265-07,2024-09-11 10:15:35.202155-07
NW_MX2116-8,2023-03-06 07:56:21.015-08,2024-09-08 21:34:35.461701-07,2024-09-11 10:12:25.075763-07
NY-MX12065-1,2024-06-18 17:08:12.887-07,2024-11-11 15:00:54.084082-08,2024-12-02 13:04:33.894293-08
NY-TX24006-6,2024-10-20 01:23:36.737-07,2024-10-22 11:34:18.870198-07,2025-01-23 10:47:48.889706-08
SQ_MX2014-3,2024-02-24 16:07:09.846-08,2024-11-24 06:48:40.752512-08,2024-12-10 16:38:24.395253-08
NW-AT0697-7,2024-04-20 10:24:08.053-07,2024-09-26 10:31:34.02279-07,2024-09-30 10:03:51.173098-07
NW-AT0697-6,2024-04-20 10:24:08.053-07,2024-09-26 10:31:14.84519-07,2024-09-30 10:03:35.928625-07
NW-AT0697-5,2024-04-20 10:24:08.053-07,2024-08-28 07:38:03.32041-07,2024-09-11 20:23:08.645837-07
NW-AT0697-4,2024-04-20 10:24:08.053-07,2024-08-28 07:34:52.581401-07,2024-09-11 20:19:56.810081-07
NW-AT0697-3,2024-04-20 10:24:08.053-07,2024-08-28 07:31:42.308408-07,2024-09-11 20:16:45.718945-07
NW-AT0697-2,2024-04-20 10:24:08.053-07,2024-09-26 10:30:54.967744-07,2024-09-30 10:03:17.35154-07
NW-AT0697-1,2024-04-20 10:24:08.053-07,2024-09-26 10:30:40.97196-07,2024-09-30 10:03:03.649189-07
NY-MX12049-1,2024-03-29 22:35:12.762-07,2024-08-21 12:45:40.282001-07,2024-08-22 12:15:35.458029-07
NY-MX12049-2,2024-03-29 22:35:12.762-07,2024-08-21 12:46:00.462183-07,2024-08-22 12:15:49.565545-07
NY-MX12049-3,2024-03-29 22:35:12.762-07,2024-07-17 13:13:16.953663-07,2024-08-22 12:16:02.716186-07
NY-MX12049-4,2024-03-29 22:35:12.762-07,2024-07-11 18:09:04.843651-07,2024-08-20 11:17:47.803497-07
NY-MX12049-5,2024-03-29 22:35:12.762-07,2024-08-21 10:22:44.31456-07,2024-08-22 12:25:34.34455-07
NW-AT0697-9,2024-04-20 10:24:08.053-07,2024-09-26 10:32:41.016082-07,2024-09-30 10:04:23.497093-07
NW-AT0697-8,2024-04-20 10:24:08.053-07,2024-09-26 10:31:51.544897-07,2024-09-30 10:04:10.517774-07
NY-AT16002-3,2023-07-14 14:46:43.82-07,2024-08-19 14:36:44.847481-07,2024-08-21 10:05:04.879913-07
NY-AT16002-2,2023-07-14 14:46:43.82-07,2024-08-21 10:16:22.333395-07,2024-08-22 12:20:01.117694-07
NY-AT16002-1,2023-07-14 14:46:43.82-07,2024-07-07 22:54:53.637254-07,2024-07-10 10:38:31.916385-07
NY-AT16002-7,2023-07-14 14:46:43.82-07,2024-02-21 09:35:15.336156-08,2024-08-15 15:08:36.48215-07
NY-AT16002-6,2023-07-14 14:46:43.82-07,2024-07-11 18:05:02.179874-07,2024-08-15 14:10:53.881772-07
NY-AT16002-5,2023-07-14 14:46:43.82-07,2024-07-11 18:04:54.781906-07,2024-08-15 14:10:38.860124-07
NY-AT16002-4,2023-07-14 14:46:43.82-07,2024-08-21 10:19:19.509058-07,2024-08-22 12:20:13.117462-07
NY-AT16002-9,2023-07-14 14:46:43.82-07,2024-07-11 18:05:17.521104-07,2024-08-15 14:11:45.542784-07
NY-AT16002-8,2023-07-14 14:46:43.82-07,2024-07-11 18:05:10.037995-07,2024-08-15 14:11:29.287689-07
NY-AT16045-8,2024-03-15 05:12:15.332-07,2024-03-27 12:25:15.391417-07,2024-12-10 00:40:27.956444-08
NY-AT16045-9,2024-03-15 05:12:15.332-07,2024-08-02 13:29:59.99522-07,2024-12-10 00:41:38.76524-08
NY-AT16045-1,2024-03-15 05:12:15.332-07,2024-08-26 09:10:10.760008-07,2024-09-23 16:42:40.480984-07
NY-AT16045-2,2024-03-15 05:12:15.332-07,2024-08-26 09:15:22.378664-07,2024-09-23 16:42:52.502244-07
NY-AT16045-3,2024-03-15 05:12:15.332-07,2024-08-26 09:20:33.268482-07,2024-09-23 16:43:04.374996-07
NY-AT16045-4,2024-03-15 05:12:15.332-07,2024-08-26 09:25:44.562598-07,2024-09-23 16:43:16.651209-07
NY-AT16045-5,2024-03-15 05:12:15.332-07,2024-11-22 03:45:41.469582-08,2024-12-10 10:51:21.379814-08
NY-AT16045-6,2024-03-15 05:12:15.332-07,2024-11-22 03:48:52.088745-08,2024-12-10 10:52:31.439663-08
NY-AT16045-7,2024-03-15 05:12:15.332-07,2024-11-19 09:49:26.370821-08,2024-12-10 10:53:41.042926-08
NY-MX12061-2,2024-06-18 10:55:59.028-07,2024-05-24 10:43:55.226455-07,2024-08-22 17:38:08.684801-07
NY-MX12061-3,2024-06-18 10:55:59.028-07,2024-05-24 10:44:16.617171-07,2024-08-19 12:23:02.685579-07
SQ_MX2031-8,2024-03-23 04:06:20.054-07,2025-02-11 01:12:21.319046-08,2025-02-17 06:11:26.774481-08
SQ_MX2031-9,2024-03-23 04:06:20.054-07,2025-02-11 02:44:28.594392-08,2025-02-17 06:16:33.358928-08
NW-TX4109-2,2024-05-22 19:50:19.276-07,2024-07-01 14:42:15.998693-07,2025-01-15 10:36:23.757778-08
NW-TX4109-3,2024-05-22 19:50:19.276-07,2024-07-01 14:42:28.357738-07,2025-01-15 10:36:37.260107-08
SQ_MX2031-6,2024-03-23 04:06:20.054-07,2025-02-10 23:52:49.857004-08,2025-02-17 06:01:13.339203-08
SQ_MX2031-7,2024-03-23 04:06:20.054-07,2025-02-10 23:55:13.21145-08,2025-02-17 06:06:20.213876-08
NY-MX12061-7,2024-06-18 10:55:59.028-07,2024-05-24 10:45:40.451669-07,2024-08-19 12:24:20.099317-07
NW-TX4120-1,2024-08-14 00:03:34.677-07,2024-08-14 10:06:37.980076-07,2025-01-22 12:33:37.883497-08
NW-TX4120-3,2024-08-14 00:03:34.677-07,2024-08-16 09:16:34.690013-07,2025-01-22 12:34:44.116966-08
NW-TX4120-2,2024-08-14 00:03:34.677-07,2024-08-14 10:06:49.678379-07,2025-01-22 12:34:29.360348-08
NW-TX4120-5,2024-08-14 00:03:34.677-07,2024-08-14 10:07:24.340518-07,2025-01-22 12:35:10.307957-08
NY-AT16003-8,2023-08-11 07:42:35.822-07,2024-02-21 09:23:15.784235-08,2024-08-19 11:23:42.954958-07
NW-TX4120-7,2024-08-14 00:03:34.677-07,2024-08-14 10:08:37.773981-07,2025-01-22 12:35:38.577677-08
NW-TX4120-6,2024-08-14 00:03:34.677-07,2024-08-14 10:07:36.37998-07,2025-01-22 12:35:23.625102-08
NW-TX4120-8,2024-08-14 00:03:34.677-07,2024-08-14 10:08:57.453274-07,2025-01-22 12:35:52.447265-08
NY-AT16003-9,2023-08-11 07:42:35.822-07,2024-06-28 11:05:55.06009-07,2024-07-03 16:07:41.087305-07
NW_MX2058-6,2024-01-11 19:29:20.146-08,2024-10-01 10:17:13.172566-07,2024-12-03 14:54:59.672755-08
NW_MX2058-7,2024-01-11 19:29:20.146-08,2024-12-17 12:33:40.770091-08,2025-01-08 05:09:38.093288-08
NW_MX2058-4,2024-01-11 19:29:20.146-08,2024-10-01 10:10:51.716862-07,2024-12-03 14:54:06.671033-08
NW_AT0607-8,2024-03-05 11:32:20.644-08,2024-10-01 11:49:37.134005-07,2024-12-03 15:08:14.517115-08
NW_AT0607-9,2024-03-05 11:32:20.644-08,2024-11-08 11:25:18.557102-08,2024-12-10 12:18:34.233669-08
NW_AT0607-6,2024-03-05 11:32:20.644-08,2024-10-01 11:43:16.180752-07,2024-12-03 15:07:41.705477-08
NW_AT0607-7,2024-03-05 11:32:20.644-08,2024-10-01 11:46:26.776896-07,2024-12-03 15:07:59.153398-08
NW_AT0607-4,2024-03-05 11:32:20.644-08,2024-10-01 11:36:54.731807-07,2024-12-03 15:07:14.061808-08
NW_AT0607-5,2024-03-05 11:32:20.644-08,2024-10-01 11:40:05.551436-07,2024-12-03 15:07:29.229518-08
NW_AT0607-2,2024-03-05 11:32:20.644-08,2024-10-01 11:30:33.036259-07,2024-12-03 15:05:05.483347-08
NW_AT0607-3,2024-03-05 11:32:20.644-08,2024-10-01 11:33:44.005508-07,2024-12-03 15:06:57.720406-08
NW_AT0607-1,2024-03-05 11:32:20.644-08,2024-11-10 21:32:43.156992-08,2024-12-10 12:17:24.094504-08
NW-MX2187-5,2024-06-18 16:00:16.425-07,2024-08-27 17:18:37.887731-07,2024-09-10 15:26:43.510936-07
NW-MX2187-4,2024-06-18 16:00:16.425-07,2024-08-27 17:15:23.462282-07,2024-09-10 15:22:55.977264-07
NW-MX2187-7,2024-06-18 16:00:16.425-07,2024-09-26 10:42:19.037146-07,2024-09-30 10:21:51.355795-07
NW-MX2187-6,2024-06-18 16:00:16.425-07,2024-09-26 10:42:03.246411-07,2024-09-30 10:21:35.454079-07
NW-MX2187-1,2024-06-18 16:00:16.425-07,2024-08-28 11:12:28.62674-07,2024-09-11 22:40:29.900177-07
10X222-7,2024-03-05 21:59:25.288-08,2024-10-18 10:40:44.536751-07,2025-02-13 14:58:01.722559-08
NW-MX2187-3,2024-06-18 16:00:16.425-07,2024-08-28 11:18:50.135125-07,2024-09-11 22:46:49.944931-07
NW-MX2187-2,2024-06-18 16:00:16.425-07,2024-08-28 11:15:39.308068-07,2024-09-11 22:43:40.308697-07
10X222-8,2024-03-05 21:59:25.288-08,2024-10-18 10:40:58.879348-07,2025-02-13 14:58:18.137148-08
NW-MX2187-9,2024-06-18 16:00:16.425-07,2024-08-28 11:22:01.167389-07,2024-09-11 22:50:00.524407-07
NW-MX2187-8,2024-06-18 16:00:16.425-07,2024-09-26 10:42:34.705334-07,2024-09-30 10:22:08.013477-07
NY-AT0660-7,2023-09-21 01:49:53.253-07,2025-02-11 14:18:31.849385-08,2025-02-17 11:02:50.916734-08
NY-AT0660-6,2023-09-21 01:49:53.253-07,2025-02-11 16:01:14.287018-08,2025-02-17 11:33:33.694556-08
NY-AT0660-5,2023-09-21 01:49:53.253-07,2025-02-11 15:59:07.876577-08,2025-02-17 11:28:26.784998-08
NY-AT0660-4,2023-09-21 01:49:53.253-07,2025-02-11 14:16:24.34673-08,2025-02-17 10:57:44.222285-08
NY-AT0660-3,2023-09-21 01:49:53.253-07,2025-02-11 15:57:00.737767-08,2025-02-17 11:23:19.251147-08
NY-AT0660-2,2023-09-21 01:49:53.253-07,2025-02-11 14:14:15.439309-08,2025-02-17 10:52:37.679113-08
NY-AT0660-1,2023-09-21 01:49:53.253-07,2025-02-11 15:54:53.851145-08,2025-02-17 11:18:11.575738-08
NY-AT0660-9,2023-09-21 01:49:53.253-07,2025-02-11 15:20:38.725216-08,2025-02-17 11:07:57.594096-08
NY-AT0660-8,2023-09-21 01:49:53.253-07,2025-02-11 16:03:20.376433-08,2025-02-17 11:38:40.351199-08
SQ_AT0057-13,2024-01-11 20:38:59.907-08,2024-01-12 12:58:41.504479-08,2025-01-08 02:22:58.606295-08
SQ_AT0057-10,2024-01-11 20:38:59.907-08,2024-01-12 12:58:01.013444-08,2025-01-08 02:20:48.470383-08
NW-MX2165-9,2024-03-05 09:44:31.985-08,2024-10-22 07:13:00.207563-07,2024-12-11 01:01:04.678333-08
NW-MX2165-8,2024-03-05 09:44:31.985-08,2024-10-22 07:09:51.095135-07,2024-12-11 00:59:55.253907-08
NW-MX2165-5,2024-03-05 09:44:31.985-08,2024-10-01 18:36:49.815229-07,2024-12-09 19:45:36.522818-08
NW-MX2165-4,2024-03-05 09:44:31.985-08,2024-10-22 07:06:42.028047-07,2024-12-11 00:58:45.742943-08
NW-MX2165-7,2024-03-05 09:44:31.985-08,2024-10-01 18:43:10.901676-07,2024-12-09 19:48:02.778466-08
NW-MX2165-6,2024-03-05 09:44:31.985-08,2024-10-01 18:39:59.930341-07,2024-12-09 19:46:49.170995-08
NW-MX2165-1,2024-03-05 09:44:31.985-08,2024-10-22 06:57:13.850171-07,2024-12-11 00:55:16.08108-08
NW-MX2165-3,2024-03-05 09:44:31.985-08,2024-10-22 07:03:32.929051-07,2024-12-11 00:57:35.178412-08
NW-MX2165-2,2024-03-05 09:44:31.985-08,2024-10-22 07:00:23.50194-07,2024-12-11 00:56:25.640001-08
NW-MX2168-4,2024-01-05 11:31:14.239-08,2024-10-01 18:49:35.844918-07,2024-12-09 19:50:25.067087-08
NW-MX2168-6,2024-01-05 11:31:14.239-08,2024-08-28 07:12:36.017321-07,2024-09-11 19:57:36.875474-07
NW-MX2168-7,2024-01-05 11:31:14.239-08,2024-08-28 07:15:46.523512-07,2024-09-11 20:00:48.52647-07
NW-MX2168-1,2024-01-05 11:31:14.239-08,2024-10-22 07:41:24.854642-07,2024-12-11 01:08:03.023382-08
NW-MX2168-2,2024-01-05 11:31:14.239-08,2024-10-22 07:44:34.389461-07,2024-12-11 01:09:12.96448-08
NW-MX2168-3,2024-01-05 11:31:14.239-08,2024-10-01 18:46:24.552736-07,2024-12-09 19:49:14.203664-08
NW-MX2168-8,2024-01-05 11:31:14.239-08,2024-08-28 07:18:56.799555-07,2024-09-11 20:03:59.682838-07
NW-MX2168-9,2024-01-05 11:31:14.239-08,2024-08-28 07:22:09.094225-07,2024-09-11 20:07:12.029652-07
SQ_MX2014-1,2024-02-24 16:07:09.846-08,2025-02-10 08:36:41.698605-08,2025-02-17 04:19:00.271592-08
NY-AT26008-10,2024-10-12 19:51:32.328-07,2024-10-13 01:46:30.756688-07,2024-10-14 12:21:27.83829-07
NY-AT16082-1,2024-08-16 12:36:49.677-07,2024-08-19 12:22:41.919608-07,2024-09-06 17:07:04.316154-07
NY-MX12033-9,2024-02-25 05:55:55.359-08,2024-03-07 10:10:19.942945-08,2024-12-10 11:04:07.762454-08
NY-MX12033-8,2024-02-25 05:55:55.359-08,2024-03-07 10:11:55.718099-08,2024-12-10 00:30:48.72546-08
NY-MX12033-3,2024-02-25 05:55:55.359-08,2024-03-06 09:32:10.894295-08,2024-10-30 10:53:48.759937-07
NY-MX12033-2,2024-02-25 05:55:55.359-08,2024-03-07 10:09:58.408749-08,2024-12-10 11:02:57.945768-08
NY-MX12033-1,2024-02-25 05:55:55.359-08,2024-03-07 10:09:40.099441-08,2024-12-10 11:01:48.567217-08
NW_MX0003-7,2024-03-22 16:52:19.381-07,2024-11-24 04:56:04.898655-08,2024-12-10 15:34:11.872648-08
NY-MX12033-7,2024-02-25 05:55:55.359-08,2024-03-07 10:11:35.04976-08,2024-12-10 00:29:34.962691-08
NY-MX12033-6,2024-02-25 05:55:55.359-08,2024-03-07 10:14:30.807253-08,2024-10-30 10:54:23.056662-07
NY-MX12033-5,2024-02-25 05:55:55.359-08,2024-03-07 10:14:06.71189-08,2024-10-30 10:54:11.229174-07
NY-MX12033-4,2024-02-25 05:55:55.359-08,2024-03-07 10:13:39.551878-08,2024-10-30 10:54:00.061385-07
NW-AT0701-3,2024-05-14 08:02:35.019-07,2024-08-27 16:52:48.675894-07,2024-09-10 14:56:09.73195-07
NW-AT0701-2,2024-05-14 08:02:35.019-07,2024-08-27 16:49:34.878924-07,2024-09-10 14:52:23.016112-07
NW-AT0701-1,2024-05-14 08:02:35.019-07,2024-08-28 08:28:56.9584-07,2024-09-11 21:14:16.811151-07
NW-AT0701-7,2024-05-14 08:02:35.019-07,2024-08-28 08:41:38.576621-07,2024-09-11 21:27:03.997798-07
NW-AT0701-6,2024-05-14 08:02:35.019-07,2024-08-28 08:38:28.152354-07,2024-09-11 21:23:52.259954-07
NW-AT0701-5,2024-05-14 08:02:35.019-07,2024-08-28 08:35:17.755027-07,2024-09-11 21:20:41.075862-07
NW-AT0701-4,2024-05-14 08:02:35.019-07,2024-08-28 08:32:07.13359-07,2024-09-11 21:17:28.57485-07
NW-AT0701-9,2024-05-14 08:02:35.019-07,2024-08-27 16:56:00.584539-07,2024-09-10 14:59:58.370478-07
NW-AT0701-8,2024-05-14 08:02:35.019-07,2024-08-28 08:44:48.896559-07,2024-09-11 21:30:15.608834-07
SQ_AT017-1,2024-02-28 00:17:57.79-08,2024-11-24 05:21:28.931177-08,2025-01-08 01:26:34.186658-08
SQ_AT017-3,2024-02-28 00:17:57.79-08,2025-02-10 04:47:42.02274-08,2025-02-17 03:33:00.190608-08
SQ_AT017-2,2024-02-28 00:17:57.79-08,2025-02-10 04:30:34.86436-08,2025-02-17 03:27:53.704154-08
SQ_AT017-5,2024-02-28 00:17:57.79-08,2024-11-24 05:24:39.934238-08,2025-01-08 01:28:43.629806-08
SQ_AT017-4,2024-02-28 00:17:57.79-08,2025-02-10 04:49:48.715523-08,2025-02-17 03:38:06.756808-08
NW_MX2089-1,2024-01-11 21:02:57.704-08,2024-11-05 16:57:12.891488-08,2024-12-10 12:11:36.427271-08
NW_MX2089-2,2024-01-11 21:02:57.704-08,2024-11-06 11:45:24.168349-08,2024-12-10 12:12:45.754902-08
NW_MX2089-3,2024-01-11 21:02:57.704-08,2024-01-12 13:17:02.584506-08,2024-12-10 17:31:51.369926-08
NW_MX2089-4,2024-01-11 21:02:57.704-08,2025-02-09 19:09:32.710719-08,2025-02-16 20:01:00.043311-08
NW_MX2089-5,2024-01-11 21:02:57.704-08,2025-02-09 19:15:57.323991-08,2025-02-16 20:06:07.179398-08
NW_MX2089-6,2024-01-11 21:02:57.704-08,2025-02-09 19:18:04.812797-08,2025-02-16 20:11:15.705587-08
NW_MX2089-7,2024-01-11 21:02:57.704-08,2025-02-09 19:20:11.874107-08,2025-02-16 20:16:23.922785-08
NW_MX2089-8,2024-01-11 21:02:57.704-08,2025-02-09 19:22:19.132818-08,2025-02-16 20:21:31.087274-08
NW_MX2089-9,2024-01-11 21:02:57.704-08,2025-02-09 19:24:25.789728-08,2025-02-16 20:26:38.201498-08
NY-MX12055-2,2024-04-23 14:22:29.749-07,2024-07-12 10:47:05.376247-07,2024-08-22 17:36:09.474029-07
NY-AT26008-14,2024-10-12 19:51:32.328-07,2024-10-13 01:59:12.179537-07,2024-10-14 11:56:00.709499-07
SQ_AT0046-10,2024-01-11 21:25:28.241-08,2024-12-11 13:40:01.195889-08,2025-01-07 19:30:41.124731-08
SQ_AT0046-11,2024-01-11 21:25:28.241-08,2024-12-24 04:00:31.630231-08,2025-01-08 09:41:32.846443-08
SQ_AT0046-12,2024-01-11 21:25:28.241-08,2024-01-17 13:54:10.519363-08,2025-01-08 03:56:00.353642-08
SQ_AT0046-13,2024-01-11 21:25:28.241-08,2025-02-11 08:41:27.132322-08,2025-02-17 09:00:09.762021-08
NY-AT26008-15,2024-10-12 19:51:32.328-07,2024-10-13 02:02:22.386889-07,2024-10-14 11:49:39.677163-07
NY-TX14016-4,2023-11-02 07:22:09.045-07,2023-11-02 09:47:32.501831-07,2023-12-14 23:10:18.326637-08
NY-TX14016-3,2023-11-02 07:22:09.045-07,2023-11-02 09:47:16.03665-07,2023-12-14 23:10:29.800891-08
NY-TX14016-2,2023-11-02 07:22:09.045-07,2023-11-02 09:46:58.407679-07,2023-12-14 23:10:39.827053-08
NY-TX14016-1,2023-11-02 07:22:09.045-07,2023-11-02 09:46:38.471483-07,2023-12-14 23:10:50.208193-08
SQ_AT012-8,2024-03-23 20:55:54.831-07,2025-02-10 03:05:21.043076-08,2025-02-17 01:07:57.591594-08
NY-MX12046-7,2024-03-21 14:50:56.145-07,2024-08-26 10:59:16.654163-07,2024-09-23 16:45:23.410367-07
NY-MX12046-6,2024-03-21 14:50:56.145-07,2024-08-26 10:54:05.385815-07,2024-09-23 16:45:01.763954-07
SQ_AT012-3,2024-03-23 20:55:54.831-07,2025-02-10 02:54:38.845347-08,2025-02-17 00:42:20.230714-08
SQ_AT012-4,2024-03-23 20:55:54.831-07,2025-02-10 02:56:45.269779-08,2025-02-17 00:47:26.849621-08
NY-MX12046-5,2024-03-21 14:50:56.145-07,2024-08-26 10:48:51.729185-07,2024-09-23 16:44:28.209523-07
SQ_AT012-6,2024-03-23 20:55:54.831-07,2025-02-17 00:57:43.25075-08,2025-02-18 09:47:47.944398-08
SQ_AT012-7,2024-03-23 20:55:54.831-07,2025-02-10 03:03:04.29315-08,2025-02-17 01:02:50.456457-08
NY-MX12046-4,2024-03-21 14:50:56.145-07,2024-08-26 10:43:40.978338-07,2024-09-23 16:44:09.899558-07
NY-MX12046-3,2024-03-21 14:50:56.145-07,2024-08-26 10:38:30.824799-07,2024-09-23 16:43:55.977375-07
NY-MX12046-2,2024-03-21 14:50:56.145-07,2024-11-19 09:27:12.807001-08,2024-12-10 01:00:18.473897-08
NY-MX12046-1,2024-03-21 14:50:56.145-07,2024-11-11 14:32:16.772001-08,2024-12-02 12:59:23.490421-08
NY-MX2140-7,2023-08-15 05:39:03.308-07,2024-08-28 02:35:35.021325-07,2024-09-11 15:14:32.170676-07
NY-AT16038-4,2024-02-28 04:05:36.886-08,2024-10-21 15:56:33.879827-07,2024-10-30 10:57:56.337532-07
NY-AT16038-6,2024-02-28 04:05:36.886-08,2024-10-21 16:02:55.794646-07,2024-10-30 10:58:19.58065-07
NW_AT0592-7,2024-03-07 16:56:24.512-08,2025-02-11 04:05:36.387584-08,2025-02-17 07:07:40.741586-08
NW_MX2077-3,2024-02-15 04:45:27.904-08,2024-01-12 13:12:37.420343-08,2024-12-10 18:09:12.561081-08
NY-AT16038-3,2024-02-28 04:05:36.886-08,2024-03-01 11:55:45.580674-08,2024-12-10 00:36:51.425607-08
NW-AT0640-7,2024-03-05 11:53:45.24-08,2024-12-24 04:57:27.965272-08,2025-01-07 21:28:57.898585-08
NW-AT0640-6,2024-03-05 11:53:45.24-08,2024-12-24 04:52:18.398399-08,2025-01-07 21:26:47.617421-08
NW-AT0640-5,2024-03-05 11:53:45.24-08,2024-12-24 04:47:08.686924-08,2025-01-07 21:24:37.611974-08
NW-AT0640-4,2024-03-05 11:53:45.24-08,2024-12-24 04:41:59.022079-08,2025-01-07 21:22:27.049013-08
NW-AT0640-3,2024-03-05 11:53:45.24-08,2024-12-24 04:36:49.128861-08,2025-01-07 21:20:16.07152-08
NW-AT0640-2,2024-03-05 11:53:45.24-08,2024-07-11 18:04:21.107973-07,2024-08-15 13:26:21.195186-07
NW-AT0640-1,2024-03-05 11:53:45.24-08,2024-02-21 09:56:50.190835-08,2024-08-15 13:26:07.45692-07
NW-AT0640-9,2024-03-05 11:53:45.24-08,2024-12-24 05:07:46.853598-08,2025-01-07 21:33:17.904389-08
NW-AT0640-8,2024-03-05 11:53:45.24-08,2024-12-24 05:02:37.2639-08,2025-01-07 21:31:08.115811-08
SQ_AT0624-3,2024-03-05 11:50:34.086-08,2025-02-13 17:07:28.883216-08,2025-02-17 15:28:57.992293-08
NY-TX24002-9,2024-09-21 15:48:28.51-07,2024-10-08 15:25:05.493299-07,2025-01-23 13:51:43.326275-08
NY-TX24002-8,2024-09-21 15:48:28.51-07,2024-10-08 15:24:42.8599-07,2025-01-23 10:38:51.819223-08
NY-TX24002-7,2024-09-21 15:48:28.51-07,2024-10-08 15:24:10.459289-07,2025-01-23 10:38:41.938994-08
NY-TX24002-6,2024-09-21 15:48:28.51-07,2024-10-08 15:23:25.377938-07,2025-01-23 10:38:32.031418-08
NY-TX24002-5,2024-09-21 15:48:28.51-07,2024-10-08 15:23:06.447779-07,2025-01-23 10:39:43.160237-08
NY-TX24002-4,2024-09-21 15:48:28.51-07,2024-10-08 15:22:40.101856-07,2025-01-23 13:47:26.951773-08
NY-TX24002-3,2024-09-21 15:48:28.51-07,2024-10-08 15:21:34.2756-07,2025-01-23 10:39:23.360277-08
NY-TX24002-2,2024-09-21 15:48:28.51-07,2024-10-08 15:21:11.403309-07,2025-01-23 13:48:21.256723-08
NY-TX24002-1,2024-09-21 15:48:28.51-07,2024-10-08 15:20:37.758617-07,2025-01-23 10:39:52.959043-08
NY-MX12075-4,2024-07-19 01:46:37.879-07,2024-11-11 17:40:33.352742-08,2024-12-02 13:16:27.624493-08
NW-AT0704-2,2024-06-04 10:57:09.295-07,2024-08-28 09:26:01.140707-07,2024-09-11 21:49:23.520375-07
NW-AT0704-3,2024-06-04 10:57:09.295-07,2024-08-28 09:30:16.696293-07,2024-09-11 21:52:34.721009-07
NW-AT0704-1,2024-06-04 10:57:09.295-07,2024-09-26 10:38:46.789308-07,2024-09-30 10:16:36.679307-07
NW-AT0704-6,2024-06-04 10:57:09.295-07,2024-09-26 10:39:48.192183-07,2024-09-30 10:17:43.676316-07
NW-AT0704-7,2024-06-04 10:57:09.295-07,2024-09-26 10:40:16.098503-07,2024-09-30 10:19:18.905028-07
NW-AT0704-4,2024-06-04 10:57:09.295-07,2024-08-28 09:37:10.996957-07,2024-09-11 21:55:45.405446-07
NW-AT0704-5,2024-06-04 10:57:09.295-07,2024-09-26 10:39:14.535944-07,2024-09-30 10:16:51.486101-07
NY-MX12018-6,2023-11-11 02:33:41.866-08,2024-11-22 00:38:13.483368-08,2024-12-10 01:46:31.736484-08
NY-MX12018-7,2023-11-11 02:33:41.866-08,2024-11-22 00:41:22.822345-08,2024-12-10 01:47:43.348687-08
NY-MX12018-4,2023-11-11 02:33:41.866-08,2024-09-24 15:52:38.755296-07,2024-09-25 10:24:17.426128-07
NY-MX12018-5,2023-11-11 02:33:41.866-08,2024-09-24 15:52:57.352733-07,2024-09-25 10:24:28.797997-07
NY-MX12018-2,2023-11-11 02:33:41.866-08,2024-09-24 15:52:05.168511-07,2024-09-25 10:23:53.631285-07
NY-MX12018-3,2023-11-11 02:33:41.866-08,2024-09-24 15:52:21.783093-07,2024-09-25 10:24:05.649623-07
NY-MX12018-1,2023-11-11 02:33:41.866-08,2024-09-24 15:51:16.99774-07,2024-09-25 10:23:40.310428-07
NY-MX12018-8,2023-11-11 02:33:41.866-08,2024-11-22 00:44:32.849649-08,2024-12-10 01:48:53.6811-08
NY-MX12018-9,2023-11-11 02:33:41.866-08,2024-11-22 00:47:42.511365-08,2024-12-10 01:50:04.176226-08
SQ_MX2014-2,2024-02-24 16:07:09.846-08,2024-10-21 23:47:04.527599-07,2025-01-07 21:07:11.689558-08
SQ_AT0048-1,2024-02-15 04:31:01.19-08,2024-12-24 03:55:22.645189-08,2025-01-08 09:39:23.117014-08
NY-MX12075-2,2024-07-19 01:46:37.879-07,2024-11-11 17:26:18.702503-08,2024-12-02 13:15:54.687248-08
SQ_AT0048-2,2024-02-15 04:31:01.19-08,2025-01-14 00:37:22.938419-08,2025-01-08 03:58:10.371111-08
SQ_AT0048-3,2024-02-15 04:31:01.19-08,2024-02-15 15:12:55.513754-08,2025-01-08 04:45:49.722708-08
NY-TX14036-5,2024-04-17 01:38:22.93-07,2024-10-08 15:03:30.527765-07,2025-01-22 13:49:13.515087-08
NY-TX14036-4,2024-04-17 01:38:22.93-07,2024-10-08 15:03:03.433607-07,2025-01-22 13:49:02.815205-08
NY-TX14036-1,2024-04-17 01:38:22.93-07,2024-04-18 12:16:29.818785-07,2025-01-22 13:54:03.143287-08
NY-TX14036-3,2024-04-17 01:38:22.93-07,2024-10-08 15:02:48.678326-07,2025-01-22 13:49:38.383849-08
NY-TX14036-2,2024-04-17 01:38:22.93-07,2024-10-08 15:02:32.866802-07,2025-01-22 13:49:25.105774-08
NW-TX4114-1,2024-07-23 02:05:02.031-07,2024-12-03 12:29:49.295468-08,2025-01-15 14:28:45.732051-08
NW-TX4114-2,2024-07-23 02:05:02.031-07,2024-12-03 12:30:43.644556-08,2025-01-15 14:28:59.179745-08
NW-TX4114-3,2024-07-23 02:05:02.031-07,2025-01-12 17:23:26.987909-08,2025-01-15 14:29:40.856583-08
NW-TX4114-4,2024-07-23 02:05:02.031-07,2024-10-22 12:22:36.435963-07,2025-01-15 14:29:55.377704-08
SQ_AT0048-6,2024-02-15 04:31:01.19-08,2024-12-11 13:46:22.870609-08,2025-01-07 19:35:07.493996-08
SQ_AT0048-7,2024-02-15 04:31:01.19-08,2024-12-11 13:49:31.985997-08,2025-01-07 19:37:19.81477-08
NY-TX24004-10,2024-10-12 09:07:26.115-07,2024-10-15 10:25:30.833021-07,2025-01-23 10:42:57.927587-08
NY-MX12075-8,2024-07-19 01:46:37.879-07,2024-08-15 10:06:36.664489-07,2024-08-16 09:37:47.246881-07
NW_MX2066-5,2024-03-23 22:44:13.825-07,2024-11-05 16:31:57.701311-08,2024-12-10 12:02:20.395425-08
NW_MX2066-4,2024-03-23 22:44:13.825-07,2024-11-05 16:28:48.438942-08,2024-12-10 12:01:10.89129-08
NW_MX2066-7,2024-03-23 22:44:13.825-07,2024-12-11 11:27:02.884247-08,2025-01-07 17:43:58.653447-08
NW_MX2066-6,2024-03-23 22:44:13.825-07,2024-12-17 14:11:50.554073-08,2025-01-08 05:46:28.246398-08
NW_MX2066-1,2024-03-23 22:44:13.825-07,2024-10-01 10:58:32.810187-07,2024-12-09 09:18:07.843309-08
NW_MX2066-3,2024-03-23 22:44:13.825-07,2024-11-05 16:25:37.623009-08,2024-12-10 12:00:00.91361-08
NW_MX2066-2,2024-03-23 22:44:13.825-07,2024-10-01 11:01:45.018805-07,2024-12-09 09:19:19.352131-08
NW_MX2066-9,2024-03-23 22:44:13.825-07,2024-12-17 14:23:22.089712-08,2025-01-08 05:50:49.042684-08
NW_MX2066-8,2024-03-23 22:44:13.825-07,2024-12-17 14:17:36.947477-08,2025-01-08 05:48:39.058251-08
NY-AT16038-8,2024-02-28 04:05:36.886-08,2024-10-21 16:09:19.532301-07,2024-10-30 10:58:41.486933-07
NY-AT16038-9,2024-02-28 04:05:36.886-08,2024-10-21 16:12:31.145518-07,2024-10-30 10:58:54.372784-07
NY-AT16038-5,2024-02-28 04:05:36.886-08,2024-10-21 15:59:44.818476-07,2024-10-30 10:58:07.999091-07
SQ_AT0624-4,2024-03-05 11:50:34.086-08,2025-02-17 15:34:04.169387-08,2025-02-18 09:49:13.621111-08
SQ_AT0624-5,2024-03-05 11:50:34.086-08,2025-02-08 15:35:11.551389-08,2025-02-16 14:22:07.044441-08
SQ_AT0624-6,2024-03-05 11:50:34.086-08,2025-02-08 15:37:18.150919-08,2025-02-16 14:27:13.512553-08
SQ_AT0624-7,2024-03-05 11:50:34.086-08,2025-02-13 17:18:13.337425-08,2025-02-17 15:39:10.998391-08
SQ_AT0624-8,2024-03-05 11:50:34.086-08,2025-02-18 02:27:38.021669-08,2025-02-19 15:51:45.764024-08
SQ_AT0624-9,2024-03-05 11:50:34.086-08,2024-09-08 21:31:27.972725-07,2024-09-11 10:09:15.604242-07
SQ_AT0565-7,2024-01-11 21:51:49.628-08,2024-10-21 19:27:16.238251-07,2024-12-09 21:12:43.708113-08
SQ_MX2029-9,2024-03-21 14:31:11.016-07,2024-11-08 10:47:22.357182-08,2025-01-07 22:58:02.46415-08
SQ_MX2029-8,2024-03-21 14:31:11.016-07,2024-11-05 14:34:37.741193-08,2025-01-07 22:55:50.066419-08
NW-TX4111-1,2024-06-18 17:43:31.59-07,2024-10-22 12:21:28.574928-07,2025-01-15 10:35:26.923495-08
NW-TX4111-3,2024-06-18 17:43:31.59-07,2024-07-01 14:41:41.215203-07,2025-01-15 10:35:56.998559-08
NW-TX4111-2,2024-06-18 17:43:31.59-07,2024-10-22 12:21:52.279533-07,2025-01-15 10:35:44.581879-08
NW-TX4111-5,2024-06-18 17:43:31.59-07,2024-07-01 14:42:15.998693-07,2025-01-15 10:36:23.757778-08
NW-TX4111-4,2024-06-18 17:43:31.59-07,2024-07-01 14:42:04.41437-07,2025-01-15 10:36:10.284903-08
SQ_MX2029-7,2024-03-21 14:31:11.016-07,2025-02-10 17:53:49.320376-08,2025-02-17 05:30:34.443158-08
NW-TX4111-6,2024-06-18 17:43:31.59-07,2024-07-01 14:42:28.357738-07,2025-01-15 10:36:37.260107-08
NY-AT16075-9,2024-07-19 11:40:38.458-07,2024-07-26 11:01:33.692756-07,2024-09-24 15:08:37.051051-07
NY-AT16075-8,2024-07-19 11:40:38.458-07,2024-08-15 10:06:36.664489-07,2024-08-16 09:37:47.246881-07
NY-AT16075-1,2024-07-19 11:40:38.458-07,2024-11-11 17:21:35.485486-08,2024-12-02 13:15:33.834901-08
NY-AT16075-3,2024-07-19 11:40:38.458-07,2024-11-19 08:50:55.418265-08,2024-12-02 13:16:09.442073-08
NY-AT16075-2,2024-07-19 11:40:38.458-07,2024-11-11 17:26:18.702503-08,2024-12-02 13:15:54.687248-08
NY-AT16075-5,2024-07-19 11:40:38.458-07,2024-11-11 17:48:07.159918-08,2024-12-02 13:16:42.561616-08
NY-AT16075-4,2024-07-19 11:40:38.458-07,2024-11-11 17:40:33.352742-08,2024-12-02 13:16:27.624493-08
NY-AT16075-7,2024-07-19 11:40:38.458-07,2024-08-15 10:06:09.199259-07,2024-08-16 09:37:37.354376-07
NY-AT16075-6,2024-07-19 11:40:38.458-07,2024-11-13 17:08:33.998069-08,2024-12-10 11:39:03.437942-08
NY-AT26006-25,2024-09-26 06:40:47.967-07,2024-09-27 10:51:10.087757-07,2024-09-30 12:01:16.821301-07
NY-AT26006-24,2024-09-26 06:40:47.967-07,2024-09-27 10:47:59.861113-07,2024-09-30 12:04:29.818915-07
NY-AT26006-23,2024-09-26 06:40:47.967-07,2024-09-27 10:44:49.710629-07,2024-09-30 12:07:42.2083-07
NY-AT26006-22,2024-09-26 06:40:47.967-07,2024-09-27 10:41:39.710691-07,2024-09-30 12:10:55.24743-07
NY-AT26006-21,2024-09-26 06:40:47.967-07,2024-09-27 10:38:29.36542-07,2024-09-30 12:14:08.373087-07
NY-AT26006-20,2024-09-26 06:40:47.967-07,2024-09-27 10:35:19.086368-07,2024-09-30 12:17:20.697376-07
NY-MX12079-1,2024-08-03 07:05:22.467-07,2024-11-13 17:18:05.356864-08,2024-12-10 11:43:42.260514-08
NY-MX12079-3,2024-08-03 07:05:22.467-07,2024-08-27 15:45:45.847106-07,2024-09-24 15:07:32.886428-07
NY-MX12079-2,2024-08-03 07:05:22.467-07,2024-11-17 14:55:14.719651-08,2024-12-02 13:21:11.196779-08
NW-AT0687-8,2024-01-03 19:57:45.315-08,2024-10-22 07:38:15.622658-07,2024-12-11 01:06:53.636559-08
NW-AT0687-9,2024-01-03 19:57:45.315-08,2024-08-28 07:25:21.665738-07,2024-09-11 20:10:23.090447-07
NY-MX12079-7,2024-08-03 07:05:22.467-07,2024-11-11 19:09:51.594396-08,2024-12-02 13:21:26.383299-08
NY-MX12079-6,2024-08-03 07:05:22.467-07,2024-11-19 09:05:01.70583-08,2024-12-03 13:47:53.484092-08
NW-AT0687-4,2024-01-03 19:57:45.315-08,2024-12-24 02:48:21.194231-08,2025-01-08 08:59:12.79908-08
NW-AT0687-5,2024-01-03 19:57:45.315-08,2024-12-19 13:32:21.180239-08,2025-01-08 09:01:23.136524-08
NW-AT0687-6,2024-01-03 19:57:45.315-08,2024-12-24 02:53:30.124445-08,2025-01-08 09:13:23.678199-08
NW-AT0687-7,2024-01-03 19:57:45.315-08,2024-10-22 07:35:06.158161-07,2024-12-11 01:05:43.897293-08
NW-AT0687-1,2024-01-03 19:57:45.315-08,2024-10-22 07:16:09.510937-07,2024-12-11 01:02:14.527507-08
NW-AT0687-2,2024-01-03 19:57:45.315-08,2024-10-22 07:19:18.81204-07,2024-12-11 01:03:23.983792-08
NW-AT0687-3,2024-01-03 19:57:45.315-08,2024-10-22 07:22:27.927661-07,2024-12-11 01:04:33.854329-08
NY-AT26010-8,2024-10-20 10:25:26.02-07,2024-10-28 17:04:15.054775-07,2024-10-31 11:55:57.601577-07
SQ_MX2029-2,2024-03-21 14:31:11.016-07,2024-10-21 22:18:24.095642-07,2025-01-07 18:33:56.959206-08
SQ_AT0569-4,2024-02-06 15:47:51.768-08,2024-10-01 10:33:05.642774-07,2024-12-09 09:15:39.085648-08
SQ_AT0619-6,2024-03-05 08:47:05.568-08,2024-10-01 14:17:52.353366-07,2024-12-09 10:31:32.509321-08
SQ_MX2029-5,2024-03-21 14:31:11.016-07,2025-02-17 05:20:21.239144-08,2025-02-18 09:48:09.20518-08
SQ_AT0569-5,2024-02-06 15:47:51.768-08,2024-08-30 00:24:39.685136-07,2024-09-10 12:30:31.795261-07
SQ_MX2029-4,2024-03-21 14:31:11.016-07,2025-02-10 15:16:44.953477-08,2025-02-17 05:15:15.377416-08
NY-MX12042-3,2024-03-07 18:48:40.836-08,2024-10-21 16:57:08.974784-07,2024-10-30 11:03:01.19962-07
NY-MX12042-2,2024-03-07 18:48:40.836-08,2024-10-21 16:53:58.177863-07,2024-10-30 11:02:40.894363-07
SQ_MX2029-6,2024-03-21 14:31:11.016-07,2025-02-10 17:21:41.439949-08,2025-02-17 05:25:27.835817-08
NY-MX2140-2,2023-08-15 05:39:03.308-07,2024-10-01 16:12:54.059276-07,2024-12-09 18:51:48.213204-08
NY-MX12042-1,2024-03-07 18:48:40.836-08,2024-10-21 16:50:47.218543-07,2024-10-30 11:02:17.74964-07
NY-MX12042-7,2024-03-07 18:48:40.836-08,2024-08-21 15:31:56.130973-07,2024-08-22 17:43:22.87843-07
NY-MX12042-6,2024-03-07 18:48:40.836-08,2024-08-21 15:31:41.911459-07,2024-08-22 17:43:09.523764-07
NY-MX12042-5,2024-03-07 18:48:40.836-08,2024-07-11 18:08:19.563733-07,2024-08-20 10:33:27.962594-07
NW_TX0041-15,2024-02-13 17:15:18.304-08,2024-02-14 15:35:54.164468-08,2024-02-15 09:08:09.669784-08
NW_TX0041-17,2024-02-13 17:15:18.304-08,2024-02-14 15:36:25.138413-08,2024-02-15 09:08:44.391834-08
NW_TX0041-16,2024-02-13 17:15:18.304-08,2024-02-14 15:36:12.862799-08,2024-02-15 09:08:25.864347-08
NW_TX0041-13,2024-02-13 17:15:18.304-08,2024-02-14 15:35:35.462735-08,2024-02-15 09:07:55.650927-08
NW-TX4133-5,2024-10-08 17:22:08.543-07,2024-10-09 09:36:45.036293-07,2025-01-17 14:30:23.914982-08
NW-TX4133-4,2024-10-08 17:22:08.543-07,2024-10-09 09:31:49.40981-07,2025-01-17 14:30:34.280996-08
NW-TX4133-6,2024-10-08 17:22:08.543-07,2024-10-15 15:34:58.578065-07,2025-01-17 14:29:31.73344-08
NW-TX4133-1,2024-10-08 17:22:08.543-07,2024-10-09 09:29:58.335582-07,2025-01-17 14:34:07.752231-08
NW-TX4133-3,2024-10-08 17:22:08.543-07,2024-10-09 09:30:58.108498-07,2025-01-17 14:33:57.572965-08
NW-TX4133-2,2024-10-08 17:22:08.543-07,2024-10-09 09:30:11.932971-07,2025-01-17 14:30:44.647571-08
NY-AT26010-20,2024-10-20 10:25:26.02-07,2024-10-29 12:09:11.847197-07,2024-10-31 11:49:02.26923-07
NY-AT26010-21,2024-10-20 10:25:26.02-07,2024-10-28 16:41:59.862365-07,2024-10-31 12:00:33.844786-07
NY-AT26010-22,2024-10-20 10:25:26.02-07,2024-10-29 12:12:20.757735-07,2024-10-31 11:46:43.616183-07
NY-MX12079-5,2024-08-03 07:05:22.467-07,2024-08-27 15:58:33.93214-07,2024-09-24 15:08:04.044602-07
NY-MX12079-4,2024-08-03 07:05:22.467-07,2024-08-27 15:55:17.539391-07,2024-09-24 15:07:49.187117-07
NY-MX12079-9,2024-08-03 07:05:22.467-07,2024-11-11 19:23:48.520928-08,2024-12-02 13:21:51.577865-08
NY-MX12079-8,2024-08-03 07:05:22.467-07,2024-11-11 19:16:09.133402-08,2024-12-02 13:21:39.091934-08
NY-AT0656-8,2023-09-14 15:12:26.688-07,2025-02-09 21:49:45.72626-08,2025-02-16 21:28:03.117291-08
NY-AT0656-9,2023-09-14 15:12:26.688-07,2025-02-17 14:37:48.425447-08,2025-02-18 09:48:41.490154-08
NY-AT0656-4,2023-09-14 15:12:26.688-07,2025-02-09 21:17:39.721667-08,2025-02-16 21:22:56.052684-08
NY-AT0656-5,2023-09-14 15:12:26.688-07,2025-02-13 16:04:09.927314-08,2025-02-17 14:27:35.34521-08
NY-AT0656-6,2023-09-14 15:12:26.688-07,2025-02-09 21:15:33.854864-08,2025-02-16 21:17:49.517386-08
NY-AT0656-7,2023-09-14 15:12:26.688-07,2025-02-13 16:09:23.133893-08,2025-02-17 14:32:42.256142-08
NY-AT0656-1,2023-09-14 15:12:26.688-07,2025-02-13 15:53:40.006976-08,2025-02-17 14:17:21.521214-08
NY-AT0656-2,2023-09-14 15:12:26.688-07,2025-02-13 16:30:21.178814-08,2025-02-17 14:53:09.765701-08
NY-AT0656-3,2023-09-14 15:12:26.688-07,2025-02-13 15:58:54.10636-08,2025-02-17 14:22:28.737345-08
NY-MX12027-4,2024-03-05 10:36:33.555-08,2024-11-11 13:37:03.504119-08,2024-12-02 12:54:31.313-08
NY-MX12027-5,2024-03-05 10:36:33.555-08,2024-11-11 13:40:14.194822-08,2024-12-02 12:54:43.496493-08
NY-MX12027-6,2024-03-05 10:36:33.555-08,2024-02-05 10:01:42.610082-08,2024-12-10 00:18:39.86118-08
NY-MX12027-7,2024-03-05 10:36:33.555-08,2024-02-05 10:02:50.951558-08,2024-12-10 00:19:49.984558-08
NY-MX12027-1,2024-03-05 10:36:33.555-08,2024-07-17 13:09:57.900406-07,2024-08-16 11:00:32.46259-07
NY-MX12027-2,2024-03-05 10:36:33.555-08,2024-07-25 14:58:45.495167-07,2024-08-16 12:00:07.374238-07
NY-MX12027-3,2024-03-05 10:36:33.555-08,2024-11-11 13:33:47.208839-08,2025-03-21 10:49:15.329429-07
NY-MX12027-8,2024-03-05 10:36:33.555-08,2024-07-17 12:56:15.78771-07,2024-12-02 12:49:43.363656-08
NY-MX12027-9,2024-03-05 10:36:33.555-08,2024-11-11 13:53:54.173825-08,2024-12-02 12:54:58.257643-08
NW-MX2171-8,2024-01-06 02:12:34.464-08,2024-08-27 16:11:17.352311-07,2024-09-10 14:05:43.20019-07
NW-MX2171-9,2024-01-06 02:12:34.464-08,2024-08-27 16:14:27.725032-07,2024-09-10 14:09:38.098867-07
NW-MX2171-2,2024-01-06 02:12:34.464-08,2024-10-01 19:15:03.350155-07,2024-12-09 19:59:57.82509-08
NW-MX2171-3,2024-01-06 02:12:34.464-08,2024-10-01 19:18:15.158993-07,2024-12-09 20:01:08.725915-08
NW-MX2171-1,2024-01-06 02:12:34.464-08,2024-10-01 19:11:52.525503-07,2024-12-09 19:58:46.27822-08
NW-MX2171-6,2024-01-06 02:12:34.464-08,2024-10-01 19:27:50.202518-07,2024-12-09 20:04:42.745599-08
NW-MX2171-7,2024-01-06 02:12:34.464-08,2024-10-01 19:31:01.225591-07,2024-12-09 20:05:54.236632-08
NW-MX2171-4,2024-01-06 02:12:34.464-08,2024-10-01 19:21:26.850331-07,2024-12-09 20:02:21.24961-08
NW-MX2171-5,2024-01-06 02:12:34.464-08,2024-10-01 19:24:38.360001-07,2024-12-09 20:03:31.40393-08
NY-MX22007-10,2024-10-05 09:17:00.681-07,2024-10-07 14:11:27.231029-07,2024-10-09 10:53:43.584788-07
SQ_AT0620-9,2024-03-05 11:40:47.279-08,2024-10-01 14:36:58.853344-07,2024-12-09 10:38:53.63888-08
NY-AT16080-9,2024-08-07 05:06:42.41-07,2024-11-11 19:41:13.616985-08,2024-12-02 13:23:12.580313-08
NY-AT16080-8,2024-08-07 05:06:42.41-07,2024-11-11 19:36:56.427234-08,2024-12-02 13:22:58.352785-08
NY-AT16080-5,2024-08-07 05:06:42.41-07,2024-08-27 15:52:07.16469-07,2024-09-24 15:07:00.528143-07
NY-AT16080-4,2024-08-07 05:06:42.41-07,2024-08-27 15:48:56.218722-07,2024-09-24 15:06:35.0056-07
NY-AT16080-7,2024-08-07 05:06:42.41-07,2024-11-11 19:32:31.890476-08,2024-12-02 13:22:44.728963-08
NY-AT16080-6,2024-08-07 05:06:42.41-07,2024-11-11 19:28:42.203774-08,2024-12-02 13:22:31.683955-08
NY-AT16080-1,2024-08-07 05:06:42.41-07,2024-11-13 14:39:22.856082-08,2024-12-03 13:48:12.724565-08
NY-AT16080-3,2024-08-07 05:06:42.41-07,2024-08-27 15:42:36.197576-07,2024-09-24 15:04:48.354694-07
NY-AT16080-2,2024-08-07 05:06:42.41-07,2024-11-11 18:55:08.740613-08,2024-12-02 13:22:18.233674-08
NW-AT0636-8,2023-04-10 20:34:06.578-07,2024-08-28 02:16:28.491424-07,2024-09-11 14:55:23.146311-07
NY-MX22007-16,2024-10-05 09:17:00.681-07,2024-10-07 14:30:35.452832-07,2024-10-09 10:34:38.267929-07
NW_MX2059-3,2024-03-07 17:11:25.598-08,2024-11-05 14:47:19.241729-08,2024-12-09 22:06:58.37437-08
NW_MX2059-2,2024-03-07 17:11:25.598-08,2024-10-22 00:40:56.693105-07,2024-12-11 00:06:21.265382-08
NW_MX2059-1,2024-03-07 17:11:25.598-08,2024-12-17 12:50:53.59139-08,2025-01-08 05:16:08.219773-08
NW_MX2059-5,2024-03-07 17:11:25.598-08,2024-11-05 14:50:28.515462-08,2024-12-09 22:08:08.818856-08
NW_MX2059-4,2024-03-07 17:11:25.598-08,2024-12-17 12:56:41.90337-08,2025-01-08 05:18:17.695353-08
NW_MX2059-9,2024-03-07 17:11:25.598-08,2024-11-05 16:12:56.354152-08,2024-12-10 11:55:22.486619-08
NW_MX2059-8,2024-03-07 17:11:25.598-08,2024-11-05 16:09:46.177479-08,2024-12-10 11:54:12.539503-08
NY-MX12029-4,2024-01-31 19:14:16.799-08,2024-07-11 18:05:40.163466-07,2024-08-20 09:29:06.678459-07
NY-MX12029-5,2024-01-31 19:14:16.799-08,2024-07-11 18:05:48.351375-07,2024-08-20 09:29:17.176203-07
NY-MX12029-2,2024-01-31 19:14:16.799-08,2024-11-11 14:13:12.186203-08,2024-12-02 12:57:43.831067-08
NY-MX12029-3,2024-01-31 19:14:16.799-08,2024-11-11 14:16:24.082899-08,2024-12-02 12:57:58.565105-08
SQ_AT0055-12,2024-03-22 10:48:02.606-07,2024-12-11 10:33:18.244207-08,2025-01-07 17:07:11.22205-08
NY-MX12029-1,2024-01-31 19:14:16.799-08,2024-11-11 14:00:27.755694-08,2024-12-02 12:57:31.406988-08
NY-AT26008-21,2024-10-12 19:51:32.328-07,2024-10-13 02:24:38.773507-07,2024-10-14 11:05:05.210607-07
NY-AT26008-20,2024-10-12 19:51:32.328-07,2024-10-13 02:21:28.71523-07,2024-10-14 11:11:27.005143-07
SQ_MX2030-7,2024-03-21 14:25:49.79-07,2025-02-10 18:10:58.309521-08,2025-02-17 05:35:41.116739-08
NW-TX4108-6,2024-04-29 23:18:39.925-07,2024-12-03 12:22:56.617272-08,2025-01-15 10:55:06.391751-08
NW-TX4108-5,2024-04-29 23:18:39.925-07,2024-12-03 12:22:42.531158-08,2025-01-15 10:54:42.858743-08
NW-TX4108-4,2024-04-29 23:18:39.925-07,2024-12-03 12:22:26.207299-08,2025-01-15 10:54:29.437022-08
NW-TX4108-3,2024-04-29 23:18:39.925-07,2024-04-30 14:58:23.306415-07,2025-02-13 15:04:29.382195-08
NW-TX4108-2,2024-04-29 23:18:39.925-07,2024-04-30 14:54:15.287015-07,2025-02-13 14:25:04.28207-08
SQ_MX2030-9,2024-03-21 14:25:49.79-07,2025-02-08 15:24:42.033362-08,2025-02-16 13:56:33.162424-08
SQ_MX2030-8,2024-03-21 14:25:49.79-07,2025-02-10 21:28:38.466801-08,2025-02-17 05:40:47.546034-08
NY-AT16023-4,2024-03-05 14:55:15.227-08,2024-11-22 02:10:12.643651-08,2024-12-10 02:21:27.713763-08
NY-AT16023-5,2024-03-05 14:55:15.227-08,2024-11-22 02:13:24.440299-08,2024-12-10 02:22:38.45897-08
NY-AT16023-6,2024-03-05 14:55:15.227-08,2024-11-22 02:16:35.326789-08,2024-12-10 02:23:48.138679-08
NY-AT16023-7,2024-03-05 14:55:15.227-08,2024-11-22 02:19:46.736803-08,2024-12-10 10:17:25.026349-08
NY-AT16023-1,2024-03-05 14:55:15.227-08,2024-11-22 02:00:39.885026-08,2024-12-10 02:17:58.525052-08
NY-AT16023-2,2024-03-05 14:55:15.227-08,2024-11-22 02:03:51.426152-08,2024-12-10 02:19:07.936812-08
NY-AT16023-3,2024-03-05 14:55:15.227-08,2024-11-22 02:07:02.401714-08,2024-12-10 02:20:17.24356-08
NY-AT16057-10,2024-05-01 10:13:29.739-07,2024-07-17 13:11:52.986377-07,2024-08-15 12:41:22.720891-07
NY-AT16023-8,2024-03-05 14:55:15.227-08,2024-09-24 15:55:32.017675-07,2024-09-25 10:26:17.201521-07
NY-AT16023-9,2024-03-05 14:55:15.227-08,2024-11-22 02:23:00.858112-08,2024-12-10 10:18:35.233455-08
NY-TX14048-4,2024-08-19 22:38:39.659-07,2024-10-08 15:13:12.378434-07,2025-01-22 13:45:35.421059-08
NY-TX14048-2,2024-08-19 22:38:39.659-07,2024-10-08 15:12:12.465838-07,2025-01-22 13:45:45.937358-08
NY-TX14048-3,2024-08-19 22:38:39.659-07,2024-10-08 15:12:49.358701-07,2025-01-22 13:45:56.613491-08
NY-TX14048-1,2024-08-19 22:38:39.659-07,2024-10-08 15:11:27.063478-07,2025-01-22 13:46:21.05373-08
NW_AT0592-9,2024-03-07 16:56:24.512-08,2024-12-19 09:55:15.937857-08,2025-01-08 07:15:20.523439-08
NW_AT0592-8,2024-03-07 16:56:24.512-08,2024-12-19 09:50:06.458761-08,2025-01-08 07:13:10.926094-08
NW_AT0592-3,2024-03-07 16:56:24.512-08,2024-11-05 13:18:38.646749-08,2024-12-09 22:50:11.404741-08
NW_AT0592-2,2024-03-07 16:56:24.512-08,2024-11-05 13:15:25.950136-08,2024-12-09 22:49:01.242656-08
NW_AT0592-1,2024-03-07 16:56:24.512-08,2025-02-11 04:01:23.954706-08,2025-02-17 06:57:27.820695-08
NW_AT0592-6,2024-03-07 16:56:24.512-08,2024-11-05 13:24:57.532503-08,2024-12-09 22:52:32.360571-08
NW_AT0592-5,2024-03-07 16:56:24.512-08,2024-11-05 13:21:48.266218-08,2024-12-09 22:51:22.081914-08
NW_AT0592-4,2024-03-07 16:56:24.512-08,2025-02-11 04:03:30.130526-08,2025-02-17 07:02:34.149762-08
NY-MX12047-8,2024-03-21 15:00:28.704-07,2024-08-26 11:46:04.343558-07,2024-09-23 16:47:14.232158-07
NY-MX12047-9,2024-03-21 15:00:28.704-07,2024-08-26 11:09:38.804785-07,2024-09-23 16:47:27.475338-07
NY-MX12047-2,2024-03-21 15:00:28.704-07,2024-08-26 11:14:50.568961-07,2024-09-23 16:41:35.782333-07
NY-MX12047-3,2024-03-21 15:00:28.704-07,2024-08-26 11:20:03.65288-07,2024-09-23 16:41:50.705631-07
NY-MX12047-1,2024-03-21 15:00:28.704-07,2024-11-15 10:08:52.939581-08,2024-12-09 22:32:41.326522-08
NY-MX12047-6,2024-03-21 15:00:28.704-07,2024-08-26 11:35:42.804304-07,2024-09-23 16:46:35.461845-07
NY-MX12047-7,2024-03-21 15:00:28.704-07,2024-08-26 11:40:53.252699-07,2024-09-23 16:47:02.542018-07
NY-MX12047-4,2024-03-21 15:00:28.704-07,2024-08-26 11:25:21.337697-07,2024-09-23 16:40:26.032005-07
NY-MX12047-5,2024-03-21 15:00:28.704-07,2024-08-26 11:30:32.146245-07,2024-09-23 16:40:40.385609-07
SQ_AT0049-4,2024-02-15 04:57:22.389-08,2024-02-15 15:14:26.426082-08,2025-01-08 04:54:29.022818-08
SQ_AT0049-7,2024-02-15 04:57:22.389-08,2024-12-11 14:14:45.537713-08,2025-01-07 19:54:53.195174-08
SQ_AT0049-3,2024-02-15 04:57:22.389-08,2025-01-14 00:50:26.166549-08,2025-01-08 04:11:11.093805-08
SQ_AT0049-2,2024-02-15 04:57:22.389-08,2025-01-14 00:48:15.786877-08,2025-01-08 04:09:01.436586-08
SQ_AT0049-9,2024-02-15 04:57:22.389-08,2024-12-11 14:21:05.939056-08,2025-01-07 19:59:15.217017-08
SQ_AT0049-8,2024-02-15 04:57:22.389-08,2024-12-11 14:17:56.529375-08,2025-01-07 19:57:04.593168-08
NW_AT0606-9,2024-03-05 11:43:40.202-08,2024-11-05 13:53:25.30729-08,2024-12-09 23:03:02.272635-08
NW_AT0606-8,2024-03-05 11:43:40.202-08,2024-11-05 13:50:16.067499-08,2024-12-09 23:01:52.074303-08
NW_AT0606-3,2024-03-05 11:43:40.202-08,2024-10-01 11:27:17.307722-07,2024-12-03 15:04:42.965438-08
NW_MX2058-5,2024-01-11 19:29:20.146-08,2024-10-01 10:14:02.206418-07,2024-12-03 14:54:27.180692-08
NW_MX2058-2,2024-01-11 19:29:20.146-08,2024-01-12 13:05:01.064911-08,2024-12-10 17:14:28.053997-08
NW_MX2058-3,2024-01-11 19:29:20.146-08,2024-01-12 13:05:29.362166-08,2024-12-10 17:15:37.264446-08
NY-MX12065-8,2024-06-18 17:08:12.887-07,2024-11-22 09:25:05.925852-08,2024-12-03 13:23:32.524141-08
NW_MX2058-1,2024-01-11 19:29:20.146-08,2024-01-12 13:04:40.59388-08,2024-12-10 17:13:18.766721-08
NY-MX12065-6,2024-06-18 17:08:12.887-07,2024-11-19 10:08:36.76437-08,2024-12-03 13:23:19.58845-08
NY-MX12065-7,2024-06-18 17:08:12.887-07,2024-08-15 10:04:55.715256-07,2024-08-16 09:35:38.428363-07
NY-MX12065-4,2024-06-18 17:08:12.887-07,2024-11-11 15:10:28.359719-08,2024-12-02 13:05:16.262772-08
NY-MX12065-5,2024-06-18 17:08:12.887-07,2024-11-11 15:13:38.928261-08,2024-12-02 13:05:30.597307-08
NY-MX12065-2,2024-06-18 17:08:12.887-07,2024-11-11 15:04:05.584216-08,2024-12-02 13:04:48.464484-08
NY-AT16003-4,2023-08-11 07:42:35.822-07,2024-02-21 09:20:50.06992-08,2024-08-19 11:22:49.613219-07
NW_MX2058-8,2024-01-11 19:29:20.146-08,2024-12-17 12:39:26.639027-08,2025-01-08 05:11:47.997633-08
NW_MX2058-9,2024-01-11 19:29:20.146-08,2024-12-17 12:45:10.149535-08,2025-01-08 05:13:58.125298-08
NY-AT16003-5,2023-08-11 07:42:35.822-07,2024-07-12 10:42:51.429073-07,2024-08-19 11:23:03.613723-07
NY-MX22002-8,2025-03-19 17:00:16.889-07,2024-09-01 09:27:19.513311-07,2024-09-08 22:37:30.169728-07
NY-MX22002-9,2025-03-19 17:00:16.889-07,2024-09-02 20:28:07.172564-07,2024-09-08 22:31:08.567894-07
NY-MX22002-1,2025-03-19 17:00:16.889-07,2024-09-01 08:26:54.656476-07,2024-09-08 23:34:42.342547-07
NY-MX22002-2,2025-03-19 17:00:16.889-07,2024-09-01 09:01:52.442641-07,2024-09-08 23:02:55.262919-07
NY-MX22002-3,2025-03-19 17:00:16.889-07,2024-09-01 09:11:24.32991-07,2024-09-08 22:53:23.166419-07
NY-MX22002-4,2025-03-19 17:00:16.889-07,2024-09-01 09:14:34.776402-07,2024-09-08 22:50:12.379197-07
NY-MX22002-5,2025-03-19 17:00:16.889-07,2024-09-01 09:17:45.126471-07,2024-09-08 22:47:01.910114-07
NY-MX22002-6,2025-03-19 17:00:16.889-07,2024-09-01 09:20:55.828551-07,2024-09-08 22:43:51.499917-07
NY-MX22002-7,2025-03-19 17:00:16.889-07,2024-09-01 09:24:06.482464-07,2025-03-21 12:52:48.881792-07
NY-AT16022-1,2023-12-10 02:36:26.494-08,2024-11-22 01:41:42.608446-08,2024-12-10 02:10:58.573548-08
NY-AT16022-3,2023-12-10 02:36:26.494-08,2024-11-14 14:22:25.300106-08,2024-12-02 12:53:47.199592-08
NY-AT16022-5,2023-12-10 02:36:26.494-08,2024-11-22 01:44:52.449584-08,2024-12-10 02:12:08.417925-08
NY-AT16022-4,2023-12-10 02:36:26.494-08,2024-11-11 13:30:36.870827-08,2024-12-02 12:53:59.486595-08
NY-AT16022-7,2023-12-10 02:36:26.494-08,2024-11-22 01:51:11.037634-08,2024-12-10 02:14:27.810877-08
NY-AT16022-6,2023-12-10 02:36:26.494-08,2024-11-24 01:52:12.811458-08,2024-12-10 02:13:18.083727-08
NY-AT16022-9,2023-12-10 02:36:26.494-08,2024-11-22 01:57:30.002902-08,2024-12-10 02:16:48.063202-08
NY-AT16022-8,2023-12-10 02:36:26.494-08,2024-11-24 01:55:26.017641-08,2024-12-10 02:15:38.23096-08
SQ_AT0051-6,2024-01-11 21:36:43.156-08,2024-11-10 02:05:32.881922-08,2025-01-08 00:51:49.421246-08
NW-MX2191-10,2024-07-23 03:05:05.702-07,2024-08-27 18:22:48.189854-07,2024-09-10 16:40:28.696213-07
SQ_AT0051-2,2024-01-11 21:36:43.156-08,2024-12-26 01:30:56.87918-08,2025-01-08 09:43:42.899537-08
SQ_AT0051-1,2024-01-11 21:36:43.156-08,2024-11-10 02:02:25.412775-08,2024-12-11 12:59:35.896577-08
SQ_MX2124-7,2024-03-05 10:46:30.282-08,2023-03-08 15:32:17.697259-08,2024-10-18 11:09:05.625838-07
NY-AT16027-5,2024-03-05 15:02:58.771-08,2024-11-11 13:40:14.194822-08,2024-12-02 12:54:43.496493-08
SQ_MX2124-6,2024-03-05 10:46:30.282-08,2023-03-08 15:32:04.036141-08,2024-10-18 11:08:53.007628-07
SQ_AT0051-8,2024-01-11 21:36:43.156-08,2024-12-17 10:38:51.320988-08,2025-01-07 20:21:04.337958-08
NW_AT0606-2,2024-03-05 11:43:40.202-08,2024-10-01 11:24:00.737898-07,2024-12-03 15:04:28.608462-08
SQ_AT0611-12,,,
SQ_AT0611-10,,,
NW_TX1071-9,,,
NW_TX0176-5,,,
NW_TX0176-3,,,
SQ_AT0053-12,,,
SQ_AT0053-13,,,
SQ_AT0053-10,,,
SQ_AT0053-11,,,
SQ_AT0053-14,,,
NW_TX0067-1,,,
NW_TX0067-3,,,
NW_TX0067-2,,,
NW_TX0067-5,,,
NW_TX0067-4,,,
NW_TX0067-7,,,
NW_TX0067-6,,,
NW_TX0067-9,,,
NW_TX0067-8,,,
10X393-7,,,
10X393-6,,,
10X393-5,,,
10X393-4,,,
10X393-3,,,
NW_TX1071-5,,,
10X393-1,,,
NW_TX1071-4,,,
10X393-8,,,
NW_AT0630-8,2023-03-06 09:12:55.296-08,2024-11-24 06:17:02.490679-08,2024-12-10 16:23:18.33378-08
NW_AT0606-1,2024-03-05 11:43:40.202-08,2024-11-10 00:40:58.331889-08,2024-12-10 18:15:00.763058-08
NW_AT0606-7,2024-03-05 11:43:40.202-08,2024-11-05 13:47:06.505653-08,2024-12-09 23:00:42.260906-08
NW_AT0606-6,2024-03-05 11:43:40.202-08,2024-11-10 00:47:20.530939-08,2024-12-10 17:48:09.870612-08
NW_AT0606-5,2024-03-05 11:43:40.202-08,2024-10-22 09:50:48.763129-07,2024-12-10 16:45:20.396152-08
NW_AT0606-4,2024-03-05 11:43:40.202-08,2024-11-26 10:26:53.649767-08,2024-12-10 16:44:10.993814-08
NY-MX2145-1,2023-09-20 02:06:43.668-07,2024-10-01 16:48:46.496062-07,2024-12-09 19:04:53.358322-08
NY-MX2145-3,2023-09-20 02:06:43.668-07,2024-10-01 16:55:25.939663-07,2024-12-09 19:07:15.007885-08
NY-MX2145-2,2023-09-20 02:06:43.668-07,2024-10-01 16:52:04.316928-07,2024-12-09 19:06:04.78355-08
NY-MX2145-5,2023-09-20 02:06:43.668-07,2024-08-28 03:17:09.7699-07,2024-09-11 15:56:04.003358-07
NY-MX2145-4,2023-09-20 02:06:43.668-07,2024-10-01 16:58:51.919601-07,2024-12-09 19:08:25.698537-08
NY-MX2145-7,2023-09-20 02:06:43.668-07,2024-08-28 03:23:32.997676-07,2024-09-11 16:02:24.870192-07
NY-MX2145-6,2023-09-20 02:06:43.668-07,2024-08-28 03:20:20.505987-07,2024-09-11 15:59:14.3687-07
NY-MX2145-9,2023-09-20 02:06:43.668-07,2024-08-28 03:29:56.168874-07,2024-09-11 16:08:46.732566-07
NY-MX2145-8,2023-09-20 02:06:43.668-07,2024-08-28 03:26:43.983306-07,2024-09-11 16:05:35.406188-07
SQ_AT0041-7,2024-01-11 21:17:30.364-08,2024-01-17 13:50:50.350266-08,2025-01-08 03:34:22.45214-08
SQ_AT0041-6,2024-01-11 21:17:30.364-08,2024-01-17 13:50:36.498713-08,2025-01-08 03:32:11.566334-08
SQ_AT0041-1,2024-01-11 21:17:30.364-08,2024-12-11 12:55:30.026148-08,2025-01-07 18:57:47.995156-08
SQ_AT0041-3,2024-01-11 21:17:30.364-08,2024-11-24 07:10:45.969082-08,2025-01-08 02:07:45.879437-08
SQ_AT0041-2,2024-01-11 21:17:30.364-08,2024-10-21 22:56:22.854025-07,2025-01-07 18:59:57.587776-08
NW-AT0633-1,2023-03-11 02:49:41.442-08,2024-11-24 03:30:49.50768-08,2024-12-09 21:25:43.211934-08
NY-AT16006-6,2023-09-08 01:19:39.522-07,2024-10-21 15:06:01.588166-07,2024-10-30 09:50:43.146679-07
NW-AT0633-3,2023-03-11 02:49:41.442-08,2024-08-28 00:04:13.522849-07,2024-09-11 12:45:04.102513-07
NW-AT0633-2,2023-03-11 02:49:41.442-08,2024-10-21 20:05:22.512724-07,2024-12-09 21:26:56.09385-08
NW_TX4046-10,2024-03-06 01:46:54.798-08,2025-02-09 21:17:39.721667-08,2025-02-16 21:22:56.052684-08
NW-AT0633-4,2023-03-11 02:49:41.442-08,2024-08-28 00:07:27.831273-07,2024-09-11 12:48:14.834292-07
NW-AT0633-7,2023-03-11 02:49:41.442-08,2024-08-28 00:17:05.598734-07,2024-09-11 12:57:47.238216-07
NW-AT0633-6,2023-03-11 02:49:41.442-08,2024-08-28 00:13:54.153228-07,2024-09-11 12:54:36.662312-07
NW-AT0633-9,2023-03-11 02:49:41.442-08,2024-08-28 00:24:36.826227-07,2024-09-11 13:04:08.341375-07
NW-AT0633-8,2023-03-11 02:49:41.442-08,2024-08-28 00:21:21.890027-07,2024-09-11 13:00:57.978729-07
NY-AT16006-9,2023-09-08 01:19:39.522-07,2024-11-19 08:57:03.286881-08,2024-12-03 13:11:46.592434-08
NY-AT16006-8,2023-09-08 01:19:39.522-07,2024-08-16 11:53:27.511381-07,2024-08-22 12:11:07.777454-07
SQ_AT0042-10,2024-02-15 05:11:36.462-08,2024-12-11 13:08:10.36051-08,2025-01-07 19:08:43.584555-08
SQ_AT0042-11,2024-02-15 05:11:36.462-08,2025-01-14 00:33:01.432484-08,2025-01-08 03:43:01.503559-08
SQ_AT0042-12,2024-02-15 05:11:36.462-08,2025-01-14 00:35:12.099898-08,2025-01-08 03:45:11.925558-08
SQ_AT0042-13,2024-02-15 05:11:36.462-08,2025-01-14 00:52:36.958754-08,2025-01-08 04:32:50.527157-08
SQ_AT0042-14,2024-02-15 05:11:36.462-08,2024-12-11 13:11:19.981653-08,2025-01-07 19:10:56.753976-08
SQ_AT0042-15,2024-02-15 05:11:36.462-08,2024-12-11 13:14:29.429311-08,2025-01-07 19:13:08.826049-08
NW-AT0713-1,2024-08-14 03:53:24.854-07,2024-08-26 12:48:23.844172-07,2024-09-10 17:31:17.565036-07
SQ_AT0027-11,2023-11-17 20:16:57.608-08,2024-12-11 12:20:46.137408-08,2025-01-07 18:25:15.66618-08
SQ_AT0027-13,2023-11-17 20:16:57.608-08,2024-12-11 12:27:04.919237-08,2025-01-07 18:29:36.916993-08
SQ_AT0027-12,2023-11-17 20:16:57.608-08,2024-12-11 12:23:55.618409-08,2025-01-07 18:27:25.851316-08
NY-MX22001-3,2024-03-21 23:18:50.644-07,2024-11-19 09:59:04.88152-08,2024-12-03 13:52:15.731008-08
NY-MX22001-2,2024-03-21 23:18:50.644-07,2024-11-19 09:55:53.634604-08,2024-12-03 13:51:48.610794-08
NY-MX22001-1,2024-03-21 23:18:50.644-07,2024-11-19 09:52:41.81844-08,2024-12-03 13:51:17.384818-08
NY-MX22001-7,2024-03-21 23:18:50.644-07,2024-08-26 09:46:41.634163-07,2024-09-23 16:55:35.754993-07
NY-MX22001-6,2024-03-21 23:18:50.644-07,2024-08-26 09:41:29.27627-07,2024-09-23 16:55:23.421368-07
NY-MX22001-5,2024-03-21 23:18:50.644-07,2024-08-26 09:36:17.925661-07,2024-09-23 16:55:02.607011-07
NY-MX22001-4,2024-03-21 23:18:50.644-07,2024-08-26 09:30:55.529381-07,2024-09-23 16:54:48.7974-07
NY-MX22001-9,2024-03-21 23:18:50.644-07,2024-08-26 09:57:03.533751-07,2024-09-23 16:56:02.036534-07
NY-MX22001-8,2024-03-21 23:18:50.644-07,2024-08-26 09:51:52.304483-07,2024-09-23 16:55:48.050651-07
SQ_AT0573-11,2024-03-07 16:59:03.192-08,2024-10-01 11:01:45.018805-07,2024-12-09 09:19:19.352131-08
SQ_AT0573-10,2024-03-07 16:59:03.192-08,2024-10-01 10:58:32.810187-07,2024-12-09 09:18:07.843309-08
NW_AT0626-8,2024-03-05 11:38:17.436-08,2024-08-27 21:30:50.066565-07,2024-09-11 10:47:23.36725-07
NW_AT0626-5,2024-03-05 11:38:17.436-08,2024-08-27 21:21:16.21279-07,2024-09-11 10:37:51.537635-07
NW_AT0626-4,2024-03-05 11:38:17.436-08,2024-08-27 21:18:04.733545-07,2024-09-11 10:34:39.710883-07
NW_AT0626-7,2024-03-05 11:38:17.436-08,2024-08-27 21:27:38.279358-07,2024-09-11 10:44:13.23724-07
NW_AT0626-6,2024-03-05 11:38:17.436-08,2024-08-27 21:24:27.453696-07,2024-09-11 10:41:02.261665-07
NW_AT0626-1,2024-03-05 11:38:17.436-08,2024-11-05 15:50:42.127402-08,2024-12-10 15:26:05.303382-08
NW_AT0626-3,2024-03-05 11:38:17.436-08,2024-08-27 21:14:53.394009-07,2024-09-11 10:31:28.807734-07
NW_AT0626-2,2024-03-05 11:38:17.436-08,2024-08-27 21:11:40.778295-07,2024-09-11 10:28:18.058746-07
SQ_AT0579-4,2024-03-23 17:05:25.224-07,2024-12-18 14:50:46.876937-08,2025-01-08 06:18:58.807956-08
NW-MX2180-2,2024-05-03 22:16:21.009-07,2024-09-26 10:35:16.859333-07,2024-09-30 10:12:46.33832-07
NW-MX2180-3,2024-05-03 22:16:21.009-07,2024-09-26 10:35:35.75316-07,2024-09-30 10:13:01.246857-07
NW-MX2180-1,2024-05-03 22:16:21.009-07,2024-08-28 08:16:15.088898-07,2024-09-11 21:01:31.174262-07
NW-MX2180-6,2024-05-03 22:16:21.009-07,2024-08-28 08:22:35.83353-07,2024-09-11 21:07:54.434764-07
NW-MX2180-7,2024-05-03 22:16:21.009-07,2024-08-27 16:43:09.751294-07,2024-09-10 14:44:42.817336-07
NW-MX2180-4,2024-05-03 22:16:21.009-07,2024-09-26 10:35:51.62449-07,2024-09-30 10:13:25.701638-07
NW-MX2180-5,2024-05-03 22:16:21.009-07,2024-08-28 08:19:25.41381-07,2024-09-11 21:04:42.561795-07
NW-MX2180-8,2024-05-03 22:16:21.009-07,2024-08-27 16:46:22.498374-07,2024-09-10 14:48:32.757845-07
NW-MX2180-9,2024-05-03 22:16:21.009-07,2024-08-28 08:25:45.938469-07,2024-09-11 21:11:05.88594-07
SQ_AT0624-10,2024-03-05 11:50:34.086-08,2024-09-08 21:34:35.461701-07,2024-09-11 10:12:25.075763-07
SQ_AT0624-11,2024-03-05 11:50:34.086-08,2024-09-08 21:37:42.967265-07,2024-09-11 10:15:35.202155-07
SQ_AT0570-1,2023-11-17 20:04:10.245-08,2025-02-08 15:56:13.886032-08,2025-02-16 15:13:12.277569-08
NY-TX4087-5,2023-07-07 19:43:24.394-07,2024-02-14 15:42:39.141799-08,2025-02-19 10:34:51.733934-08
NY-MX12080-1,2024-08-06 20:44:09.145-07,2024-11-13 14:39:22.856082-08,2024-12-03 13:48:12.724565-08
NY-MX12080-3,2024-08-06 20:44:09.145-07,2024-08-27 15:42:36.197576-07,2024-09-24 15:04:48.354694-07
NY-MX12080-2,2024-08-06 20:44:09.145-07,2024-11-11 18:55:08.740613-08,2024-12-02 13:22:18.233674-08
NY-MX12080-5,2024-08-06 20:44:09.145-07,2024-08-27 15:52:07.16469-07,2024-09-24 15:07:00.528143-07
NY-MX12080-4,2024-08-06 20:44:09.145-07,2024-08-27 15:48:56.218722-07,2024-09-24 15:06:35.0056-07
NY-MX12029-8,2024-01-31 19:14:16.799-08,2024-07-11 18:06:04.191375-07,2024-08-20 09:29:41.209935-07
NW-TX4126-3,2024-09-03 18:16:57.524-07,2024-09-20 18:02:47.32048-07,2025-01-23 09:43:13.649983-08
NW-TX4126-2,2024-09-03 18:16:57.524-07,2024-09-20 17:59:14.780922-07,2025-01-22 15:17:28.088491-08
SQ_AT0025-7,2024-02-23 09:00:04.063-08,2024-10-21 21:53:03.503572-07,2024-12-09 21:47:00.455171-08
SQ_AT0025-6,2024-02-23 09:00:04.063-08,2024-10-21 23:02:46.176802-07,2024-12-09 21:57:34.854466-08
NW-TX4126-6,2024-09-03 18:16:57.524-07,2025-01-12 18:27:08.995815-08,2025-01-17 13:17:06.131261-08
NW_AT0623-6,2024-02-29 10:54:39.297-08,2024-11-05 15:47:31.526017-08,2024-12-10 15:24:55.025895-08
NW_AT0623-7,2024-02-29 10:54:39.297-08,2025-02-08 15:30:59.771429-08,2025-02-16 14:11:53.691962-08
NW_MX2057-4,2024-01-11 20:14:11.079-08,2024-10-21 19:24:04.424821-07,2024-12-09 21:11:32.661506-08
NW_MX2057-7,2024-01-11 20:14:11.079-08,2024-11-24 03:24:29.907434-08,2024-12-09 21:15:04.313731-08
NY-MX12029-7,2024-01-31 19:14:16.799-08,2024-07-25 14:58:53.056654-07,2024-08-16 12:00:21.873915-07
NW_MX2057-6,2024-01-11 20:14:11.079-08,2024-10-21 19:30:28.454551-07,2024-12-09 21:13:54.322495-08
NY-AT16051-9,2024-04-11 02:19:43.128-07,2024-08-26 12:01:42.610356-07,2024-09-23 16:51:20.071536-07
NY-AT16051-8,2024-04-11 02:19:43.128-07,2024-09-02 10:58:37.133192-07,2024-09-23 16:51:06.613985-07
NY-AT16051-3,2024-04-11 02:19:43.128-07,2024-11-13 16:36:54.361837-08,2024-12-10 11:25:04.598037-08
NY-AT16051-2,2024-04-11 02:19:43.128-07,2024-11-19 08:17:20.193562-08,2024-12-10 11:23:54.59565-08
NY-AT16051-1,2024-04-11 02:19:43.128-07,2024-11-13 16:30:35.030452-08,2024-12-10 11:22:44.809722-08
NY-AT16051-7,2024-04-11 02:19:43.128-07,2024-11-19 08:20:43.120831-08,2024-12-10 01:14:08.433975-08
NY-AT16051-6,2024-04-11 02:19:43.128-07,2024-11-19 08:11:13.383286-08,2024-12-10 01:10:25.778865-08
NY-AT16051-5,2024-04-11 02:19:43.128-07,2024-11-19 08:17:33.144186-08,2024-12-10 01:12:54.753549-08
NY-AT16051-4,2024-04-11 02:19:43.128-07,2024-11-19 08:14:23.058801-08,2024-12-10 01:11:40.005149-08
NW_MX2109-5,2024-03-06 01:43:34.414-08,2024-10-01 13:36:19.149496-07,2024-12-09 10:15:26.022321-08
NW-AT0705-6,2024-06-04 11:26:02.68-07,2024-08-28 10:47:01.249428-07,2024-09-11 22:14:54.704204-07
NW-AT0705-5,2024-06-04 11:26:02.68-07,2024-08-28 10:43:50.0643-07,2024-09-11 22:11:43.846876-07
NW-AT0705-4,2024-06-04 11:26:02.68-07,2024-08-28 10:06:04.65323-07,2024-09-11 22:08:33.568142-07
NW-AT0705-3,2024-06-04 11:26:02.68-07,2024-08-28 09:40:28.03881-07,2024-09-11 21:58:59.417242-07
NW-AT0705-2,2024-06-04 11:26:02.68-07,2024-08-28 09:57:22.396201-07,2024-09-11 22:05:22.014443-07
NW-AT0705-1,2024-06-04 11:26:02.68-07,2024-08-28 09:48:59.061287-07,2024-09-11 22:02:10.720905-07
NW_MX2109-2,2024-03-06 01:43:34.414-08,2024-12-11 12:11:17.510845-08,2025-01-07 18:14:24.969326-08
NW_MX2109-9,2024-03-06 01:43:34.414-08,2024-10-21 21:43:33.305127-07,2024-12-09 21:44:39.626018-08
NW_MX2109-8,2024-03-06 01:43:34.414-08,2025-02-11 04:09:48.514734-08,2025-02-17 07:17:53.956408-08
NW_TX4035-3,2024-03-05 08:37:21.814-08,2024-10-22 10:06:34.927083-07,2024-12-10 16:03:25.825918-08
NW_TX4035-5,2024-03-05 08:37:21.814-08,2024-10-22 10:12:53.307452-07,2024-12-10 16:05:45.649567-08
NY-MX12063-3,2024-06-18 15:53:52.409-07,2024-06-28 10:23:40.698562-07,2024-08-16 12:27:07.048619-07
NY-AT0664-8,2023-09-15 14:01:45.967-07,2024-12-25 11:29:18.545883-08,2025-01-07 22:03:40.577554-08
SQ_AT0033-7,2024-01-11 21:26:13.606-08,2024-11-05 15:53:52.289774-08,2025-01-08 01:04:55.2839-08
NY-TX4082-6,2024-03-05 11:55:18.911-08,2025-02-09 23:08:16.377253-08,2025-02-16 22:49:40.022261-08
NY-TX4082-7,2024-03-05 11:55:18.911-08,2025-02-09 23:40:22.977024-08,2025-02-16 22:54:46.490409-08
NY-TX4082-5,2024-03-05 11:55:18.911-08,2025-02-09 22:51:10.572027-08,2025-02-16 22:44:33.396979-08
NY-TX4082-2,2024-03-05 11:55:18.911-08,2025-02-09 22:49:04.745433-08,2025-02-16 22:39:27.011508-08
NY-TX4082-1,2024-03-05 11:55:18.911-08,2025-02-09 22:46:58.776571-08,2025-02-16 22:34:20.662015-08
NY-TX14012-3,2023-10-03 22:33:35.774-07,2023-10-11 10:31:44.951789-07,2023-12-15 02:13:29.371088-08
NY-TX14012-2,2023-10-03 22:33:35.774-07,2023-10-11 10:32:10.403125-07,2023-12-15 02:13:19.781239-08
NY-TX14012-1,2023-10-03 22:33:35.774-07,2023-10-11 10:32:36.949133-07,2023-12-15 02:13:07.812974-08
NY-TX14012-5,2023-10-03 22:33:35.774-07,2024-03-22 09:38:34.315342-07,2025-01-07 23:30:40.013395-08
NY-TX14012-4,2023-10-03 22:33:35.774-07,2023-10-10 13:58:49.282219-07,2023-12-15 02:13:38.723352-08
SQ-AT010-1,2024-02-23 20:28:42.958-08,2025-02-13 16:40:43.381317-08,2025-02-17 15:03:23.378171-08
NY-AT16074-8,2024-07-19 06:43:19.191-07,2024-11-13 17:05:22.220677-08,2024-12-10 11:37:53.401469-08
NY-AT16074-9,2024-07-19 06:43:19.191-07,2024-11-13 16:49:32.339905-08,2024-12-10 11:32:03.65815-08
NY-AT16074-4,2024-07-19 06:43:19.191-07,2024-11-13 16:52:42.313272-08,2024-12-10 11:33:13.680547-08
NY-AT16074-5,2024-07-19 06:43:19.191-07,2024-11-13 16:55:52.174324-08,2024-12-10 11:34:23.457952-08
NY-AT16074-6,2024-07-19 06:43:19.191-07,2024-11-13 16:59:02.184484-08,2024-12-10 11:35:32.800262-08
NY-AT16074-7,2024-07-19 06:43:19.191-07,2024-11-13 17:02:12.184733-08,2024-12-10 11:36:42.566678-08
NY-AT16074-1,2024-07-19 06:43:19.191-07,2024-07-22 15:52:01.38939-07,2024-12-10 01:17:50.706061-08
NY-AT16074-2,2024-07-19 06:43:19.191-07,2024-08-15 10:05:36.151635-07,2024-08-16 09:37:03.19663-07
NY-AT16074-3,2024-07-19 06:43:19.191-07,2024-08-15 10:05:49.420329-07,2024-08-16 09:37:17.714003-07
NY-MX12078-4,2024-08-03 07:14:07.626-07,2024-11-19 10:40:22.224899-08,2024-12-03 13:46:46.015351-08
NY-MX12078-5,2024-08-03 07:14:07.626-07,2024-11-13 14:36:12.834658-08,2025-01-16 11:38:32.354828-08
NY-MX12078-6,2024-08-03 07:14:07.626-07,2024-11-13 17:14:55.343002-08,2024-12-10 11:42:32.815591-08
NY-MX12078-7,2024-08-03 07:14:07.626-07,2024-11-11 18:45:14.119404-08,2024-12-02 13:20:40.557371-08
NY-MX12078-1,2024-08-03 07:14:07.626-07,2024-08-15 10:07:08.729209-07,2024-08-16 09:38:26.277135-07
NY-MX12078-2,2024-08-03 07:14:07.626-07,2024-08-14 15:43:58.218971-07,2024-12-10 11:40:13.241419-08
NY-MX12078-3,2024-08-03 07:14:07.626-07,2024-11-13 17:11:44.580838-08,2024-12-10 11:41:23.078776-08
NY-MX12078-8,2024-08-03 07:14:07.626-07,2024-11-13 14:42:33.91961-08,2024-12-03 13:47:15.318255-08
NW_MX2061-2,2025-03-19 12:38:39.945-07,2024-10-01 10:26:44.796008-07,2024-12-09 09:13:06.543889-08
NW_MX2061-3,2025-03-19 12:38:39.945-07,2024-10-01 10:29:55.009621-07,2024-12-09 09:14:22.700963-08
NW_MX2061-1,2025-03-19 12:38:39.945-07,2024-10-01 10:23:34.324469-07,2024-12-09 09:11:54.240822-08
NW_MX2061-6,2025-03-19 12:38:39.945-07,2024-08-30 00:28:02.096335-07,2024-09-10 12:33:49.608352-07
NW_MX2061-7,2025-03-19 12:38:39.945-07,2024-08-30 00:31:14.77042-07,2024-09-10 12:37:00.907996-07
NW_MX2061-4,2025-03-19 12:38:39.945-07,2024-10-01 10:33:05.642774-07,2024-12-09 09:15:39.085648-08
NW_MX2061-5,2025-03-19 12:38:39.945-07,2024-08-30 00:24:39.685136-07,2024-09-10 12:30:31.795261-07
NW_MX2061-8,2025-03-19 12:38:39.945-07,2024-11-07 11:29:59.006323-08,2025-03-21 12:26:54.48603-07
NW_MX2061-9,2025-03-19 12:38:39.945-07,2024-02-06 16:00:20.252241-08,2024-12-10 17:22:35.07409-08
NW_MX2120-2,2023-03-06 06:11:17.074-08,2024-10-21 19:52:42.37693-07,2024-12-09 21:22:09.94837-08
NW_MX2120-3,2023-03-06 06:11:17.074-08,2024-09-08 21:40:50.54023-07,2024-09-11 11:19:07.82701-07
NW_MX2120-1,2023-03-06 06:11:17.074-08,2024-10-21 19:49:32.821292-07,2024-12-09 21:20:58.922187-08
NW_MX2120-6,2023-03-06 06:11:17.074-08,2024-11-24 03:27:39.492727-08,2024-12-09 21:24:32.531838-08
NW_MX2120-7,2023-03-06 06:11:17.074-08,2024-08-27 22:44:23.353111-07,2024-09-11 11:25:29.331175-07
NW_MX2120-4,2023-03-06 06:11:17.074-08,2024-09-08 21:43:59.718551-07,2024-09-11 11:22:18.147426-07
NW_MX2120-5,2023-03-06 06:11:17.074-08,2024-10-21 19:55:52.163436-07,2024-12-09 21:23:21.404881-08
NW_MX2120-8,2023-03-06 06:11:17.074-08,2024-08-27 22:47:34.314051-07,2024-09-11 11:28:40.468338-07
NW_MX2120-9,2023-03-06 06:11:17.074-08,2024-08-27 22:50:44.438373-07,2024-09-11 11:31:51.405164-07
NY-MX22007-20,2024-10-05 09:17:00.681-07,2024-10-08 10:23:54.592183-07,2024-10-09 10:18:44.595355-07
NY-MX22007-21,2024-10-05 09:17:00.681-07,2024-10-09 09:46:33.758569-07,2024-10-10 09:23:17.842535-07
NY-MX22007-22,2024-10-05 09:17:00.681-07,2024-10-08 10:24:16.876976-07,2024-10-09 09:56:29.696698-07
NY-AT16036-6,2024-02-23 12:42:28.977-08,2024-02-29 13:25:50.527343-08,2024-08-22 13:12:04.56174-07
NY-AT16036-7,2024-02-23 12:42:28.977-08,2024-07-11 18:06:56.764716-07,2024-08-20 09:40:36.223688-07
NY-AT16036-4,2024-02-23 12:42:28.977-08,2024-10-21 15:53:24.513656-07,2024-10-30 10:57:09.579234-07
NY-AT16036-5,2024-02-23 12:42:28.977-08,2024-02-29 13:25:33.449959-08,2024-12-10 00:34:26.933215-08
NY-AT16036-2,2024-02-23 12:42:28.977-08,2024-10-21 15:47:05.910768-07,2024-10-30 10:56:42.145292-07
NY-AT16036-3,2024-02-23 12:42:28.977-08,2024-10-21 15:50:15.160389-07,2024-10-30 10:56:58.383085-07
NY-AT16036-1,2024-02-23 12:42:28.977-08,2024-11-13 15:04:54.806184-08,2024-12-09 22:18:40.8004-08
NY-AT16036-8,2024-02-23 12:42:28.977-08,2024-08-21 12:44:43.383983-07,2024-08-22 12:14:35.915658-07
NY-AT16036-9,2024-02-23 12:42:28.977-08,2024-07-11 18:07:04.502586-07,2024-08-20 09:40:47.305858-07
SQ_AT0055-2,2024-03-22 10:48:02.606-07,2024-12-11 10:17:31.516899-08,2025-01-07 16:56:21.764679-08
SQ_AT0055-3,2024-03-22 10:48:02.606-07,2024-11-05 12:50:10.487974-08,2025-01-07 22:25:26.595826-08
SQ_AT0567-10,2024-02-28 00:12:47.383-08,2024-12-11 11:23:53.704014-08,2025-01-07 17:41:48.636658-08
SQ_AT0055-1,2024-03-22 10:48:02.606-07,2024-12-11 10:14:22.069-08,2025-01-07 16:54:12.265495-08
SQ_AT0055-6,2024-03-22 10:48:02.606-07,2024-12-11 10:23:50.391308-08,2025-01-07 17:00:41.431803-08
SQ_AT0055-4,2024-03-22 10:48:02.606-07,2024-11-05 12:53:20.198854-08,2025-01-07 22:27:37.327656-08
SQ_AT0055-5,2024-03-22 10:48:02.606-07,2024-12-11 10:20:41.226893-08,2025-01-07 16:58:31.20396-08
NY-MX12057-9,2024-05-01 03:28:27.489-07,2024-08-20 16:49:32.688085-07,2024-08-21 10:07:50.125676-07
NY-MX12057-8,2024-05-01 03:28:27.489-07,2024-08-20 16:49:20.340266-07,2024-08-21 10:07:39.490468-07
NY-MX12057-5,2024-05-01 03:28:27.489-07,2024-08-19 14:37:25.134525-07,2024-08-21 10:07:05.918024-07
NY-MX12057-4,2024-05-01 03:28:27.489-07,2024-07-17 13:11:45.463824-07,2024-08-15 12:41:33.949586-07
NY-MX12057-7,2024-05-01 03:28:27.489-07,2024-08-19 14:38:01.69136-07,2024-08-21 10:07:28.535969-07
NY-MX12057-6,2024-05-01 03:28:27.489-07,2024-08-19 14:37:43.374835-07,2024-08-21 10:07:18.108382-07
NY-MX12057-1,2024-05-01 03:28:27.489-07,2024-07-17 13:11:38.118563-07,2024-08-15 12:41:06.453927-07
NY-MX12057-3,2024-05-01 03:28:27.489-07,2024-08-14 15:01:16.762696-07,2024-08-22 12:29:32.549962-07
NY-MX12057-2,2024-05-01 03:28:27.489-07,2024-08-21 10:24:56.101682-07,2024-08-22 12:29:20.72261-07
NW_TX4052-4,2024-02-29 15:49:20.045-08,2024-03-01 09:45:04.953002-08,2024-03-06 14:37:59.693796-08
NW_TX4052-7,2024-02-29 15:49:20.045-08,2024-03-01 09:45:43.202356-08,2024-03-06 14:39:09.373677-08
10X219-1,2024-03-04 17:47:07.837-08,2024-10-18 09:15:53.939915-07,2025-02-13 14:48:25.618938-08
10X219-2,2024-03-04 17:47:07.837-08,2024-10-18 09:16:06.816393-07,2025-02-13 14:48:46.978169-08
NW_TX4052-9,2024-02-29 15:49:20.045-08,2024-03-01 09:46:04.199545-08,2024-03-07 10:18:24.855755-08
10X219-5,2024-03-04 17:47:07.837-08,2024-10-18 09:16:21.849135-07,2025-02-13 14:49:07.218204-08
10X219-6,2024-03-04 17:47:07.837-08,2024-10-18 09:16:40.039163-07,2025-02-13 14:49:34.814336-08
SQ_AT0032-5,2024-03-23 13:04:22.165-07,2024-11-19 09:16:21.057349-08,2025-01-08 00:16:45.752219-08
NY-MX12038-10,2024-02-25 06:04:01.872-08,2024-10-21 16:15:42.178559-07,2024-10-30 10:57:43.810078-07
NY-MX12049-8,2024-03-29 22:35:12.762-07,2024-11-19 08:04:52.85992-08,2024-12-10 01:06:43.301423-08
SQ_AT0587-2,2024-01-11 21:31:16.346-08,2024-12-11 11:42:50.344291-08,2025-01-07 17:54:54.128008-08
SQ_AT0587-3,2024-01-11 21:31:16.346-08,2024-12-18 15:42:29.553799-08,2025-01-08 06:40:42.253807-08
SQ_AT0587-1,2024-01-11 21:31:16.346-08,2024-12-11 11:39:40.48963-08,2025-01-07 17:52:40.065119-08
SQ_AT0587-6,2024-01-11 21:31:16.346-08,2024-12-18 15:58:01.0693-08,2025-01-08 06:47:11.372073-08
SQ_AT0587-7,2024-01-11 21:31:16.346-08,2024-12-18 16:03:12.212525-08,2025-01-08 06:49:21.193071-08
SQ_AT0587-4,2024-01-11 21:31:16.346-08,2024-12-18 15:47:40.021413-08,2025-01-08 06:42:51.793699-08
SQ_AT0587-5,2024-01-11 21:31:16.346-08,2024-12-18 15:52:50.679777-08,2025-01-08 06:45:01.599046-08
SQ_AT0587-8,2024-01-11 21:31:16.346-08,2024-12-18 16:08:25.124331-08,2025-01-08 06:51:31.189507-08
SQ_AT0587-9,2024-01-11 21:31:16.346-08,2024-01-12 13:13:59.973826-08,2025-01-08 02:35:57.460819-08
NY-MX12049-9,2024-03-29 22:35:12.762-07,2024-08-14 15:16:56.081049-07,2024-12-10 01:07:59.484531-08
NW-AT0678-7,2023-11-28 12:19:03.685-08,2024-08-28 07:03:03.88608-07,2024-09-11 19:47:58.893096-07
NY-MX12067-2,2024-06-20 21:25:43.253-07,2024-11-14 14:22:18.365317-08,2024-12-02 13:06:25.065406-08
NY-MX12067-3,2024-06-20 21:25:43.253-07,2024-11-19 10:33:59.862397-08,2024-12-03 13:40:40.233882-08
NY-MX12067-4,2024-06-20 21:25:43.253-07,2024-07-09 13:45:38.350109-07,2024-08-19 11:16:13.703648-07
NY-MX12067-5,2024-06-20 21:25:43.253-07,2024-11-19 10:37:11.209525-08,2024-12-03 13:40:58.744832-08
NW-AT0678-1,2023-11-28 12:19:03.685-08,2025-02-10 01:27:09.807204-08,2025-02-16 23:35:54.212751-08
NW-MX2170-7,2024-01-03 08:05:49.191-08,2024-12-24 03:24:25.881181-08,2025-01-08 09:26:23.825286-08
NW-MX2170-6,2024-01-03 08:05:49.191-08,2024-12-24 03:19:16.476342-08,2025-01-08 09:24:14.032907-08
NW-MX2170-5,2024-01-03 08:05:49.191-08,2024-12-24 03:14:07.770136-08,2025-01-08 09:22:04.393059-08
NW-MX2170-4,2024-01-03 08:05:49.191-08,2024-12-24 03:08:58.550867-08,2025-01-08 09:19:54.660368-08
NW-MX2170-3,2024-01-03 08:05:49.191-08,2024-10-01 19:08:41.75267-07,2024-12-09 19:57:34.622123-08
NW-MX2170-2,2024-01-03 08:05:49.191-08,2024-10-01 19:05:29.174226-07,2024-12-09 19:56:23.523856-08
NW-MX2170-1,2024-01-03 08:05:49.191-08,2024-10-22 08:03:30.395126-07,2024-12-11 01:13:51.757732-08
NW-MX2170-9,2024-01-03 08:05:49.191-08,2024-12-24 03:29:35.645345-08,2025-01-08 09:28:33.902731-08
NY-AT16019-1,2024-03-05 15:21:17.12-08,2024-11-22 00:50:52.032514-08,2024-12-10 01:51:14.370385-08
NW-MX2193-2,2024-08-14 00:26:42.958-07,2024-08-19 12:36:06.884168-07,2024-09-10 17:15:25.819822-07
NY-MX12024-9,2024-03-05 10:23:16.881-08,2024-11-22 02:48:29.711703-08,2024-12-10 10:29:09.098322-08
NY-MX12024-8,2024-03-05 10:23:16.881-08,2024-11-22 02:45:19.462454-08,2024-12-10 10:27:58.399568-08
NY-MX12024-7,2024-03-05 10:23:16.881-08,2024-11-22 02:42:07.801968-08,2024-12-10 10:26:47.918601-08
NY-MX12024-6,2024-03-05 10:23:16.881-08,2024-11-22 02:38:57.16764-08,2024-12-10 10:25:37.553103-08
NY-MX12024-5,2024-03-05 10:23:16.881-08,2024-07-25 14:32:27.638147-07,2024-12-10 10:24:26.504321-08
NY-MX12024-4,2024-03-05 10:23:16.881-08,2024-11-22 02:35:46.262341-08,2024-12-10 10:23:16.626842-08
NY-MX12024-3,2024-03-05 10:23:16.881-08,2024-11-22 02:32:35.40972-08,2024-12-10 10:22:06.219826-08
NY-MX12024-2,2024-03-05 10:23:16.881-08,2024-11-22 02:29:24.042706-08,2024-12-10 10:20:56.187362-08
NY-MX12024-1,2024-03-05 10:23:16.881-08,2024-11-24 01:58:33.874214-08,2024-12-10 10:19:45.673621-08
NY-AT16060-3,2024-06-18 19:01:58.901-07,2024-06-28 10:59:49.9273-07,2024-07-03 16:04:33.903974-07
NY-AT16060-2,2024-06-18 19:01:58.901-07,2024-06-28 11:00:04.584237-07,2024-07-03 16:04:50.074447-07
NY-AT16060-1,2024-06-18 19:01:58.901-07,2024-06-28 10:59:57.014741-07,2024-07-03 16:04:41.559966-07
NY-AT16060-7,2024-06-18 19:01:58.901-07,2024-05-20 11:06:44.286145-07,2024-08-22 17:37:13.526328-07
NY-AT16060-6,2024-06-18 19:01:58.901-07,2024-05-20 11:06:49.005676-07,2024-08-19 12:30:51.581793-07
NY-AT16060-5,2024-06-18 19:01:58.901-07,2024-05-20 11:06:58.039712-07,2024-08-19 12:30:39.508163-07
NY-AT16060-4,2024-06-18 19:01:58.901-07,2024-05-20 11:07:05.880235-07,2024-08-19 12:29:25.602454-07
NY-AT16060-9,2024-06-18 19:01:58.901-07,2024-05-20 11:04:48.632966-07,2024-08-22 17:37:37.949838-07
NY-AT16060-8,2024-06-18 19:01:58.901-07,2024-05-20 11:06:41.16983-07,2024-08-22 17:37:26.045853-07
NW-AT0689-8,2024-03-05 10:17:52.097-08,2024-10-22 07:57:11.313625-07,2024-12-11 01:12:41.991898-08
NW-AT0689-9,2024-03-05 10:17:52.097-08,2024-12-24 03:03:48.966416-08,2025-01-08 09:17:44.38637-08
NW-AT0689-6,2024-03-05 10:17:52.097-08,2024-12-24 02:58:39.661052-08,2025-01-08 09:15:33.659488-08
NW-AT0689-7,2024-03-05 10:17:52.097-08,2024-10-22 07:54:02.125325-07,2024-12-11 01:11:32.205921-08
NW-AT0689-4,2024-03-05 10:17:52.097-08,2024-10-01 19:02:17.651585-07,2024-12-09 19:55:11.920448-08
NW-AT0689-5,2024-03-05 10:17:52.097-08,2024-10-22 07:47:43.512006-07,2024-12-11 01:10:22.393134-08
NW-AT0689-2,2024-03-05 10:17:52.097-08,2024-10-01 18:55:56.556983-07,2024-12-09 19:52:47.1131-08
NW-AT0689-3,2024-03-05 10:17:52.097-08,2024-10-01 18:59:07.010947-07,2024-12-09 19:53:58.632247-08
NW-AT0689-1,2024-03-05 10:17:52.097-08,2024-08-28 07:28:32.078976-07,2024-09-11 20:13:34.587962-07
SQ_AT0023-11,2023-11-17 20:40:46.235-08,2025-02-27 15:17:08.786105-08,2025-03-03 14:06:42.862436-08
SQ_AT0023-12,2023-11-17 20:40:46.235-08,2025-02-27 15:22:21.804269-08,2025-03-03 14:11:51.601238-08
SQ_MX2013-2,2024-02-23 11:01:26.702-08,2025-02-10 05:09:01.660825-08,2025-02-17 03:48:19.756342-08
SQ_MX2013-3,2024-02-23 11:01:26.702-08,2025-02-10 05:41:08.066059-08,2025-02-17 03:53:26.380485-08
SQ_MX2013-6,2024-02-23 11:01:26.702-08,2025-02-10 08:17:29.451978-08,2025-02-17 04:08:46.631995-08
NY-MX12036-8,2024-02-23 03:17:32.801-08,2024-08-21 12:44:43.383983-07,2024-08-22 12:14:35.915658-07
NY-MX12036-9,2024-02-23 03:17:32.801-08,2024-07-11 18:07:04.502586-07,2024-08-20 09:40:47.305858-07
SQ_MX2027-6,2024-01-11 19:20:48.363-08,2024-10-21 18:48:58.423868-07,2025-01-07 16:32:36.17536-08
SQ_MX2027-5,2024-01-11 19:20:48.363-08,2024-10-21 18:45:47.620177-07,2025-01-07 16:30:25.600619-08
SQ_MX2027-4,2024-01-11 19:20:48.363-08,2024-11-10 01:12:20.666973-08,2025-01-08 00:18:58.760823-08
SQ_AT0613-11,2024-03-06 02:32:17.64-08,2024-10-01 12:28:03.974707-07,2024-12-09 09:49:08.733746-08
NY-MX12036-2,2024-02-23 03:17:32.801-08,2024-10-21 15:47:05.910768-07,2024-10-30 10:56:42.145292-07
NY-MX12036-3,2024-02-23 03:17:32.801-08,2024-10-21 15:50:15.160389-07,2024-10-30 10:56:58.383085-07
NY-MX12036-6,2024-02-23 03:17:32.801-08,2024-02-29 13:25:50.527343-08,2024-08-22 13:12:04.56174-07
NY-MX12036-7,2024-02-23 03:17:32.801-08,2024-07-11 18:06:56.764716-07,2024-08-20 09:40:36.223688-07
NY-MX12048-6,2024-03-30 01:22:28.643-07,2024-08-26 11:51:19.615626-07,2024-09-23 16:47:52.172365-07
NY-MX12036-4,2024-02-23 03:17:32.801-08,2024-10-21 15:53:24.513656-07,2024-10-30 10:57:09.579234-07
NY-MX12036-5,2024-02-23 03:17:32.801-08,2024-02-29 13:25:33.449959-08,2024-12-10 00:34:26.933215-08
NY-AT26010-5,2024-10-20 10:25:26.02-07,2024-10-28 13:01:52.014003-07,2025-03-21 12:59:01.977319-07
NW_MX2055-9,2024-01-11 19:39:21.026-08,2024-08-30 00:05:33.163207-07,2024-09-10 12:07:14.141029-07
NW_MX2055-8,2024-01-11 19:39:21.026-08,2024-08-30 00:02:22.463148-07,2024-09-10 12:03:02.742224-07
NW_MX2055-7,2024-01-11 19:39:21.026-08,2024-08-29 23:59:11.85657-07,2024-09-10 11:59:02.663872-07
NW_MX2055-6,2024-01-11 19:39:21.026-08,2024-02-06 10:29:02.351532-08,2024-12-10 17:12:09.187254-08
NW_MX2055-5,2024-01-11 19:39:21.026-08,2024-01-21 10:55:41.145477-08,2024-12-10 17:10:59.002937-08
NW_MX2055-4,2024-01-11 19:39:21.026-08,2024-01-21 10:55:22.976383-08,2024-12-10 17:57:31.006842-08
NW_MX2055-3,2024-01-11 19:39:21.026-08,2024-12-11 11:17:34.932186-08,2025-01-07 17:37:28.819478-08
NW_MX2055-2,2024-01-11 19:39:21.026-08,2024-10-21 20:30:44.073408-07,2024-12-09 21:36:26.93643-08
NW_MX2055-1,2024-01-11 19:39:21.026-08,2024-08-27 15:42:15.971914-07,2024-09-10 11:55:03.401575-07
NY-MX12007-11,2024-03-05 10:49:09.117-08,2023-12-12 09:28:25.071071-08,2024-12-10 00:03:15.156751-08
SQ_AT016-7,2024-03-23 10:20:01.937-07,2025-03-09 00:16:15.512634-08,2025-03-10 22:49:42.058377-07
NY-AT26010-3,2024-10-20 10:25:26.02-07,2024-10-28 12:55:31.288777-07,2024-10-29 11:51:59.06395-07
NY-AT26010-2,2024-10-20 10:25:26.02-07,2024-10-28 12:42:53.311277-07,2024-10-29 11:53:08.020944-07
NY-AT0679-9,2023-12-05 09:07:15.351-08,2024-12-19 11:43:46.77472-08,2025-01-08 08:00:45.289211-08
NY-AT0679-8,2023-12-05 09:07:15.351-08,2024-12-19 11:38:37.226742-08,2025-01-08 07:58:35.84694-08
NY-AT0679-1,2023-12-05 09:07:15.351-08,2024-10-22 04:50:47.102544-07,2024-12-11 00:37:48.401451-08
NY-AT26010-9,2024-10-20 10:25:26.02-07,2024-11-14 11:12:38.458997-08,2024-10-29 11:49:40.894341-07
NY-AT0679-3,2023-12-05 09:07:15.351-08,2024-12-19 11:17:55.457447-08,2025-01-08 07:49:57.180684-08
NY-AT0679-2,2023-12-05 09:07:15.351-08,2024-10-22 04:53:56.49037-07,2024-12-11 00:38:57.76252-08
NY-AT0679-5,2023-12-05 09:07:15.351-08,2024-10-22 05:03:24.297634-07,2024-12-11 00:40:07.723305-08
NY-AT0679-4,2023-12-05 09:07:15.351-08,2024-12-19 11:23:05.256085-08,2025-01-08 07:52:06.555267-08
NY-AT0679-7,2023-12-05 09:07:15.351-08,2024-12-19 11:33:26.813503-08,2025-01-08 07:56:26.364813-08
NY-AT0679-6,2023-12-05 09:07:15.351-08,2024-12-19 11:28:14.620867-08,2025-01-08 07:54:16.478946-08
NW-MX2133-1,2023-05-20 00:36:39.749-07,2024-12-24 05:12:56.234714-08,2025-01-07 21:35:28.228703-08
NW-MX2133-2,2023-05-20 00:36:39.749-07,2024-12-25 10:27:12.021873-08,2025-01-07 21:37:38.834766-08
NW-MX2133-3,2023-05-20 00:36:39.749-07,2024-12-25 10:32:21.880861-08,2025-01-07 21:39:48.939728-08
NW-MX2133-4,2023-05-20 00:36:39.749-07,2024-12-25 10:37:31.553841-08,2025-01-07 21:41:58.502124-08
NW-MX2133-5,2023-05-20 00:36:39.749-07,2024-12-25 10:42:41.258003-08,2025-01-07 21:44:08.303629-08
NW-MX2133-6,2023-05-20 00:36:39.749-07,2024-12-25 10:47:50.448858-08,2025-01-07 21:46:18.341434-08
NW-MX2133-7,2023-05-20 00:36:39.749-07,2024-12-25 10:52:59.950354-08,2025-01-07 21:48:28.701804-08
NW-MX2133-8,2023-05-20 00:36:39.749-07,2024-12-25 10:58:09.077565-08,2025-01-07 21:50:39.523841-08
NW-MX2133-9,2023-05-20 00:36:39.749-07,2024-12-25 11:03:18.473778-08,2025-01-07 21:52:49.754268-08
SQ_MX2034-3,2024-01-11 21:26:00.406-08,2024-11-24 07:10:45.969082-08,2025-01-08 02:07:45.879437-08
SQ_MX2034-2,2024-01-11 21:26:00.406-08,2024-10-21 22:56:22.854025-07,2025-01-07 18:59:57.587776-08
NW_MX2115-8,2024-02-29 10:56:04.714-08,2025-02-08 15:33:05.687556-08,2025-02-16 14:17:00.357579-08
NW_MX2115-9,2024-02-29 10:56:04.714-08,2024-10-09 08:50:27.554774-07,2024-10-10 09:31:44.018327-07
NW_MX2115-2,2024-02-29 10:56:04.714-08,2024-10-01 15:15:09.698006-07,2024-12-09 10:53:39.052492-08
NW_MX2115-3,2024-02-29 10:56:04.714-08,2024-10-01 15:18:20.300195-07,2024-12-09 10:54:55.447277-08
NW_MX2115-1,2024-02-29 10:56:04.714-08,2025-02-08 15:28:53.820213-08,2025-02-16 14:06:46.796376-08
NW_MX2115-6,2024-02-29 10:56:04.714-08,2024-11-05 15:47:31.526017-08,2024-12-10 15:24:55.025895-08
NW_MX2115-7,2024-02-29 10:56:04.714-08,2025-02-08 15:30:59.771429-08,2025-02-16 14:11:53.691962-08
NW_MX2115-4,2024-02-29 10:56:04.714-08,2024-10-01 15:21:31.105614-07,2024-12-09 10:56:12.967106-08
NW_MX2115-5,2024-02-29 10:56:04.714-08,2024-11-10 01:02:58.712033-08,2024-12-10 15:23:45.323842-08
NY-AT16042-7,2024-03-07 23:12:21.132-08,2024-08-21 15:31:56.130973-07,2024-08-22 17:43:22.87843-07
NY-AT16042-6,2024-03-07 23:12:21.132-08,2024-08-21 15:31:41.911459-07,2024-08-22 17:43:09.523764-07
NY-AT16042-5,2024-03-07 23:12:21.132-08,2024-07-11 18:08:19.563733-07,2024-08-20 10:33:27.962594-07
NY-AT16042-4,2024-03-07 23:12:21.132-08,2024-10-21 16:47:34.971304-07,2024-10-30 11:03:15.204061-07
NY-AT16042-3,2024-03-07 23:12:21.132-08,2024-10-21 16:57:08.974784-07,2024-10-30 11:03:01.19962-07
NY-AT16042-2,2024-03-07 23:12:21.132-08,2024-10-21 16:53:58.177863-07,2024-10-30 11:02:40.894363-07
NY-AT16042-1,2024-03-07 23:12:21.132-08,2024-10-21 16:50:47.218543-07,2024-10-30 11:02:17.74964-07
NY-AT16042-9,2024-03-07 23:12:21.132-08,2024-07-11 18:08:34.722916-07,2024-08-20 10:34:15.723985-07
NY-AT16042-8,2024-03-07 23:12:21.132-08,2024-07-11 18:08:27.142951-07,2024-08-20 10:33:41.003431-07
NW-AT0690-8,2024-01-03 16:36:46.767-08,2024-10-22 08:19:16.984338-07,2024-12-11 01:15:01.208161-08
NW-AT0690-9,2024-01-03 16:36:46.767-08,2024-12-24 03:29:35.645345-08,2025-01-08 09:28:33.902731-08
NY-MX12066-7,2024-06-13 23:50:24.684-07,2024-11-19 10:24:28.04969-08,2024-12-03 13:39:19.748394-08
NY-MX12066-6,2024-06-13 23:50:24.684-07,2024-11-11 15:20:34.390946-08,2024-12-02 13:06:09.312929-08
NY-MX12066-1,2024-06-13 23:50:24.684-07,2024-11-19 10:02:15.327505-08,2024-12-03 13:38:06.119461-08
NY-MX12066-3,2024-06-13 23:50:24.684-07,2024-11-19 10:18:07.785682-08,2024-12-03 13:38:46.70765-08
NY-MX12066-2,2024-06-13 23:50:24.684-07,2024-11-19 10:05:25.997559-08,2024-12-03 13:38:31.924929-08
NW-AT0690-1,2024-01-03 16:36:46.767-08,2024-10-22 08:03:30.395126-07,2024-12-11 01:13:51.757732-08
NW-AT0690-2,2024-01-03 16:36:46.767-08,2024-10-01 19:05:29.174226-07,2024-12-09 19:56:23.523856-08
NW-AT0690-3,2024-01-03 16:36:46.767-08,2024-10-01 19:08:41.75267-07,2024-12-09 19:57:34.622123-08
NW-AT0690-4,2024-01-03 16:36:46.767-08,2024-12-24 03:08:58.550867-08,2025-01-08 09:19:54.660368-08
NW-AT0690-5,2024-01-03 16:36:46.767-08,2024-12-24 03:14:07.770136-08,2025-01-08 09:22:04.393059-08
NW-AT0690-6,2024-01-03 16:36:46.767-08,2024-12-24 03:19:16.476342-08,2025-01-08 09:24:14.032907-08
NW-AT0690-7,2024-01-03 16:36:46.767-08,2024-12-24 03:24:25.881181-08,2025-01-08 09:26:23.825286-08
SQ_AT0037-10,2024-02-28 00:13:10.407-08,2025-02-11 02:46:35.452971-08,2025-02-17 06:21:40.188318-08
NY-AT16047-8,2024-03-21 16:20:21.836-07,2024-08-26 11:46:04.343558-07,2024-09-23 16:47:14.232158-07
NY-AT16047-9,2024-03-21 16:20:21.836-07,2024-08-26 11:09:38.804785-07,2024-09-23 16:47:27.475338-07
NY-AT16047-6,2024-03-21 16:20:21.836-07,2024-08-26 11:35:42.804304-07,2024-09-23 16:46:35.461845-07
NY-AT16047-7,2024-03-21 16:20:21.836-07,2024-08-26 11:40:53.252699-07,2024-09-23 16:47:02.542018-07
NY-AT16047-4,2024-03-21 16:20:21.836-07,2024-08-26 11:25:21.337697-07,2024-09-23 16:40:26.032005-07
NY-AT16047-5,2024-03-21 16:20:21.836-07,2024-08-26 11:30:32.146245-07,2024-09-23 16:40:40.385609-07
NY-AT16047-2,2024-03-21 16:20:21.836-07,2024-08-26 11:14:50.568961-07,2024-09-23 16:41:35.782333-07
NY-AT16047-3,2024-03-21 16:20:21.836-07,2024-08-26 11:20:03.65288-07,2024-09-23 16:41:50.705631-07
NY-AT16047-1,2024-03-21 16:20:21.836-07,2024-11-15 10:08:52.939581-08,2024-12-09 22:32:41.326522-08
SQ_MX2012-9,2024-03-23 19:29:24.608-07,2024-11-05 15:03:09.686945-08,2025-01-07 21:04:57.538416-08
SQ_MX2012-8,2024-03-23 19:29:24.608-07,2024-11-05 15:00:00.383818-08,2025-01-07 21:02:45.810414-08
NW_AT0622-1,2024-02-29 11:21:40.891-08,2024-11-10 00:59:51.07263-08,2024-12-10 17:55:10.851439-08
SQ_MX2012-6,2024-03-23 19:29:24.608-07,2024-10-21 23:34:24.408305-07,2025-01-07 20:58:23.290465-08
SQ_MX2012-5,2024-03-23 19:29:24.608-07,2024-11-24 05:24:39.934238-08,2025-01-08 01:28:43.629806-08
SQ_MX2012-4,2024-03-23 19:29:24.608-07,2025-02-10 04:49:48.715523-08,2025-02-17 03:38:06.756808-08
SQ_MX2012-3,2024-03-23 19:29:24.608-07,2025-02-10 04:47:42.02274-08,2025-02-17 03:33:00.190608-08
SQ_MX2012-2,2024-03-23 19:29:24.608-07,2025-02-10 04:30:34.86436-08,2025-02-17 03:27:53.704154-08
SQ_MX2012-1,2024-03-23 19:29:24.608-07,2024-11-24 05:21:28.931177-08,2025-01-08 01:26:34.186658-08
NY-AT26009-18,2024-10-12 17:21:04.974-07,2024-10-13 02:11:59.350177-07,2024-10-14 11:33:42.509842-07
SQ_MX2013-7,2024-02-23 11:01:26.702-08,2025-02-10 08:19:35.450419-08,2025-02-17 04:13:53.563693-08
NY-AT0681-1,2023-12-20 07:36:28.466-08,2025-02-10 01:50:43.864392-08,2025-02-16 23:56:19.69509-08
NY-AT0681-2,2023-12-20 07:36:28.466-08,2025-02-10 01:52:50.048877-08,2025-02-17 00:01:26.326006-08
NY-AT0681-3,2023-12-20 07:36:28.466-08,2024-10-22 05:22:24.975632-07,2025-01-08 08:05:05.031764-08
NY-AT0681-4,2023-12-20 07:36:28.466-08,2024-12-19 11:54:05.287926-08,2025-01-08 08:07:15.549839-08
NY-AT0681-5,2023-12-20 07:36:28.466-08,2024-12-19 11:59:14.450699-08,2025-01-08 08:09:25.86948-08
NY-AT0681-6,2023-12-20 07:36:28.466-08,2024-12-24 02:27:43.37843-08,2025-01-08 08:11:36.144258-08
NY-AT0681-7,2023-12-20 07:36:28.466-08,2024-12-19 12:09:35.384254-08,2025-01-08 08:13:46.108092-08
NY-AT0681-8,2023-12-20 07:36:28.466-08,2024-12-19 12:14:45.994633-08,2025-01-08 08:15:56.13254-08
NY-AT0681-9,2023-12-20 07:36:28.466-08,2024-10-22 05:41:22.255785-07,2025-01-08 08:18:06.008164-08
NW-MX2184-6,2024-05-31 22:36:48.896-07,2024-09-26 10:39:48.192183-07,2024-09-30 10:17:43.676316-07
NW-MX2184-7,2024-05-31 22:36:48.896-07,2024-09-26 10:40:16.098503-07,2024-09-30 10:19:18.905028-07
NW-MX2184-4,2024-05-31 22:36:48.896-07,2024-08-28 09:37:10.996957-07,2024-09-11 21:55:45.405446-07
NY-AT26009-10,2024-10-12 17:21:04.974-07,2024-10-13 01:46:31.056095-07,2024-10-14 12:24:38.467467-07
NW-AT0698-6,2024-04-30 04:06:27.043-07,2024-08-28 07:44:24.588932-07,2024-09-11 20:29:31.538704-07
NW-AT0698-8,2024-04-30 04:06:27.043-07,2024-08-28 07:50:45.475892-07,2024-09-11 20:35:54.672791-07
NY-AT16004-3,2024-03-05 14:51:06.015-08,2024-02-21 09:24:52.4522-08,2024-08-16 11:02:43.807804-07
NY-AT16004-2,2024-03-05 14:51:06.015-08,2024-08-21 15:34:39.925561-07,2024-08-22 10:32:12.35204-07
NY-AT16004-5,2024-03-05 14:51:06.015-08,2024-02-21 09:18:15.469333-08,2024-08-22 15:07:07.966703-07
NY-AT16004-4,2024-03-05 14:51:06.015-08,2024-02-21 09:26:02.553624-08,2024-08-16 11:02:54.592571-07
NW-AT0692-6,2024-01-29 03:28:45.982-08,2024-10-01 19:37:25.007417-07,2024-12-09 20:08:14.910657-08
NW-AT0692-7,2024-01-29 03:28:45.982-08,2024-10-01 19:40:38.674522-07,2024-12-09 20:09:29.182722-08
NW-AT0692-4,2024-01-29 03:28:45.982-08,2024-08-27 16:27:14.077381-07,2024-09-10 14:25:11.489809-07
NW-AT0692-5,2024-01-29 03:28:45.982-08,2024-10-01 19:34:13.125083-07,2024-12-09 20:07:04.962822-08
NW-AT0692-2,2024-01-29 03:28:45.982-08,2024-08-27 16:20:50.885537-07,2024-09-10 14:17:17.031311-07
NW-AT0692-3,2024-01-29 03:28:45.982-08,2024-08-27 16:24:03.023294-07,2024-09-10 14:21:15.618827-07
NW-AT0692-1,2024-01-29 03:28:45.982-08,2024-08-27 16:17:39.090755-07,2024-09-10 14:13:27.149678-07
NY-AT16004-6,2024-03-05 14:51:06.015-08,2024-10-21 14:31:17.137794-07,2024-10-30 09:47:23.553957-07
NW-AT0692-8,2024-01-29 03:28:45.982-08,2024-10-01 19:43:51.611001-07,2024-12-09 20:10:41.25383-08
NW-AT0692-9,2024-01-29 03:28:45.982-08,2024-10-01 19:47:02.633771-07,2024-12-09 20:11:53.559997-08
SQ_AT011-3,2024-02-24 16:09:09.277-08,2025-02-13 16:56:42.185386-08,2025-02-17 15:18:43.431479-08
SQ_AT011-2,2024-02-24 16:09:09.277-08,2025-02-13 16:51:28.214816-08,2025-02-17 15:13:36.779292-08
SQ_AT011-1,2024-02-24 16:09:09.277-08,2025-02-13 16:45:57.362037-08,2025-02-17 15:08:30.13431-08
SQ_AT011-4,2024-02-24 16:09:09.277-08,2025-02-13 17:01:58.930826-08,2025-02-17 15:23:51.044769-08
NY-AT26009-14,2024-10-12 17:21:04.974-07,2024-10-13 01:59:12.545625-07,2024-10-14 11:59:11.253806-07
SQ_AT0029-2,2023-11-17 20:45:39.143-08,2024-10-21 22:12:04.574494-07,2024-12-09 21:49:21.65337-08
SQ_AT0029-7,2023-11-17 20:45:39.143-08,2024-11-05 14:03:02.250466-08,2024-12-09 23:06:33.544465-08
SQ_AT0029-9,2023-11-17 20:45:39.143-08,2024-11-24 05:40:34.345874-08,2025-01-08 01:33:02.398147-08
NY-MX12056-1,2024-04-23 15:25:48.536-07,2024-07-12 10:47:40.644102-07,2024-08-22 10:42:02.098243-07
NY-MX12056-2,2024-04-23 15:25:48.536-07,2024-08-23 08:34:53.891689-07,2024-08-23 13:44:09.910963-07
NY-MX12056-3,2024-04-23 15:25:48.536-07,2024-07-25 15:11:00.914037-07,2024-08-22 12:27:35.729088-07
NY-MX12056-4,2024-04-23 15:25:48.536-07,2024-08-21 10:12:10.923616-07,2024-08-22 12:27:50.044207-07
NY-MX12056-5,2024-04-23 15:25:48.536-07,2024-08-22 22:18:02.667081-07,2024-08-23 13:44:25.566332-07
NY-MX12056-6,2024-04-23 15:25:48.536-07,2024-07-25 15:11:16.27072-07,2024-08-22 12:28:04.78247-07
NY-MX12056-7,2024-04-23 15:25:48.536-07,2024-08-23 08:35:09.461408-07,2024-08-23 13:44:37.09494-07
NY-MX12056-8,2024-04-23 15:25:48.536-07,2024-08-21 10:12:25.164733-07,2024-08-22 12:28:29.00168-07
NY-MX12056-9,2024-04-23 15:25:48.536-07,2024-07-11 18:09:27.619407-07,2024-08-20 12:32:38.390051-07
SQ_AT0019-3,2023-11-17 20:30:29.359-08,2024-11-24 03:40:18.47249-08,2025-01-07 20:51:49.877251-08
NW_AT0581-9,2024-02-15 04:40:52.187-08,2024-02-15 15:05:44.218596-08,2024-12-10 19:05:09.502881-08
NW_AT0581-8,2024-02-15 04:40:52.187-08,2025-02-08 16:17:34.311155-08,2025-02-16 16:04:20.456072-08
NW_AT0581-7,2024-02-15 04:40:52.187-08,2025-02-08 16:15:28.166613-08,2025-02-16 15:59:14.166857-08
NW_AT0581-6,2024-02-15 04:40:52.187-08,2025-02-08 16:13:22.091461-08,2025-02-16 15:54:07.885096-08
NW_AT0581-5,2024-02-15 04:40:52.187-08,2025-02-08 16:11:16.267521-08,2025-02-16 15:49:01.222136-08
NW_AT0581-4,2024-02-15 04:40:52.187-08,2025-02-08 16:09:09.907305-08,2025-02-16 15:43:54.15732-08
NW_AT0581-3,2024-02-15 04:40:52.187-08,2025-02-08 16:07:03.668159-08,2025-02-16 15:38:46.497277-08
NW_AT0581-2,2024-02-15 04:40:52.187-08,2024-12-18 15:37:19.147194-08,2025-01-08 06:38:32.036923-08
NW_AT0581-1,2024-02-15 04:40:52.187-08,2024-10-22 03:00:17.436796-07,2024-12-11 00:21:32.917767-08
SQ_AT0019-1,2023-11-17 20:30:29.359-08,2025-02-10 08:53:48.418373-08,2025-02-17 04:24:07.234754-08
NW_AT0623-4,2024-02-29 10:54:39.297-08,2024-10-01 15:21:31.105614-07,2024-12-09 10:56:12.967106-08
SQ_AT0054-6,2024-01-11 21:19:25.531-08,2025-02-11 02:48:42.313537-08,2025-02-17 06:26:47.266626-08
SQ_AT0054-5,2024-01-11 21:19:25.531-08,2024-01-12 12:55:11.032247-08,2025-01-08 02:57:34.274635-08
SQ_AT0054-4,2024-01-11 21:19:25.531-08,2024-11-07 11:04:09.110034-08,2025-01-07 23:48:06.511143-08
SQ_AT0054-3,2024-01-11 21:19:25.531-08,2024-11-07 11:00:57.419715-08,2025-01-07 23:45:55.974836-08
SQ_AT0054-1,2024-01-11 21:19:25.531-08,2024-12-24 04:16:02.155278-08,2025-01-08 09:48:03.470801-08
SQ_AT0054-8,2024-01-11 21:19:25.531-08,2024-12-11 10:04:53.455668-08,2024-12-24 01:13:38.549778-08
NY-AT0672-8,2023-10-25 09:56:54.482-07,2024-10-01 17:22:00.26237-07,2024-12-09 19:16:45.506943-08
NY-MX2139-4,2023-08-03 19:15:36.362-07,2024-10-01 15:56:35.902878-07,2024-12-09 11:10:08.138807-08
NY-MX2139-5,2023-08-03 19:15:36.362-07,2024-10-01 15:59:50.980323-07,2024-12-09 18:47:02.580519-08
NY-MX2139-6,2023-08-03 19:15:36.362-07,2024-10-01 16:03:07.436213-07,2024-12-09 18:48:14.423401-08
NY-MX2139-1,2023-08-03 19:15:36.362-07,2024-10-01 15:50:10.798921-07,2024-12-09 11:07:38.289716-08
NY-MX2139-2,2023-08-03 19:15:36.362-07,2024-10-09 08:53:14.30039-07,2024-10-10 09:33:33.838015-07
NY-MX2139-3,2023-08-03 19:15:36.362-07,2024-10-01 15:53:21.661694-07,2024-12-09 11:08:55.013658-08
NY-MX2139-8,2023-08-03 19:15:36.362-07,2024-10-01 16:09:36.614031-07,2024-12-09 18:50:36.720996-08
SQ_AT0019-4,2023-11-17 20:30:29.359-08,2024-11-26 10:30:02.81908-08,2025-01-08 02:03:24.02839-08
SQ_AT0030-1,2024-01-11 21:19:09.266-08,2024-01-17 13:47:15.741457-08,2025-01-08 03:10:34.48626-08
SQ_AT0030-3,2024-01-11 21:19:09.266-08,2024-11-10 00:56:40.814425-08,2025-01-08 00:07:48.983457-08
SQ_AT0030-2,2024-01-11 21:19:09.266-08,2025-02-10 11:19:59.877861-08,2025-02-17 04:49:41.249557-08
SQ_AT0030-5,2024-01-11 21:19:09.266-08,2024-11-24 05:50:06.859798-08,2025-01-08 01:39:31.405147-08
SQ_AT0030-4,2024-01-11 21:19:09.266-08,2024-11-10 00:59:49.383656-08,2025-01-08 00:10:01.898359-08
SQ_AT0030-6,2024-01-11 21:19:09.266-08,2024-11-24 05:53:18.3163-08,2025-01-08 01:41:41.98362-08
SQ_AT0030-9,2024-01-11 21:19:09.266-08,2025-02-08 13:49:51.592405-08,2025-02-16 10:06:32.510078-08
SQ_AT0030-8,2024-01-11 21:19:09.266-08,2025-02-08 13:47:44.133586-08,2025-02-16 10:01:25.907945-08
SQ_AT0019-5,2023-11-17 20:30:29.359-08,2024-12-17 11:47:46.280703-08,2025-01-07 21:11:32.763715-08
NW-TX4112-2,2024-07-16 21:44:10.584-07,2024-12-03 12:22:42.531158-08,2025-01-15 10:54:42.858743-08
NW-TX4112-3,2024-07-16 21:44:10.584-07,2024-12-03 12:22:56.617272-08,2025-01-15 10:55:06.391751-08
NW-TX4112-1,2024-07-16 21:44:10.584-07,2024-12-03 12:22:26.207299-08,2025-01-15 10:54:29.437022-08
NW-TX4112-6,2024-07-16 21:44:10.584-07,2025-01-29 13:00:55.647827-08,2025-01-30 10:28:00.338406-08
NW-TX4112-4,2024-07-16 21:44:10.584-07,2024-12-03 12:21:26.786698-08,2025-01-15 10:55:22.257252-08
NW-TX4112-5,2024-07-16 21:44:10.584-07,2024-12-03 12:21:42.825176-08,2025-01-15 10:55:36.083596-08
NW_MX2065-8,2024-03-21 13:33:44.362-07,2024-12-17 14:06:03.94627-08,2025-01-08 05:44:18.059257-08
NW_MX2065-9,2024-03-21 13:33:44.362-07,2024-10-01 10:55:18.995597-07,2024-12-09 09:16:53.396117-08
NW_MX2065-6,2024-03-21 13:33:44.362-07,2024-12-17 13:54:28.545925-08,2025-01-08 05:39:57.448534-08
NW_MX2065-7,2024-03-21 13:33:44.362-07,2024-12-17 14:00:11.234708-08,2025-01-08 05:42:08.009098-08
NW_MX2065-4,2024-03-21 13:33:44.362-07,2024-11-05 16:22:27.941972-08,2024-12-10 11:58:51.56048-08
NW_MX2065-5,2024-03-21 13:33:44.362-07,2024-10-22 01:31:32.568461-07,2024-12-11 00:13:23.047263-08
NW_MX2065-2,2024-03-21 13:33:44.362-07,2024-12-17 13:48:42.238848-08,2025-01-08 05:37:47.250895-08
NW_MX2065-3,2024-03-21 13:33:44.362-07,2024-11-05 16:19:16.386491-08,2024-12-10 11:57:42.2178-08
NW_MX2065-1,2024-03-21 13:33:44.362-07,2024-10-22 01:25:12.211321-07,2024-12-11 00:12:13.137177-08
NY-AT0665-6,2024-03-05 14:31:57.029-08,2024-12-25 12:05:25.616688-08,2025-01-07 22:18:55.400785-08
NY-AT0665-7,2024-03-05 14:31:57.029-08,2024-12-25 12:10:34.848299-08,2025-01-07 22:21:05.95891-08
NY-AT0665-4,2024-03-05 14:31:57.029-08,2024-12-25 11:55:05.844103-08,2025-01-07 22:14:33.410238-08
NY-AT0665-5,2024-03-05 14:31:57.029-08,2024-12-25 12:00:15.920878-08,2025-01-07 22:16:44.334588-08
NY-AT0665-2,2024-03-05 14:31:57.029-08,2024-12-25 11:44:46.457608-08,2025-01-07 22:10:11.293704-08
NY-AT0665-3,2024-03-05 14:31:57.029-08,2024-12-25 11:49:56.111386-08,2025-01-07 22:12:21.808376-08
NY-AT0665-8,2024-03-05 14:31:57.029-08,2024-12-27 21:12:20.376601-08,2025-01-07 22:23:16.281014-08
NY-AT0665-9,2024-03-05 14:31:57.029-08,2025-02-27 13:15:14.032561-08,2025-03-03 11:35:43.325417-08
NW_MX2059-7,2024-03-07 17:11:25.598-08,2024-11-07 11:26:45.187138-08,2024-12-10 14:32:38.062049-08
NW_MX2059-6,2024-03-07 17:11:25.598-08,2024-11-05 16:06:36.839795-08,2024-12-10 11:53:02.305601-08
NW_AT0615-7,2024-03-05 11:47:13.855-08,2024-10-01 13:16:48.575214-07,2024-12-09 10:07:54.308451-08
NW_AT0615-6,2024-03-05 11:47:13.855-08,2024-10-01 13:13:32.074499-07,2024-12-09 10:06:39.605796-08
NW_AT0615-5,2024-03-05 11:47:13.855-08,2024-10-01 13:10:17.617631-07,2024-12-09 10:05:25.833068-08
NW_AT0615-4,2024-03-05 11:47:13.855-08,2024-10-01 13:07:03.119853-07,2024-12-09 10:04:09.524956-08
NW_AT0615-3,2024-03-05 11:47:13.855-08,2024-10-01 13:03:47.007618-07,2024-12-09 10:02:54.678194-08
NW_AT0615-2,2024-03-05 11:47:13.855-08,2024-10-01 13:00:32.847213-07,2024-12-09 10:01:38.569301-08
NW_AT0615-1,2024-03-05 11:47:13.855-08,2024-11-08 11:44:15.602329-08,2024-12-10 12:25:33.827099-08
NW_AT0615-9,2024-03-05 11:47:13.855-08,2024-12-11 11:52:19.264956-08,2025-01-07 18:01:26.160191-08
NW_AT0615-8,2024-03-05 11:47:13.855-08,2024-10-01 13:20:02.201462-07,2024-12-09 10:09:09.955438-08
NW_TX0194-8,2023-07-26 23:02:47.493-07,2024-09-05 15:37:29.710015-07,2025-02-13 14:17:19.614418-08
NW_TX0194-9,2023-07-26 23:02:47.493-07,2024-09-05 15:40:41.165439-07,2025-02-13 14:17:40.752607-08
NW_AT0631-1,2024-02-29 12:20:47.631-08,2024-08-27 23:45:02.994517-07,2024-09-11 12:25:59.086585-07
NW_AT0631-3,2024-02-29 12:20:47.631-08,2024-08-27 23:51:25.642039-07,2024-09-11 12:32:22.062426-07
NW_AT0631-2,2024-02-29 12:20:47.631-08,2024-08-27 23:48:14.967224-07,2024-09-11 12:29:10.076248-07
NW_AT0631-5,2024-02-29 12:20:47.631-08,2024-08-27 23:57:50.339019-07,2024-09-11 12:38:43.344597-07
NW_AT0631-4,2024-02-29 12:20:47.631-08,2024-08-27 23:54:38.089617-07,2024-09-11 12:35:32.827918-07
NW_AT0631-7,2024-02-29 12:20:47.631-08,2024-11-24 06:23:23.470058-08,2024-12-10 16:25:37.284239-08
NW_AT0631-6,2024-02-29 12:20:47.631-08,2024-10-09 08:50:52.150378-07,2024-10-10 09:32:04.310304-07
NW_AT0631-9,2024-02-29 12:20:47.631-08,2024-08-28 00:01:02.756742-07,2024-09-11 12:41:53.713325-07
NW_AT0631-8,2024-02-29 12:20:47.631-08,2024-10-09 08:51:14.73455-07,2024-10-10 09:32:19.834325-07
SQ_AT0621-9,2024-02-29 11:05:34.583-08,2024-10-01 14:46:32.346599-07,2024-12-09 10:42:33.944119-08
SQ_AT0621-8,2024-02-29 11:05:34.583-08,2024-10-01 14:43:21.414743-07,2024-12-09 10:41:22.217195-08
NY-MX12080-6,2024-08-06 20:44:09.145-07,2024-11-11 19:28:42.203774-08,2024-12-02 13:22:31.683955-08
SQ_AT0594-6,2024-03-21 14:32:56.132-07,2025-02-08 17:16:25.785777-08,2025-02-16 18:27:27.306823-08
SQ_AT0594-7,2024-03-21 14:32:56.132-07,2025-02-08 17:18:31.606407-08,2025-02-16 18:32:34.243595-08
SQ_AT0594-4,2024-03-21 14:32:56.132-07,2025-02-08 17:12:14.226885-08,2025-02-16 18:17:13.98871-08
SQ_AT0594-5,2024-03-21 14:32:56.132-07,2025-02-08 17:14:20.003396-08,2025-02-16 18:22:20.366651-08
SQ_AT0632-7,2024-03-05 11:39:17.336-08,2023-03-08 15:32:17.697259-08,2024-10-18 11:09:05.625838-07
SQ_AT0594-3,2024-03-21 14:32:56.132-07,2025-02-08 17:10:08.387859-08,2025-02-16 18:12:07.434469-08
SQ_AT0594-1,2024-03-21 14:32:56.132-07,2025-02-08 17:05:56.419024-08,2025-02-16 18:01:54.637689-08
NW-TX4130-8,2024-09-20 17:43:06.472-07,2024-09-23 14:46:27.898436-07,2025-01-17 14:43:56.545774-08
NW-TX4130-6,2024-09-20 17:43:06.472-07,2024-09-23 14:46:00.844422-07,2025-01-17 14:53:35.707274-08
NW-TX4130-7,2024-09-20 17:43:06.472-07,2024-09-23 14:46:13.133215-07,2025-01-23 09:33:30.820205-08
NW-TX4130-4,2024-09-20 17:43:06.472-07,2024-09-23 14:45:00.078679-07,2025-01-17 14:47:09.972932-08
NW-TX4130-5,2024-09-20 17:43:06.472-07,2024-09-23 14:45:26.995419-07,2025-01-17 14:50:22.748458-08
NW-TX4130-2,2024-09-20 17:43:06.472-07,2024-09-23 14:44:31.965159-07,2025-01-23 09:36:46.164817-08
NW-TX4130-3,2024-09-20 17:43:06.472-07,2024-09-23 14:44:44.912967-07,2025-01-23 09:40:00.139255-08
NW-TX4130-1,2024-09-20 17:43:06.472-07,2024-09-23 14:28:22.905925-07,2025-01-17 14:43:46.474557-08
NW-TX4093-8,2024-01-16 23:15:57.74-08,2024-01-19 08:52:49.903525-08,2024-01-22 14:46:20.513856-08
NW-TX4093-9,2024-01-16 23:15:57.74-08,2024-01-19 08:53:00.432873-08,2024-01-22 14:46:33.252338-08
NW-TX4093-6,2024-01-16 23:15:57.74-08,2024-01-19 08:52:20.78559-08,2024-01-22 14:45:55.349206-08
NW-TX4093-7,2024-01-16 23:15:57.74-08,2024-01-19 08:52:32.661365-08,2024-01-22 14:46:08.428236-08
NW-TX4093-4,2024-01-16 23:15:57.74-08,2024-01-19 08:51:51.356671-08,2024-01-22 14:45:28.341687-08
NW-TX4093-5,2024-01-16 23:15:57.74-08,2024-01-19 08:52:07.74617-08,2024-01-22 14:45:41.838201-08
NW-TX4093-2,2024-01-16 23:15:57.74-08,2024-01-19 08:51:23.623423-08,2024-01-22 14:44:59.248811-08
NW-TX4093-3,2024-01-16 23:15:57.74-08,2024-01-19 08:51:37.115152-08,2024-01-22 14:45:11.852031-08
NW-TX4093-1,2024-01-16 23:15:57.74-08,2024-01-18 12:23:17.078942-08,2024-01-22 14:44:46.444451-08
NW-AT0688-9,2024-01-03 13:54:42.265-08,2024-08-28 07:22:09.094225-07,2024-09-11 20:07:12.029652-07
NW-AT0688-8,2024-01-03 13:54:42.265-08,2024-08-28 07:18:56.799555-07,2024-09-11 20:03:59.682838-07
NW-AT0688-3,2024-01-03 13:54:42.265-08,2024-10-01 18:46:24.552736-07,2024-12-09 19:49:14.203664-08
NW-AT0688-2,2024-01-03 13:54:42.265-08,2024-10-22 07:44:34.389461-07,2024-12-11 01:09:12.96448-08
NW-AT0688-1,2024-01-03 13:54:42.265-08,2024-10-22 07:41:24.854642-07,2024-12-11 01:08:03.023382-08
NW-AT0688-7,2024-01-03 13:54:42.265-08,2024-08-28 07:15:46.523512-07,2024-09-11 20:00:48.52647-07
NW-AT0688-6,2024-01-03 13:54:42.265-08,2024-08-28 07:12:36.017321-07,2024-09-11 19:57:36.875474-07
NW-AT0688-5,2024-01-03 13:54:42.265-08,2024-10-01 18:52:46.262382-07,2024-12-09 19:51:36.019894-08
NW-AT0688-4,2024-01-03 13:54:42.265-08,2024-10-01 18:49:35.844918-07,2024-12-09 19:50:25.067087-08
SQ_MX2009-3,2024-03-20 07:48:41.913-07,2024-11-24 05:05:33.356116-08,2025-01-08 01:17:55.621241-08
SQ_MX2009-2,2024-03-20 07:48:41.913-07,2024-11-24 05:02:23.60814-08,2025-01-08 01:15:46.214974-08
NY-MX12028-3,2024-03-05 10:08:36.769-08,2024-11-11 14:03:39.06514-08,2024-12-02 12:55:46.42436-08
NY-MX12028-2,2024-03-05 10:08:36.769-08,2024-11-11 13:57:15.47844-08,2024-12-02 12:55:33.972209-08
NY-MX12028-1,2024-03-05 10:08:36.769-08,2024-07-17 12:56:31.988393-07,2025-03-21 11:28:14.783117-07
SQ_AT0580-6,2024-02-15 05:09:29.915-08,2024-12-18 15:16:38.639316-08,2025-01-08 06:29:50.02754-08
NY-MX12028-7,2024-03-05 10:08:36.769-08,2024-11-11 14:06:50.857148-08,2024-12-02 12:56:45.329706-08
NY-MX12028-6,2024-03-05 10:08:36.769-08,2024-11-11 13:50:29.579874-08,2024-12-02 12:56:33.11828-08
NY-MX12028-5,2024-03-05 10:08:36.769-08,2024-11-11 13:47:05.23692-08,2024-12-02 12:56:15.287599-08
NY-MX12028-4,2024-03-05 10:08:36.769-08,2024-11-11 13:43:39.813716-08,2024-12-02 12:56:00.244967-08
NY-MX12028-9,2024-03-05 10:08:36.769-08,2024-07-17 12:57:19.342756-07,2024-12-02 12:57:10.493375-08
NY-MX12028-8,2024-03-05 10:08:36.769-08,2024-11-11 14:10:01.466415-08,2024-12-02 12:56:57.214997-08
SQ_AT0580-9,2024-02-15 05:09:29.915-08,2024-12-18 15:32:09.431868-08,2025-01-08 06:36:21.311094-08
SQ_AT0580-8,2024-02-15 05:09:29.915-08,2024-12-18 15:26:59.526508-08,2025-01-08 06:34:10.303111-08
NY-AT16038-7,2024-02-28 04:05:36.886-08,2024-10-21 16:06:07.923013-07,2024-10-30 10:58:30.540709-07
NY-MX2148-7,2023-10-12 06:23:16.214-07,2024-08-28 04:43:13.575369-07,2024-09-11 17:21:55.132643-07
NY-MX12059-8,2024-05-06 23:58:08.804-07,2024-07-12 10:48:31.210246-07,2024-08-22 10:43:03.438931-07
NY-MX2148-8,2023-10-12 06:23:16.214-07,2024-08-28 04:46:24.609363-07,2024-09-11 17:25:05.757923-07
NW-MX2167-3,2024-01-05 11:32:52.428-08,2024-10-22 07:22:27.927661-07,2024-12-11 01:04:33.854329-08
NW-MX2167-2,2024-01-05 11:32:52.428-08,2024-10-22 07:19:18.81204-07,2024-12-11 01:03:23.983792-08
NW-MX2167-1,2024-01-05 11:32:52.428-08,2024-10-22 07:16:09.510937-07,2024-12-11 01:02:14.527507-08
NW_MX2114-7,2024-02-29 10:49:42.787-08,2024-10-09 08:50:08.270842-07,2024-10-10 09:31:16.765593-07
NW_MX2114-5,2024-02-29 10:49:42.787-08,2024-10-01 15:05:37.06292-07,2024-12-09 10:49:55.187919-08
NW_MX2114-2,2024-02-29 10:49:42.787-08,2024-11-05 15:38:01.851696-08,2024-12-10 15:21:26.302307-08
NW-MX2167-7,2024-01-05 11:32:52.428-08,2024-10-22 07:35:06.158161-07,2024-12-11 01:05:43.897293-08
NW_MX2114-9,2024-02-29 10:49:42.787-08,2024-10-01 15:11:59.200041-07,2024-12-09 10:52:24.012234-08
NW_MX2114-8,2024-02-29 10:49:42.787-08,2024-10-01 15:08:48.214312-07,2024-12-09 10:51:12.122964-08
NW-MX2167-5,2024-01-05 11:32:52.428-08,2024-12-19 13:32:21.180239-08,2025-01-08 09:01:23.136524-08
NY-TX24003-1,2024-09-26 04:35:34.833-07,2024-10-08 15:25:55.445331-07,2025-01-23 13:35:49.491-08
SQ_AT0566-9,2024-01-11 21:07:17.379-08,2024-12-17 12:45:10.149535-08,2025-01-08 05:13:58.125298-08
SQ_AT0566-8,2024-01-11 21:07:17.379-08,2024-12-17 12:39:26.639027-08,2025-01-08 05:11:47.997633-08
SQ_AT0566-5,2024-01-11 21:07:17.379-08,2024-10-01 10:14:02.206418-07,2024-12-03 14:54:27.180692-08
SQ_AT0566-4,2024-01-11 21:07:17.379-08,2024-10-01 10:10:51.716862-07,2024-12-03 14:54:06.671033-08
SQ_AT0566-7,2024-01-11 21:07:17.379-08,2024-12-17 12:33:40.770091-08,2025-01-08 05:09:38.093288-08
SQ_AT0566-6,2024-01-11 21:07:17.379-08,2024-10-01 10:17:13.172566-07,2024-12-03 14:54:59.672755-08
SQ_MX2030-6,2024-03-21 14:25:49.79-07,2024-10-21 19:01:41.566526-07,2025-01-07 16:41:14.963754-08
SQ_MX2030-5,2024-03-21 14:25:49.79-07,2024-11-24 03:21:20.519683-08,2025-01-07 16:39:05.376306-08
SQ_MX2030-4,2024-03-21 14:25:49.79-07,2024-11-05 16:03:21.452555-08,2025-01-08 01:11:25.75796-08
SQ_MX2030-3,2024-03-21 14:25:49.79-07,2024-11-05 16:00:11.850612-08,2025-01-08 01:09:15.477483-08
SQ_MX2030-2,2024-03-21 14:25:49.79-07,2024-10-21 22:24:43.652299-07,2025-01-07 18:38:16.959724-08
NW-TX4122-5,2024-08-19 16:40:57.427-07,2024-08-22 09:00:45.790215-07,2025-01-16 09:25:21.500807-08
NW-TX4122-4,2024-08-19 16:40:57.427-07,2024-10-07 14:27:31.7362-07,2025-01-16 09:24:59.188672-08
NW-TX4122-3,2024-08-19 16:40:57.427-07,2024-10-07 14:27:18.834621-07,2025-01-16 09:24:45.816136-08
NW-TX4122-2,2024-08-19 16:40:57.427-07,2024-10-07 14:26:58.11729-07,2025-01-16 09:24:31.850836-08
NW-TX4122-1,2024-08-19 16:40:57.427-07,2024-10-07 14:26:35.926308-07,2025-01-16 09:24:17.75052-08
NW_MX2056-4,2024-01-11 19:42:32.025-08,2024-10-21 19:11:18.154528-07,2024-12-09 21:06:51.240836-08
NW_MX2056-5,2024-01-11 19:42:32.025-08,2024-10-21 19:14:29.901297-07,2024-12-09 21:08:01.555052-08
NW_MX2056-6,2024-01-11 19:42:32.025-08,2024-10-21 19:17:41.404222-07,2024-12-09 21:09:11.801085-08
NW_MX2056-7,2024-01-11 19:42:32.025-08,2024-10-21 19:20:53.572766-07,2024-12-09 21:10:22.29508-08
NW_MX2056-1,2024-01-11 19:42:32.025-08,2024-08-30 00:08:44.673714-07,2024-09-10 12:11:14.116026-07
NW_MX2056-2,2024-01-11 19:42:32.025-08,2024-08-30 00:11:54.947813-07,2024-09-10 12:15:15.648665-07
NW_MX2056-3,2024-01-11 19:42:32.025-08,2024-08-30 00:15:05.603309-07,2024-09-10 12:19:13.919543-07
NW_MX2056-8,2024-01-11 19:42:32.025-08,2024-01-21 10:56:22.371968-08,2024-12-10 17:58:41.128234-08
NW_MX2056-9,2024-01-11 19:42:32.025-08,2024-01-12 13:02:37.245326-08,2024-12-10 17:59:50.81118-08
NY-MX12009-10,2024-03-05 09:27:37.503-08,2024-11-15 10:24:46.640611-08,2024-12-03 13:13:48.032439-08
NY-MX12009-11,2024-03-05 09:27:37.503-08,2024-11-13 13:48:32.485867-08,2024-12-03 13:14:00.901693-08
NW_MX0001-10,2024-03-07 16:05:00.997-08,2025-02-10 03:43:46.913585-08,2025-02-17 02:46:57.668419-08
NY-AT0659-9,2024-03-05 14:33:08.657-08,2025-02-17 12:14:27.7742-08,2025-02-18 09:48:35.107023-08
NY-AT0659-8,2024-03-05 14:33:08.657-08,2025-02-11 23:36:07.993526-08,2025-02-17 12:45:18.34398-08
NY-AT0659-1,2024-03-05 14:33:08.657-08,2024-10-22 11:31:50.816584-07,2024-12-10 16:22:08.394411-08
NY-AT0659-6,2024-03-05 14:33:08.657-08,2025-02-11 21:03:56.109851-08,2025-02-17 12:40:04.405759-08
NW_MX2072-10,2024-02-15 02:31:23.833-08,2024-10-01 11:08:06.544961-07,2024-12-09 09:24:19.381029-08
NW_MX2111-6,2024-03-05 11:34:17.819-08,2024-10-01 14:17:52.353366-07,2024-12-09 10:31:32.509321-08
NW_MX2111-7,2024-03-05 11:34:17.819-08,2024-10-01 14:21:04.229742-07,2024-12-09 10:32:47.621566-08
NW_MX2111-4,2024-03-05 11:34:17.819-08,2024-10-01 14:14:41.735666-07,2024-12-09 10:30:16.751715-08
NW_MX2111-5,2024-03-05 11:34:17.819-08,2024-11-10 00:44:07.540169-08,2024-12-10 14:41:57.423676-08
NW_MX2111-2,2024-03-05 11:34:17.819-08,2024-10-01 14:08:19.970828-07,2024-12-09 10:27:50.800239-08
NW_MX2111-3,2024-03-05 11:34:17.819-08,2024-10-01 14:11:30.571472-07,2024-12-09 10:29:05.547131-08
NW_MX2111-1,2024-03-05 11:34:17.819-08,2024-11-10 01:06:06.512121-08,2024-12-10 12:26:43.502731-08
NY-AT16021-2,2023-12-05 04:01:08.517-08,2024-11-22 01:29:01.436155-08,2024-12-10 02:06:20.513223-08
NY-AT16021-3,2023-12-05 04:01:08.517-08,2024-02-26 15:43:52.812291-08,2024-12-10 00:16:19.724429-08
NY-AT16021-1,2023-12-05 04:01:08.517-08,2024-11-22 01:25:51.515703-08,2024-12-10 02:05:11.145999-08
NY-AT16021-6,2023-12-05 04:01:08.517-08,2024-07-17 12:54:52.947875-07,2024-12-02 12:49:11.66273-08
NW_MX2111-8,2024-03-05 11:34:17.819-08,2024-10-01 14:27:25.811495-07,2024-12-09 10:35:14.454938-08
NW_MX2111-9,2024-03-05 11:34:17.819-08,2024-11-10 00:47:17.131732-08,2024-12-10 14:43:06.993672-08
NY-MX22005-17,2024-09-19 20:04:15.748-07,2024-09-20 09:55:33.595246-07,2024-09-30 10:59:03.208442-07
NY-AT16063-1,2024-06-18 23:57:10.546-07,2024-06-28 10:23:11.275432-07,2024-08-16 12:25:49.135364-07
NY-AT16063-2,2024-06-18 23:57:10.546-07,2024-06-28 10:23:33.728736-07,2024-08-16 12:26:55.926169-07
NY-AT16063-3,2024-06-18 23:57:10.546-07,2024-06-28 10:23:40.698562-07,2024-08-16 12:27:07.048619-07
NY-AT16063-5,2024-06-18 23:57:10.546-07,2024-06-28 10:23:56.058727-07,2024-08-16 12:27:40.951607-07
NY-AT16063-6,2024-06-18 23:57:10.546-07,2024-07-07 22:55:01.458459-07,2024-08-16 12:27:57.52215-07
NY-AT16063-7,2024-06-18 23:57:10.546-07,2024-07-12 10:44:39.944797-07,2024-08-19 12:24:36.862879-07
SQ_AT0599-7,2024-01-11 21:11:35.154-08,2024-08-30 01:28:35.158435-07,2024-09-10 13:38:59.676852-07
SQ_AT0599-6,2024-01-11 21:11:35.154-08,2025-02-09 20:58:27.858332-08,2025-02-16 21:12:43.049269-08
SQ_AT0599-5,2024-01-11 21:11:35.154-08,2025-02-09 20:56:22.073055-08,2025-02-16 21:07:36.522955-08
SQ_AT0599-4,2024-01-11 21:11:35.154-08,2025-02-09 20:54:16.091282-08,2025-02-16 21:02:29.04268-08
SQ_AT0599-3,2024-01-11 21:11:35.154-08,2025-02-09 20:52:10.185311-08,2025-02-16 20:57:21.792604-08
SQ_AT0599-2,2024-01-11 21:11:35.154-08,2025-02-09 20:50:04.270302-08,2025-02-16 20:52:13.908788-08
SQ_AT0599-1,2024-01-11 21:11:35.154-08,2025-02-09 20:47:58.007191-08,2025-02-16 20:47:07.682113-08
NY-MX12009-3,2024-03-05 09:27:37.503-08,2024-10-21 15:24:59.01516-07,2024-10-30 10:50:27.745169-07
SQ_AT0599-8,2024-01-11 21:11:35.154-08,2024-08-30 01:34:58.075962-07,2024-09-10 13:46:36.918525-07
NW-MX2191-7,2024-07-23 03:05:05.702-07,2024-08-27 18:13:16.301364-07,2024-09-10 16:30:56.460622-07
NW-MX2191-8,2024-07-23 03:05:05.702-07,2024-08-27 18:16:26.809124-07,2024-09-10 16:34:07.521974-07
NW-MX2191-9,2024-07-23 03:05:05.702-07,2024-08-27 18:19:37.141527-07,2024-09-10 16:37:18.375981-07
NY-MX2146-8,2023-09-25 20:07:53.163-07,2024-08-28 03:55:30.55225-07,2024-09-11 16:34:14.339054-07
NY-MX2146-9,2023-09-25 20:07:53.163-07,2024-08-28 03:58:41.008416-07,2024-09-11 16:37:25.162094-07
NY-MX2146-2,2023-09-25 20:07:53.163-07,2024-08-28 03:36:17.955965-07,2024-09-11 16:15:09.219845-07
NY-MX2146-3,2023-09-25 20:07:53.163-07,2024-08-28 03:39:28.137465-07,2024-09-11 16:18:20.294683-07
NY-MX2146-1,2023-09-25 20:07:53.163-07,2024-08-28 03:33:07.463416-07,2024-09-11 16:11:57.911314-07
NY-MX2146-6,2023-09-25 20:07:53.163-07,2024-08-28 03:49:04.762139-07,2024-09-11 16:27:52.966571-07
NY-MX2146-7,2023-09-25 20:07:53.163-07,2024-08-28 03:52:18.516469-07,2024-09-11 16:31:03.674551-07
NY-MX2146-4,2023-09-25 20:07:53.163-07,2024-08-28 03:42:38.938832-07,2024-09-11 16:21:30.981702-07
NW-TX4115-4,2024-07-23 02:08:37.481-07,2025-01-12 17:30:00.901848-08,2025-01-15 14:32:19.633566-08
NW-MX2185-3,2024-05-31 21:47:00.314-07,2024-08-28 09:40:28.03881-07,2024-09-11 21:58:59.417242-07
NW-MX2185-2,2024-05-31 21:47:00.314-07,2024-08-28 09:57:22.396201-07,2024-09-11 22:05:22.014443-07
NW-MX2185-1,2024-05-31 21:47:00.314-07,2024-08-28 09:48:59.061287-07,2024-09-11 22:02:10.720905-07
NW-MX2185-6,2024-05-31 21:47:00.314-07,2024-08-28 10:47:01.249428-07,2024-09-11 22:14:54.704204-07
NW-MX2185-5,2024-05-31 21:47:00.314-07,2024-08-28 10:43:50.0643-07,2024-09-11 22:11:43.846876-07
NW-MX2185-4,2024-05-31 21:47:00.314-07,2024-08-28 10:06:04.65323-07,2024-09-11 22:08:33.568142-07
NW-TX4115-1,2024-07-23 02:08:37.481-07,2024-10-22 12:22:17.666325-07,2025-01-15 14:31:28.458991-08
NW-TX4115-3,2024-07-23 02:08:37.481-07,2025-01-12 17:27:49.345568-08,2025-01-15 14:31:55.530828-08
SQ_AT0025-13,2024-02-23 09:00:04.063-08,2024-10-21 23:09:07.228063-07,2025-01-07 20:49:39.038046-08
SQ_AT0025-12,2024-02-23 09:00:04.063-08,2024-10-21 21:59:23.541357-07,2025-01-07 18:23:05.556216-08
SQ_AT0025-10,2024-02-23 09:00:04.063-08,2024-12-11 12:17:36.388291-08,2025-01-07 18:20:54.615822-08
NY-MX12036-10,2024-02-23 03:17:32.801-08,2024-08-21 15:30:09.970235-07,2025-02-04 14:35:59.831706-08
SQ_AT0039-5,2024-02-15 05:04:05.344-08,2024-12-11 12:46:00.953974-08,2025-01-07 18:49:08.211288-08
SQ_AT0039-6,2024-02-15 05:04:05.344-08,2024-12-11 12:49:10.759484-08,2025-01-07 18:51:19.078838-08
NY-MX2141-5,2023-08-17 15:18:37.765-07,2024-08-28 02:48:16.802474-07,2024-09-11 15:27:21.028447-07
SQ_AT0039-7,2024-02-15 05:04:05.344-08,2025-01-14 00:24:16.25706-08,2025-01-08 03:23:32.755018-08
NY-MX2141-4,2023-08-17 15:18:37.765-07,2024-08-28 02:45:06.630132-07,2024-09-11 15:24:10.613168-07
NY-MX12030-4,2024-02-02 23:09:50.637-08,2024-07-11 18:06:26.685834-07,2024-08-20 09:31:33.288165-07
NY-MX12030-5,2024-02-02 23:09:50.637-08,2024-07-25 14:59:00.783677-07,2024-08-16 12:00:47.423931-07
NW-AT0693-3,2024-03-01 22:47:08.131-08,2024-08-27 16:33:35.545704-07,2024-09-10 14:33:04.747053-07
NW-AT0693-2,2024-03-01 22:47:08.131-08,2024-08-27 16:30:25.144001-07,2024-09-10 14:29:08.223435-07
NW-AT0693-1,2024-03-01 22:47:08.131-08,2024-10-01 19:50:17.309306-07,2024-12-09 20:13:04.360962-08
NY-MX12061-1,2024-06-18 10:55:59.028-07,2024-05-24 10:43:40.788612-07,2024-08-22 17:37:55.133874-07
NW-AT0693-7,2024-03-01 22:47:08.131-08,2024-10-01 19:59:51.775295-07,2024-12-09 20:16:36.724309-08
NW-AT0693-6,2024-03-01 22:47:08.131-08,2024-10-01 19:56:40.746792-07,2024-12-09 20:15:26.338398-08
NW-AT0693-5,2024-03-01 22:47:08.131-08,2024-10-01 19:53:28.579962-07,2024-12-09 20:14:16.59552-08
NW-AT0693-4,2024-03-01 22:47:08.131-08,2024-08-27 16:36:46.841393-07,2024-09-10 14:37:02.504922-07
NY-AT16003-6,2023-08-11 07:42:35.822-07,2024-02-21 09:21:27.042161-08,2024-08-19 11:23:15.391722-07
NY-AT16003-7,2023-08-11 07:42:35.822-07,2024-02-21 09:22:33.785953-08,2024-08-19 11:23:28.038429-07
NW-AT0693-9,2024-03-01 22:47:08.131-08,2024-10-01 20:19:04.796605-07,2024-12-09 20:23:45.26931-08
NW-AT0693-8,2024-03-01 22:47:08.131-08,2024-10-01 20:12:39.592038-07,2024-12-09 20:21:21.41541-08
NY-AT16003-2,2023-08-11 07:42:35.822-07,2024-07-11 18:05:32.460213-07,2024-08-20 09:27:33.612765-07
NY-AT16003-3,2023-08-11 07:42:35.822-07,2024-02-21 09:20:12.353526-08,2024-08-22 10:39:36.460159-07
NY-AT16003-1,2023-08-11 07:42:35.822-07,2024-07-11 18:05:25.235779-07,2024-08-20 09:27:22.263991-07
NY-MX12030-8,2024-02-02 23:09:50.637-08,2024-02-07 10:00:27.363693-08,2024-12-10 00:22:16.356984-08
NY-MX2141-3,2023-08-17 15:18:37.765-07,2024-10-01 16:25:56.853701-07,2024-12-09 18:56:34.735537-08
NY-MX12030-9,2024-02-02 23:09:50.637-08,2024-02-07 10:01:44.402918-08,2024-12-10 00:23:29.85095-08
NY-MX2141-2,2023-08-17 15:18:37.765-07,2024-10-01 16:22:40.66642-07,2024-12-09 18:55:23.734418-08
SQ_AT0018-6,2024-03-07 17:17:09.063-08,2025-02-10 08:17:29.451978-08,2025-02-17 04:08:46.631995-08
SQ_AT0039-9,2024-02-15 05:04:05.344-08,2025-01-14 00:26:27.58123-08,2025-01-08 03:25:42.276285-08
SQ_AT0018-5,2024-03-07 17:17:09.063-08,2025-02-10 07:45:22.699683-08,2025-02-17 04:03:39.617126-08
SQ_AT0018-4,2024-03-07 17:17:09.063-08,2025-02-10 06:28:15.404384-08,2025-02-17 03:58:32.992095-08
SQ_AT0018-3,2024-03-07 17:17:09.063-08,2025-02-10 05:41:08.066059-08,2025-02-17 03:53:26.380485-08
10X225-1,2024-03-04 13:27:24.345-08,2024-10-18 09:24:59.690792-07,2025-02-13 15:02:49.806016-08
10X225-2,2024-03-04 13:27:24.345-08,2024-10-18 09:25:12.549454-07,2025-02-13 15:03:04.280608-08
SQ_AT0629-1,2023-03-05 23:30:24.425-08,2024-10-21 19:49:32.821292-07,2024-12-09 21:20:58.922187-08
SQ_AT0579-3,2024-03-23 17:05:25.224-07,2024-08-30 00:50:23.205615-07,2024-09-10 12:56:05.589771-07
SQ_AT014-7,2024-03-21 14:34:16.705-07,2025-02-10 04:11:22.231375-08,2025-02-17 03:17:40.56707-08
NY-MX12058-2,2024-05-06 21:35:06.481-07,2024-06-28 10:59:35.471697-07,2024-07-03 16:04:17.818784-07
NY-MX12058-3,2024-05-06 21:35:06.481-07,2024-06-28 10:59:42.663615-07,2024-07-03 16:04:26.159687-07
NY-MX12058-1,2024-05-06 21:35:06.481-07,2024-06-28 10:59:28.191757-07,2024-07-03 16:04:09.626792-07
NY-MX12058-6,2024-05-06 21:35:06.481-07,2024-08-22 12:32:54.162007-07,2024-10-07 12:46:26.666129-07
NY-MX12058-4,2024-05-06 21:35:06.481-07,2024-10-03 13:15:24.382278-07,2025-02-04 14:38:14.833279-08
SQ_AT0579-7,2024-03-23 17:05:25.224-07,2025-02-11 03:22:56.835921-08,2025-02-17 06:37:00.970039-08
NY-MX12058-5,2024-05-06 21:35:06.481-07,2024-10-03 13:15:47.148473-07,2025-02-04 14:38:32.802488-08
NY-MX22010-19,2024-10-19 11:30:34.066-07,2024-10-28 12:39:43.69129-07,2024-10-29 11:54:17.542439-07
NY-MX22010-18,2024-10-19 11:30:34.066-07,2024-10-29 12:06:03.175983-07,2024-10-31 11:51:20.46336-07
NY-MX22010-11,2024-10-19 11:30:34.066-07,2024-10-28 12:14:19.835051-07,2024-10-31 12:05:11.368714-07
NY-MX22010-10,2024-10-19 11:30:34.066-07,2024-10-28 16:03:59.679782-07,2024-10-31 12:04:01.828583-07
NY-MX22010-13,2024-10-19 11:30:34.066-07,2024-10-28 16:13:30.24567-07,2024-10-31 12:01:43.039273-07
NY-MX22010-12,2024-10-19 11:30:34.066-07,2024-10-28 16:10:20.06948-07,2024-10-31 12:02:52.364544-07
NY-MX22010-15,2024-10-19 11:30:34.066-07,2024-10-31 12:06:20.536774-07,2024-11-01 10:30:00.051666-07
NY-MX22010-14,2024-10-19 11:30:34.066-07,2024-10-21 11:03:52.799785-07,2025-03-21 11:12:37.785677-07
NY-MX22010-17,2024-10-19 11:30:34.066-07,2024-10-31 12:09:29.975425-07,2024-11-01 10:28:50.28863-07
NY-MX22010-16,2024-10-19 11:30:34.066-07,2024-10-29 11:59:45.108699-07,2024-10-31 11:54:48.6031-07
NY-AT16020-10,2024-03-05 14:43:31.428-08,2024-11-22 00:19:11.869437-08,2024-12-10 01:39:27.909545-08
NY-AT0664-3,2023-09-15 14:01:45.967-07,2024-10-01 16:45:25.857759-07,2024-12-09 19:03:42.318577-08
NY-AT0664-2,2023-09-15 14:01:45.967-07,2024-10-01 16:42:07.86194-07,2024-12-09 19:02:31.47066-08
NY-AT0664-1,2023-09-15 14:01:45.967-07,2024-10-01 16:38:54.040726-07,2024-12-09 19:01:19.95139-08
NY-AT0664-7,2023-09-15 14:01:45.967-07,2024-12-25 11:24:09.426598-08,2025-01-07 22:01:30.816663-08
NY-AT0664-6,2023-09-15 14:01:45.967-07,2024-12-25 11:18:55.520609-08,2025-01-07 21:59:20.55602-08
NY-AT0664-5,2023-09-15 14:01:45.967-07,2024-12-25 11:13:43.212434-08,2025-01-07 21:57:09.800932-08
NY-AT0664-4,2023-09-15 14:01:45.967-07,2024-12-25 11:08:30.662147-08,2025-01-07 21:54:59.454864-08
NY-AT0664-9,2023-09-15 14:01:45.967-07,2024-12-25 11:34:27.990533-08,2025-01-07 22:05:51.032615-08
NY-AT0659-10,2024-03-05 14:33:08.657-08,2025-02-12 00:10:24.894829-08,2025-02-17 12:55:32.908698-08
NW-AT0702-8,2024-05-21 22:41:13.022-07,2024-09-26 10:37:20.122623-07,2024-09-30 10:14:43.622879-07
NW-AT0702-9,2024-05-21 22:41:13.022-07,2024-09-26 10:37:33.787685-07,2024-09-30 10:14:56.794597-07
NW-AT0702-1,2024-05-21 22:41:13.022-07,2024-08-27 16:59:11.577087-07,2024-09-10 15:03:47.978285-07
NW-AT0702-2,2024-05-21 22:41:13.022-07,2024-09-26 10:36:24.595889-07,2024-09-30 10:13:43.375537-07
NW-AT0702-3,2024-05-21 22:41:13.022-07,2024-09-26 10:36:37.017091-07,2024-09-30 10:13:59.891852-07
NW-AT0702-4,2024-05-21 22:41:13.022-07,2024-09-26 10:36:54.902537-07,2024-09-30 10:14:22.434718-07
NW-AT0702-5,2024-05-21 22:41:13.022-07,2024-08-28 08:47:59.553475-07,2024-09-11 21:33:26.563863-07
NW-AT0702-6,2024-05-21 22:41:13.022-07,2024-08-28 08:53:08.092437-07,2024-09-11 21:36:37.907919-07
NW-AT0702-7,2024-05-21 22:41:13.022-07,2024-08-28 09:02:04.03759-07,2024-09-11 21:39:49.880832-07
NW-MX2169-9,2024-01-03 08:05:57.782-08,2024-12-24 03:03:48.966416-08,2025-01-08 09:17:44.38637-08
NW-MX2169-8,2024-01-03 08:05:57.782-08,2024-10-22 07:57:11.313625-07,2024-12-11 01:12:41.991898-08
NW-MX2169-1,2024-01-03 08:05:57.782-08,2024-08-28 07:28:32.078976-07,2024-09-11 20:13:34.587962-07
NW-MX2169-3,2024-01-03 08:05:57.782-08,2024-10-01 18:59:07.010947-07,2024-12-09 19:53:58.632247-08
NW-MX2169-2,2024-01-03 08:05:57.782-08,2024-10-01 18:55:56.556983-07,2024-12-09 19:52:47.1131-08
NW-MX2169-5,2024-01-03 08:05:57.782-08,2024-10-22 07:47:43.512006-07,2024-12-11 01:10:22.393134-08
NW-MX2169-4,2024-01-03 08:05:57.782-08,2024-10-01 19:02:17.651585-07,2024-12-09 19:55:11.920448-08
NW-MX2169-7,2024-01-03 08:05:57.782-08,2024-10-22 07:54:02.125325-07,2024-12-11 01:11:32.205921-08
NW-MX2169-6,2024-01-03 08:05:57.782-08,2024-12-24 02:58:39.661052-08,2025-01-08 09:15:33.659488-08
SQ_AT0041-9,2024-01-11 21:17:30.364-08,2024-01-17 13:51:22.504182-08,2025-01-08 03:38:42.334324-08
SQ_AT0041-8,2024-01-11 21:17:30.364-08,2024-01-17 13:51:07.320157-08,2025-01-08 03:36:32.237193-08
NW_MX2064-9,2025-03-19 12:45:49.922-07,2024-12-17 13:42:57.332764-08,2025-01-08 05:35:37.794837-08
NW_MX2064-8,2025-03-19 12:45:49.922-07,2024-12-17 13:37:12.631903-08,2025-01-08 05:33:28.313464-08
NW_MX2064-3,2025-03-19 12:45:49.922-07,2024-10-22 01:09:24.506644-07,2024-12-11 00:11:03.673908-08
NW_MX2064-2,2025-03-19 12:45:49.922-07,2024-10-22 01:06:14.374339-07,2024-12-11 00:09:52.360992-08
NW_MX2064-1,2025-03-19 12:45:49.922-07,2024-01-16 09:45:23.370952-08,2024-12-10 18:06:52.247719-08
NW_MX2064-7,2025-03-19 12:45:49.922-07,2024-11-07 11:36:33.010329-08,2025-03-21 12:33:57.009852-07
NW_MX2064-6,2025-03-19 12:45:49.922-07,2024-11-07 11:33:13.725869-08,2025-03-21 12:30:32.604668-07
NW_MX2064-5,2025-03-19 12:45:49.922-07,2024-12-17 13:31:28.050529-08,2025-01-08 05:31:18.36958-08
NW_MX2064-4,2025-03-19 12:45:49.922-07,2024-12-17 08:19:08.268397-08,2025-01-08 05:29:08.187529-08
SQ_AT0041-5,2024-01-11 21:17:30.364-08,2024-01-17 13:50:23.426955-08,2025-01-08 03:30:01.196398-08
SQ_AT0041-4,2024-01-11 21:17:30.364-08,2024-11-24 06:51:50.463604-08,2025-01-08 01:54:43.587358-08
NY-MX12077-3,2024-07-24 03:42:26.907-07,2024-09-25 09:19:16.581065-07,2024-09-09 09:46:32.725157-07
NY-MX12077-1,2024-07-24 03:42:26.907-07,2024-10-07 12:03:07.65059-07,2024-10-08 09:57:25.847124-07
NY-MX12077-7,2024-07-24 03:42:26.907-07,2024-09-25 09:19:30.037678-07,2024-09-09 09:49:37.895219-07
NY-AT16019-9,2024-03-05 15:21:17.12-08,2024-07-07 22:54:44.99346-07,2024-07-15 14:27:42.988544-07
NY-AT16019-4,2024-03-05 15:21:17.12-08,2024-09-24 15:54:02.601865-07,2024-09-25 10:25:25.807616-07
SQ_AT0037-6,2024-02-28 00:13:10.407-08,2025-02-10 23:52:49.857004-08,2025-02-17 06:01:13.339203-08
SQ_AT0037-7,2024-02-28 00:13:10.407-08,2025-02-10 23:55:13.21145-08,2025-02-17 06:06:20.213876-08
SQ_AT0037-4,2024-02-28 00:13:10.407-08,2025-02-10 22:33:17.61632-08,2025-02-17 05:51:00.150482-08
SQ_AT0037-5,2024-02-28 00:13:10.407-08,2025-02-10 23:05:37.883134-08,2025-02-17 05:56:06.585578-08
SQ_AT0037-2,2024-02-28 00:13:10.407-08,2024-10-21 22:31:03.54592-07,2025-01-07 18:42:36.493076-08
SQ_AT0037-3,2024-02-28 00:13:10.407-08,2025-02-10 21:31:08.808726-08,2025-02-17 05:45:53.878174-08
SQ_AT0037-1,2024-02-28 00:13:10.407-08,2024-12-11 12:36:32.832442-08,2025-01-07 18:40:26.894634-08
SQ_AT0037-8,2024-02-28 00:13:10.407-08,2025-02-11 01:12:21.319046-08,2025-02-17 06:11:26.774481-08
SQ_AT0037-9,2024-02-28 00:13:10.407-08,2025-02-11 02:44:28.594392-08,2025-02-17 06:16:33.358928-08
SQ_AT0619-4,2024-03-05 08:47:05.568-08,2024-10-01 14:14:41.735666-07,2024-12-09 10:30:16.751715-08
SQ_AT016-4,2024-03-23 10:20:01.937-07,2025-03-08 23:40:27.503515-08,2025-03-10 22:13:18.382358-07
SQ_AT016-5,2024-03-23 10:20:01.937-07,2025-03-08 23:45:35.412572-08,2025-03-10 22:18:27.47825-07
SQ_AT016-6,2024-03-23 10:20:01.937-07,2025-03-08 23:50:42.830116-08,2025-03-10 22:23:37.394544-07
NY-AT26010-1,2024-10-20 10:25:26.02-07,2024-10-28 16:00:49.39085-07,2024-10-30 11:05:48.995934-07
SQ_AT016-1,2024-03-23 10:20:01.937-07,2025-03-08 23:35:15.146588-08,2025-03-10 22:08:07.909413-07
SQ_AT016-2,2024-03-23 10:20:01.937-07,2025-03-08 23:55:50.200898-08,2025-03-10 22:28:46.712133-07
SQ_AT016-3,2024-03-23 10:20:01.937-07,2025-03-09 00:00:56.219442-08,2025-03-10 22:34:01.653824-07
SQ_AT016-8,2024-03-23 10:20:01.937-07,2025-03-09 00:21:21.826885-08,2025-03-10 22:54:51.609252-07
NY-AT0645-1,2024-03-05 11:59:44.687-08,2025-02-08 15:14:11.698071-08,2025-02-16 13:30:59.545754-08
NY-AT0645-3,2024-03-05 11:59:44.687-08,2024-02-21 09:30:07.903944-08,2024-08-22 12:36:23.480104-07
NY-AT0645-4,2024-03-05 11:59:44.687-08,2025-02-08 15:16:17.687905-08,2025-02-16 13:36:06.392271-08
NY-AT0645-5,2024-03-05 11:59:44.687-08,2025-02-08 15:18:23.850539-08,2025-02-16 13:41:13.560704-08
NY-AT0645-6,2024-03-05 11:59:44.687-08,2025-02-08 15:20:29.909246-08,2025-02-16 13:46:20.399321-08
NY-AT0645-7,2024-03-05 11:59:44.687-08,2024-02-21 09:30:31.241248-08,2024-08-20 12:09:26.870487-07
NY-AT0645-8,2024-03-05 11:59:44.687-08,2024-02-21 09:30:46.188497-08,2024-08-20 16:44:46.63322-07
NY-AT0645-9,2024-03-05 11:59:44.687-08,2024-02-21 09:31:30.549107-08,2024-08-20 11:20:26.667087-07
NW_TX4030-5,2023-07-26 22:27:07.651-07,2024-08-27 15:23:44.83005-07,2024-09-05 10:33:34.450741-07
NW_TX4030-4,2023-07-26 22:27:07.651-07,2024-08-27 15:20:33.888305-07,2024-09-05 10:33:16.446523-07
NW_TX4030-6,2023-07-26 22:27:07.651-07,2024-08-27 15:26:55.204329-07,2024-09-05 10:34:01.884031-07
NW_TX0017-1,2024-02-13 17:11:08.822-08,2024-02-14 15:32:33.448177-08,2025-02-13 14:40:40.682081-08
SQ_MX2046-8,2024-01-11 21:06:04.252-08,2024-12-11 10:04:53.455668-08,2024-12-24 01:13:38.549778-08
SQ_MX2046-9,2024-01-11 21:06:04.252-08,2024-12-11 10:08:02.60376-08,2025-01-07 16:49:53.281366-08
SQ_MX2047-1,2024-03-21 14:14:37.099-07,2024-12-11 10:14:22.069-08,2025-01-07 16:54:12.265495-08
SQ_MX2047-2,2024-03-21 14:14:37.099-07,2024-12-11 10:17:31.516899-08,2025-01-07 16:56:21.764679-08
SQ_MX2047-3,2024-03-21 14:14:37.099-07,2024-11-05 12:50:10.487974-08,2025-01-07 22:25:26.595826-08
SQ_MX2047-4,2024-03-21 14:14:37.099-07,2024-11-05 12:53:20.198854-08,2025-01-07 22:27:37.327656-08
SQ_MX2047-5,2024-03-21 14:14:37.099-07,2024-12-11 10:20:41.226893-08,2025-01-07 16:58:31.20396-08
SQ_MX2047-6,2024-03-21 14:14:37.099-07,2024-12-11 10:23:50.391308-08,2025-01-07 17:00:41.431803-08
SQ_MX2047-7,2024-03-21 14:14:37.099-07,2024-12-11 10:26:59.747431-08,2025-01-07 17:02:51.420593-08
SQ_MX2047-8,2024-03-21 14:14:37.099-07,2024-12-11 10:30:09.046928-08,2025-01-07 17:05:00.901155-08
SQ_MX2047-9,2024-03-21 14:14:37.099-07,2024-12-11 10:33:18.244207-08,2025-01-07 17:07:11.22205-08
SQ_MX2048-1,2024-03-21 14:27:21.515-07,2024-12-11 10:42:47.524357-08,2025-01-07 17:13:40.146699-08
SQ_MX2048-2,2024-03-21 14:27:21.515-07,2024-12-11 10:45:56.856723-08,2025-01-07 17:15:49.586778-08
SQ_MX2048-3,2024-03-21 14:27:21.515-07,2024-12-11 10:49:06.261408-08,2025-01-07 17:17:59.752998-08
SQ_MX2048-4,2024-03-21 14:27:21.515-07,2024-12-11 10:52:15.663796-08,2025-01-07 17:20:09.579598-08
SQ_MX2048-5,2024-03-21 14:27:21.515-07,2024-12-11 10:55:25.560037-08,2025-01-07 17:22:19.861685-08
SQ_MX2048-6,2024-03-21 14:27:21.515-07,2025-02-11 09:00:40.997307-08,2025-02-17 09:10:23.04568-08
SQ_MX2048-7,2024-03-21 14:27:21.515-07,2025-02-11 09:17:47.144127-08,2025-02-17 09:15:29.559786-08
SQ_MX2048-8,2024-03-21 14:27:21.515-07,2025-02-11 09:19:53.232974-08,2025-02-17 09:20:36.076613-08
SQ_MX2048-9,2024-03-21 14:27:21.515-07,2025-02-11 09:21:59.246197-08,2025-02-17 09:25:42.562064-08
SQ_MX2049-1,2024-01-11 19:38:14.594-08,2024-12-11 10:36:28.084979-08,2025-01-07 17:09:21.26376-08
SQ_MX2049-2,2024-01-11 19:38:14.594-08,2024-12-11 10:39:37.806756-08,2025-01-07 17:11:30.689879-08
SQ_MX2049-3,2024-01-11 19:38:14.594-08,2024-11-24 06:12:23.849787-08,2025-01-08 01:50:23.32474-08
SQ_MX2049-4,2024-01-11 19:38:14.594-08,2024-01-21 10:53:27.039389-08,2025-01-08 02:12:07.588375-08
SQ_MX2049-5,2024-01-11 19:38:14.594-08,2024-01-21 10:54:00.727708-08,2025-01-08 02:14:18.384105-08
SQ_MX2049-6,2024-01-11 19:38:14.594-08,2024-01-12 12:56:53.580684-08,2025-01-08 02:16:28.088064-08
SQ_MX2049-7,2024-01-11 19:38:14.594-08,2024-01-12 12:57:27.137732-08,2025-01-08 02:18:38.467817-08
SQ_MX2049-8,2024-01-11 19:38:14.594-08,2024-01-12 12:58:01.013444-08,2025-01-08 02:20:48.470383-08
SQ_MX2049-9,2024-01-11 19:38:14.594-08,2024-01-12 12:58:41.504479-08,2025-01-08 02:22:58.606295-08
SQ_MX2050-1,2024-01-11 19:06:35.37-08,2024-01-12 12:59:01.793567-08,2025-01-08 02:25:08.254869-08
SQ_MX2050-2,2024-01-11 19:06:35.37-08,2024-01-12 12:59:22.538142-08,2025-01-08 02:27:18.236364-08
SQ_MX2050-3,2024-01-11 19:06:35.37-08,2024-02-06 15:57:17.445788-08,2025-01-08 02:29:28.136488-08
SQ_MX2050-4,2024-01-11 19:06:35.37-08,2024-02-06 15:57:32.469277-08,2025-01-08 02:31:38.245749-08
SQ_MX2050-5,2024-01-11 19:06:35.37-08,2024-02-06 15:57:48.008299-08,2025-01-08 02:33:47.971329-08
SQ_MX2050-6,2024-01-11 19:06:35.37-08,2025-02-11 09:54:05.459378-08,2025-02-17 09:30:49.073913-08
SQ_MX2050-7,2024-01-11 19:06:35.37-08,2025-02-11 10:11:12.252037-08,2025-02-17 09:35:55.560699-08
SQ_MX2050-8,2024-01-11 19:06:35.37-08,2024-12-11 10:58:35.811776-08,2025-01-07 17:24:30.068973-08
SQ_MX2050-9,2024-01-11 19:06:35.37-08,2024-11-24 04:21:23.300208-08,2025-01-07 23:15:27.104802-08
SQ_MX2051-1,2024-03-21 14:12:45.644-07,2024-12-11 11:01:46.08673-08,2025-01-07 17:26:39.549326-08
SQ_MX2051-2,2024-03-21 14:12:45.644-07,2024-11-24 03:59:16.696781-08,2025-01-07 23:00:13.746412-08
SQ_MX2051-3,2024-03-21 14:12:45.644-07,2024-11-24 04:02:26.582141-08,2025-01-07 23:02:24.452422-08
SQ_MX2051-4,2024-03-21 14:12:45.644-07,2024-11-24 04:05:35.972436-08,2025-01-07 23:04:34.632765-08
SQ_MX2051-5,2024-03-21 14:12:45.644-07,2024-11-24 04:08:45.394378-08,2025-01-07 23:06:44.78931-08
SQ_MX2051-6,2024-03-21 14:12:45.644-07,2024-11-19 08:23:43.371323-08,2025-03-21 12:06:30.083177-07
SQ_MX2051-7,2024-03-21 14:12:45.644-07,2024-11-07 11:10:34.364773-08,2025-03-21 12:09:57.551616-07
SQ_MX2051-8,2024-03-21 14:12:45.644-07,2024-11-07 11:13:48.993506-08,2025-03-21 12:13:15.082531-07
SQ_MX2051-9,2024-03-21 14:12:45.644-07,2024-12-11 11:04:56.071059-08,2025-01-07 17:28:49.078789-08
SQ_MX2052-1,2024-03-22 19:49:38.934-07,2024-12-11 11:08:05.391692-08,2025-01-07 17:30:58.574704-08
SQ_MX2052-2,2024-03-22 19:49:38.934-07,2024-12-11 11:11:15.024943-08,2025-01-07 17:33:08.129834-08
SQ_MX2052-3,2024-03-22 19:49:38.934-07,2024-12-11 11:14:24.991928-08,2025-01-07 17:35:18.235832-08
SQ_MX2052-4,2024-03-22 19:49:38.934-07,2024-11-24 04:11:54.956444-08,2025-01-07 23:08:55.348371-08
SQ_MX2052-5,2024-03-22 19:49:38.934-07,2024-11-25 11:23:09.326679-08,2025-01-07 23:11:05.979399-08
SQ_MX2052-6,2024-03-22 19:49:38.934-07,2024-11-07 11:17:03.606136-08,2025-03-21 12:16:45.23249-07
SQ_MX2052-7,2024-03-22 19:49:38.934-07,2024-11-07 11:20:18.982889-08,2025-03-21 12:20:16.646111-07
SQ_MX2052-8,2024-03-22 19:49:38.934-07,2024-11-10 21:33:47.255024-08,2025-03-21 12:23:36.788861-07
SQ_MX2052-9,2024-03-22 19:49:38.934-07,2024-11-24 04:18:13.892811-08,2025-01-07 23:13:16.644598-08
SQ_MX2067-1,2024-03-07 17:00:18.483-08,2024-12-17 14:29:04.621109-08,2025-01-08 05:52:58.496121-08
SQ_MX2067-2,2024-03-07 17:00:18.483-08,2024-12-17 09:24:17.89474-08,2025-01-08 05:55:08.633874-08
SQ_MX2067-3,2024-03-07 17:00:18.483-08,2024-11-05 16:35:07.016851-08,2024-12-10 12:03:29.849216-08
SQ_MX2067-4,2024-03-07 17:00:18.483-08,2024-12-24 01:51:36.431052-08,2025-01-08 05:57:18.280206-08
SQ_MX2067-5,2024-03-07 17:00:18.483-08,2024-12-24 01:56:45.891915-08,2025-01-08 05:59:27.844239-08
SQ_MX2067-6,2024-03-07 17:00:18.483-08,2024-12-24 02:01:55.31822-08,2025-01-08 06:01:37.690962-08
SQ_MX2094-2,2024-01-11 20:12:58.398-08,2024-12-19 10:10:47.853725-08,2025-01-08 07:21:49.815353-08
NY-TX14017-2,2023-11-11 00:28:29.708-08,2023-11-14 10:40:54.017133-08,2023-12-08 02:06:35.661966-08
NY-TX14017-1,2023-11-11 00:28:29.708-08,2023-11-13 09:22:42.252056-08,2023-12-08 02:17:43.93965-08
NY-AT16006-7,2023-09-08 01:19:39.522-07,2024-08-16 11:49:00.086296-07,2024-08-22 12:10:50.995326-07
NY-AT16035-9,2024-02-23 08:17:57.858-08,2024-10-21 15:40:47.057029-07,2024-10-30 10:55:06.857768-07
NY-AT16035-8,2024-02-23 08:17:57.858-08,2024-10-21 15:37:37.41792-07,2024-10-30 10:54:55.976175-07
NY-AT16035-5,2024-02-23 08:17:57.858-08,2024-11-13 16:11:33.584124-08,2024-12-10 11:14:36.411336-08
NY-AT16035-4,2024-02-23 08:17:57.858-08,2024-07-11 18:06:49.170163-07,2024-08-20 09:36:19.648562-07
NY-AT16035-7,2024-02-23 08:17:57.858-08,2024-08-15 11:58:47.73769-07,2024-08-22 17:39:10.164007-07
NY-AT16035-6,2024-02-23 08:17:57.858-08,2024-08-21 15:29:42.892924-07,2024-08-22 17:39:30.852962-07
NY-AT16035-1,2024-02-23 08:17:57.858-08,2024-03-27 12:22:26.749414-07,2024-12-10 00:32:01.210462-08
NY-AT16006-5,2023-09-08 01:19:39.522-07,2024-10-21 15:02:52.263103-07,2024-10-30 09:50:31.318037-07
NY-AT16035-3,2024-02-23 08:17:57.858-08,2024-07-25 14:59:16.334749-07,2024-08-15 12:40:09.565302-07
NY-AT16035-2,2024-02-23 08:17:57.858-08,2024-07-11 18:06:41.599144-07,2024-08-20 09:36:09.156996-07
SQ_MX2016-8,2024-03-07 17:15:21.317-08,2024-11-24 05:31:02.257877-08,2025-01-08 01:30:52.873953-08
NY-AT16006-4,2023-09-08 01:19:39.522-07,2024-10-21 14:59:42.981455-07,2024-10-30 09:50:18.980895-07
SQ_AT0572-4,2024-02-27 23:52:22.043-08,2024-12-17 13:31:28.050529-08,2025-01-08 05:31:18.36958-08
NW-AT0633-5,2023-03-11 02:49:41.442-08,2024-08-28 00:10:41.445344-07,2024-09-11 12:51:26.158302-07
SQ_AT0572-5,2024-02-27 23:52:22.043-08,2024-11-07 11:33:13.725869-08,2025-03-21 12:30:32.604668-07
NY-AT16006-2,2023-09-08 01:19:39.522-07,2024-07-12 10:45:09.03383-07,2024-08-22 15:07:24.738616-07
SQ_AT0601-8,2023-09-12 03:23:53.437-07,2025-02-27 13:20:30.933057-08,2025-03-03 11:40:51.861936-08
NY-AT16006-1,2023-09-08 01:19:39.522-07,2024-02-21 09:15:09.115132-08,2024-08-19 11:24:16.41677-07
SQ_AT0601-3,2023-09-12 03:23:53.437-07,2025-02-27 13:47:48.928728-08,2025-03-03 12:37:32.699193-08
SQ_AT0601-2,2023-09-12 03:23:53.437-07,2025-02-27 13:42:21.703917-08,2025-03-03 12:32:24.319064-08
SQ_AT0601-1,2023-09-12 03:23:53.437-07,2025-02-27 13:36:53.79836-08,2025-03-03 12:27:14.936922-08
SQ_AT0601-7,2023-09-12 03:23:53.437-07,2025-02-27 14:09:37.585831-08,2025-03-03 12:58:31.027669-08
SQ_AT0601-6,2023-09-12 03:23:53.437-07,2025-02-27 14:04:09.656294-08,2025-03-03 12:53:02.302469-08
SQ_AT0601-5,2023-09-12 03:23:53.437-07,2025-02-27 13:58:43.135686-08,2025-03-03 12:47:49.492479-08
SQ_AT0601-4,2023-09-12 03:23:53.437-07,2025-02-27 13:53:16.051321-08,2025-03-03 12:42:41.132776-08
NW_TX4051-8,2024-02-29 15:50:03.882-08,2024-03-14 15:58:32.468512-07,2025-02-13 14:20:11.226637-08
NW_TX4051-9,2024-02-29 15:50:03.882-08,2024-03-14 15:58:46.175244-07,2025-02-13 14:21:19.633699-08
NW_TX4051-6,2024-02-29 15:50:03.882-08,2024-03-01 09:43:24.270712-08,2025-02-14 09:49:28.522237-08
NW_TX4051-7,2024-02-29 15:50:03.882-08,2024-03-01 09:43:36.847651-08,2025-02-14 09:49:42.968229-08
NW_TX4051-4,2024-02-29 15:50:03.882-08,2024-03-01 09:43:01.679358-08,2025-02-14 09:49:01.219306-08
NW_TX4051-5,2024-02-29 15:50:03.882-08,2024-03-01 09:43:12.392424-08,2025-02-14 09:49:15.169534-08
NW_TX4051-2,2024-02-29 15:50:03.882-08,2024-03-04 11:46:32.695848-08,2025-02-14 09:48:22.709982-08
NW_TX4051-3,2024-02-29 15:50:03.882-08,2024-03-01 09:42:49.395555-08,2025-02-14 09:48:42.135892-08
NW_TX4051-1,2024-02-29 15:50:03.882-08,2024-03-01 09:42:26.414125-08,2025-02-18 13:48:19.702301-08
NW-TX4131-3,2024-09-30 22:49:19.21-07,2024-11-01 09:29:05.896801-07,2025-01-17 14:14:32.521319-08
NW-TX4131-2,2024-09-30 22:49:19.21-07,2024-11-01 09:28:51.305516-07,2025-01-17 14:11:19.179301-08
NW-TX4131-1,2024-09-30 22:49:19.21-07,2024-11-01 09:25:55.941653-07,2025-01-17 14:08:04.487847-08
NW-TX4131-7,2024-09-30 22:49:19.21-07,2024-11-01 09:30:22.948881-07,2025-01-17 13:48:39.979266-08
NW-TX4131-6,2024-09-30 22:49:19.21-07,2024-11-01 09:30:07.274002-07,2025-01-17 13:45:27.148476-08
NW-TX4131-5,2024-09-30 22:49:19.21-07,2024-11-08 08:58:50.711435-08,2025-01-17 13:55:08.367604-08
NW-TX4092-3,2023-11-17 22:32:28.534-08,2023-11-27 14:30:59.433451-08,2023-12-08 14:47:38.16971-08
NW-TX4092-2,2023-11-17 22:32:28.534-08,2023-11-27 14:30:45.718097-08,2023-12-08 14:47:28.544102-08
NW-TX4092-1,2023-11-17 22:32:28.534-08,2023-11-28 14:01:47.630809-08,2023-12-08 14:47:18.650268-08
NW-TX4092-6,2023-11-17 22:32:28.534-08,2023-11-28 14:02:49.907418-08,2023-12-08 14:48:08.905147-08
NW-TX4092-5,2023-11-17 22:32:28.534-08,2023-11-27 14:31:35.234077-08,2023-12-08 14:47:57.322422-08
NW-TX4092-4,2023-11-17 22:32:28.534-08,2023-11-27 14:31:26.11956-08,2023-12-08 14:47:47.914289-08
NY-TX24003-8,2024-09-26 04:35:34.833-07,2024-10-08 15:31:53.369613-07,2025-01-23 10:40:44.871331-08
NY-TX24003-9,2024-09-26 04:35:34.833-07,2024-10-08 15:32:14.333741-07,2025-01-23 13:44:38.197789-08
NY-TX24003-2,2024-09-26 04:35:34.833-07,2024-10-08 15:26:24.95776-07,2025-01-23 10:41:04.875188-08
NY-TX24003-3,2024-09-26 04:35:34.833-07,2024-10-08 15:28:07.896257-07,2025-01-23 13:36:59.526861-08
NY-TX24003-6,2024-09-26 04:35:34.833-07,2024-10-08 15:30:17.872212-07,2025-01-23 13:37:56.415749-08
NY-TX24003-7,2024-09-26 04:35:34.833-07,2024-10-08 15:30:46.345776-07,2025-01-23 10:40:35.02617-08
NY-TX24003-4,2024-09-26 04:35:34.833-07,2024-10-08 15:29:14.311282-07,2025-01-23 10:41:27.038888-08
NY-TX24003-5,2024-09-26 04:35:34.833-07,2024-10-08 15:29:38.918701-07,2025-01-23 10:40:13.317828-08
SQ_AT017-6,2024-02-28 00:17:57.79-08,2024-10-21 23:34:24.408305-07,2025-01-07 20:58:23.290465-08
NY-AT16009-10,2024-03-05 13:18:00.907-08,2024-11-15 10:24:46.640611-08,2024-12-03 13:13:48.032439-08
NY-AT16009-11,2024-03-05 13:18:00.907-08,2024-11-13 13:48:32.485867-08,2024-12-03 13:14:00.901693-08
NW-MX2191-1,2024-07-23 03:05:05.702-07,2024-08-27 18:10:05.303601-07,2024-09-10 16:27:45.76821-07
NW-MX2191-2,2024-07-23 03:05:05.702-07,2024-10-01 20:38:26.420854-07,2024-12-09 20:30:58.249121-08
NW-MX2191-3,2024-07-23 03:05:05.702-07,2024-10-01 20:41:40.818346-07,2024-12-09 20:32:10.574076-08
NW-MX2191-4,2024-07-23 03:05:05.702-07,2024-09-26 10:42:53.573206-07,2024-09-30 10:22:38.213037-07
NW-MX2191-5,2024-07-23 03:05:05.702-07,2024-11-24 06:36:02.602037-08,2024-12-10 16:30:15.539097-08
NY-AT0662-10,2023-09-26 03:04:23.409-07,2024-10-22 10:53:57.485844-07,2024-12-10 16:15:10.893424-08
NW-AT0637-8,2024-03-05 11:45:53.296-08,2024-07-07 22:54:44.99346-07,2024-07-15 14:27:42.988544-07
NW_MX2091-7,2024-01-11 21:04:10.35-08,2024-08-30 01:28:35.158435-07,2024-09-10 13:38:59.676852-07
NW_MX2091-6,2024-01-11 21:04:10.35-08,2025-02-09 20:58:27.858332-08,2025-02-16 21:12:43.049269-08
NW_MX2091-5,2024-01-11 21:04:10.35-08,2025-02-09 20:56:22.073055-08,2025-02-16 21:07:36.522955-08
NW_MX2091-4,2024-01-11 21:04:10.35-08,2025-02-09 20:54:16.091282-08,2025-02-16 21:02:29.04268-08
NW_MX2091-3,2024-01-11 21:04:10.35-08,2025-02-09 20:52:10.185311-08,2025-02-16 20:57:21.792604-08
NW_MX2091-2,2024-01-11 21:04:10.35-08,2025-02-09 20:50:04.270302-08,2025-02-16 20:52:13.908788-08
NW_MX2091-1,2024-01-11 21:04:10.35-08,2025-02-09 20:47:58.007191-08,2025-02-16 20:47:07.682113-08
NW-TX4115-2,2024-07-23 02:08:37.481-07,2025-01-12 17:25:37.870282-08,2025-01-15 14:31:42.011428-08
NW_MX2091-9,2024-01-11 21:04:10.35-08,2024-10-21 21:02:26.392822-07,2024-12-09 21:39:58.258814-08
NW_MX2091-8,2024-01-11 21:04:10.35-08,2024-08-30 01:34:58.075962-07,2024-09-10 13:46:36.918525-07
NW-AT0637-3,2024-03-05 11:45:53.296-08,2024-06-28 11:03:30.032692-07,2024-07-03 16:05:06.139521-07
NW-AT0637-2,2024-03-05 11:45:53.296-08,2024-06-28 11:03:22.565056-07,2024-07-03 16:04:58.499999-07
NW-MX2177-8,2024-04-20 03:18:30.943-07,2024-09-26 10:31:51.544897-07,2024-09-30 10:04:10.517774-07
NW-MX2177-9,2024-04-20 03:18:30.943-07,2024-09-26 10:32:41.016082-07,2024-09-30 10:04:23.497093-07
NW-MX2177-1,2024-04-20 03:18:30.943-07,2024-09-26 10:30:40.97196-07,2024-09-30 10:03:03.649189-07
NW-MX2177-2,2024-04-20 03:18:30.943-07,2024-09-26 10:30:54.967744-07,2024-09-30 10:03:17.35154-07
NW-MX2177-3,2024-04-20 03:18:30.943-07,2024-08-28 07:31:42.308408-07,2024-09-11 20:16:45.718945-07
NW-MX2177-4,2024-04-20 03:18:30.943-07,2024-08-28 07:34:52.581401-07,2024-09-11 20:19:56.810081-07
NW-MX2177-5,2024-04-20 03:18:30.943-07,2024-08-28 07:38:03.32041-07,2024-09-11 20:23:08.645837-07
NW-MX2177-6,2024-04-20 03:18:30.943-07,2024-09-26 10:31:14.84519-07,2024-09-30 10:03:35.928625-07
NW-MX2177-7,2024-04-20 03:18:30.943-07,2024-09-26 10:31:34.02279-07,2024-09-30 10:03:51.173098-07
NW_AT0628-12,2023-03-08 01:10:06.336-08,2024-08-27 23:19:24.062969-07,2024-09-11 12:00:32.696871-07
NW_AT0628-11,2023-03-08 01:10:06.336-08,2024-08-27 23:16:11.358131-07,2024-09-11 11:57:21.92243-07
NW_AT0628-10,2023-03-08 01:10:06.336-08,2024-08-27 23:12:57.945543-07,2024-09-11 11:54:11.064447-07
NY-AT16082-2,2024-08-16 12:36:49.677-07,2024-08-19 12:22:50.247225-07,2024-09-06 17:10:13.384715-07
NY-AT16082-7,2024-08-16 12:36:49.677-07,2024-08-19 12:23:13.439546-07,2025-03-21 11:03:15.875705-07
NY-AT16082-6,2024-08-16 12:36:49.677-07,2024-09-25 09:19:16.581065-07,2024-09-09 09:46:32.725157-07
NY-AT16082-5,2024-08-16 12:36:49.677-07,2024-09-25 09:18:54.00217-07,2024-09-09 09:41:44.906704-07
NY-AT16082-4,2024-08-16 12:36:49.677-07,2024-08-19 12:23:05.712631-07,2024-09-06 17:17:26.567309-07
SQ_MX2016-4,2024-03-07 17:15:21.317-08,2024-11-24 02:56:03.503676-08,2025-01-07 16:08:45.344755-08
NW-AT0686-1,2023-12-12 05:48:59.77-08,2024-10-22 06:57:13.850171-07,2024-12-11 00:55:16.08108-08
NW-AT0686-3,2023-12-12 05:48:59.77-08,2024-10-22 07:03:32.929051-07,2024-12-11 00:57:35.178412-08
NW-AT0686-2,2023-12-12 05:48:59.77-08,2024-10-22 07:00:23.50194-07,2024-12-11 00:56:25.640001-08
NW-AT0686-5,2023-12-12 05:48:59.77-08,2024-10-01 18:36:49.815229-07,2024-12-09 19:45:36.522818-08
NW-AT0686-4,2023-12-12 05:48:59.77-08,2024-10-22 07:06:42.028047-07,2024-12-11 00:58:45.742943-08
NW-AT0686-7,2023-12-12 05:48:59.77-08,2024-10-01 18:43:10.901676-07,2024-12-09 19:48:02.778466-08
NW-AT0686-6,2023-12-12 05:48:59.77-08,2024-10-01 18:39:59.930341-07,2024-12-09 19:46:49.170995-08
NW-AT0686-9,2023-12-12 05:48:59.77-08,2024-10-22 07:13:00.207563-07,2024-12-11 01:01:04.678333-08
NW-AT0686-8,2023-12-12 05:48:59.77-08,2024-10-22 07:09:51.095135-07,2024-12-11 00:59:55.253907-08
NY-AT0670-8,2023-10-12 09:33:18.538-07,2025-02-11 07:16:49.519229-08,2025-02-17 08:39:43.537983-08
NY-AT0670-9,2023-10-12 09:33:18.538-07,2025-02-11 08:04:08.258585-08,2025-02-17 08:44:50.117118-08
NY-AT0670-4,2023-10-12 09:33:18.538-07,2024-08-28 04:55:56.484662-07,2024-09-11 17:35:34.295112-07
NY-AT0670-5,2023-10-12 09:33:18.538-07,2025-02-11 06:23:21.800571-08,2025-02-17 08:19:16.277765-08
NY-AT0670-6,2023-10-12 09:33:18.538-07,2025-02-11 06:57:35.641477-08,2025-02-17 08:29:29.419322-08
NY-AT0670-7,2023-10-12 09:33:18.538-07,2025-02-11 06:59:42.799185-08,2025-02-17 08:34:36.603257-08
NY-AT0670-1,2023-10-12 09:33:18.538-07,2025-02-11 06:21:15.503852-08,2025-02-17 08:14:09.189712-08
NY-AT0670-2,2023-10-12 09:33:18.538-07,2024-08-28 04:49:35.969071-07,2024-09-11 17:28:16.203078-07
NY-AT0670-3,2023-10-12 09:33:18.538-07,2024-08-28 04:52:46.215021-07,2024-09-11 17:31:42.258353-07
NW_MX2110-3,2024-03-05 11:39:28.712-08,2024-10-01 13:49:14.95689-07,2024-12-09 10:20:23.106571-08
NW_MX2110-2,2024-03-05 11:39:28.712-08,2024-10-01 13:46:01.690251-07,2024-12-09 10:19:09.690717-08
NW_MX2110-1,2024-03-05 11:39:28.712-08,2024-12-11 12:14:26.733476-08,2025-01-07 18:16:34.717058-08
NW_MX2110-7,2024-03-05 11:39:28.712-08,2024-10-01 13:58:48.557027-07,2024-12-09 10:24:08.156375-08
NW_MX2110-6,2024-03-05 11:39:28.712-08,2024-10-01 13:55:36.785546-07,2024-12-09 10:22:52.989798-08
NW_MX2110-5,2024-03-05 11:39:28.712-08,2024-10-01 13:52:26.155665-07,2024-12-09 10:21:37.868827-08
NW_MX2110-4,2024-03-05 11:39:28.712-08,2025-02-11 04:41:55.26721-08,2025-02-17 07:23:00.759085-08
NW_MX2110-9,2024-03-05 11:39:28.712-08,2024-10-01 14:05:09.987971-07,2024-12-09 10:26:35.662829-08
NW_MX2110-8,2024-03-05 11:39:28.712-08,2024-10-01 14:01:59.217704-07,2024-12-09 10:25:24.164713-08
NW-AT0707-10,2024-06-18 17:26:36.653-07,2024-10-21 20:21:11.57189-07,2024-12-09 21:32:54.68593-08
SQ_AT0023-3,2023-11-17 20:40:46.235-08,2025-02-27 15:11:50.23944-08,2025-03-03 14:01:24.972284-08
NY-MX2147-7,2023-10-03 23:25:41.543-07,2024-08-28 04:20:54.724817-07,2024-09-11 16:59:39.794822-07
NY-MX2147-6,2023-10-03 23:25:41.543-07,2024-08-28 04:17:44.076273-07,2024-09-11 16:56:29.302885-07
NY-MX2147-5,2023-10-03 23:25:41.543-07,2024-08-28 04:14:33.916726-07,2024-09-11 16:53:18.71437-07
NY-MX2147-4,2023-10-03 23:25:41.543-07,2024-08-28 04:11:23.734162-07,2024-09-11 16:50:08.06072-07
NY-MX2147-1,2023-10-03 23:25:41.543-07,2024-08-28 04:01:51.991487-07,2024-09-11 16:40:35.999156-07
NY-AT26009-9,2024-10-12 17:21:04.974-07,2024-10-13 02:46:57.473081-07,2024-10-14 10:23:45.631832-07
NY-AT26009-8,2024-10-12 17:21:04.974-07,2024-10-13 02:43:47.101192-07,2024-10-14 10:30:06.522989-07
NY-AT26009-7,2024-10-12 17:21:04.974-07,2024-10-13 02:40:36.92689-07,2024-10-14 10:36:29.66875-07
NY-AT26009-6,2024-10-12 17:21:04.974-07,2024-10-13 02:37:26.729185-07,2024-10-14 10:42:50.481604-07
NY-AT26009-5,2024-10-12 17:21:04.974-07,2024-10-13 02:34:16.491421-07,2024-10-14 10:49:11.518746-07
NY-AT26009-4,2024-10-12 17:21:04.974-07,2024-10-13 02:31:06.236954-07,2024-10-14 10:52:21.886136-07
NY-AT26009-3,2024-10-12 17:21:04.974-07,2024-10-13 02:27:55.870562-07,2024-10-14 11:01:54.059764-07
NY-AT26009-2,2024-10-12 17:21:04.974-07,2024-10-13 02:18:24.965413-07,2024-10-14 11:20:59.43159-07
NY-AT26009-1,2024-10-12 17:21:04.974-07,2024-10-13 01:43:20.426958-07,2024-10-14 12:31:00.317874-07
NW-TX4103-4,2024-03-30 01:25:29.804-07,2024-04-01 09:48:28.521803-07,2024-04-02 09:21:48.980117-07
NW-TX4103-5,2024-03-30 01:25:29.804-07,2024-04-01 09:48:39.130108-07,2024-04-02 09:22:01.465588-07
NW-TX4103-6,2024-03-30 01:25:29.804-07,2024-04-01 09:48:52.281018-07,2024-04-02 09:22:13.535128-07
NW-TX4103-7,2024-03-30 01:25:29.804-07,2024-04-01 09:49:03.535239-07,2024-04-02 09:22:34.774027-07
NW-TX4103-1,2024-03-30 01:25:29.804-07,2024-04-01 09:47:56.663182-07,2024-04-02 09:21:08.198822-07
NW-TX4103-2,2024-03-30 01:25:29.804-07,2024-04-01 09:48:07.791475-07,2024-04-02 09:21:22.840541-07
NW-TX4103-3,2024-03-30 01:25:29.804-07,2024-04-01 09:48:17.979344-07,2024-04-02 09:21:35.172101-07
NW-TX4103-8,2024-03-30 01:25:29.804-07,2024-04-01 09:49:14.094914-07,2024-04-02 09:22:59.769394-07
NY-AT0657-1,2024-03-05 14:44:54.717-08,2025-02-12 08:28:18.81818-08,2025-02-17 13:36:26.206988-08
NY-AT0657-3,2024-03-05 14:44:54.717-08,2025-02-12 03:14:43.22254-08,2025-02-17 13:05:46.665467-08
NY-AT0657-2,2024-03-05 14:44:54.717-08,2025-02-12 09:00:28.096678-08,2025-02-17 13:41:33.533998-08
NY-AT0657-5,2024-03-05 14:44:54.717-08,2025-02-12 04:16:52.810521-08,2025-02-17 13:10:53.307686-08
NY-AT0657-4,2024-03-05 14:44:54.717-08,2025-02-13 15:22:24.774726-08,2025-02-17 13:46:40.436037-08
NY-AT0657-7,2024-03-05 14:44:54.717-08,2025-02-12 04:34:03.162323-08,2025-02-17 13:15:59.782408-08
NY-AT0657-6,2024-03-05 14:44:54.717-08,2025-02-13 15:27:36.658319-08,2025-02-17 13:51:47.450362-08
NY-AT0657-9,2024-03-05 14:44:54.717-08,2025-02-13 15:43:14.791328-08,2025-02-17 14:07:07.811954-08
NY-AT0657-8,2024-03-05 14:44:54.717-08,2025-02-13 15:32:49.726659-08,2025-02-17 13:56:54.529269-08
NY-MX22008-2,2024-10-12 12:58:14.639-07,2024-10-13 02:18:18.786012-07,2024-10-14 11:17:48.650882-07
NW-MX2175-6,2024-03-30 02:05:09.361-07,2024-12-24 03:45:04.732442-08,2025-01-08 09:35:03.161759-08
NW-MX2175-7,2024-03-30 02:05:09.361-07,2024-12-24 03:50:13.889838-08,2025-01-08 09:37:13.279387-08
NW-MX2175-4,2024-03-30 02:05:09.361-07,2024-10-01 20:31:57.696141-07,2024-12-09 20:28:35.996572-08
NW-MX2175-5,2024-03-30 02:05:09.361-07,2024-10-01 20:35:11.618442-07,2024-12-09 20:29:48.411596-08
NW-MX2175-2,2024-03-30 02:05:09.361-07,2024-10-01 20:25:26.30237-07,2024-12-09 20:26:11.150494-08
NW-MX2175-1,2024-03-30 02:05:09.361-07,2024-10-01 20:22:15.175121-07,2024-12-09 20:24:58.217235-08
NW-MX2175-8,2024-03-30 02:05:09.361-07,2024-11-24 04:40:20.209068-08,2024-12-09 23:59:42.532571-08
NW-MX2175-9,2024-03-30 02:05:09.361-07,2024-09-26 10:27:37.871269-07,2024-09-30 10:00:36.0879-07
NY-AT16044-5,2024-03-14 07:49:51.314-07,2024-11-22 03:42:30.54657-08,2024-12-10 10:50:11.793332-08
NY-AT16044-4,2024-03-14 07:49:51.314-07,2024-07-22 16:02:36.592439-07,2024-12-10 10:49:02.043439-08
NY-AT16044-7,2024-03-14 07:49:51.314-07,2024-08-02 13:29:07.884644-07,2024-12-10 00:39:16.687289-08
NY-AT16044-6,2024-03-14 07:49:51.314-07,2024-08-02 13:28:48.044076-07,2024-12-10 00:38:03.709363-08
NY-AT16044-1,2024-03-14 07:49:51.314-07,2024-11-22 03:32:57.347301-08,2024-12-10 10:45:31.566354-08
NY-AT16044-3,2024-03-14 07:49:51.314-07,2024-11-22 03:39:19.755193-08,2024-12-10 10:47:52.142403-08
NY-AT16044-2,2024-03-14 07:49:51.314-07,2024-11-22 03:36:08.600566-08,2024-12-10 10:46:41.997005-08
NY-AT16044-9,2024-03-14 07:49:51.314-07,2024-08-26 09:04:59.598063-07,2024-09-23 16:42:22.989761-07
NY-AT16044-8,2024-03-14 07:49:51.314-07,2024-08-26 08:59:48.39246-07,2024-09-23 16:42:09.193634-07
NY-AT16028-7,2024-03-05 14:50:55.858-08,2024-11-11 14:06:50.857148-08,2024-12-02 12:56:45.329706-08
NY-AT16028-6,2024-03-05 14:50:55.858-08,2024-11-11 13:50:29.579874-08,2024-12-02 12:56:33.11828-08
NY-AT16028-5,2024-03-05 14:50:55.858-08,2024-11-11 13:47:05.23692-08,2024-12-02 12:56:15.287599-08
NY-AT16028-4,2024-03-05 14:50:55.858-08,2024-11-11 13:43:39.813716-08,2024-12-02 12:56:00.244967-08
NY-AT16028-3,2024-03-05 14:50:55.858-08,2024-11-11 14:03:39.06514-08,2024-12-02 12:55:46.42436-08
NY-AT16028-2,2024-03-05 14:50:55.858-08,2024-11-11 13:57:15.47844-08,2024-12-02 12:55:33.972209-08
NY-AT16028-1,2024-03-05 14:50:55.858-08,2024-07-17 12:56:31.988393-07,2025-03-21 11:28:14.783117-07
NY-AT16028-9,2024-03-05 14:50:55.858-08,2024-07-17 12:57:19.342756-07,2024-12-02 12:57:10.493375-08
NY-AT16028-8,2024-03-05 14:50:55.858-08,2024-11-11 14:10:01.466415-08,2024-12-02 12:56:57.214997-08
SQ_MX2009-1,2024-03-20 07:48:41.913-07,2024-11-24 04:59:14.329554-08,2025-01-08 01:13:36.536146-08
NY-AT26002-18,2024-08-31 18:32:10.015-07,2024-09-01 08:49:09.615634-07,2024-09-08 23:12:27.167203-07
NY-AT26002-19,2024-08-31 18:32:10.015-07,2024-09-01 08:52:20.440533-07,2024-09-08 23:09:16.863982-07
NY-AT26002-16,2024-08-31 18:32:10.015-07,2024-09-01 08:42:48.47756-07,2024-09-08 23:18:48.765438-07
NY-AT26002-17,2024-08-31 18:32:10.015-07,2024-09-01 08:45:59.18507-07,2024-09-08 23:15:38.142783-07
NY-AT26002-14,2024-08-31 18:32:10.015-07,2024-09-01 08:36:27.360766-07,2024-09-08 23:25:09.735328-07
NY-AT26002-15,2024-08-31 18:32:10.015-07,2024-09-01 08:39:38.101017-07,2025-03-21 11:43:49.695782-07
NY-AT26002-12,2024-08-31 18:32:10.015-07,2024-09-01 08:30:05.534871-07,2024-09-08 23:31:31.202761-07
NY-AT26002-13,2024-08-31 18:32:10.015-07,2024-09-01 08:33:16.231124-07,2024-09-08 23:28:20.247492-07
NY-AT26002-10,2024-08-31 18:32:10.015-07,2024-09-01 09:27:19.513311-07,2024-09-08 22:37:30.169728-07
NY-AT26002-11,2024-08-31 18:32:10.015-07,2024-09-02 20:28:07.172564-07,2024-09-08 22:31:08.567894-07
NY-MX12035-5,2024-02-23 02:14:03.559-08,2024-11-13 16:11:33.584124-08,2024-12-10 11:14:36.411336-08
NY-AT16053-8,2024-04-17 07:01:27.665-07,2024-07-12 10:45:37.782459-07,2024-08-22 15:08:50.706254-07
NY-MX12035-9,2024-02-23 02:14:03.559-08,2024-10-21 15:40:47.057029-07,2024-10-30 10:55:06.857768-07
NY-MX12035-8,2024-02-23 02:14:03.559-08,2024-10-21 15:37:37.41792-07,2024-10-30 10:54:55.976175-07
NW-MX2136-9,2024-02-29 11:22:05.451-08,2025-02-08 15:09:59.513036-08,2025-02-16 13:20:46.520797-08
NW-MX2136-8,2024-02-29 11:22:05.451-08,2025-02-08 15:07:53.655766-08,2025-02-16 13:15:39.91786-08
NY-AT16053-6,2024-04-17 07:01:27.665-07,2024-07-12 10:45:23.296215-07,2024-08-22 15:08:35.725304-07
NW-MX2136-1,2024-02-29 11:22:05.451-08,2024-08-14 14:58:48.170846-07,2024-08-21 10:14:35.454931-07
NW-MX2136-3,2024-02-29 11:22:05.451-08,2024-07-11 18:04:30.907366-07,2024-08-15 14:09:23.687343-07
NW-MX2136-2,2024-02-29 11:22:05.451-08,2024-07-17 13:12:31.975594-07,2024-08-16 13:19:23.724612-07
NY-TX24005-1,2024-10-12 11:07:58.207-07,2024-10-14 12:46:13.738588-07,2025-01-23 10:44:51.276568-08
NY-TX24005-2,2024-10-12 11:07:58.207-07,2024-10-14 12:46:29.002644-07,2025-01-23 10:45:01.210837-08
NY-TX24005-3,2024-10-12 11:07:58.207-07,2024-10-14 12:46:42.055435-07,2025-01-23 10:44:31.262991-08
NY-TX24005-4,2024-10-12 11:07:58.207-07,2024-10-14 12:46:55.223558-07,2025-01-23 10:44:41.238712-08
NY-TX24005-5,2024-10-12 11:07:58.207-07,2024-10-14 12:47:07.581754-07,2025-01-23 10:43:49.203857-08
SQ_AT0569-1,2024-02-06 15:47:51.768-08,2024-10-01 10:23:34.324469-07,2024-12-09 09:11:54.240822-08
NY-TX24005-7,2024-10-12 11:07:58.207-07,2024-10-14 12:47:31.984578-07,2025-01-23 10:44:09.157392-08
10X224-1,2024-03-05 20:19:06.586-08,2024-10-18 09:24:13.62008-07,2025-02-13 15:01:36.313941-08
10X224-2,2024-03-05 20:19:06.586-08,2024-10-18 09:24:25.800404-07,2025-02-13 15:02:15.711175-08
NY-AT0654-11,2023-09-22 06:43:52.882-07,2025-02-19 12:34:57.299299-08,2025-02-20 00:51:46.162838-08
NW-AT0634-6,2023-03-29 00:21:14.689-07,2024-08-28 00:43:45.598505-07,2024-09-11 13:23:12.342928-07
NW-AT0634-7,2023-03-29 00:21:14.689-07,2024-08-28 00:46:56.675787-07,2024-09-11 13:26:23.273022-07
NW-AT0634-4,2023-03-29 00:21:14.689-07,2024-08-28 00:37:23.604434-07,2024-09-11 13:16:51.634826-07
NW-AT0634-5,2023-03-29 00:21:14.689-07,2024-08-28 00:40:34.488885-07,2024-09-11 13:20:01.594681-07
NW-AT0634-2,2023-03-29 00:21:14.689-07,2024-08-28 00:31:00.073183-07,2024-09-11 13:10:30.348114-07
NW-AT0634-3,2023-03-29 00:21:14.689-07,2024-08-28 00:34:12.121679-07,2024-09-11 13:13:41.478553-07
NW-AT0634-1,2023-03-29 00:21:14.689-07,2024-08-28 00:27:47.716186-07,2024-09-11 13:07:19.205545-07
NW-AT0634-8,2023-03-29 00:21:14.689-07,2024-08-28 00:50:07.213873-07,2024-09-11 13:29:33.956185-07
NW-AT0634-9,2023-03-29 00:21:14.689-07,2024-08-28 00:53:18.54004-07,2024-09-11 13:32:43.860695-07
NY-MX12054-10,2024-04-17 02:50:03.574-07,2024-07-12 10:46:50.491259-07,2024-08-22 17:34:53.977061-07
SQ_MX2015-1,2024-03-21 14:38:40.094-07,2025-02-10 08:53:48.418373-08,2025-02-17 04:24:07.234754-08
SQ_MX2015-2,2024-03-21 14:38:40.094-07,2024-10-21 23:50:14.365115-07,2025-01-07 21:09:22.056743-08
SQ_MX2015-3,2024-03-21 14:38:40.094-07,2024-11-24 03:40:18.47249-08,2025-01-07 20:51:49.877251-08
SQ_MX2015-4,2024-03-21 14:38:40.094-07,2024-11-26 10:30:02.81908-08,2025-01-08 02:03:24.02839-08
SQ_MX2015-5,2024-03-21 14:38:40.094-07,2024-12-17 11:47:46.280703-08,2025-01-07 21:11:32.763715-08
SQ_MX2015-6,2024-03-21 14:38:40.094-07,2024-10-22 09:41:20.625927-07,2025-01-08 02:05:34.958581-08
SQ_MX2015-7,2024-03-21 14:38:40.094-07,2024-12-17 11:53:29.550088-08,2025-01-07 21:13:44.04839-08
SQ_MX2015-8,2024-03-21 14:38:40.094-07,2025-02-27 14:35:58.431955-08,2025-03-03 13:24:38.772175-08
SQ_MX2015-9,2024-03-21 14:38:40.094-07,2025-02-27 14:41:04.504905-08,2025-03-03 13:29:51.79091-08
NY-MX22008-15,2024-10-12 12:58:14.639-07,2024-10-13 02:02:22.386889-07,2024-10-14 11:49:39.677163-07
SQ_AT0613-5,2024-03-06 02:32:17.64-08,2024-10-01 12:18:19.150255-07,2024-12-09 09:45:21.643705-08
SQ_MX2010-9,2024-03-21 14:23:20.01-07,2024-11-24 06:09:13.156091-08,2025-01-08 01:48:13.362124-08
SQ_AT0632-1,2024-03-05 11:39:17.336-08,2023-03-08 15:28:47.874271-08,2024-10-18 11:04:02.469255-07
SQ_MX2010-1,2024-03-21 14:23:20.01-07,2024-11-24 05:08:42.997647-08,2025-01-08 01:20:05.2001-08
SQ_MX2010-3,2024-03-21 14:23:20.01-07,2024-11-24 05:56:29.469221-08,2025-01-08 01:43:52.341454-08
SQ_MX2010-2,2024-03-21 14:23:20.01-07,2024-11-24 05:11:54.314191-08,2025-01-08 01:22:15.039078-08
SQ_MX2010-5,2024-03-21 14:23:20.01-07,2024-11-24 06:02:51.49211-08,2024-12-10 15:58:43.906528-08
NY-MX12005-4,2024-03-05 07:24:24.364-08,2024-10-21 15:12:20.507774-07,2024-10-30 09:48:32.498001-07
SQ_MX2010-7,2024-03-21 14:23:20.01-07,2024-11-24 05:18:17.196476-08,2025-01-08 01:24:24.735942-08
SQ_MX2010-6,2024-03-21 14:23:20.01-07,2024-11-24 05:15:05.422797-08,2024-12-10 15:41:12.108334-08
SQ_AT0632-2,2024-03-05 11:39:17.336-08,2023-03-08 15:29:12.237312-08,2024-10-18 11:04:25.034953-07
SQ_AT0632-4,2024-03-05 11:39:17.336-08,2023-03-08 15:29:58.070889-08,2024-10-18 11:05:47.904324-07
NY-AT16007-2,2024-03-05 15:23:49.692-08,2023-12-12 09:28:53.427725-08,2024-12-10 00:02:04.289866-08
NY-AT16007-3,2024-03-05 15:23:49.692-08,2024-02-21 09:13:52.197276-08,2024-08-22 15:07:37.658929-07
NY-AT16007-1,2024-03-05 15:23:49.692-08,2023-12-12 09:27:46.075403-08,2024-12-10 00:00:52.536353-08
NY-AT16007-6,2024-03-05 15:23:49.692-08,2024-10-21 15:21:49.235997-07,2024-10-30 10:50:04.284417-07
NY-AT16007-7,2024-03-05 15:23:49.692-08,2024-11-13 13:26:16.57901-08,2024-12-03 13:12:18.745664-08
NY-AT16007-4,2024-03-05 15:23:49.692-08,2024-11-15 10:16:50.1806-08,2024-12-09 22:37:22.647945-08
NY-AT16007-5,2024-03-05 15:23:49.692-08,2024-10-21 15:18:39.651239-07,2024-10-30 10:48:02.411261-07
NY-AT16007-8,2024-03-05 15:23:49.692-08,2024-11-13 13:29:27.485046-08,2024-12-03 13:12:32.963375-08
NY-AT16007-9,2024-03-05 15:23:49.692-08,2024-11-15 10:27:03.033057-08,2024-12-03 13:12:45.303565-08
SQ_AT0593-2,2024-03-07 17:07:40.431-08,2024-11-24 06:54:59.673741-08,2025-01-08 01:56:53.386695-08
SQ_AT0569-10,2024-02-06 15:47:51.768-08,2025-02-08 15:52:02.243269-08,2025-02-16 15:02:59.486185-08
SQ_AT0569-11,2024-02-06 15:47:51.768-08,2025-02-08 15:54:08.021517-08,2025-02-16 15:08:05.985408-08
NY-TX24001-11,2024-09-19 23:51:24.89-07,2024-10-08 15:20:09.307773-07,2025-01-23 10:48:32.480419-08
NY-TX14010-4,2023-09-20 20:05:42.136-07,2023-10-02 16:33:23.919908-07,2023-12-15 02:08:24.728498-08
NY-MX22009-12,2024-10-12 23:09:17.018-07,2024-10-13 01:52:51.915751-07,2024-10-14 12:11:55.594646-07
NY-MX2163-3,2023-12-20 02:09:19.194-08,2024-10-22 06:25:37.524513-07,2025-01-08 08:48:21.59435-08
NY-MX22009-11,2024-10-12 23:09:17.018-07,2024-10-13 01:49:41.632053-07,2024-10-14 12:18:16.983037-07
SQ_AT0598-8,2024-01-11 21:00:59.105-08,2024-01-12 13:18:28.18561-08,2025-01-08 02:46:46.61196-08
NY-AT0684-9,2023-12-20 09:20:19.62-08,2024-12-24 02:43:11.812558-08,2025-01-08 08:54:51.560102-08
NY-AT0684-8,2023-12-20 09:20:19.62-08,2024-10-22 06:31:56.36691-07,2025-01-08 08:52:41.082961-08
NY-AT0684-1,2023-12-20 09:20:19.62-08,2025-02-10 02:29:07.65462-08,2025-02-17 00:16:47.209946-08
NY-AT0684-3,2023-12-20 09:20:19.62-08,2024-10-22 06:25:37.524513-07,2025-01-08 08:48:21.59435-08
NY-AT0684-2,2023-12-20 09:20:19.62-08,2025-02-10 02:31:13.786516-08,2025-02-17 00:21:53.723755-08
NY-AT0684-5,2023-12-20 09:20:19.62-08,2024-10-01 18:27:05.038068-07,2025-01-07 16:02:16.381027-08
NY-AT0684-4,2023-12-20 09:20:19.62-08,2024-12-19 13:11:43.142119-08,2025-01-08 08:50:31.047858-08
NY-AT0684-7,2023-12-20 09:20:19.62-08,2024-10-01 18:33:38.532537-07,2025-01-07 16:06:35.648785-08
NY-AT0684-6,2023-12-20 09:20:19.62-08,2024-10-01 18:30:20.953494-07,2025-01-07 16:04:26.032293-08
NW_TX4037-1,2024-03-05 11:13:05.82-08,2024-10-22 10:44:29.238682-07,2024-12-10 16:12:47.383488-08
SQ_AT0036-2,2024-02-28 00:37:51.129-08,2024-11-05 16:00:11.850612-08,2025-01-08 01:09:15.477483-08
SQ_AT0036-1,2024-02-28 00:37:51.129-08,2024-10-21 22:24:43.652299-07,2025-01-07 18:38:16.959724-08
SQ_AT0036-7,2024-02-28 00:37:51.129-08,2025-02-10 18:10:58.309521-08,2025-02-17 05:35:41.116739-08
SQ_AT0036-6,2024-02-28 00:37:51.129-08,2024-10-21 19:01:41.566526-07,2025-01-07 16:41:14.963754-08
SQ_AT0036-5,2024-02-28 00:37:51.129-08,2024-11-24 03:21:20.519683-08,2025-01-07 16:39:05.376306-08
SQ_AT0036-9,2024-02-28 00:37:51.129-08,2025-02-08 15:24:42.033362-08,2025-02-16 13:56:33.162424-08
SQ_AT0036-8,2024-02-28 00:37:51.129-08,2025-02-10 21:28:38.466801-08,2025-02-17 05:40:47.546034-08
NW_TX0165-4,2023-05-17 20:56:58.406-07,2023-06-23 10:53:35.577881-07,2023-05-21 21:43:12.334462-07
NW_TX0165-5,2023-05-17 20:56:58.406-07,2023-06-23 10:53:53.576505-07,2023-05-21 21:43:18.366106-07
NW_TX0165-2,2023-05-17 20:56:58.406-07,2023-06-23 10:53:03.487269-07,2023-05-21 21:42:51.969725-07
NW_TX0165-3,2023-05-17 20:56:58.406-07,2023-06-23 10:53:20.245547-07,2023-05-21 21:43:06.566581-07
NW_TX0165-1,2023-05-17 20:56:58.406-07,2023-06-23 10:52:25.576982-07,2023-05-19 13:12:40.754227-07
NY-AT16034-1,2024-02-23 09:29:46.784-08,2024-11-13 15:49:25.348547-08,2024-12-10 11:05:18.342237-08
NY-AT16034-2,2024-02-23 09:29:46.784-08,2024-08-14 15:39:54.167401-07,2024-12-10 11:06:28.532641-08
NY-AT16034-3,2024-02-23 09:29:46.784-08,2024-11-13 15:52:34.681654-08,2024-12-10 11:07:38.538813-08
NY-AT16034-4,2024-02-23 09:29:46.784-08,2024-11-19 09:00:17.266592-08,2024-12-10 11:08:47.965108-08
NY-AT16034-5,2024-02-23 09:29:46.784-08,2024-11-13 15:58:53.676175-08,2024-12-10 11:09:57.742442-08
NY-AT16034-6,2024-02-23 09:29:46.784-08,2024-11-15 10:07:44.579288-08,2024-12-10 11:11:07.554017-08
NY-AT16034-7,2024-02-23 09:29:46.784-08,2024-11-13 16:05:14.100609-08,2024-12-10 11:12:17.009841-08
NY-MX2147-3,2023-10-03 23:25:41.543-07,2024-08-28 04:08:13.618967-07,2024-09-11 16:46:56.791461-07
NY-MX2143-3,2023-09-15 10:37:29.201-07,2024-10-01 16:45:25.857759-07,2024-12-09 19:03:42.318577-08
NY-MX2147-2,2023-10-03 23:25:41.543-07,2024-08-28 04:05:03.217579-07,2024-09-11 16:43:46.761166-07
NY-MX12041-7,2024-03-07 18:13:38.312-08,2024-07-11 18:08:12.116408-07,2024-08-20 09:56:43.311443-07
SQ_AT0026-8,2023-11-17 20:26:23.528-08,2025-02-27 15:27:29.98089-08,2025-03-03 14:17:00.67035-08
SQ_AT0026-9,2023-11-17 20:26:23.528-08,2025-02-27 15:32:37.657806-08,2025-03-03 14:22:09.054727-08
SQ_AT0571-1,2024-01-11 20:51:54.895-08,2024-10-01 10:36:16.01763-07,2024-12-03 14:57:20.228688-08
SQ_MX2026-7,2024-03-07 13:16:47.129-08,2024-11-10 01:18:36.419826-08,2025-01-08 00:23:22.99566-08
SQ_AT0571-3,2024-01-11 20:51:54.895-08,2024-10-01 10:42:36.800635-07,2024-12-03 14:57:53.836669-08
SQ_AT0571-5,2024-01-11 20:51:54.895-08,2024-10-01 10:48:57.6035-07,2024-12-03 14:58:23.191424-08
SQ_AT0571-4,2024-01-11 20:51:54.895-08,2024-10-01 10:45:47.645687-07,2024-12-03 14:58:06.982793-08
SQ_AT0571-7,2024-01-11 20:51:54.895-08,2024-08-30 00:34:26.801295-07,2024-09-10 12:40:11.838771-07
SQ_AT0571-6,2024-01-11 20:51:54.895-08,2024-10-01 10:52:07.971096-07,2024-12-03 14:58:51.081666-08
SQ_AT0571-8,2024-01-11 20:51:54.895-08,2024-08-30 00:37:37.789594-07,2024-09-10 12:43:22.875571-07
NW_TX4050-9,2024-02-29 15:48:22.271-08,2024-03-01 09:31:56.792814-08,2024-03-06 13:45:09.017996-08
NW_TX4050-8,2024-02-29 15:48:22.271-08,2024-03-01 09:31:45.1434-08,2024-03-07 09:58:58.885389-08
NY-AT0668-9,2023-10-04 03:00:21.764-07,2024-08-28 04:27:15.478715-07,2024-09-11 17:06:00.798449-07
NY-AT0668-8,2023-10-04 03:00:21.764-07,2024-08-28 04:24:05.025956-07,2024-09-11 17:02:50.154416-07
NY-AT0668-7,2023-10-04 03:00:21.764-07,2024-08-28 04:20:54.724817-07,2024-09-11 16:59:39.794822-07
NW_TX4050-2,2024-02-29 15:48:22.271-08,2024-03-01 09:30:09.949914-08,2024-03-06 13:42:40.698833-08
NY-AT0668-5,2023-10-04 03:00:21.764-07,2024-08-28 04:14:33.916726-07,2024-09-11 16:53:18.71437-07
NY-AT0668-4,2023-10-04 03:00:21.764-07,2024-08-28 04:11:23.734162-07,2024-09-11 16:50:08.06072-07
NY-AT0668-3,2023-10-04 03:00:21.764-07,2024-08-28 04:08:13.618967-07,2024-09-11 16:46:56.791461-07
NY-AT0668-2,2023-10-04 03:00:21.764-07,2024-08-28 04:05:03.217579-07,2024-09-11 16:43:46.761166-07
NY-AT0668-1,2023-10-04 03:00:21.764-07,2024-08-28 04:01:51.991487-07,2024-09-11 16:40:35.999156-07
NW_TX4050-4,2024-02-29 15:48:22.271-08,2024-03-01 09:30:45.472886-08,2024-03-07 09:57:38.952782-08
SQ_MX2020-8,2024-02-27 22:30:24.506-08,2024-10-21 21:59:23.541357-07,2025-01-07 18:23:05.556216-08
NY-MX2147-9,2023-10-03 23:25:41.543-07,2024-08-28 04:27:15.478715-07,2024-09-11 17:06:00.798449-07
NW-TX4118-4,2024-08-05 21:01:48.087-07,2025-01-12 17:47:34.856278-08,2025-01-15 14:41:25.503772-08
NW-TX4118-5,2024-08-05 21:01:48.087-07,2025-01-15 14:39:38.145043-08,2025-02-13 14:29:10.419013-08
NW-TX4118-6,2024-08-05 21:01:48.087-07,2024-08-12 13:21:50.492508-07,2025-01-15 14:41:47.99754-08
NY-MX2147-8,2023-10-03 23:25:41.543-07,2024-08-28 04:24:05.025956-07,2024-09-11 17:02:50.154416-07
NW-TX4118-1,2024-08-05 21:01:48.087-07,2024-08-12 13:20:45.258896-07,2025-01-15 14:37:51.195636-08
NW-TX4118-2,2024-08-05 21:01:48.087-07,2024-08-13 14:42:04.192404-07,2025-01-15 14:40:53.583829-08
NW-TX4118-3,2024-08-05 21:01:48.087-07,2024-08-13 12:08:31.471916-07,2025-01-15 14:41:07.733983-08
SQ_AT0053-8,2023-11-17 19:27:31.378-08,2024-11-10 02:18:03.050902-08,2025-01-08 01:00:33.6496-08
SQ_AT0053-9,2023-11-17 19:27:31.378-08,2024-11-10 02:21:10.577691-08,2025-01-08 01:02:45.231058-08
SQ_AT0053-1,2023-11-17 19:27:31.378-08,2024-12-17 11:19:16.061795-08,2025-01-07 20:36:29.956687-08
SQ_AT0053-2,2023-11-17 19:27:31.378-08,2024-12-17 11:25:01.430952-08,2025-01-07 20:38:42.131817-08
SQ_AT0053-3,2023-11-17 19:27:31.378-08,2024-12-17 11:30:37.755406-08,2025-01-07 20:40:53.357143-08
SQ_AT0053-4,2023-11-17 19:27:31.378-08,2024-12-17 11:36:20.135979-08,2025-01-07 20:43:05.09301-08
SQ_AT0053-5,2023-11-17 19:27:31.378-08,2024-12-17 11:42:03.372949-08,2025-01-07 20:45:15.773707-08
SQ_AT0053-6,2023-11-17 19:27:31.378-08,2025-02-17 07:58:47.710127-08,2025-02-18 09:48:22.000621-08
SQ_AT0053-7,2023-11-17 19:27:31.378-08,2025-02-11 06:02:02.169499-08,2025-02-17 08:03:54.835802-08
NW-AT0696-7,2024-04-09 11:56:47.683-07,2024-09-26 10:29:47.675795-07,2024-09-30 10:02:16.09555-07
NY-AT16079-9,2024-08-01 22:45:13.191-07,2024-11-11 19:23:48.520928-08,2024-12-02 13:21:51.577865-08
NY-AT16079-8,2024-08-01 22:45:13.191-07,2024-11-11 19:16:09.133402-08,2024-12-02 13:21:39.091934-08
NY-AT16079-5,2024-08-01 22:45:13.191-07,2024-08-27 15:58:33.93214-07,2024-09-24 15:08:04.044602-07
NY-AT16079-4,2024-08-01 22:45:13.191-07,2024-08-27 15:55:17.539391-07,2024-09-24 15:07:49.187117-07
NY-AT16079-7,2024-08-01 22:45:13.191-07,2024-11-11 19:09:51.594396-08,2024-12-02 13:21:26.383299-08
NY-AT16079-6,2024-08-01 22:45:13.191-07,2024-11-19 09:05:01.70583-08,2024-12-03 13:47:53.484092-08
NY-AT16079-1,2024-08-01 22:45:13.191-07,2024-11-13 17:18:05.356864-08,2024-12-10 11:43:42.260514-08
NY-AT16079-3,2024-08-01 22:45:13.191-07,2024-08-27 15:45:45.847106-07,2024-09-24 15:07:32.886428-07
NY-AT16079-2,2024-08-01 22:45:13.191-07,2024-11-17 14:55:14.719651-08,2024-12-02 13:21:11.196779-08
NY-AT16050-6,2024-04-03 03:47:44.785-07,2024-11-15 10:06:36.378011-08,2024-12-10 11:20:24.254513-08
NY-AT16050-7,2024-04-03 03:47:44.785-07,2024-11-13 16:27:25.002775-08,2024-12-10 11:21:34.50644-08
NY-AT16050-4,2024-04-03 03:47:44.785-07,2024-08-23 08:36:54.924353-07,2024-08-23 13:42:34.486496-07
NY-AT16050-5,2024-04-03 03:47:44.785-07,2024-11-13 16:21:04.751891-08,2024-12-10 11:19:14.6067-08
NY-AT16050-2,2024-04-03 03:47:44.785-07,2024-08-21 10:23:41.503312-07,2024-08-22 12:26:02.622005-07
NY-AT16050-3,2024-04-03 03:47:44.785-07,2024-08-23 08:36:42.140545-07,2024-08-23 13:42:22.762425-07
NY-AT16050-1,2024-04-03 03:47:44.785-07,2024-11-19 08:08:03.616973-08,2024-12-10 01:09:12.704201-08
NY-AT16050-8,2024-04-03 03:47:44.785-07,2024-08-02 13:30:42.495541-07,2024-12-10 00:42:49.887009-08
NY-AT16050-9,2024-04-03 03:47:44.785-07,2024-08-02 13:30:57.150779-07,2024-12-10 00:44:02.93336-08
SQ_AT0033-8,2024-01-11 21:26:13.606-08,2024-11-05 15:57:02.365729-08,2025-01-08 01:07:05.087794-08
SQ_AT0033-9,2024-01-11 21:26:13.606-08,2024-11-19 09:19:32.641055-08,2025-01-08 00:27:44.98676-08
SQ_AT0033-2,2024-01-11 21:26:13.606-08,2024-01-17 13:47:58.88019-08,2025-01-08 03:14:53.827539-08
SQ_AT0033-3,2024-01-11 21:26:13.606-08,2024-10-21 18:45:47.620177-07,2025-01-07 16:30:25.600619-08
SQ_AT0033-1,2024-01-11 21:26:13.606-08,2024-01-17 13:47:46.250252-08,2025-01-08 03:12:44.451738-08
SQ_AT0033-6,2024-01-11 21:26:13.606-08,2024-11-10 01:21:44.128489-08,2025-01-08 00:25:34.050967-08
NY-MX12073-5,2024-07-09 06:52:13.545-07,2024-11-19 09:01:51.485931-08,2024-12-03 13:45:52.728567-08
SQ_AT0033-4,2024-01-11 21:26:13.606-08,2024-11-05 14:21:59.17919-08,2025-01-07 22:47:09.172957-08
SQ_AT0033-5,2024-01-11 21:26:13.606-08,2024-11-05 14:25:09.314643-08,2025-01-07 22:49:19.09599-08
NY-MX12073-4,2024-07-09 06:52:13.545-07,2024-11-19 08:58:41.9642-08,2024-12-03 13:45:39.107416-08
NY-MX12073-9,2024-07-09 06:52:13.545-07,2024-11-11 17:16:00.112818-08,2024-12-02 13:15:07.77488-08
NY-MX12073-8,2024-07-09 06:52:13.545-07,2024-07-17 13:01:14.127947-07,2025-03-21 10:57:01.523812-07
SQ_AT015-8,2024-03-23 03:58:52.632-07,2024-11-24 06:02:51.49211-08,2024-12-10 15:58:43.906528-08
NY-MX22008-21,2024-10-12 12:58:14.639-07,2024-10-13 02:24:38.773507-07,2024-10-14 11:05:05.210607-07
NY-TX14013-4,2023-10-18 17:41:31.027-07,2023-10-19 10:25:54.87245-07,2023-12-08 02:04:56.629167-08
NY-TX14013-5,2023-10-18 17:41:31.027-07,2023-10-19 10:26:27.967414-07,2023-12-08 02:05:04.452246-08
NY-TX14013-2,2023-10-18 17:41:31.027-07,2023-10-19 10:25:06.259946-07,2023-12-08 02:04:40.538388-08
NY-TX14013-3,2023-10-18 17:41:31.027-07,2023-10-19 10:25:28.396863-07,2023-12-08 02:04:48.636282-08
NY-TX14013-1,2023-10-18 17:41:31.027-07,2023-10-19 10:22:46.008618-07,2023-12-08 02:04:30.321896-08
NW_AT0612-8,2024-03-05 11:48:57.501-08,2024-12-19 10:57:15.913627-08,2025-01-08 07:41:17.799976-08
NW_AT0612-9,2024-03-05 11:48:57.501-08,2024-12-19 11:02:25.903837-08,2025-01-08 07:43:28.267971-08
NW_AT0612-1,2024-03-05 11:48:57.501-08,2024-12-19 10:52:06.348175-08,2025-01-08 07:39:07.596521-08
NW_AT0612-2,2024-03-05 11:48:57.501-08,2024-10-22 04:34:59.31928-07,2024-12-11 00:36:38.886262-08
NW_AT0612-3,2024-03-05 11:48:57.501-08,2025-02-08 14:36:19.982617-08,2025-02-16 11:58:57.598887-08
NW_AT0612-4,2024-03-05 11:48:57.501-08,2025-02-08 14:38:26.2323-08,2025-02-16 12:04:04.465544-08
NW_AT0612-5,2024-03-05 11:48:57.501-08,2025-02-08 14:40:32.343429-08,2025-02-16 12:09:11.336483-08
NW_AT0612-6,2024-03-05 11:48:57.501-08,2025-02-08 14:42:38.403044-08,2025-02-16 12:14:17.746571-08
NW_AT0612-7,2024-03-05 11:48:57.501-08,2024-10-01 12:15:08.478771-07,2024-12-09 09:44:06.739995-08
NW-TX4129-2,2024-09-16 17:10:09.301-07,2025-01-12 18:35:57.470043-08,2025-01-17 13:16:25.209943-08
NY-MX12074-8,2024-07-19 00:21:30.915-07,2024-11-13 17:05:22.220677-08,2024-12-10 11:37:53.401469-08
NY-MX12074-9,2024-07-19 00:21:30.915-07,2024-11-13 16:49:32.339905-08,2024-12-10 11:32:03.65815-08
NW_MX2062-10,2024-01-11 20:31:40.506-08,2024-02-06 10:30:58.912701-08,2024-12-10 17:21:25.783494-08
NY-MX12074-1,2024-07-19 00:21:30.915-07,2024-07-22 15:52:01.38939-07,2024-12-10 01:17:50.706061-08
NY-MX12074-2,2024-07-19 00:21:30.915-07,2024-08-15 10:05:36.151635-07,2024-08-16 09:37:03.19663-07
NY-MX12074-3,2024-07-19 00:21:30.915-07,2024-08-15 10:05:49.420329-07,2024-08-16 09:37:17.714003-07
NY-MX12074-4,2024-07-19 00:21:30.915-07,2024-11-13 16:52:42.313272-08,2024-12-10 11:33:13.680547-08
NY-MX12074-5,2024-07-19 00:21:30.915-07,2024-11-13 16:55:52.174324-08,2024-12-10 11:34:23.457952-08
NY-MX12074-6,2024-07-19 00:21:30.915-07,2024-11-13 16:59:02.184484-08,2024-12-10 11:35:32.800262-08
NY-MX12074-7,2024-07-19 00:21:30.915-07,2024-11-13 17:02:12.184733-08,2024-12-10 11:36:42.566678-08
SQ_MX2017-8,2024-03-21 14:44:06.565-07,2025-02-27 14:56:27.016336-08,2025-03-03 13:45:58.879861-08
SQ_AT0050-1,2024-03-21 14:48:59.736-07,2024-12-11 13:43:13.131227-08,2025-01-07 19:32:52.542225-08
NY-AT16076-7,2024-07-24 10:38:02.158-07,2024-11-11 18:26:05.7329-08,2025-03-21 11:00:09.390672-07
NY-MX12053-1,2024-04-17 01:05:40.329-07,2024-10-21 14:21:48.444579-07,2024-10-30 09:46:12.602078-07
NY-MX22003-14,2024-09-04 01:08:41.386-07,2024-09-04 09:26:48.721922-07,2024-09-08 22:12:04.408592-07
NY-MX12053-3,2024-04-17 01:05:40.329-07,2024-07-25 14:22:12.617295-07,2024-08-14 15:17:58.372621-07
NY-MX12053-2,2024-04-17 01:05:40.329-07,2024-10-21 14:18:37.627711-07,2024-10-30 09:45:54.308477-07
NY-MX12053-5,2024-04-17 01:05:40.329-07,2024-07-12 10:45:15.961125-07,2024-08-22 10:40:06.655841-07
NY-MX12053-4,2024-04-17 01:05:40.329-07,2024-07-25 14:22:20.094244-07,2024-12-03 13:22:40.122057-08
NY-MX12053-7,2024-04-17 01:05:40.329-07,2024-07-12 10:45:30.596713-07,2024-08-22 10:40:17.358673-07
NY-MX12053-6,2024-04-17 01:05:40.329-07,2024-07-12 10:45:23.296215-07,2024-08-22 15:08:35.725304-07
NY-MX12053-9,2024-04-17 01:05:40.329-07,2024-07-12 10:45:45.16738-07,2024-08-22 15:09:02.260819-07
NY-MX12053-8,2024-04-17 01:05:40.329-07,2024-07-12 10:45:37.782459-07,2024-08-22 15:08:50.706254-07
NY-MX22003-19,2024-09-04 01:08:41.386-07,2024-09-04 09:47:04.2967-07,2024-09-08 21:56:11.4541-07
NY-MX22003-18,2024-09-04 01:08:41.386-07,2024-09-04 09:43:07.134691-07,2024-09-08 21:59:21.89463-07
NY-AT16076-9,2024-07-24 10:38:02.158-07,2024-11-11 18:39:40.496264-08,2024-12-02 13:20:17.677896-08
NW_MX2113-10,2024-02-29 12:22:54.727-08,2024-10-09 08:49:36.692594-07,2024-10-10 09:30:58.460498-07
SQ_AT0583-8,2024-02-15 04:39:22.044-08,2025-02-08 16:42:46.514559-08,2025-02-16 17:05:42.601523-08
SQ_AT0583-9,2024-02-15 04:39:22.044-08,2025-02-08 15:58:20.619752-08,2025-02-16 15:18:18.707948-08
SQ_AT0583-6,2024-02-15 04:39:22.044-08,2025-02-08 16:38:34.38646-08,2025-02-16 16:55:29.24383-08
SQ_AT0583-7,2024-02-15 04:39:22.044-08,2025-02-08 16:40:40.180694-08,2025-02-16 17:00:35.918794-08
SQ_AT0583-5,2024-02-15 04:39:22.044-08,2025-02-08 16:36:28.376628-08,2025-02-16 16:50:22.693733-08
SQ_AT0583-2,2024-02-15 04:39:22.044-08,2025-02-08 16:34:22.236669-08,2025-02-16 16:45:16.286198-08
SQ_AT0583-1,2024-02-15 04:39:22.044-08,2025-02-08 16:32:16.485523-08,2025-02-16 16:40:09.850003-08
SQ_AT0610-3,2024-03-06 02:37:41.713-08,2025-02-08 14:27:54.623083-08,2025-02-16 11:38:29.539829-08
NY-AT16069-6,2024-06-28 02:55:17.588-07,2024-11-13 14:29:52.499629-08,2024-12-03 13:42:25.797872-08
NY-AT16069-7,2024-06-28 02:55:17.588-07,2024-11-15 10:20:14.783121-08,2024-12-03 13:42:38.550344-08
SQ_AT0610-2,2024-03-06 02:37:41.713-08,2025-02-08 14:25:48.627164-08,2025-02-16 11:33:22.875569-08
NY-AT16069-5,2024-06-28 02:55:17.588-07,2024-11-15 10:21:22.708755-08,2024-12-03 13:42:04.705324-08
NY-MX22008-18,2024-10-12 12:58:14.639-07,2024-10-13 02:11:53.779084-07,2024-10-14 11:30:32.032125-07
NY-MX22008-19,2024-10-12 12:58:14.639-07,2024-10-13 02:15:08.364399-07,2024-10-14 11:24:10.077258-07
NY-MX22008-14,2024-10-12 12:58:14.639-07,2024-10-13 01:59:12.179537-07,2024-10-14 11:56:00.709499-07
NY-AT16069-2,2024-06-28 02:55:17.588-07,2024-11-11 16:23:01.003439-08,2024-12-02 13:10:05.987682-08
NY-MX22008-16,2024-10-12 12:58:14.639-07,2024-10-13 02:05:32.615708-07,2024-10-14 11:43:16.341194-07
NY-MX22008-17,2024-10-12 12:58:14.639-07,2024-10-13 02:08:43.447278-07,2024-10-14 11:36:54.160666-07
NY-MX22008-10,2024-10-12 12:58:14.639-07,2024-10-13 01:46:30.756688-07,2024-10-14 12:21:27.83829-07
NY-MX22008-11,2024-10-12 12:58:14.639-07,2024-10-13 01:49:40.94443-07,2024-10-14 12:15:06.329383-07
NY-MX22008-12,2024-10-12 12:58:14.639-07,2024-10-13 01:52:51.724474-07,2024-10-14 12:08:44.959061-07
NY-AT16069-3,2024-06-28 02:55:17.588-07,2024-11-11 16:28:43.031877-08,2024-12-02 13:10:21.023005-08
NW-MX2174-3,2024-03-12 23:32:14.777-07,2024-10-01 20:09:27.385144-07,2024-12-09 20:20:10.839078-08
NW-MX2174-2,2024-03-12 23:32:14.777-07,2024-10-01 20:06:15.525129-07,2024-12-09 20:18:59.908729-08
NW-MX2174-1,2024-03-12 23:32:14.777-07,2024-10-01 20:03:02.97093-07,2024-12-09 20:17:48.095919-08
NW-MX2174-7,2024-03-12 23:32:14.777-07,2024-08-27 16:39:57.837224-07,2024-09-10 14:40:50.276632-07
NW-MX2174-6,2024-03-12 23:32:14.777-07,2024-12-24 03:39:55.027374-08,2025-01-08 09:32:53.603332-08
NW-MX2174-5,2024-03-12 23:32:14.777-07,2024-12-24 03:34:45.499388-08,2025-01-08 09:30:43.842611-08
NW-MX2174-4,2024-03-12 23:32:14.777-07,2024-10-01 20:15:52.678087-07,2024-12-09 20:22:32.963194-08
NW-MX2174-9,2024-03-12 23:32:14.777-07,2024-10-22 09:12:56.084226-07,2024-12-09 23:33:41.935701-08
NW-MX2174-8,2024-03-12 23:32:14.777-07,2024-10-22 09:09:46.791703-07,2024-12-09 23:32:29.05629-08
NW_MX2113-8,2024-02-29 12:22:54.727-08,2024-10-01 14:52:53.126124-07,2024-12-09 10:45:01.627883-08
NW_MX2113-9,2024-02-29 12:22:54.727-08,2024-10-01 14:56:03.783114-07,2024-12-09 10:46:13.62525-08
NW_MX2113-6,2024-02-29 12:22:54.727-08,2024-10-01 14:49:42.303614-07,2024-12-09 10:43:47.497927-08
SQ_AT0610-7,2024-03-06 02:37:41.713-08,2024-11-08 11:34:47.221394-08,2024-12-10 12:22:04.10686-08
NY-MX12080-9,2024-08-06 20:44:09.145-07,2024-11-11 19:41:13.616985-08,2024-12-02 13:23:12.580313-08
NY-MX12080-8,2024-08-06 20:44:09.145-07,2024-11-11 19:36:56.427234-08,2024-12-02 13:22:58.352785-08
NY-TX14041-3,2024-06-14 01:58:43.967-07,2024-10-08 15:06:50.215967-07,2025-01-24 12:49:05.482621-08
NY-TX14041-2,2024-06-14 01:58:43.967-07,2024-10-08 15:06:27.102123-07,2025-01-24 12:48:51.870222-08
NY-TX14041-1,2024-06-14 01:58:43.967-07,2024-10-08 15:06:04.312149-07,2025-01-24 12:48:35.966124-08
NY-TX14041-4,2024-06-14 01:58:43.967-07,2024-10-08 15:07:19.654669-07,2025-01-24 12:49:24.391339-08
NY-AT26005-3,2024-09-20 01:02:21.025-07,2024-09-20 10:27:21.124285-07,2024-09-30 10:36:52.797456-07
NY-AT26005-2,2024-09-20 01:02:21.025-07,2024-09-23 11:07:49.485386-07,2024-09-30 10:24:10.664786-07
NY-AT26005-1,2024-09-20 01:02:21.025-07,2024-09-20 09:29:58.743766-07,2024-09-30 11:18:04.357804-07
NY-AT26005-7,2024-09-20 01:02:21.025-07,2024-09-23 11:08:12.282176-07,2024-09-27 10:15:09.76187-07
NY-AT26005-6,2024-09-20 01:02:21.025-07,2024-09-20 10:36:53.887924-07,2024-09-30 10:30:31.242247-07
NW_MX2073-9,2024-02-15 03:49:43.419-08,2024-02-15 15:05:44.218596-08,2024-12-10 19:05:09.502881-08
NW_MX2073-8,2024-02-15 03:49:43.419-08,2025-02-08 16:17:34.311155-08,2025-02-16 16:04:20.456072-08
NW_MX2073-7,2024-02-15 03:49:43.419-08,2025-02-08 16:15:28.166613-08,2025-02-16 15:59:14.166857-08
NW_MX2073-6,2024-02-15 03:49:43.419-08,2025-02-08 16:13:22.091461-08,2025-02-16 15:54:07.885096-08
NW_MX2073-5,2024-02-15 03:49:43.419-08,2025-02-08 16:11:16.267521-08,2025-02-16 15:49:01.222136-08
NW_MX2073-4,2024-02-15 03:49:43.419-08,2025-02-08 16:09:09.907305-08,2025-02-16 15:43:54.15732-08
NW_MX2073-3,2024-02-15 03:49:43.419-08,2025-02-08 16:07:03.668159-08,2025-02-16 15:38:46.497277-08
NW_MX2073-2,2024-02-15 03:49:43.419-08,2024-12-18 15:37:19.147194-08,2025-01-08 06:38:32.036923-08
NW_MX2073-1,2024-02-15 03:49:43.419-08,2024-10-22 03:00:17.436796-07,2024-12-11 00:21:32.917767-08
SQ_AT0055-10,2024-03-22 10:48:02.606-07,2024-12-11 10:26:59.747431-08,2025-01-07 17:02:51.420593-08
NY-MX12080-7,2024-08-06 20:44:09.145-07,2024-11-11 19:32:31.890476-08,2024-12-02 13:22:44.728963-08
NW-TX4125-1,2024-08-23 05:50:08.536-07,2025-01-12 18:16:09.47235-08,2025-02-14 09:52:08.337143-08
NW-TX4125-2,2024-08-23 05:50:08.536-07,2025-01-12 18:18:20.897819-08,2025-02-14 09:52:22.881585-08
NW-TX4125-3,2024-08-23 05:50:08.536-07,2025-01-12 18:20:33.083995-08,2025-02-14 09:52:37.361569-08
NW-TX4125-4,2024-08-23 05:50:08.536-07,2024-08-27 12:02:52.036788-07,2025-02-13 14:30:31.752134-08
SQ-MX2003-3,2025-02-28 15:54:07.125-08,2025-03-03 12:11:50.854865-08,2025-03-04 12:52:20.265021-08
SQ-MX2003-1,2025-02-28 15:54:07.125-08,2025-03-03 11:46:00.044216-08,2025-03-04 12:26:32.392094-08
SQ-MX2003-4,2025-02-28 15:54:07.125-08,2025-03-03 11:51:22.62895-08,2025-03-04 12:31:41.83499-08
SQ-MX2003-2,2025-02-28 15:54:07.125-08,2025-03-03 11:56:30.270251-08,2025-03-04 12:36:57.975887-08
SQ-MX2003-5,2025-02-28 15:54:07.125-08,2025-03-03 12:16:58.629513-08,2025-03-04 12:57:33.513066-08
SQ-MX2003-6,2025-02-28 15:54:07.125-08,2025-03-03 12:22:06.469097-08,2025-03-04 13:02:57.954483-08
NY-MX12008-9,2023-09-28 12:26:39.215-07,2025-03-18 13:18:29.268328-07,2025-03-21 14:04:45.965523-07
NY-MX12008-10,2023-09-28 12:26:39.215-07,2024-03-22 09:29:20.992201-07,2025-02-27 12:48:12.999727-08
NY-MX22011-17,2024-10-27 20:54:56.388-07,2024-10-29 12:27:17.248714-07,2024-10-31 11:40:52.027779-07
NY-TX24013-1,2025-02-07 01:40:47.615-08,2025-02-12 12:29:51.158649-08,2025-02-14 10:42:52.038057-08
NY-TX24013-2,2025-02-07 01:40:47.615-08,2025-02-12 14:34:37.97594-08,2025-02-14 10:42:39.853026-08
NY-TX24013-3,2025-02-07 01:40:47.615-08,2025-02-12 14:37:03.219806-08,2025-02-14 10:42:29.886376-08
NY-TX24013-4,2025-02-07 01:40:47.615-08,2025-02-12 14:54:39.907268-08,2025-02-14 10:42:19.600213-08
SQ-80030-06,,,
SQ-80031-09,,,
NW_TX0005-16,,,
NW_TX0005-17,,,
NW_TX0005-18,,,
NW_TX0005-19,,,
NW_TX0005-20,,,
NW_TX0005-21,,,
NW_TX0005-22,,,
NW_TX0005-23,,,
NW_TX0005-24,,,
NW_TX0005-25,,,
NW_TX0005-26,,,
SQ_AT0003-01,,,
SQ_AT0003-02,,,
SQ_AT0003-03,,,
SQ_AT0003-04,,,
SQ_AT0003-05,,,
SQ_AT0001-01,,,
SQ_AT0002-01,,,
NW-TX4125-6,2024-08-23 05:50:08.536-07,2024-08-27 12:13:14.21981-07,2025-02-13 14:31:59.858957-08
SQ_AT0055-11,2024-03-22 10:48:02.606-07,2024-12-11 10:30:09.046928-08,2025-01-07 17:05:00.901155-08
NY-MX22004-21,2024-09-06 09:46:52.406-07,2024-09-08 22:19:54.563748-07,2024-09-11 15:17:22.966709-07
NY-MX22004-20,2024-09-06 09:46:52.406-07,2024-09-08 22:16:44.366031-07,2024-09-11 15:14:15.571682-07
NY-AT26004-21,2024-09-06 13:02:16.889-07,2024-09-08 22:19:54.563748-07,2024-09-11 15:17:22.966709-07
NY-AT26004-20,2024-09-06 13:02:16.889-07,2024-09-08 22:16:44.366031-07,2024-09-11 15:14:15.571682-07
NY-MX12025-8,2023-12-24 03:41:54.398-08,2024-11-22 03:13:53.52409-08,2024-12-10 10:38:30.531066-08
NY-MX12025-9,2023-12-24 03:41:54.398-08,2024-11-22 03:17:03.84097-08,2024-12-10 10:39:40.685634-08
NY-MX12025-2,2023-12-24 03:41:54.398-08,2024-11-22 02:54:50.197972-08,2024-12-10 10:31:29.21942-08
NY-MX12025-3,2023-12-24 03:41:54.398-08,2024-11-22 02:58:00.449367-08,2024-12-10 10:32:39.485453-08
NY-MX12025-1,2023-12-24 03:41:54.398-08,2024-11-22 02:51:39.757782-08,2024-12-10 10:30:19.909163-08
NY-MX12025-6,2023-12-24 03:41:54.398-08,2024-11-22 03:07:30.606478-08,2024-12-10 10:36:10.609451-08
NY-MX12025-7,2023-12-24 03:41:54.398-08,2024-11-22 03:10:42.873558-08,2024-12-10 10:37:20.525503-08
NY-MX12025-4,2023-12-24 03:41:54.398-08,2024-11-22 03:01:10.507974-08,2024-12-10 10:33:50.498285-08
NY-MX12025-5,2023-12-24 03:41:54.398-08,2024-11-22 03:04:20.193279-08,2024-12-10 10:35:00.263874-08
NY-AT16064-7,2024-06-19 03:23:54.713-07,2024-11-11 14:54:32.125501-08,2024-12-02 13:01:07.265069-08
NY-AT16064-6,2024-06-19 03:23:54.713-07,2024-11-11 14:51:20.481893-08,2024-12-02 13:00:50.421575-08
NY-AT16064-5,2024-06-19 03:23:54.713-07,2024-06-10 13:09:57.512219-07,2025-01-29 16:02:35.47711-08
NY-AT16064-4,2024-06-19 03:23:54.713-07,2024-06-10 13:08:54.605458-07,2025-01-29 16:02:20.622618-08
NY-AT16064-3,2024-06-19 03:23:54.713-07,2024-06-10 13:08:17.849187-07,2025-01-29 14:06:50.141688-08
NY-AT16064-2,2024-06-19 03:23:54.713-07,2024-11-11 14:44:58.844019-08,2024-12-02 13:00:34.545172-08
NY-AT16064-1,2024-06-19 03:23:54.713-07,2024-11-11 14:41:48.311559-08,2025-03-21 10:50:48.181949-07
NY-AT16064-9,2024-06-19 03:23:54.713-07,2024-11-11 14:57:43.037003-08,2024-12-02 13:04:16.504805-08
NY-AT16064-8,2024-06-19 03:23:54.713-07,2024-11-11 14:48:09.384442-08,2024-12-02 13:01:29.390571-08
NW-AT0713-10,2024-08-14 03:53:24.854-07,2024-08-19 12:36:21.384879-07,2024-09-09 00:00:13.349939-07
NW-AT0713-11,2024-08-14 03:53:24.854-07,2024-08-22 13:46:39.925852-07,2024-11-26 09:40:14.317331-08
SQ_AT0035-10,2024-03-21 14:43:49.267-07,2024-11-05 16:03:21.452555-08,2025-01-08 01:11:25.75796-08
NY-AT16061-8,2024-06-18 22:30:38.636-07,2024-06-28 10:22:48.6281-07,2024-08-16 12:24:41.700921-07
NY-AT16061-9,2024-06-18 22:30:38.636-07,2024-06-28 10:22:56.044012-07,2024-08-16 12:24:59.958545-07
NY-AT16061-6,2024-06-18 22:30:38.636-07,2024-05-24 10:45:17.542662-07,2024-08-19 12:24:07.516759-07
NY-AT16061-7,2024-06-18 22:30:38.636-07,2024-05-24 10:45:40.451669-07,2024-08-19 12:24:20.099317-07
NY-AT16061-4,2024-06-18 22:30:38.636-07,2024-05-24 10:44:41.088005-07,2024-08-19 12:23:29.487347-07
NY-AT16061-5,2024-06-18 22:30:38.636-07,2024-05-24 10:44:55.110083-07,2024-08-19 12:23:53.209743-07
NW-AT0695-11,2024-03-30 11:25:48.851-07,2024-11-14 11:20:18.142956-08,2024-12-10 16:33:46.862477-08
NW-AT0695-10,2024-03-30 11:25:48.851-07,2024-11-14 11:19:56.057475-08,2024-12-10 16:32:36.551433-08
NY-AT16061-1,2024-06-18 22:30:38.636-07,2024-05-24 10:43:40.788612-07,2024-08-22 17:37:55.133874-07
NY-AT16055-7,2024-04-24 00:56:20-07,2024-07-12 10:47:55.070918-07,2024-08-22 10:41:38.231824-07
NY-AT16055-6,2024-04-24 00:56:20-07,2024-07-12 10:47:47.622441-07,2024-08-22 10:41:27.192033-07
NY-AT16055-5,2024-04-24 00:56:20-07,2024-07-12 10:47:19.513682-07,2024-08-22 10:41:17.19834-07
SQ_AT0024-10,2023-11-17 20:31:02.568-08,2024-01-17 13:44:29.144002-08,2025-01-08 03:04:04.467485-08
SQ_AT0024-11,2023-11-17 20:31:02.568-08,2024-11-24 03:11:52.226617-08,2025-01-07 16:26:05.18104-08
SQ_AT0024-12,2023-11-17 20:31:02.568-08,2024-10-21 18:23:29.159688-07,2024-12-09 20:49:08.599001-08
SQ_AT0024-13,2023-11-17 20:31:02.568-08,2024-10-21 18:26:40.5203-07,2024-12-09 20:50:19.940986-08
NY-AT16055-3,2024-04-24 00:56:20-07,2024-07-12 10:43:15.473984-07,2024-08-19 12:27:04.053663-07
NY-AT16055-2,2024-04-24 00:56:20-07,2024-07-12 10:47:05.376247-07,2024-08-22 17:36:09.474029-07
NY-AT16055-1,2024-04-24 00:56:20-07,2024-07-12 10:46:58.33827-07,2024-08-22 10:40:53.755173-07
NY-TX14026-2,2023-12-24 04:27:58.406-08,2024-01-02 13:03:29.068417-08,2024-01-03 10:35:32.775119-08
NY-TX14026-1,2023-12-24 04:27:58.406-08,2024-01-02 13:03:04.16988-08,2024-01-03 10:35:13.785933-08
NY-MX2137-10,2023-06-27 02:44:53.337-07,2024-02-21 09:32:34.230872-08,2024-08-23 12:45:20.857546-07
NY-MX2137-11,2023-06-27 02:44:53.337-07,2024-02-21 09:31:49.989145-08,2024-08-22 12:36:51.947598-07
NY-MX2137-12,2023-06-27 02:44:53.337-07,2024-02-21 09:32:05.089068-08,2024-08-22 12:37:03.817801-07
NY-MX12003-9,2024-03-05 12:11:40.84-08,2024-06-28 11:05:55.06009-07,2024-07-03 16:07:41.087305-07
NW-AT0699-9,2024-05-04 10:43:11.536-07,2024-08-28 08:13:04.741157-07,2024-09-11 20:58:19.327308-07
NW-TX4134-7,2024-10-18 15:55:34.965-07,2024-11-01 09:29:05.896801-07,2025-01-17 14:14:32.521319-08
NW-AT0699-8,2024-05-04 10:43:11.536-07,2024-08-28 08:09:54.39263-07,2024-09-11 20:55:07.304089-07
SQ_AT0577-10,2024-03-23 21:10:25.765-07,2024-12-11 11:30:12.236784-08,2025-01-07 17:46:08.953668-08
NW-MX2175-3,2024-03-30 02:05:09.361-07,2024-10-01 20:28:39.201152-07,2024-12-09 20:27:23.476963-08
NY-MX12081-7,2024-08-06 22:29:37.083-07,2024-11-19 10:46:45.2347-08,2024-12-03 13:50:15.98978-08
NY-MX2161-9,2023-12-20 03:13:22.973-08,2024-12-19 12:30:17.382404-08,2025-01-08 08:31:04.77672-08
NY-MX2161-8,2023-12-20 03:13:22.973-08,2024-10-01 18:23:49.634881-07,2025-01-07 16:00:06.150415-08
NY-MX2161-7,2023-12-20 03:13:22.973-08,2024-10-01 18:20:34.817053-07,2025-01-07 15:57:55.215621-08
NY-MX2161-6,2023-12-20 03:13:22.973-08,2024-10-01 18:17:19.71701-07,2025-01-07 15:55:44.703875-08
NY-MX2161-5,2023-12-20 03:13:22.973-08,2024-10-22 05:57:10.358584-07,2025-01-08 08:28:54.800727-08
NY-MX2161-4,2023-12-20 03:13:22.973-08,2024-10-22 05:54:00.883015-07,2025-01-08 08:26:45.302281-08
NY-MX2161-3,2023-12-20 03:13:22.973-08,2024-12-19 12:25:06.266505-08,2025-01-08 08:24:35.72164-08
NY-MX2161-2,2023-12-20 03:13:22.973-08,2024-12-19 12:19:56.144379-08,2025-01-08 08:22:26.111547-08
NY-MX2161-1,2023-12-20 03:13:22.973-08,2024-10-22 05:44:31.616966-07,2025-01-08 08:20:16.328803-08
NW-MX2132-5,2023-05-20 01:05:57.245-07,2024-12-24 04:47:08.686924-08,2025-01-07 21:24:37.611974-08
NW-MX2132-4,2023-05-20 01:05:57.245-07,2024-12-24 04:41:59.022079-08,2025-01-07 21:22:27.049013-08
NW-MX2132-7,2023-05-20 01:05:57.245-07,2024-12-24 04:57:27.965272-08,2025-01-07 21:28:57.898585-08
NW-MX2132-6,2023-05-20 01:05:57.245-07,2024-12-24 04:52:18.398399-08,2025-01-07 21:26:47.617421-08
NW-MX2132-1,2023-05-20 01:05:57.245-07,2024-02-21 09:56:50.190835-08,2024-08-15 13:26:07.45692-07
NW-MX2132-3,2023-05-20 01:05:57.245-07,2024-12-24 04:36:49.128861-08,2025-01-07 21:20:16.07152-08
NW-MX2132-2,2023-05-20 01:05:57.245-07,2024-07-11 18:04:21.107973-07,2024-08-15 13:26:21.195186-07
NW-MX2132-9,2023-05-20 01:05:57.245-07,2024-12-24 05:07:46.853598-08,2025-01-07 21:33:17.904389-08
NW-MX2132-8,2023-05-20 01:05:57.245-07,2024-12-24 05:02:37.2639-08,2025-01-07 21:31:08.115811-08
NW-TX4134-5,2024-10-18 15:55:34.965-07,2024-11-01 09:25:55.941653-07,2025-01-17 14:08:04.487847-08
NW-TX4100-8,2024-03-06 00:16:59.145-08,2024-03-06 15:27:06.294021-08,2025-02-19 10:47:48.015824-08
NW-TX4100-7,2024-03-06 00:16:59.145-08,2024-03-06 15:26:50.344055-08,2025-02-19 10:47:32.330468-08
NW-TX4100-6,2024-03-06 00:16:59.145-08,2024-03-07 10:03:20.948704-08,2025-02-19 10:47:18.685538-08
NW-TX4100-5,2024-03-06 00:16:59.145-08,2024-03-06 15:31:04.017562-08,2025-02-19 10:46:53.132156-08
NW-TX4100-4,2024-03-06 00:16:59.145-08,2024-03-07 10:03:06.178417-08,2025-02-19 10:46:39.603698-08
NW-TX4100-3,2024-03-06 00:16:59.145-08,2024-03-06 09:21:06.107551-08,2025-02-13 15:04:06.369355-08
NW-TX4100-2,2024-03-06 00:16:59.145-08,2024-03-07 10:02:53.427071-08,2025-02-19 10:46:24.57511-08
NW-TX4100-1,2024-03-06 00:16:59.145-08,2024-03-07 10:02:40.663643-08,2025-02-19 10:46:05.41715-08
NY-AT16043-2,2024-03-14 06:49:03.457-07,2024-11-15 10:11:09.986222-08,2024-12-09 22:26:50.34174-08
NW-AT0639-5,2024-03-06 02:35:01.439-08,2024-10-22 08:41:22.05216-07,2024-12-09 23:21:51.784356-08
NY-AT16043-1,2024-03-14 06:49:03.457-07,2024-11-13 15:23:58.738648-08,2024-12-09 22:25:40.561317-08
NY-AT16043-6,2024-03-14 06:49:03.457-07,2024-11-13 15:36:43.978716-08,2024-12-09 22:30:21.122645-08
NY-AT16043-7,2024-03-14 06:49:03.457-07,2024-10-21 17:19:25.268623-07,2024-10-30 11:04:45.920186-07
NY-AT16043-4,2024-03-14 06:49:03.457-07,2024-10-21 17:09:52.701949-07,2024-10-30 11:04:07.656323-07
NY-AT16043-5,2024-03-14 06:49:03.457-07,2024-11-13 15:33:33.178122-08,2024-12-09 22:29:10.703064-08
NY-AT16043-8,2024-03-14 06:49:03.457-07,2024-10-21 17:22:37.292308-07,2024-10-30 11:05:02.809911-07
NY-AT16043-9,2024-03-14 06:49:03.457-07,2024-11-22 03:29:46.111152-08,2024-12-10 10:44:20.784194-08
NW-AT0639-4,2024-03-06 02:35:01.439-08,2024-10-22 08:38:12.937163-07,2024-12-09 23:20:40.686162-08
NY-MX12062-9,2024-06-18 14:11:28.506-07,2024-06-28 10:23:26.230867-07,2024-08-16 12:26:38.552855-07
NY-MX12062-8,2024-06-18 14:11:28.506-07,2024-06-28 10:23:18.537363-07,2024-08-16 12:26:25.742122-07
NW-AT0691-9,2024-01-06 10:47:25.617-08,2024-08-27 16:14:27.725032-07,2024-09-10 14:09:38.098867-07
NW-AT0691-8,2024-01-06 10:47:25.617-08,2024-08-27 16:11:17.352311-07,2024-09-10 14:05:43.20019-07
NW-AT0691-5,2024-01-06 10:47:25.617-08,2024-10-01 19:24:38.360001-07,2024-12-09 20:03:31.40393-08
NW-AT0691-4,2024-01-06 10:47:25.617-08,2024-10-01 19:21:26.850331-07,2024-12-09 20:02:21.24961-08
NW-AT0691-7,2024-01-06 10:47:25.617-08,2024-10-01 19:31:01.225591-07,2024-12-09 20:05:54.236632-08
NW-AT0691-1,2024-01-06 10:47:25.617-08,2024-10-01 19:11:52.525503-07,2024-12-09 19:58:46.27822-08
NY-MX12062-4,2024-06-18 14:11:28.506-07,2024-07-12 10:44:32.671862-07,2024-12-10 11:50:41.775306-08
NW-AT0691-3,2024-01-06 10:47:25.617-08,2024-10-01 19:18:15.158993-07,2024-12-09 20:01:08.725915-08
NW-AT0691-2,2024-01-06 10:47:25.617-08,2024-10-01 19:15:03.350155-07,2024-12-09 19:59:57.82509-08
NW-MX2167-6,2024-01-05 11:32:52.428-08,2024-12-24 02:53:30.124445-08,2025-01-08 09:13:23.678199-08
SQ_AT0048-5,2024-02-15 04:31:01.19-08,2025-01-14 00:54:47.240492-08,2025-01-08 04:50:10.015178-08
SQ_AT0617-6,2024-03-06 02:29:59.358-08,2024-10-01 13:39:33.865024-07,2024-12-09 10:16:41.733611-08
SQ_AT0617-7,2024-03-06 02:29:59.358-08,2024-10-01 13:42:46.940096-07,2024-12-09 10:17:54.191417-08
SQ_AT0617-4,2024-03-06 02:29:59.358-08,2024-10-01 13:33:03.745619-07,2024-12-09 10:14:09.716799-08
SQ_AT0617-2,2024-03-06 02:29:59.358-08,2024-12-11 12:11:17.510845-08,2025-01-07 18:14:24.969326-08
SQ_AT0617-1,2024-03-06 02:29:59.358-08,2024-10-01 13:29:49.483949-07,2024-12-09 10:12:57.240739-08
SQ_AT0617-8,2024-03-06 02:29:59.358-08,2025-02-11 04:09:48.514734-08,2025-02-17 07:17:53.956408-08
SQ_AT0617-9,2024-03-06 02:29:59.358-08,2024-10-21 21:43:33.305127-07,2024-12-09 21:44:39.626018-08
NW_TX0164-9,2023-05-17 20:55:41.492-07,2023-06-23 10:52:03.787847-07,2023-05-21 21:45:21.497641-07
NW_TX0164-8,2023-05-17 20:55:41.492-07,2023-06-23 10:51:46.40288-07,2023-05-21 21:45:14.022486-07
NW-TX4127-6,2024-09-03 18:19:45.613-07,2025-01-12 18:29:21.591818-08,2025-01-17 13:16:56.169687-08
NW-TX4127-4,2024-09-03 18:19:45.613-07,2024-09-19 14:18:24.701563-07,2025-01-23 10:07:21.390903-08
NW-TX4127-5,2024-09-03 18:19:45.613-07,2025-01-12 18:31:33.971366-08,2025-01-17 13:16:45.910486-08
NW-TX4127-2,2024-09-03 18:19:45.613-07,2024-09-05 22:37:12.654739-07,2025-01-23 10:18:18.817085-08
NW-TX4127-3,2024-09-03 18:19:45.613-07,2024-09-05 22:40:26.257377-07,2025-01-23 10:21:32.155274-08
NW-TX4127-1,2024-09-03 18:19:45.613-07,2024-09-09 10:13:45.707036-07,2025-01-23 10:15:02.387467-08
NY-MX22005-12,2024-09-19 20:04:15.748-07,2024-09-25 09:18:25.35013-07,2024-09-27 10:08:49.228231-07
NW_AT0597-10,2024-01-11 20:25:19.983-08,2025-02-09 20:26:33.792671-08,2025-02-16 20:31:45.230451-08
NY-MX22004-2,2024-09-06 09:46:52.406-07,2024-09-08 22:13:33.352251-07,2024-09-11 15:11:08.198609-07
NY-MX22004-3,2024-09-06 09:46:52.406-07,2024-09-08 22:23:04.959188-07,2025-03-21 11:09:30.813713-07
NY-MX22004-1,2024-09-06 09:46:52.406-07,2024-09-08 21:38:38.279262-07,2024-09-11 14:39:32.880624-07
NY-MX22004-6,2024-09-06 09:46:52.406-07,2024-09-08 22:32:36.747133-07,2024-09-11 15:26:45.538259-07
NY-MX22004-7,2024-09-06 09:46:52.406-07,2024-09-08 22:35:47.181188-07,2024-09-11 15:29:58.253096-07
NY-MX22004-4,2024-09-06 09:46:52.406-07,2024-09-08 22:26:15.679814-07,2024-09-11 14:33:14.148628-07
NY-MX22004-5,2024-09-06 09:46:52.406-07,2024-09-08 22:29:26.187303-07,2024-09-11 15:23:37.731515-07
NY-MX22004-8,2024-09-06 09:46:52.406-07,2024-09-08 22:38:57.809801-07,2024-09-11 15:33:11.430437-07
NY-MX22004-9,2024-09-06 09:46:52.406-07,2024-09-08 22:42:08.728069-07,2024-09-11 15:36:18.793012-07
NY-AT0676-6,2023-11-22 11:04:07.106-08,2024-08-28 06:28:07.264999-07,2024-09-11 19:12:49.854561-07
NW_TX4046-3,2024-03-06 01:46:54.798-08,2025-02-13 15:27:36.658319-08,2025-02-17 13:51:47.450362-08
NW_TX4046-1,2024-03-06 01:46:54.798-08,2025-02-12 09:00:28.096678-08,2025-02-17 13:41:33.533998-08
NW_TX4046-6,2024-03-06 01:46:54.798-08,2025-02-13 15:43:14.791328-08,2025-02-17 14:07:07.811954-08
NW_TX4046-7,2024-03-06 01:46:54.798-08,2025-02-13 16:25:05.448082-08,2025-02-17 14:48:03.13751-08
NY-AT0676-1,2023-11-22 11:04:07.106-08,2024-10-01 17:48:06.88145-07,2024-12-09 19:26:40.834218-08
SQ_AT0054-13,2024-01-11 21:19:25.531-08,2024-12-11 10:08:02.60376-08,2025-01-07 16:49:53.281366-08
SQ_AT0041-11,2024-01-11 21:17:30.364-08,2024-12-24 01:36:08.43702-08,2025-01-07 19:02:07.310258-08
SQ_AT0041-10,2024-01-11 21:17:30.364-08,2025-01-14 00:30:49.760639-08,2025-01-08 03:40:51.940885-08
SQ_AT0041-13,2024-01-11 21:17:30.364-08,2024-12-24 01:41:17.857706-08,2025-01-07 19:06:32.264454-08
SQ_AT0041-12,2024-01-11 21:17:30.364-08,2024-12-11 13:01:49.743647-08,2025-01-07 19:04:20.131968-08
NY-AT16078-1,2024-08-03 09:50:19.483-07,2024-08-15 10:07:08.729209-07,2024-08-16 09:38:26.277135-07
NW-TX4101-2,2024-03-15 14:43:08.858-07,2024-03-15 15:04:05.554826-07,2024-03-18 09:10:14.986623-07
NY-AT16078-3,2024-08-03 09:50:19.483-07,2024-11-13 17:11:44.580838-08,2024-12-10 11:41:23.078776-08
NY-AT16078-4,2024-08-03 09:50:19.483-07,2024-11-19 10:40:22.224899-08,2024-12-03 13:46:46.015351-08
NY-AT16078-5,2024-08-03 09:50:19.483-07,2024-11-13 14:36:12.834658-08,2025-01-16 11:38:32.354828-08
NY-AT16078-6,2024-08-03 09:50:19.483-07,2024-11-13 17:14:55.343002-08,2024-12-10 11:42:32.815591-08
NY-AT16078-7,2024-08-03 09:50:19.483-07,2024-11-11 18:45:14.119404-08,2024-12-02 13:20:40.557371-08
NY-AT16078-8,2024-08-03 09:50:19.483-07,2024-11-13 14:42:33.91961-08,2024-12-03 13:47:15.318255-08
NY-AT16078-9,2024-08-03 09:50:19.483-07,2024-11-15 10:19:06.447687-08,2024-12-03 13:47:28.673139-08
NY-AT0666-9,2023-09-20 07:53:06.915-07,2024-08-28 03:29:56.168874-07,2024-09-11 16:08:46.732566-07
NY-AT0666-8,2023-09-20 07:53:06.915-07,2024-08-28 03:26:43.983306-07,2024-09-11 16:05:35.406188-07
NY-AT0666-5,2023-09-20 07:53:06.915-07,2024-08-28 03:17:09.7699-07,2024-09-11 15:56:04.003358-07
NY-AT0666-4,2023-09-20 07:53:06.915-07,2024-10-01 16:58:51.919601-07,2024-12-09 19:08:25.698537-08
NY-AT0666-7,2023-09-20 07:53:06.915-07,2024-08-28 03:23:32.997676-07,2024-09-11 16:02:24.870192-07
NY-AT0666-6,2023-09-20 07:53:06.915-07,2024-08-28 03:20:20.505987-07,2024-09-11 15:59:14.3687-07
NY-AT0666-1,2023-09-20 07:53:06.915-07,2024-10-01 16:48:46.496062-07,2024-12-09 19:04:53.358322-08
NY-AT0666-3,2023-09-20 07:53:06.915-07,2024-10-01 16:55:25.939663-07,2024-12-09 19:07:15.007885-08
NY-AT0666-2,2023-09-20 07:53:06.915-07,2024-10-01 16:52:04.316928-07,2024-12-09 19:06:04.78355-08
NW-TX4101-3,2024-03-15 14:43:08.858-07,2024-03-15 15:04:16.434514-07,2024-03-18 09:10:26.370766-07
SQ_AT0032-2,2024-03-23 13:04:22.165-07,2024-11-05 14:09:21.05352-08,2025-01-07 22:38:27.874451-08
SQ_AT0032-9,2024-03-23 13:04:22.165-07,2024-11-10 01:15:28.376774-08,2025-01-08 00:21:10.646751-08
SQ_AT0032-8,2024-03-23 13:04:22.165-07,2024-11-05 14:12:30.71821-08,2025-01-07 22:40:38.554421-08
NY-MX12031-9,2024-03-05 10:14:11.119-08,2024-02-12 14:47:11.173156-08,2024-12-10 00:28:22.562364-08
NY-MX12031-8,2024-03-05 10:14:11.119-08,2024-02-12 14:46:37.046297-08,2024-12-10 00:27:10.39245-08
NY-MX12031-5,2024-03-05 10:14:11.119-08,2024-11-19 09:11:21.985019-08,2024-12-10 00:54:02.005955-08
NY-MX12031-4,2024-03-05 10:14:11.119-08,2024-07-11 18:06:34.174539-07,2024-08-20 09:33:31.277019-07
NY-MX12031-7,2024-03-05 10:14:11.119-08,2024-07-17 13:05:02.409853-07,2024-12-10 11:00:38.818183-08
NY-MX12031-6,2024-03-05 10:14:11.119-08,2024-11-19 09:14:32.069682-08,2024-12-10 00:55:16.150741-08
NY-MX12031-1,2024-03-05 10:14:11.119-08,2024-02-13 09:28:47.844716-08,2024-12-10 00:25:58.663204-08
NY-MX12031-3,2024-03-05 10:14:11.119-08,2024-11-19 09:08:12.111664-08,2024-12-10 00:52:46.763196-08
NY-MX12031-2,2024-03-05 10:14:11.119-08,2024-11-13 15:46:15.538287-08,2024-12-10 10:59:28.936476-08
SQ_AT015-7,2024-03-23 03:58:52.632-07,2024-11-24 05:59:40.597076-08,2025-01-08 01:46:02.586003-08
SQ_AT015-6,2024-03-23 03:58:52.632-07,2024-11-24 05:56:29.469221-08,2025-01-08 01:43:52.341454-08
SQ_AT015-5,2024-03-23 03:58:52.632-07,2024-11-24 05:11:54.314191-08,2025-01-08 01:22:15.039078-08
SQ_AT015-4,2024-03-23 03:58:52.632-07,2024-11-24 05:08:42.997647-08,2025-01-08 01:20:05.2001-08
SQ_AT0051-7,2024-01-11 21:36:43.156-08,2024-12-17 10:33:07.079776-08,2025-01-07 20:18:53.238829-08
NW_MX2109-7,2024-03-06 01:43:34.414-08,2024-10-01 13:42:46.940096-07,2024-12-09 10:17:54.191417-08
SQ_AT015-1,2024-03-23 03:58:52.632-07,2024-11-24 04:59:14.329554-08,2025-01-08 01:13:36.536146-08
NW_MX2109-6,2024-03-06 01:43:34.414-08,2024-10-01 13:39:33.865024-07,2024-12-09 10:16:41.733611-08
NW_MX2109-1,2024-03-06 01:43:34.414-08,2024-10-01 13:29:49.483949-07,2024-12-09 10:12:57.240739-08
SQ_AT0050-6,2024-03-21 14:48:59.736-07,2024-12-11 14:34:19.296697-08,2025-01-07 20:07:59.713607-08
NW_MX2109-3,2024-03-06 01:43:34.414-08,2024-10-21 21:40:23.399489-07,2024-12-09 21:43:28.800358-08
SQ_AT0051-4,2024-01-11 21:36:43.156-08,2024-01-17 13:57:32.13989-08,2025-01-08 04:13:20.673253-08
SQ_AT0050-4,2024-03-21 14:48:59.736-07,2024-12-11 14:27:50.725138-08,2025-01-07 20:03:37.753345-08
SQ_AT0050-9,2024-03-21 14:48:59.736-07,2024-12-24 01:46:27.016515-08,2025-01-07 20:12:20.41908-08
SQ_AT0050-8,2024-03-21 14:48:59.736-07,2025-02-11 05:42:47.944862-08,2025-02-17 07:53:41.150765-08
SQ_AT0051-5,2024-01-11 21:36:43.156-08,2024-01-17 13:57:48.719266-08,2025-01-08 04:15:30.111614-08
NW-MX2170-8,2024-01-03 08:05:49.191-08,2024-10-22 08:19:16.984338-07,2024-12-11 01:15:01.208161-08
NW-TX4097-2,2024-02-07 15:57:51.109-08,2024-02-07 16:28:14.709802-08,2024-02-08 10:46:16.996299-08
NW-TX4097-3,2024-02-07 15:57:51.109-08,2024-02-07 16:28:26.526968-08,2024-02-08 09:16:56.785418-08
NY-MX22009-20,2024-10-12 23:09:17.018-07,2024-10-13 02:21:35.343508-07,2024-10-14 11:14:37.587096-07
NW-TX4097-1,2024-02-07 15:57:51.109-08,2024-02-07 16:28:03.20667-08,2024-02-08 09:16:31.310112-08
NW-TX4097-6,2024-02-07 15:57:51.109-08,2024-02-07 16:29:09.845796-08,2024-02-08 09:17:33.343479-08
NW-TX4097-7,2024-02-07 15:57:51.109-08,2024-02-07 16:29:24.774009-08,2024-02-08 09:17:47.31885-08
NW-TX4097-4,2024-02-07 15:57:51.109-08,2024-02-07 16:28:37.712348-08,2024-02-08 09:17:08.809799-08
NW-TX4097-5,2024-02-07 15:57:51.109-08,2024-02-07 16:28:54.757991-08,2024-02-08 09:17:20.612453-08
NW-TX4097-8,2024-02-07 15:57:51.109-08,2024-02-07 16:29:35.613659-08,2024-02-08 09:18:02.593378-08
NW-TX4097-9,2024-02-07 15:57:51.109-08,2024-02-07 16:30:12.588229-08,2024-02-08 09:18:14.018145-08
NY-MX12061-9,2024-06-18 10:55:59.028-07,2024-06-28 10:22:56.044012-07,2024-08-16 12:24:59.958545-07
NY-MX12077-2,2024-07-24 03:42:26.907-07,2024-09-25 09:18:54.00217-07,2024-09-09 09:41:44.906704-07
NY-MX12077-6,2024-07-24 03:42:26.907-07,2024-07-26 11:03:13.391932-07,2024-09-24 15:09:26.113844-07
NY-MX12077-5,2024-07-24 03:42:26.907-07,2024-07-26 11:03:00.039097-07,2024-09-24 15:09:09.779963-07
NY-AT16019-8,2024-03-05 15:21:17.12-08,2024-11-22 00:57:12.112932-08,2024-12-10 01:53:35.373546-08
NY-AT16019-7,2024-03-05 15:21:17.12-08,2024-09-23 16:28:52.615126-07,2024-09-25 10:26:02.61087-07
NY-AT16081-2,2024-08-07 04:17:43.585-07,2024-11-19 10:53:07.97826-08,2024-12-03 13:48:32.226429-08
NY-AT16081-3,2024-08-07 04:17:43.585-07,2024-11-13 17:21:15.279631-08,2024-12-10 11:44:52.633583-08
NY-AT16081-4,2024-08-07 04:17:43.585-07,2024-11-19 10:49:56.394248-08,2024-12-03 13:49:46.281065-08
NY-AT16081-5,2024-08-07 04:17:43.585-07,2024-11-11 19:48:58.355451-08,2024-12-02 13:23:56.35681-08
NY-AT16081-6,2024-08-07 04:17:43.585-07,2024-11-19 10:43:33.82194-08,2024-12-03 13:50:02.671852-08
NY-AT16019-6,2024-03-05 15:21:17.12-08,2024-09-24 15:54:35.845623-07,2024-09-25 10:25:49.272726-07
NY-AT16081-8,2024-08-07 04:17:43.585-07,2024-11-13 17:24:25.090003-08,2024-12-10 11:46:02.175799-08
NY-AT16081-9,2024-08-07 04:17:43.585-07,2024-11-13 17:27:34.973779-08,2024-12-10 11:47:11.599295-08
NY-AT16019-5,2024-03-05 15:21:17.12-08,2024-09-24 15:54:18.278495-07,2024-09-25 10:25:37.431428-07
NY-MX12077-8,2024-07-24 03:42:26.907-07,2024-09-23 16:58:54.748774-07,2024-09-09 09:50:59.358823-07
NW_TX0070-9,,,
NW_TX0070-8,,,
NW_TX0070-1,,,
NW_TX0034-11,,,
NW-MX2184-5,2024-05-31 22:36:48.896-07,2024-09-26 10:39:14.535944-07,2024-09-30 10:16:51.486101-07
NW-MX2184-2,2024-05-31 22:36:48.896-07,2024-08-28 09:26:01.140707-07,2024-09-11 21:49:23.520375-07
NW_TX0070-3,,,
NW_TX0070-2,,,
NW-MX2184-3,2024-05-31 22:36:48.896-07,2024-08-28 09:30:16.696293-07,2024-09-11 21:52:34.721009-07
NW-MX2184-1,2024-05-31 22:36:48.896-07,2024-09-26 10:38:46.789308-07,2024-09-30 10:16:36.679307-07
NY-AT0667-8,2024-03-05 13:45:12.659-08,2024-08-28 03:55:30.55225-07,2024-09-11 16:34:14.339054-07
NY-AT0667-9,2024-03-05 13:45:12.659-08,2024-08-28 03:58:41.008416-07,2024-09-11 16:37:25.162094-07
NY-AT0667-1,2024-03-05 13:45:12.659-08,2024-08-28 03:33:07.463416-07,2024-09-11 16:11:57.911314-07
NY-AT0667-2,2024-03-05 13:45:12.659-08,2024-08-28 03:36:17.955965-07,2024-09-11 16:15:09.219845-07
NY-AT0667-3,2024-03-05 13:45:12.659-08,2024-08-28 03:39:28.137465-07,2024-09-11 16:18:20.294683-07
NY-AT0667-4,2024-03-05 13:45:12.659-08,2024-08-28 03:42:38.938832-07,2024-09-11 16:21:30.981702-07
NY-AT0667-5,2024-03-05 13:45:12.659-08,2024-08-28 03:45:51.789956-07,2024-09-11 16:24:41.87233-07
NY-AT0667-6,2024-03-05 13:45:12.659-08,2024-08-28 03:49:04.762139-07,2024-09-11 16:27:52.966571-07
NY-AT0667-7,2024-03-05 13:45:12.659-08,2024-08-28 03:52:18.516469-07,2024-09-11 16:31:03.674551-07
NW_TX0109-1,,,
NW_TX0109-2,,,
NW_TX0109-3,,,
NW_TX0109-4,,,
NW_TX0109-5,,,
NW_TX0109-6,,,
NW_TX0109-7,,,
NW_TX0109-8,,,
NW_TX0109-9,,,
NW_TX0101-8,,,
NW_TX0101-9,,,
NW_TX0101-1,,,
NW_TX0101-2,,,
NW_TX0101-3,,,
NW_TX0101-4,,,
NW_TX0101-5,,,
NW_TX0101-6,,,
NW_TX0101-7,,,
NW_AT1502-8,,,
NW_AT1502-7,,,
NW_AT1502-6,,,
NW_AT1502-5,,,
NW_AT1502-4,,,
NW_AT1502-3,,,
NW_AT1502-2,,,
NY-TX14014-1,2023-11-02 05:56:52.102-07,2023-11-02 09:38:31.152896-07,2023-12-15 02:05:40.264665-08
NY-TX14014-2,2023-11-02 05:56:52.102-07,2023-11-02 09:38:47.606675-07,2023-12-15 02:05:52.104872-08
NW_TX4035-4,2024-03-05 08:37:21.814-08,2024-10-22 10:09:44.224805-07,2024-12-10 16:04:35.681386-08
NY-MX12052-4,2024-04-10 21:24:18.365-07,2024-06-28 10:58:37.542247-07,2024-07-03 16:08:04.492364-07
NY-MX12052-5,2024-04-10 21:24:18.365-07,2024-06-28 10:58:44.722328-07,2024-07-03 16:08:12.37473-07
NY-MX12052-6,2024-04-10 21:24:18.365-07,2024-08-26 12:06:55.756857-07,2024-09-23 16:51:53.606765-07
SQ_AT0051-3,2024-01-11 21:36:43.156-08,2024-12-24 04:10:49.247135-08,2025-01-08 09:45:53.456949-08
NY-MX12052-1,2024-04-10 21:24:18.365-07,2024-11-19 08:23:52.560002-08,2024-12-10 01:15:22.86906-08
NY-MX12052-2,2024-04-10 21:24:18.365-07,2024-11-19 08:27:02.401191-08,2024-12-10 01:16:37.059221-08
NY-MX12052-3,2024-04-10 21:24:18.365-07,2024-06-28 10:58:29.928612-07,2024-07-03 16:07:56.619603-07
NW-MX2136-5,2024-02-29 11:22:05.451-08,2024-07-11 18:04:46.882053-07,2024-08-15 14:09:58.515852-07
NY-MX12052-8,2024-04-10 21:24:18.365-07,2024-08-26 12:17:17.652101-07,2024-09-23 16:52:19.120685-07
NY-MX12052-9,2024-04-10 21:24:18.365-07,2024-08-26 12:22:28.434163-07,2024-09-23 16:52:32.168634-07
NW-MX2136-4,2024-02-29 11:22:05.451-08,2024-07-11 18:04:38.720097-07,2024-08-15 14:09:39.222016-07
NW-MX2136-7,2024-02-29 11:22:05.451-08,2025-02-08 15:05:47.776726-08,2025-02-16 13:10:33.020664-08
NW-MX2136-6,2024-02-29 11:22:05.451-08,2025-02-08 15:03:41.776293-08,2025-02-16 13:05:26.582653-08
NY-MX12036-1,2024-02-23 03:17:32.801-08,2024-11-13 15:04:54.806184-08,2024-12-09 22:18:40.8004-08
NY-MX2150-3,2023-10-18 23:11:00.612-07,2025-02-11 08:09:16.682029-08,2025-02-17 08:55:03.254201-08
SQ_AT0019-12,2023-11-17 20:30:29.359-08,2025-02-27 14:35:58.431955-08,2025-03-03 13:24:38.772175-08
NY-TX24003-10,2024-09-26 04:35:34.833-07,2024-10-08 15:41:40.611292-07,2025-01-23 13:35:17.572781-08
NY-TX24003-11,2024-09-26 04:35:34.833-07,2024-10-08 15:42:13.059234-07,2025-01-23 10:40:54.859087-08
SQ_AT0019-13,2023-11-17 20:30:29.359-08,2025-02-27 14:41:04.504905-08,2025-03-03 13:29:51.79091-08
SQ_AT0573-8,2024-03-07 16:59:03.192-08,2024-12-17 14:06:03.94627-08,2025-01-08 05:44:18.059257-08
NY-AT16016-8,2023-11-11 04:14:17.776-08,2024-09-24 15:47:50.245415-07,2024-09-25 10:15:24.95005-07
NY-AT16016-9,2023-11-11 04:14:17.776-08,2024-09-24 15:48:05.444368-07,2024-09-25 10:15:37.118053-07
NY-MX2138-1,2023-07-19 15:21:19.346-07,2024-10-01 15:24:41.634013-07,2024-12-09 10:57:29.395176-08
NY-AT16016-1,2023-11-11 04:14:17.776-08,2024-11-22 00:16:01.151958-08,2024-12-10 01:38:17.788769-08
NY-AT16016-2,2023-11-11 04:14:17.776-08,2024-11-22 00:19:11.869437-08,2024-12-10 01:39:27.909545-08
NY-AT16016-3,2023-11-11 04:14:17.776-08,2024-09-24 15:45:57.352284-07,2024-09-25 10:13:38.639404-07
NY-AT16016-4,2023-11-11 04:14:17.776-08,2024-09-24 15:46:21.459693-07,2024-09-25 10:14:01.943508-07
NY-AT16016-5,2023-11-11 04:14:17.776-08,2024-09-24 15:46:58.530015-07,2024-09-25 10:14:13.397318-07
NY-AT16016-6,2023-11-11 04:14:17.776-08,2024-09-24 15:47:16.633453-07,2024-09-25 10:14:24.608892-07
NY-AT16016-7,2023-11-11 04:14:17.776-08,2024-09-24 15:47:34.635466-07,2024-09-25 10:14:35.643006-07
SQ-MX2004-1,2024-03-20 12:55:35.5-07,2025-02-13 16:40:43.381317-08,2025-02-17 15:03:23.378171-08
NW_MX2096-8,2023-09-14 05:15:48.813-07,2024-11-26 09:55:22.505864-08,2024-12-09 09:29:18.774369-08
NW_MX2096-1,2023-09-14 05:15:48.813-07,2024-12-19 10:36:36.175815-08,2025-01-08 07:32:38.771656-08
NW_MX2096-2,2023-09-14 05:15:48.813-07,2024-10-22 04:22:21.729883-07,2024-12-11 00:35:29.553446-08
NW_MX2096-3,2023-09-14 05:15:48.813-07,2024-12-19 10:41:45.563659-08,2025-01-08 07:34:48.507045-08
NW_MX2096-4,2023-09-14 05:15:48.813-07,2024-12-19 10:46:55.829051-08,2025-01-08 07:36:58.048121-08
NW_MX2096-5,2023-09-14 05:15:48.813-07,2024-02-06 09:59:24.251892-08,2024-12-10 17:45:50.21823-08
NW_MX2096-6,2023-09-14 05:15:48.813-07,2024-11-24 04:49:45.989671-08,2024-12-10 15:31:52.40401-08
NW_MX2096-7,2023-09-14 05:15:48.813-07,2024-11-24 04:52:55.453167-08,2024-12-10 15:33:02.548473-08
SQ_AT0582-8,2024-01-11 20:57:19.258-08,2025-02-08 16:30:09.88583-08,2025-02-16 16:35:03.47605-08
SQ_AT0582-3,2024-01-11 20:57:19.258-08,2025-02-08 16:23:52.286029-08,2025-02-16 16:19:40.565714-08
SQ_AT0582-2,2024-01-11 20:57:19.258-08,2025-02-08 16:21:46.340239-08,2025-02-16 16:14:33.308533-08
SQ_AT0582-1,2024-01-11 20:57:19.258-08,2025-02-08 16:19:40.428452-08,2025-02-16 16:09:26.923375-08
SQ_AT0582-7,2024-01-11 20:57:19.258-08,2025-02-08 16:28:03.939399-08,2025-02-16 16:29:55.630343-08
SQ_AT0582-4,2024-01-11 20:57:19.258-08,2025-02-08 16:25:58.159152-08,2025-02-16 16:24:47.916733-08
NW-MX2182-8,2024-05-17 16:57:39.588-07,2024-09-26 10:37:20.122623-07,2024-09-30 10:14:43.622879-07
SQ_AT0051-9,2024-01-11 21:36:43.156-08,2024-12-17 10:44:37.000536-08,2025-01-07 20:23:14.993511-08
NW-MX2187-10,2024-06-18 16:00:16.425-07,2024-10-21 20:21:11.57189-07,2024-12-09 21:32:54.68593-08
SQ_AT0039-12,2024-02-15 05:04:05.344-08,2024-10-21 22:46:54.762372-07,2025-01-07 18:53:28.756661-08
SQ_AT0039-13,2024-02-15 05:04:05.344-08,2024-12-11 12:52:20.52323-08,2025-01-07 18:55:38.35245-08
SQ_AT0039-10,2024-02-15 05:04:05.344-08,2025-01-14 00:28:38.815517-08,2025-01-08 03:27:51.781883-08
SQ_AT0039-11,2024-02-15 05:04:05.344-08,2024-11-10 01:34:14.67743-08,2025-03-21 12:02:50.043759-07
NY-MX2150-9,2023-10-18 23:11:00.612-07,2024-08-28 05:08:37.324691-07,2024-09-11 17:48:17.700897-07
NY-MX2150-8,2023-10-18 23:11:00.612-07,2024-08-28 05:05:26.761501-07,2024-09-11 17:45:06.546322-07
NW-AT0685-8,2023-12-12 07:18:51.049-08,2025-02-10 02:50:26.047234-08,2025-02-17 00:32:06.987118-08
NW-AT0685-9,2023-12-12 07:18:51.049-08,2025-02-10 02:52:32.073875-08,2025-02-17 00:37:13.666799-08
NW-AT0685-2,2023-12-12 07:18:51.049-08,2024-10-22 06:41:24.235186-07,2024-12-11 00:49:26.765418-08
NW-AT0685-3,2023-12-12 07:18:51.049-08,2024-10-22 06:44:35.688346-07,2024-12-11 00:50:36.639686-08
NW-AT0685-1,2023-12-12 07:18:51.049-08,2024-12-19 13:22:02.121045-08,2025-01-08 08:57:01.997665-08
NW-AT0685-6,2023-12-12 07:18:51.049-08,2024-10-22 06:54:04.323607-07,2024-12-11 00:54:06.170012-08
NW-AT0685-7,2023-12-12 07:18:51.049-08,2025-02-10 02:33:20.035072-08,2025-02-17 00:27:00.495103-08
NW-AT0685-4,2023-12-12 07:18:51.049-08,2024-10-22 06:47:44.906981-07,2024-12-11 00:51:46.088063-08
NW-AT0685-5,2023-12-12 07:18:51.049-08,2024-10-22 06:50:54.268368-07,2024-12-11 00:52:56.318625-08
NY-MX12037-1,2024-02-28 01:42:17.45-08,2024-07-11 18:07:12.263669-07,2024-08-20 09:41:35.313557-07
NY-MX2141-6,2023-08-17 15:18:37.765-07,2024-08-28 02:51:39.953922-07,2024-09-11 15:30:32.62552-07
SQ_MX2034-1,2024-01-11 21:26:00.406-08,2024-12-11 12:55:30.026148-08,2025-01-07 18:57:47.995156-08
SQ_AT0059-5,2024-03-23 09:16:57.595-07,2024-11-24 04:08:45.394378-08,2025-01-07 23:06:44.78931-08
SQ_AT0616-10,2023-03-10 23:23:35.361-08,2024-10-01 13:23:19.245106-07,2024-12-09 10:10:25.864746-08
NW_MX2095-1,2024-01-11 21:16:40.854-08,2024-02-07 14:17:34.306399-08,2024-12-10 17:42:19.557169-08
NW_MX2095-6,2024-01-11 21:16:40.854-08,2024-02-07 14:18:37.472146-08,2024-12-10 17:44:39.273252-08
NW_MX2095-5,2024-01-11 21:16:40.854-08,2024-10-21 21:08:46.55113-07,2024-12-09 21:41:08.66014-08
NW-MX2178-9,2024-04-29 22:50:07.812-07,2024-08-28 07:53:55.880953-07,2024-09-11 20:39:06.481045-07
NW-MX2178-8,2024-04-29 22:50:07.812-07,2024-08-28 07:50:45.475892-07,2024-09-11 20:35:54.672791-07
NW-MX2178-7,2024-04-29 22:50:07.812-07,2024-08-28 07:47:34.989185-07,2024-09-11 20:32:43.14541-07
NW-MX2178-6,2024-04-29 22:50:07.812-07,2024-08-28 07:44:24.588932-07,2024-09-11 20:29:31.538704-07
NW-MX2178-5,2024-04-29 22:50:07.812-07,2024-08-28 07:41:14.135196-07,2024-09-11 20:26:20.658898-07
NW-MX2178-4,2024-04-29 22:50:07.812-07,2024-09-26 10:33:47.417864-07,2024-09-30 10:11:38.715543-07
NW-MX2178-3,2024-04-29 22:50:07.812-07,2024-09-26 10:33:34.519174-07,2024-09-30 10:11:23.560693-07
NW-MX2178-2,2024-04-29 22:50:07.812-07,2024-09-26 10:33:06.641014-07,2024-09-30 10:11:08.449216-07
NW-MX2178-1,2024-04-29 22:50:07.812-07,2024-09-26 10:32:54.893289-07,2024-09-30 10:04:44.396977-07
NW_MX2070-4,2024-03-23 00:34:07.772-07,2024-08-30 00:50:23.205615-07,2024-09-10 12:56:05.589771-07
NW_MX2070-5,2024-03-23 00:34:07.772-07,2024-12-18 14:50:46.876937-08,2025-01-08 06:18:58.807956-08
NW_MX2070-6,2024-03-23 00:34:07.772-07,2024-10-22 02:22:27.61602-07,2024-12-11 00:16:53.355201-08
NW_MX2070-7,2024-03-23 00:34:07.772-07,2025-02-17 06:31:54.00782-08,2025-02-18 09:48:15.646927-08
NW_MX2070-1,2024-03-23 00:34:07.772-07,2024-12-11 11:30:12.236784-08,2025-01-07 17:46:08.953668-08
NW_MX2070-2,2024-03-23 00:34:07.772-07,2024-10-21 20:52:55.543232-07,2024-12-09 21:38:48.323269-08
NW_MX2070-3,2024-03-23 00:34:07.772-07,2024-08-30 00:47:12.276079-07,2024-09-10 12:52:55.162495-07
NW_MX2070-8,2024-03-23 00:34:07.772-07,2025-02-11 03:22:56.835921-08,2025-02-17 06:37:00.970039-08
NW_MX2070-9,2024-03-23 00:34:07.772-07,2024-10-22 02:25:36.815646-07,2024-12-11 00:18:03.648263-08
NY-MX2140-8,2023-08-15 05:39:03.308-07,2024-10-01 16:19:25.708957-07,2024-12-09 18:54:11.764034-08
NY-MX2140-9,2023-08-15 05:39:03.308-07,2024-08-28 02:38:45.398665-07,2024-09-11 15:17:48.269241-07
SQ_AT0569-2,2024-02-06 15:47:51.768-08,2024-10-01 10:26:44.796008-07,2024-12-09 09:13:06.543889-08
SQ_AT0569-3,2024-02-06 15:47:51.768-08,2024-10-01 10:29:55.009621-07,2024-12-09 09:14:22.700963-08
NY-MX12042-9,2024-03-07 18:48:40.836-08,2024-07-11 18:08:34.722916-07,2024-08-20 10:34:15.723985-07
NY-MX12042-8,2024-03-07 18:48:40.836-08,2024-07-11 18:08:27.142951-07,2024-08-20 10:33:41.003431-07
SQ_AT0569-6,2024-02-06 15:47:51.768-08,2024-08-30 00:28:02.096335-07,2024-09-10 12:33:49.608352-07
NW_TX4047-9,2024-03-05 10:43:30.703-08,2025-02-09 22:06:51.715042-08,2025-02-16 21:33:09.929127-08
NW_TX4047-8,2024-03-05 10:43:30.703-08,2025-02-09 21:49:45.72626-08,2025-02-16 21:28:03.117291-08
NW_TX4047-7,2024-03-05 10:43:30.703-08,2025-02-13 16:19:50.309896-08,2025-02-17 14:42:55.670569-08
NW_TX4047-6,2024-03-05 10:43:30.703-08,2025-02-17 14:37:48.425447-08,2025-02-18 09:48:41.490154-08
NW_TX4047-5,2024-03-05 10:43:30.703-08,2025-02-13 16:09:23.133893-08,2025-02-17 14:32:42.256142-08
NW_TX4047-4,2024-03-05 10:43:30.703-08,2025-02-13 16:04:09.927314-08,2025-02-17 14:27:35.34521-08
NW_TX4047-3,2024-03-05 10:43:30.703-08,2025-02-13 15:58:54.10636-08,2025-02-17 14:22:28.737345-08
NW_TX4047-2,2024-03-05 10:43:30.703-08,2025-02-13 15:53:40.006976-08,2025-02-17 14:17:21.521214-08
NW_TX4047-1,2024-03-05 10:43:30.703-08,2025-02-13 15:48:27.927922-08,2025-02-17 14:12:14.269213-08
NY-MX12042-4,2024-03-07 18:48:40.836-08,2024-10-21 16:47:34.971304-07,2024-10-30 11:03:15.204061-07
SQ_AT0613-2,2024-03-06 02:32:17.64-08,2024-12-24 04:26:26.128944-08,2025-01-07 21:15:55.640912-08
SQ_AT0613-3,2024-03-06 02:32:17.64-08,2024-12-24 04:31:39.133651-08,2025-01-07 21:18:05.494971-08
NY-MX2143-1,2023-09-15 10:37:29.201-07,2024-10-01 16:38:54.040726-07,2024-12-09 19:01:19.95139-08
NW-AT0636-9,2023-04-10 20:34:06.578-07,2024-08-28 02:19:38.847025-07,2024-09-11 14:58:36.535043-07
NY-MX12029-6,2024-01-31 19:14:16.799-08,2024-07-11 18:05:56.354787-07,2024-08-20 09:29:30.315501-07
NW-AT0636-1,2023-04-10 20:34:06.578-07,2024-08-28 01:54:12.672364-07,2024-09-11 14:33:05.748923-07
NW-AT0636-2,2023-04-10 20:34:06.578-07,2024-08-28 01:57:22.852777-07,2024-09-19 14:37:01.801654-07
NW-AT0636-3,2023-04-10 20:34:06.578-07,2024-08-28 02:00:33.59725-07,2024-09-11 14:39:27.087787-07
NW-AT0636-4,2023-04-10 20:34:06.578-07,2024-08-28 02:03:44.55805-07,2024-09-11 14:42:38.205902-07
NW-AT0636-5,2023-04-10 20:34:06.578-07,2024-08-28 02:06:56.289216-07,2024-09-11 14:45:48.9566-07
NW-AT0636-6,2023-04-10 20:34:06.578-07,2024-08-28 02:10:07.145442-07,2024-09-11 14:49:00.256311-07
NW-AT0636-7,2023-04-10 20:34:06.578-07,2024-08-28 02:13:17.522386-07,2024-09-11 14:52:11.744182-07
NY-AT0658-8,2024-03-05 15:01:02.497-08,2025-02-12 06:06:13.585632-08,2025-02-17 13:21:06.341842-08
NY-AT0658-9,2024-03-05 15:01:02.497-08,2025-02-13 15:38:01.655292-08,2025-02-17 14:02:01.145417-08
NY-AT0658-6,2024-03-05 15:01:02.497-08,2025-02-11 21:01:31.152623-08,2025-02-17 12:34:54.526111-08
NY-AT0658-7,2024-03-05 15:01:02.497-08,2025-02-11 23:53:15.449927-08,2025-02-17 12:50:25.457568-08
NY-AT0658-4,2024-03-05 15:01:02.497-08,2025-02-11 20:58:13.458033-08,2025-02-17 12:29:47.729974-08
NY-AT0658-5,2024-03-05 15:01:02.497-08,2025-02-11 16:39:48.31083-08,2025-02-17 11:53:59.643197-08
NY-AT0658-2,2024-03-05 15:01:02.497-08,2025-02-12 02:42:33.590494-08,2025-02-17 13:00:40.188495-08
NY-AT0658-3,2024-03-05 15:01:02.497-08,2025-02-11 20:54:20.949786-08,2025-02-17 12:24:41.139635-08
NY-AT0658-1,2024-03-05 15:01:02.497-08,2025-02-11 20:20:27.680063-08,2025-02-17 12:19:34.496291-08
NW-TX4123-2,2024-08-19 16:55:18.479-07,2024-10-07 14:28:07.997277-07,2025-01-16 09:33:29.87988-08
NW-TX4123-3,2024-08-19 16:55:18.479-07,2024-08-22 09:01:11.36943-07,2025-01-16 09:33:49.352495-08
NW-TX4123-1,2024-08-19 16:55:18.479-07,2024-10-07 14:27:51.960584-07,2025-01-16 09:33:10.360402-08
NW-TX4123-6,2024-08-19 16:55:18.479-07,2024-08-22 09:01:54.545587-07,2025-01-16 09:34:42.703827-08
NW-TX4123-4,2024-08-19 16:55:18.479-07,2024-08-22 09:01:32.58013-07,2025-01-16 09:34:09.869575-08
NW-TX4123-5,2024-08-19 16:55:18.479-07,2024-08-22 09:01:43.406999-07,2025-01-16 09:34:25.430726-08
NW_MX2099-10,2024-03-06 01:34:08.532-08,2024-11-08 11:28:28.540139-08,2024-12-10 12:19:44.494013-08
NY-MX22005-7,2024-09-19 20:04:15.748-07,2024-09-23 11:08:12.282176-07,2024-09-27 10:15:09.76187-07
NY-MX22005-6,2024-09-19 20:04:15.748-07,2024-09-20 10:36:53.887924-07,2024-09-30 10:30:31.242247-07
NY-MX22005-5,2024-09-19 20:04:15.748-07,2024-09-20 10:33:43.052766-07,2024-09-27 10:37:22.594684-07
NY-MX22005-4,2024-09-19 20:04:15.748-07,2024-09-20 10:30:31.43478-07,2024-09-30 10:33:42.562591-07
NY-MX22005-3,2024-09-19 20:04:15.748-07,2024-09-20 10:27:21.124285-07,2024-09-30 10:36:52.797456-07
NY-MX22005-2,2024-09-19 20:04:15.748-07,2024-09-23 11:07:49.485386-07,2024-09-30 10:24:10.664786-07
NY-MX22005-1,2024-09-19 20:04:15.748-07,2024-09-20 09:29:58.743766-07,2024-09-30 11:18:04.357804-07
SQ_AT0610-6,2024-03-06 02:37:41.713-08,2025-02-08 14:34:13.59058-08,2025-02-16 11:53:50.610938-08
SQ_AT0598-2,2024-01-11 21:00:59.105-08,2024-11-07 11:45:20.819505-08,2025-01-07 23:37:12.067079-08
SQ_AT0598-3,2024-01-11 21:00:59.105-08,2024-11-08 11:45:21.001066-08,2025-01-07 23:39:24.465308-08
SQ_AT0598-1,2024-01-11 21:00:59.105-08,2025-02-09 20:43:41.991887-08,2025-02-16 20:36:52.518426-08
SQ_AT0598-6,2024-01-11 21:00:59.105-08,2024-11-24 06:58:08.966103-08,2025-01-08 01:59:03.044519-08
SQ_AT0598-7,2024-01-11 21:00:59.105-08,2024-11-24 07:01:18.188859-08,2025-01-08 02:01:13.204639-08
NY-MX22005-9,2024-09-19 20:04:15.748-07,2024-09-23 10:57:53.08921-07,2024-09-30 10:27:20.622227-07
NY-MX22005-8,2024-09-19 20:04:15.748-07,2024-09-20 10:43:16.737098-07,2024-09-27 10:31:01.794265-07
SQ_AT0598-11,2024-01-11 21:00:59.105-08,2025-02-09 20:45:50.564565-08,2025-02-16 20:42:00.703728-08
NY-AT16038-10,2024-02-28 04:05:36.886-08,2024-10-21 16:15:42.178559-07,2024-10-30 10:57:43.810078-07
NY-MX12081-8,2024-08-06 22:29:37.083-07,2024-11-13 17:24:25.090003-08,2024-12-10 11:46:02.175799-08
NY-MX12081-6,2024-08-06 22:29:37.083-07,2024-11-19 10:43:33.82194-08,2024-12-03 13:50:02.671852-08
NW_TX0160-5,,,
NW_TX0160-4,,,
NW_TX0160-3,,,
NW_TX0160-2,,,
NW_TX0160-1,,,
NW_TX0008-1,,,
NW_TX0008-2,,,
NW_TX0008-3,,,
NW_TX0008-4,,,
NW_TX0008-5,,,
NW_TX0160-9,,,
NW_TX0008-7,,,
NW_TX0088-10,,,
NW_TX0088-11,,,
10X205-3,,,
10X205-2,,,
10X205-1,,,
10X205-7,,,
10X205-6,,,
10X205-5,,,
10X205-4,,,
10X205-8,,,
10X376-4,,,
10X376-5,,,
NW_TX0064-8,,,
NW_TX0064-9,,,
10X376-1,,,
10X376-2,,,
10X376-3,,,
NW_TX0064-2,,,
NW_TX0064-3,,,
NW_TX0064-1,,,
10X376-8,,,
NW_TX0064-7,,,
SQ_AT0613-1,2024-03-06 02:32:17.64-08,2024-10-21 21:15:06.16094-07,2024-12-09 21:42:18.97469-08
NW_MX2109-4,2024-03-06 01:43:34.414-08,2024-10-01 13:33:03.745619-07,2024-12-09 10:14:09.716799-08
SQ_AT0613-6,2024-03-06 02:32:17.64-08,2024-10-01 12:21:30.437273-07,2024-12-09 09:46:35.971505-08
NY-MX22009-9,2024-10-12 23:09:17.018-07,2024-10-13 02:46:57.473081-07,2024-10-14 10:23:45.631832-07
NY-MX22009-8,2024-10-12 23:09:17.018-07,2024-10-13 02:43:47.101192-07,2024-10-14 10:30:06.522989-07
NY-MX22009-3,2024-10-12 23:09:17.018-07,2024-10-13 02:27:55.870562-07,2024-10-14 11:01:54.059764-07
NY-MX22009-2,2024-10-12 23:09:17.018-07,2024-10-13 02:18:24.965413-07,2024-10-14 11:20:59.43159-07
NY-MX22009-1,2024-10-12 23:09:17.018-07,2024-10-13 01:43:20.426958-07,2024-10-14 12:31:00.317874-07
NY-MX22009-7,2024-10-12 23:09:17.018-07,2024-10-13 02:40:36.92689-07,2024-10-14 10:36:29.66875-07
NY-MX22009-6,2024-10-12 23:09:17.018-07,2024-10-13 02:37:26.729185-07,2024-10-14 10:42:50.481604-07
NY-MX22009-5,2024-10-12 23:09:17.018-07,2024-10-13 02:34:16.491421-07,2024-10-14 10:49:11.518746-07
NY-MX22009-4,2024-10-12 23:09:17.018-07,2024-10-13 02:31:06.236954-07,2024-10-14 10:52:21.886136-07
NW-MX2176-5,2024-04-09 04:14:37.613-07,2024-09-26 10:28:58.755648-07,2024-09-30 10:01:40.222899-07
NW_MX2057-9,2024-01-11 20:14:11.079-08,2024-01-12 13:04:19.658833-08,2024-12-10 18:04:30.64214-08
NW_MX2057-8,2024-01-11 20:14:11.079-08,2024-01-12 13:03:45.480593-08,2024-12-10 18:03:20.937087-08
NW-TX4126-1,2024-09-03 18:16:57.524-07,2024-09-19 14:13:56.246566-07,2025-01-23 10:07:33.035692-08
NW_AT0623-8,2024-02-29 10:54:39.297-08,2025-02-08 15:33:05.687556-08,2025-02-16 14:17:00.357579-08
NW_AT0623-9,2024-02-29 10:54:39.297-08,2024-10-09 08:50:27.554774-07,2024-10-10 09:31:44.018327-07
NW-TX4126-5,2024-09-03 18:16:57.524-07,2025-01-12 18:24:57.25149-08,2025-01-17 13:17:18.5882-08
NW-TX4126-4,2024-09-03 18:16:57.524-07,2025-01-12 18:22:44.909173-08,2025-01-17 13:17:28.77123-08
NW_MX2057-1,2024-01-11 20:14:11.079-08,2024-01-12 13:03:15.357591-08,2024-12-10 18:02:11.259914-08
NW_AT0623-5,2024-02-29 10:54:39.297-08,2024-11-10 01:02:58.712033-08,2024-12-10 15:23:45.323842-08
NW_MX2057-3,2024-01-11 20:14:11.079-08,2024-08-30 00:21:28.486862-07,2024-09-10 12:27:20.819963-07
NW_MX2057-2,2024-01-11 20:14:11.079-08,2024-08-30 00:18:17.852603-07,2024-09-10 12:23:14.204597-07
NW_MX2057-5,2024-01-11 20:14:11.079-08,2024-10-21 19:27:16.238251-07,2024-12-09 21:12:43.708113-08
NW_AT0623-1,2024-02-29 10:54:39.297-08,2025-02-08 15:28:53.820213-08,2025-02-16 14:06:46.796376-08
NW_AT0623-2,2024-02-29 10:54:39.297-08,2024-10-01 15:15:09.698006-07,2024-12-09 10:53:39.052492-08
NW_AT0623-3,2024-02-29 10:54:39.297-08,2024-10-01 15:18:20.300195-07,2024-12-09 10:54:55.447277-08
NY-MX12063-8,2024-06-18 15:53:52.409-07,2024-11-11 14:35:27.113474-08,2024-12-02 12:59:40.545516-08
NY-MX12063-9,2024-06-18 15:53:52.409-07,2024-11-11 14:38:37.913688-08,2024-12-02 13:00:01.16408-08
NY-MX12063-4,2024-06-18 15:53:52.409-07,2024-06-28 10:23:48.824869-07,2024-08-16 12:27:18.805806-07
NY-MX12063-5,2024-06-18 15:53:52.409-07,2024-06-28 10:23:56.058727-07,2024-08-16 12:27:40.951607-07
NY-MX12063-6,2024-06-18 15:53:52.409-07,2024-07-07 22:55:01.458459-07,2024-08-16 12:27:57.52215-07
NY-MX12063-7,2024-06-18 15:53:52.409-07,2024-07-12 10:44:39.944797-07,2024-08-19 12:24:36.862879-07
NY-MX12063-2,2024-06-18 15:53:52.409-07,2024-06-28 10:23:33.728736-07,2024-08-16 12:26:55.926169-07
SQ_AT0572-7,2024-02-27 23:52:22.043-08,2024-12-17 13:37:12.631903-08,2025-01-08 05:33:28.313464-08
NY-AT26006-8,2024-09-26 06:40:47.967-07,2024-09-26 13:38:16.732637-07,2024-09-27 09:50:55.350515-07
NY-AT26006-9,2024-09-26 06:40:47.967-07,2024-09-27 11:07:00.803172-07,2024-09-30 11:45:16.5022-07
SQ_AT0616-6,2023-03-10 23:23:35.361-08,2024-12-11 12:08:06.911161-08,2025-01-07 18:12:15.396607-08
SQ_AT0616-5,2023-03-10 23:23:35.361-08,2024-12-11 12:04:56.704303-08,2025-01-07 18:10:05.850717-08
NY-AT26006-1,2024-09-26 06:40:47.967-07,2024-09-27 09:57:16.428661-07,2024-09-30 12:55:50.179046-07
NY-AT26006-2,2024-09-26 06:40:47.967-07,2024-09-27 10:32:08.972067-07,2024-09-30 12:20:32.271405-07
NY-AT26006-3,2024-09-26 06:40:47.967-07,2024-09-27 10:54:20.025556-07,2024-09-30 11:58:04.774146-07
NY-AT26006-4,2024-09-26 06:40:47.967-07,2024-09-27 10:57:29.822561-07,2024-09-30 11:54:52.445319-07
NY-AT26006-5,2024-09-26 06:40:47.967-07,2024-09-27 11:00:39.87656-07,2024-09-30 11:51:41.089357-07
NY-AT26006-6,2024-09-26 06:40:47.967-07,2024-09-27 11:03:50.517027-07,2024-09-30 11:48:28.708996-07
NY-AT26006-7,2024-09-26 06:40:47.967-07,2024-09-26 13:35:04.649689-07,2024-09-27 09:54:05.950811-07
NY-MX2162-4,2023-12-20 03:22:37.124-08,2024-12-19 12:50:59.895947-08,2025-01-08 08:39:42.340899-08
NY-MX2162-5,2023-12-20 03:22:37.124-08,2024-12-19 12:56:10.789853-08,2025-01-08 08:41:51.790454-08
NY-MX2162-6,2023-12-20 03:22:37.124-08,2024-12-24 02:38:02.171997-08,2025-01-08 08:44:01.922944-08
NY-MX2162-7,2023-12-20 03:22:37.124-08,2024-12-19 13:06:31.622817-08,2025-01-08 08:46:12.085679-08
NY-MX2162-1,2023-12-20 03:22:37.124-08,2024-12-19 12:35:27.805829-08,2025-01-08 08:33:14.115099-08
NY-MX2162-2,2023-12-20 03:22:37.124-08,2024-12-19 12:40:38.314314-08,2025-01-08 08:35:23.516518-08
NY-MX2162-3,2023-12-20 03:22:37.124-08,2024-12-24 02:32:52.557688-08,2025-01-08 08:37:32.915823-08
NY-MX2162-8,2023-12-20 03:22:37.124-08,2025-02-10 01:54:55.962081-08,2025-02-17 00:06:33.589465-08
NY-MX2162-9,2023-12-20 03:22:37.124-08,2025-02-10 01:57:01.863247-08,2025-02-17 00:11:40.61053-08
NY-AT16031-10,2024-03-05 14:59:54.19-08,2024-07-17 13:05:11.013202-07,2024-07-25 14:42:07.860182-07
SQ_AT0060-10,2024-03-22 21:20:19.401-07,2024-11-24 04:21:23.300208-08,2025-01-07 23:15:27.104802-08
SQ_MX2013-1,2024-02-23 11:01:26.702-08,2025-02-10 05:06:55.437967-08,2025-02-17 03:43:13.332146-08
SQ_AT0613-10,2024-03-06 02:32:17.64-08,2024-10-01 12:24:48.864917-07,2024-12-09 09:47:52.297119-08
NY-MX12015-5,2023-11-02 08:08:14.459-07,2024-09-24 15:44:52.693611-07,2024-09-25 10:13:06.316254-07
SQ_AT0613-12,2024-03-06 02:32:17.64-08,2024-10-01 12:31:21.228102-07,2024-12-09 09:50:24.467622-08
NY-MX12048-5,2024-03-30 01:22:28.643-07,2024-08-21 10:21:47.522306-07,2024-08-22 12:23:47.341847-07
NY-MX12048-4,2024-03-30 01:22:28.643-07,2024-07-11 18:08:57.056887-07,2024-08-20 11:16:42.9468-07
NY-MX12048-7,2024-03-30 01:22:28.643-07,2024-08-26 11:56:32.333429-07,2024-09-23 16:50:47.983896-07
NY-AT16032-9,2024-02-11 14:54:22.52-08,2024-03-07 10:10:19.942945-08,2024-12-10 11:04:07.762454-08
NY-MX12048-1,2024-03-30 01:22:28.643-07,2024-07-25 15:10:22.686652-07,2024-08-22 12:22:33.932793-07
NY-MX12048-3,2024-03-30 01:22:28.643-07,2024-07-11 18:08:49.796559-07,2024-08-20 11:16:29.766347-07
NY-MX12048-2,2024-03-30 01:22:28.643-07,2024-07-25 15:10:30.06223-07,2024-08-22 12:23:37.193061-07
NY-MX12048-9,2024-03-30 01:22:28.643-07,2024-08-21 12:45:21.406379-07,2024-08-22 12:15:06.537104-07
NY-MX12048-8,2024-03-30 01:22:28.643-07,2024-08-21 12:45:07.712677-07,2024-08-22 12:14:55.012965-07
SQ_AT0050-5,2024-03-21 14:48:59.736-07,2024-12-11 14:31:00.678814-08,2025-01-07 20:05:49.244238-08
NY-MX12015-9,2023-11-02 08:08:14.459-07,2024-11-22 00:12:50.821293-08,2024-12-10 01:37:08.292224-08
NY-MX2142-6,2023-08-30 03:39:41.236-07,2024-08-28 03:13:58.64095-07,2024-09-11 15:52:52.516624-07
NY-MX2142-7,2023-08-30 03:39:41.236-07,2024-10-01 16:35:40.273956-07,2024-12-09 19:00:07.278709-08
NY-MX2142-4,2023-08-30 03:39:41.236-07,2024-08-28 03:07:37.036951-07,2024-09-11 15:46:29.446524-07
NY-MX2142-5,2023-08-30 03:39:41.236-07,2024-09-02 20:19:25.681024-07,2024-09-11 15:49:40.97925-07
NY-MX2142-2,2023-08-30 03:39:41.236-07,2024-10-01 16:32:27.857891-07,2024-12-09 18:58:55.972596-08
NY-MX2142-3,2023-08-30 03:39:41.236-07,2024-08-28 03:04:26.41633-07,2024-09-11 15:43:17.969116-07
NY-MX2142-1,2023-08-30 03:39:41.236-07,2024-10-01 16:29:12.917203-07,2024-12-09 18:57:44.969273-08
NY-MX2142-8,2023-08-30 03:39:41.236-07,2024-11-24 03:46:37.582405-08,2024-12-09 23:25:23.203737-08
NY-MX2142-9,2023-08-30 03:39:41.236-07,2024-11-24 06:29:42.754269-08,2024-12-10 16:27:56.091158-08
NY-AT16004-9,2024-03-05 14:51:06.015-08,2024-11-15 10:17:58.029642-08,2024-12-09 22:33:51.032008-08
NW-AT0698-1,2024-04-30 04:06:27.043-07,2024-09-26 10:32:54.893289-07,2024-09-30 10:04:44.396977-07
NW-AT0698-2,2024-04-30 04:06:27.043-07,2024-09-26 10:33:06.641014-07,2024-09-30 10:11:08.449216-07
NW-AT0698-3,2024-04-30 04:06:27.043-07,2024-09-26 10:33:34.519174-07,2024-09-30 10:11:23.560693-07
NW-AT0698-4,2024-04-30 04:06:27.043-07,2024-09-26 10:33:47.417864-07,2024-09-30 10:11:38.715543-07
NW-AT0698-5,2024-04-30 04:06:27.043-07,2024-08-28 07:41:14.135196-07,2024-09-11 20:26:20.658898-07
NW-AT0698-7,2024-04-30 04:06:27.043-07,2024-08-28 07:47:34.989185-07,2024-09-11 20:32:43.14541-07
NY-AT16004-7,2024-03-05 14:51:06.015-08,2024-10-21 14:34:26.445783-07,2024-10-30 09:47:37.055658-07
SQ_MX2010-8,2024-03-21 14:23:20.01-07,2024-11-26 10:17:26.841888-08,2024-12-10 15:59:55.120328-08
NW_AT0608-1,2024-03-06 02:41:07.438-08,2024-10-01 11:52:50.195773-07,2024-12-09 09:33:03.248406-08
NW_AT0608-3,2024-03-06 02:41:07.438-08,2024-10-01 11:59:14.436952-07,2024-12-09 09:35:30.543532-08
NW_AT0608-2,2024-03-06 02:41:07.438-08,2024-10-01 11:56:02.647625-07,2024-12-09 09:34:16.084307-08
NW_AT0608-5,2024-03-06 02:41:07.438-08,2024-10-22 09:25:34.127184-07,2024-12-10 16:48:49.214046-08
NW_AT0608-4,2024-03-06 02:41:07.438-08,2024-10-01 12:02:25.175766-07,2024-12-09 09:36:41.539333-08
NW_AT0608-7,2024-03-06 02:41:07.438-08,2024-10-22 09:31:53.298144-07,2024-12-10 16:51:08.072063-08
NW_AT0608-6,2024-03-06 02:41:07.438-08,2024-10-22 09:28:43.682208-07,2024-12-10 16:49:58.595901-08
NW_AT0608-9,2024-03-06 02:41:07.438-08,2024-11-08 11:31:37.814506-08,2024-12-10 12:20:54.135177-08
NW_AT0608-8,2024-03-06 02:41:07.438-08,2024-10-22 09:35:02.51688-07,2024-12-10 16:52:18.179365-08
NY-MX22003-5,2024-09-04 01:08:41.386-07,2024-09-04 10:07:22.560865-07,2024-09-08 21:40:18.48471-07
NY-MX22003-4,2024-09-04 01:08:41.386-07,2024-09-04 10:03:19.051871-07,2024-09-08 21:43:29.400719-07
NY-MX22003-7,2024-09-04 01:08:41.386-07,2024-09-04 10:15:39.937634-07,2024-09-08 21:33:57.156709-07
NY-MX22003-6,2024-09-04 01:08:41.386-07,2024-09-04 10:11:29.720797-07,2024-09-08 21:37:07.996099-07
NY-MX22003-1,2024-09-04 01:08:41.386-07,2024-09-04 09:06:34.14159-07,2024-09-08 22:27:57.876535-07
NY-MX22003-3,2024-09-04 01:08:41.386-07,2024-09-04 09:59:17.769595-07,2024-09-08 21:46:39.833489-07
NY-MX22003-2,2024-09-04 01:08:41.386-07,2024-09-04 09:51:09.052618-07,2024-09-08 21:53:01.393818-07
NY-MX22003-9,2024-09-04 01:08:41.386-07,2024-09-04 10:23:44.994909-07,2024-09-08 21:27:35.256344-07
NY-MX22003-8,2024-09-04 01:08:41.386-07,2024-09-04 10:19:43.422425-07,2024-09-08 21:30:46.597912-07
SQ_MX2013-4,2024-02-23 11:01:26.702-08,2025-02-10 06:28:15.404384-08,2025-02-17 03:58:32.992095-08
SQ_MX2010-4,2024-03-21 14:23:20.01-07,2024-11-24 05:59:40.597076-08,2025-01-08 01:46:02.586003-08
SQ_AT0024-8,2023-11-17 20:31:02.568-08,2025-02-27 14:20:34.264442-08,2025-03-03 13:08:53.552426-08
NY-MX22010-20,2024-10-19 11:30:34.066-07,2024-10-29 12:09:11.847197-07,2024-10-31 11:49:02.26923-07
SQ_AT0024-9,2023-11-17 20:31:02.568-08,2024-01-17 13:43:44.661523-08,2025-01-08 03:01:53.987228-08
NY-MX22010-21,2024-10-19 11:30:34.066-07,2024-10-28 16:41:59.862365-07,2024-10-31 12:00:33.844786-07
SQ_MX2013-5,2024-02-23 11:01:26.702-08,2025-02-10 07:45:22.699683-08,2025-02-17 04:03:39.617126-08
NW_MX2081-1,2024-01-11 20:16:57.709-08,2024-01-12 13:13:11.972554-08,2024-12-10 17:27:12.911215-08
NW_MX2081-2,2024-01-11 20:16:57.709-08,2024-08-27 15:45:28.262485-07,2024-09-10 13:23:41.457722-07
NW-TX4105-5,2024-04-12 23:03:42.429-07,2024-04-15 09:25:45.19007-07,2025-01-15 09:56:19.879868-08
NW_MX2081-4,2024-01-11 20:16:57.709-08,2024-12-18 16:23:57.15701-08,2025-01-08 06:57:59.75297-08
NW-TX4105-3,2024-04-12 23:03:42.429-07,2024-04-15 09:25:24.06067-07,2025-01-15 09:55:54.601479-08
NW_MX2081-7,2024-01-11 20:16:57.709-08,2024-10-22 03:31:51.478954-07,2024-12-11 00:27:22.548871-08
NW-MX2172-6,2024-02-01 18:38:22-08,2024-10-01 19:37:25.007417-07,2024-12-09 20:08:14.910657-08
NW-MX2136-10,2024-02-29 11:22:05.451-08,2025-02-08 15:12:05.801091-08,2025-02-16 13:25:52.996405-08
NY-MX12030-1,2024-02-02 23:09:50.637-08,2024-08-19 14:37:04.341692-07,2024-08-21 10:06:13.378334-07
NY-MX12030-2,2024-02-02 23:09:50.637-08,2024-07-11 18:06:19.169134-07,2024-08-20 09:31:19.278282-07
NY-MX12030-3,2024-02-02 23:09:50.637-08,2024-07-25 15:10:07.224652-07,2024-08-22 12:21:28.84521-07
NW_MX2104-8,2024-03-05 11:36:52.491-08,2024-12-19 10:57:15.913627-08,2025-01-08 07:41:17.799976-08
NW_MX2104-9,2024-03-05 11:36:52.491-08,2024-12-19 11:02:25.903837-08,2025-01-08 07:43:28.267971-08
NY-MX12030-6,2024-02-02 23:09:50.637-08,2024-07-25 14:59:08.218189-07,2024-08-16 12:01:03.49097-07
NY-MX12030-7,2024-02-02 23:09:50.637-08,2024-02-07 09:59:53.155502-08,2024-12-10 00:21:02.994129-08
NW_MX2104-4,2024-03-05 11:36:52.491-08,2025-02-08 14:38:26.2323-08,2025-02-16 12:04:04.465544-08
NW_MX2104-5,2024-03-05 11:36:52.491-08,2025-02-08 14:40:32.343429-08,2025-02-16 12:09:11.336483-08
NW_MX2104-6,2024-03-05 11:36:52.491-08,2025-02-08 14:42:38.403044-08,2025-02-16 12:14:17.746571-08
NW_MX2104-7,2024-03-05 11:36:52.491-08,2024-10-01 12:15:08.478771-07,2024-12-09 09:44:06.739995-08
SQ_AT0039-8,2024-02-15 05:04:05.344-08,2024-02-15 15:10:15.442506-08,2025-01-08 04:30:40.551325-08
NW_MX2104-1,2024-03-05 11:36:52.491-08,2024-12-19 10:52:06.348175-08,2025-01-08 07:39:07.596521-08
NW_MX2104-2,2024-03-05 11:36:52.491-08,2024-10-22 04:34:59.31928-07,2024-12-11 00:36:38.886262-08
NW_MX2104-3,2024-03-05 11:36:52.491-08,2025-02-08 14:36:19.982617-08,2025-02-16 11:58:57.598887-08
NY-MX12002-8,2024-03-05 10:14:51.313-08,2024-07-11 18:05:10.037995-07,2024-08-15 14:11:29.287689-07
SQ_AT014-8,2024-03-21 14:34:16.705-07,2025-02-10 04:28:28.070381-08,2025-02-17 03:22:47.211098-08
SQ_AT014-9,2024-03-21 14:34:16.705-07,2024-11-24 04:56:04.898655-08,2024-12-05 11:33:00.03115-08
SQ_AT014-3,2024-03-21 14:34:16.705-07,2025-02-10 03:47:58.56975-08,2025-02-17 02:57:12.60337-08
NY-AT26007-20,2024-10-05 17:01:13.013-07,2024-10-08 10:23:54.592183-07,2024-10-09 10:18:44.595355-07
NY-AT26007-21,2024-10-05 17:01:13.013-07,2024-10-09 09:46:33.758569-07,2024-10-10 09:23:17.842535-07
NY-AT26007-22,2024-10-05 17:01:13.013-07,2024-10-08 10:24:16.876976-07,2024-10-09 09:56:29.696698-07
SQ_AT014-5,2024-03-21 14:34:16.705-07,2025-02-10 03:52:10.408414-08,2025-02-17 03:07:26.55135-08
NY-MX12002-2,2024-03-05 10:14:51.313-08,2024-08-21 10:16:22.333395-07,2024-08-22 12:20:01.117694-07
NY-MX12011-3,2023-10-18 16:20:19.303-07,2024-11-21 23:23:59.614493-08,2024-12-10 01:19:04.118246-08
NY-MX12011-2,2023-10-18 16:20:19.303-07,2024-11-13 14:14:00.992604-08,2024-12-10 10:55:59.84898-08
NY-MX12011-1,2023-10-18 16:20:19.303-07,2024-11-13 14:10:50.446515-08,2024-12-10 10:54:50.476353-08
NY-MX12011-7,2023-10-18 16:20:19.303-07,2024-09-24 15:33:51.752975-07,2024-09-25 09:59:15.706756-07
NY-MX12011-6,2023-10-18 16:20:19.303-07,2024-09-24 15:33:38.349485-07,2024-09-25 09:58:47.03897-07
NY-MX12011-5,2023-10-18 16:20:19.303-07,2024-09-24 15:33:14.409806-07,2024-09-25 09:58:31.660164-07
NY-MX12011-4,2023-10-18 16:20:19.303-07,2024-09-24 15:32:58.712329-07,2024-09-25 09:58:10.538437-07
NY-MX12011-9,2023-10-18 16:20:19.303-07,2024-07-25 14:41:06.275142-07,2024-12-10 10:58:19.382565-08
NY-MX12011-8,2023-10-18 16:20:19.303-07,2024-11-15 10:22:30.646843-08,2024-12-10 10:57:09.763805-08
NY-AT16046-6,2024-03-25 21:14:19.302-07,2024-08-26 10:54:05.385815-07,2024-09-23 16:45:01.763954-07
SQ_AT0572-8,2024-02-27 23:52:22.043-08,2024-12-17 13:42:57.332764-08,2025-01-08 05:35:37.794837-08
NY-TX14015-4,2023-11-02 07:25:46.762-07,2023-11-02 09:44:40.130379-07,2023-12-08 02:05:36.846531-08
SQ_AT0572-3,2024-02-27 23:52:22.043-08,2024-12-17 08:19:08.268397-08,2025-01-08 05:29:08.187529-08
SQ_AT0572-6,2024-02-27 23:52:22.043-08,2024-11-07 11:36:33.010329-08,2025-03-21 12:33:57.009852-07
NY-TX14015-1,2023-11-02 07:25:46.762-07,2023-11-02 09:43:48.312512-07,2023-12-08 02:05:12.92616-08
NY-TX14015-2,2023-11-02 07:25:46.762-07,2023-11-02 09:44:07.682681-07,2023-12-08 02:05:20.92816-08
NY-TX14015-3,2023-11-02 07:25:46.762-07,2023-11-02 09:44:24.793533-07,2023-12-08 02:05:28.923268-08
NY-TX4081-9,2023-05-16 06:36:51.564-07,2025-02-09 22:44:52.174772-08,2025-02-16 22:29:13.381235-08
NY-TX4081-8,2023-05-16 06:36:51.564-07,2025-02-09 22:42:45.023124-08,2025-02-16 22:24:05.627633-08
NY-TX4081-5,2023-05-16 06:36:51.564-07,2025-02-09 22:21:26.07449-08,2025-02-16 22:08:45.575796-08
NY-TX4081-4,2023-05-16 06:36:51.564-07,2025-02-18 10:14:44.409788-08,2025-02-27 12:32:19.850372-08
NY-TX4081-7,2023-05-16 06:36:51.564-07,2025-02-09 22:25:38.315282-08,2025-02-16 22:18:59.129633-08
NY-TX4081-6,2023-05-16 06:36:51.564-07,2025-02-09 22:23:32.417384-08,2025-02-16 22:13:52.68914-08
NY-TX4081-1,2023-05-16 06:36:51.564-07,2025-02-18 09:59:18.265292-08,2025-02-19 11:18:46.972247-08
NY-TX4081-3,2023-05-16 06:36:51.564-07,2025-02-18 10:09:30.433133-08,2025-02-27 12:27:02.346859-08
NY-TX4081-2,2023-05-16 06:36:51.564-07,2025-02-19 12:40:08.71348-08,2025-02-20 00:51:02.884488-08
NW_MX2069-8,2024-02-23 07:16:19.408-08,2024-10-21 19:40:01.298765-07,2024-12-09 21:17:25.478575-08
NW_MX2069-9,2024-02-23 07:16:19.408-08,2024-10-21 20:46:34.453507-07,2024-12-09 21:37:38.397481-08
NW_MX2069-2,2024-02-23 07:16:19.408-08,2024-12-18 14:28:04.027832-08,2025-01-08 06:10:16.761381-08
NW_MX2069-3,2024-02-23 07:16:19.408-08,2024-12-18 14:35:17.262555-08,2025-01-08 06:12:27.019336-08
NW_MX2069-1,2024-02-23 07:16:19.408-08,2024-10-22 02:03:25.005534-07,2024-12-11 00:15:43.488547-08
NW_MX2069-6,2024-02-23 07:16:19.408-08,2024-11-05 16:44:34.903573-08,2024-12-10 12:06:58.570106-08
NW_MX2069-7,2024-02-23 07:16:19.408-08,2024-10-21 19:36:51.469427-07,2024-12-09 21:16:14.219789-08
NW_MX2069-4,2024-02-23 07:16:19.408-08,2024-12-24 02:22:33.730437-08,2025-01-08 06:14:38.015432-08
NW_MX2069-5,2024-02-23 07:16:19.408-08,2024-12-18 14:45:36.886342-08,2025-01-08 06:16:48.77455-08
SQ_AT0023-7,2023-11-17 20:40:46.235-08,2024-10-21 18:13:55.836686-07,2025-01-07 16:21:44.046506-08
SQ_AT0023-1,2023-11-17 20:40:46.235-08,2024-11-26 09:58:31.866947-08,2025-01-07 16:19:34.159491-08
SQ_AT0023-2,2023-11-17 20:40:46.235-08,2025-02-27 15:06:42.583111-08,2025-03-03 13:56:15.631507-08
SQ_AT0023-8,2023-11-17 20:40:46.235-08,2024-10-21 18:17:06.824916-07,2025-01-07 16:23:54.317649-08
SQ_AT0059-8,2024-03-23 09:16:57.595-07,2024-11-07 11:13:48.993506-08,2025-03-21 12:13:15.082531-07
SQ_AT0059-9,2024-03-23 09:16:57.595-07,2024-12-11 11:04:56.071059-08,2025-01-07 17:28:49.078789-08
NY-AT0671-3,2023-10-19 01:51:09.879-07,2025-02-11 08:09:16.682029-08,2025-02-17 08:55:03.254201-08
SQ_AT0059-6,2024-03-23 09:16:57.595-07,2024-11-19 08:23:43.371323-08,2025-03-21 12:06:30.083177-07
SQ_AT0059-7,2024-03-23 09:16:57.595-07,2024-11-07 11:10:34.364773-08,2025-03-21 12:09:57.551616-07
SQ_AT0059-4,2024-03-23 09:16:57.595-07,2024-11-24 04:05:35.972436-08,2025-01-07 23:04:34.632765-08
NY-MX12035-1,2024-02-23 02:14:03.559-08,2024-03-27 12:22:26.749414-07,2024-12-10 00:32:01.210462-08
NY-MX12035-3,2024-02-23 02:14:03.559-08,2024-07-25 14:59:16.334749-07,2024-08-15 12:40:09.565302-07
NY-MX12035-2,2024-02-23 02:14:03.559-08,2024-07-11 18:06:41.599144-07,2024-08-20 09:36:09.156996-07
NY-AT16053-9,2024-04-17 07:01:27.665-07,2024-07-12 10:45:45.16738-07,2024-08-22 15:09:02.260819-07
NY-MX12035-7,2024-02-23 02:14:03.559-08,2024-08-15 11:58:47.73769-07,2024-08-22 17:39:10.164007-07
NY-MX12035-6,2024-02-23 02:14:03.559-08,2024-08-21 15:29:42.892924-07,2024-08-22 17:39:30.852962-07
NY-AT16053-5,2024-04-17 07:01:27.665-07,2024-07-12 10:45:15.961125-07,2024-08-22 10:40:06.655841-07
NY-AT16053-4,2024-04-17 07:01:27.665-07,2024-07-25 14:22:20.094244-07,2024-12-03 13:22:40.122057-08
NY-AT16053-7,2024-04-17 07:01:27.665-07,2024-07-12 10:45:30.596713-07,2024-08-22 10:40:17.358673-07
NY-AT16053-1,2024-04-17 07:01:27.665-07,2024-10-21 14:21:48.444579-07,2024-10-30 09:46:12.602078-07
NY-AT16053-3,2024-04-17 07:01:27.665-07,2024-07-25 14:22:12.617295-07,2024-08-14 15:17:58.372621-07
NY-AT16053-2,2024-04-17 07:01:27.665-07,2024-10-21 14:18:37.627711-07,2024-10-30 09:45:54.308477-07
NW_TX4044-4,2024-03-05 10:46:17.286-08,2025-02-11 21:03:56.109851-08,2025-02-17 12:40:04.405759-08
NW-AT0703-9,2024-05-24 00:40:15.194-07,2024-09-26 10:38:24.301703-07,2024-09-30 10:16:03.319321-07
NW-AT0703-8,2024-05-24 00:40:15.194-07,2024-09-26 10:38:07.984788-07,2024-09-30 10:15:34.244738-07
NW_TX4044-5,2024-03-05 10:46:17.286-08,2025-02-11 23:36:07.993526-08,2025-02-17 12:45:18.34398-08
NW-AT0703-5,2024-05-24 00:40:15.194-07,2024-08-28 09:19:24.838355-07,2024-09-11 21:46:12.397465-07
NW-AT0703-4,2024-05-24 00:40:15.194-07,2024-08-27 17:05:37.618937-07,2024-09-10 15:11:25.34325-07
NW-AT0703-7,2024-05-24 00:40:15.194-07,2024-08-27 17:12:07.620746-07,2024-09-10 15:19:04.20719-07
NW-AT0703-6,2024-05-24 00:40:15.194-07,2024-08-27 17:08:52.449146-07,2024-09-10 15:15:15.72402-07
NW-AT0703-1,2024-05-24 00:40:15.194-07,2024-09-26 10:37:46.594577-07,2024-09-30 10:15:19.350128-07
NW-AT0703-3,2024-05-24 00:40:15.194-07,2024-08-27 17:02:22.810609-07,2024-09-10 15:07:37.323013-07
NW-AT0703-2,2024-05-24 00:40:15.194-07,2024-08-28 09:12:46.26831-07,2024-09-11 21:43:00.833162-07
NW_TX4037-6,2024-03-05 11:13:05.82-08,2025-02-11 11:28:54.953826-08,2025-02-17 10:16:50.697637-08
NW_TX4037-4,2024-03-05 11:13:05.82-08,2024-10-22 10:53:57.485844-07,2024-12-10 16:15:10.893424-08
NW_TX4037-5,2024-03-05 11:13:05.82-08,2024-10-22 10:57:06.844874-07,2024-12-10 16:16:20.653879-08
NW_TX4037-2,2024-03-05 11:13:05.82-08,2024-10-22 10:47:38.778687-07,2024-12-10 16:13:59.100092-08
NW_TX4037-3,2024-03-05 11:13:05.82-08,2025-02-11 11:26:47.910295-08,2025-02-17 10:11:44.150256-08
NW-TX4117-3,2024-08-05 18:51:24.265-07,2025-01-12 17:45:23.168562-08,2025-02-13 14:28:22.602385-08
NW-TX4117-2,2024-08-05 18:51:24.265-07,2025-01-12 17:43:10.553135-08,2025-02-13 14:27:07.405652-08
NW-TX4117-1,2024-08-05 18:51:24.265-07,2025-01-12 17:40:59.106232-08,2025-02-13 14:26:12.467121-08
NW-TX4117-6,2024-08-05 18:51:24.265-07,2024-08-12 13:20:04.02628-07,2025-01-24 12:46:09.963439-08
NW-TX4117-5,2024-08-05 18:51:24.265-07,2024-08-12 13:19:40.34919-07,2025-01-24 12:45:52.411415-08
NW-TX4117-4,2024-08-05 18:51:24.265-07,2024-08-12 13:19:18.436192-07,2025-01-24 12:45:34.642948-08
NW-MX2188-8,2024-06-18 15:30:50.537-07,2024-09-02 11:00:26.107126-07,2024-09-10 15:42:10.585453-07
NY-MX12073-7,2024-07-09 06:52:13.545-07,2024-07-22 15:48:01.715484-07,2024-12-02 13:14:37.126613-08
NY-MX12073-6,2024-07-09 06:52:13.545-07,2024-07-17 13:08:03.830201-07,2024-12-10 11:30:53.439714-08
NY-AT16018-8,2023-11-11 09:34:22.405-08,2024-11-22 00:44:32.849649-08,2024-12-10 01:48:53.6811-08
NY-AT16018-9,2023-11-11 09:34:22.405-08,2024-11-22 00:47:42.511365-08,2024-12-10 01:50:04.176226-08
NY-MX12073-3,2024-07-09 06:52:13.545-07,2024-11-19 08:55:31.625308-08,2024-12-03 13:45:26.378225-08
NY-MX12073-2,2024-07-09 06:52:13.545-07,2024-11-19 08:52:21.597946-08,2024-12-03 13:45:11.813166-08
NY-MX12073-1,2024-07-09 06:52:13.545-07,2024-07-17 13:07:55.75199-07,2024-12-10 11:29:43.474088-08
NY-AT16018-2,2023-11-11 09:34:22.405-08,2024-09-24 15:52:05.168511-07,2024-09-25 10:23:53.631285-07
NY-AT16018-3,2023-11-11 09:34:22.405-08,2024-09-24 15:52:21.783093-07,2024-09-25 10:24:05.649623-07
NY-AT16018-1,2023-11-11 09:34:22.405-08,2024-09-24 15:51:16.99774-07,2024-09-25 10:23:40.310428-07
NY-AT16018-6,2023-11-11 09:34:22.405-08,2024-11-22 00:38:13.483368-08,2024-12-10 01:46:31.736484-08
NY-AT16018-7,2023-11-11 09:34:22.405-08,2024-11-22 00:41:22.822345-08,2024-12-10 01:47:43.348687-08
NY-AT16018-4,2023-11-11 09:34:22.405-08,2024-09-24 15:52:38.755296-07,2024-09-25 10:24:17.426128-07
NY-AT16018-5,2023-11-11 09:34:22.405-08,2024-09-24 15:52:57.352733-07,2024-09-25 10:24:28.797997-07
NY-AT16015-3,2023-11-02 12:08:32.255-07,2024-09-24 15:44:07.028222-07,2024-09-25 10:12:40.939937-07
NY-AT16015-2,2023-11-02 12:08:32.255-07,2024-09-24 15:43:48.451687-07,2024-09-25 10:12:21.993421-07
NY-AT16015-1,2023-11-02 12:08:32.255-07,2024-09-24 15:43:34.633927-07,2024-09-25 10:11:59.209567-07
NY-AT16015-7,2023-11-02 12:08:32.255-07,2024-02-26 15:42:55.40342-08,2024-12-10 00:13:59.097045-08
NY-AT16015-6,2023-11-02 12:08:32.255-07,2024-09-24 15:45:05.558268-07,2024-09-25 10:13:18.076539-07
NY-AT16015-5,2023-11-02 12:08:32.255-07,2024-09-24 15:44:52.693611-07,2024-09-25 10:13:06.316254-07
NY-AT16015-4,2023-11-02 12:08:32.255-07,2024-09-24 15:44:37.840526-07,2024-09-25 10:12:55.082306-07
NY-AT16015-9,2023-11-02 12:08:32.255-07,2024-11-22 00:12:50.821293-08,2024-12-10 01:37:08.292224-08
NY-AT16015-8,2023-11-02 12:08:32.255-07,2024-02-26 15:43:18.871033-08,2024-12-10 00:15:09.654996-08
NY-AT16007-10,2024-03-05 15:23:49.692-08,2024-11-13 13:35:49.483146-08,2024-12-03 13:12:04.646316-08
NY-AT16007-11,2024-03-05 15:23:49.692-08,2023-12-12 09:28:25.071071-08,2024-12-10 00:03:15.156751-08
NY-MX2158-9,2023-12-05 03:27:10.115-08,2024-12-19 11:43:46.77472-08,2025-01-08 08:00:45.289211-08
NY-MX2158-8,2023-12-05 03:27:10.115-08,2024-12-19 11:38:37.226742-08,2025-01-08 07:58:35.84694-08
NY-TX14010-1,2023-09-20 20:05:42.136-07,2023-09-27 14:04:13.017289-07,2023-12-15 02:07:52.075323-08
NY-TX14010-3,2023-09-20 20:05:42.136-07,2023-10-02 16:33:09.074652-07,2023-12-15 02:08:14.252905-08
NY-TX14010-2,2023-09-20 20:05:42.136-07,2023-09-27 14:02:45.267557-07,2023-12-15 02:08:04.539197-08
NY-MX2158-3,2023-12-05 03:27:10.115-08,2024-12-19 11:17:55.457447-08,2025-01-08 07:49:57.180684-08
NY-MX2158-2,2023-12-05 03:27:10.115-08,2024-10-22 04:53:56.49037-07,2024-12-11 00:38:57.76252-08
NY-MX2158-1,2023-12-05 03:27:10.115-08,2024-10-22 04:50:47.102544-07,2024-12-11 00:37:48.401451-08
NY-MX2158-7,2023-12-05 03:27:10.115-08,2024-12-19 11:33:26.813503-08,2025-01-08 07:56:26.364813-08
NY-MX2158-6,2023-12-05 03:27:10.115-08,2024-12-19 11:28:14.620867-08,2025-01-08 07:54:16.478946-08
NY-MX2158-5,2023-12-05 03:27:10.115-08,2024-10-22 05:03:24.297634-07,2024-12-11 00:40:07.723305-08
NY-MX2158-4,2023-12-05 03:27:10.115-08,2024-12-19 11:23:05.256085-08,2025-01-08 07:52:06.555267-08
NY-MX2155-8,2023-11-22 06:30:16.48-08,2024-08-28 06:34:28.465497-07,2024-09-11 19:19:11.375068-07
NY-AT26003-20,2024-08-31 19:19:23.43-07,2024-09-04 09:55:13.002174-07,2024-09-08 21:49:50.874619-07
NY-MX12076-8,2024-07-24 02:12:53.776-07,2024-11-11 18:32:24.327755-08,2025-03-21 11:40:42.411388-07
NY-MX12076-9,2024-07-24 02:12:53.776-07,2024-11-11 18:39:40.496264-08,2024-12-02 13:20:17.677896-08
NY-MX12076-6,2024-07-24 02:12:53.776-07,2024-07-25 14:20:04.626718-07,2024-12-02 13:19:28.555564-08
NY-MX12076-7,2024-07-24 02:12:53.776-07,2024-11-11 18:26:05.7329-08,2025-03-21 11:00:09.390672-07
NY-MX12076-4,2024-07-24 02:12:53.776-07,2024-11-14 11:13:02.025573-08,2025-03-21 11:37:35.722713-07
NY-MX12076-5,2024-07-24 02:12:53.776-07,2024-11-11 18:18:21.292412-08,2025-03-21 12:46:34.612606-07
NY-MX12076-2,2024-07-24 02:12:53.776-07,2024-11-11 17:55:25.413852-08,2024-12-02 13:17:41.683951-08
NY-MX12076-3,2024-07-24 02:12:53.776-07,2024-11-11 18:02:55.172984-08,2024-12-02 13:17:58.800452-08
NY-MX12076-1,2024-07-24 02:12:53.776-07,2024-07-26 11:02:16.286527-07,2024-09-24 15:08:53.237606-07
NY-MX12022-4,2023-12-09 21:03:38.367-08,2024-11-11 13:30:36.870827-08,2024-12-02 12:53:59.486595-08
NW_TX4052-5,2024-02-29 15:49:20.045-08,2025-02-19 12:34:57.299299-08,2025-02-20 00:51:46.162838-08
NW_TX4052-6,2024-02-29 15:49:20.045-08,2024-03-01 09:45:32.942671-08,2024-03-07 10:18:03.994809-08
NW_TX4052-1,2024-02-29 15:49:20.045-08,2024-03-01 09:44:30.415396-08,2024-03-07 10:17:08.58598-08
NW_TX4052-3,2024-02-29 15:49:20.045-08,2024-03-01 09:44:51.939431-08,2024-03-07 10:17:45.837838-08
NW_TX4052-2,2024-02-29 15:49:20.045-08,2024-03-01 09:44:41.514077-08,2024-03-07 10:17:27.879159-08
SQ_AT0051-10,2024-01-11 21:36:43.156-08,2024-12-17 10:50:22.961483-08,2025-01-07 20:25:26.380291-08
SQ_AT0051-11,2024-01-11 21:36:43.156-08,2024-12-17 10:56:07.173856-08,2025-01-07 20:27:37.596133-08
SQ_AT0051-12,2024-01-11 21:36:43.156-08,2024-12-17 06:04:31.635992-08,2025-01-07 20:29:48.889361-08
SQ_AT0051-13,2024-01-11 21:36:43.156-08,2024-12-17 11:07:42.329621-08,2025-01-07 20:32:02.72498-08
NW_TX4052-8,2024-02-29 15:49:20.045-08,2024-03-01 09:45:53.787433-08,2024-03-06 14:39:29.517424-08
NY-AT16031-1,2024-03-05 14:59:54.19-08,2024-02-13 09:28:47.844716-08,2024-12-10 00:25:58.663204-08
NY-AT16031-3,2024-03-05 14:59:54.19-08,2024-11-19 09:08:12.111664-08,2024-12-10 00:52:46.763196-08
NY-AT16031-2,2024-03-05 14:59:54.19-08,2024-11-13 15:46:15.538287-08,2024-12-10 10:59:28.936476-08
NY-AT16031-5,2024-03-05 14:59:54.19-08,2024-11-19 09:11:21.985019-08,2024-12-10 00:54:02.005955-08
NY-AT16031-4,2024-03-05 14:59:54.19-08,2024-07-11 18:06:34.174539-07,2024-08-20 09:33:31.277019-07
NY-AT16031-7,2024-03-05 14:59:54.19-08,2024-07-17 13:05:02.409853-07,2024-12-10 11:00:38.818183-08
NY-AT16031-6,2024-03-05 14:59:54.19-08,2024-11-19 09:14:32.069682-08,2024-12-10 00:55:16.150741-08
NY-AT16031-9,2024-03-05 14:59:54.19-08,2024-02-12 14:47:11.173156-08,2024-12-10 00:28:22.562364-08
NY-AT16031-8,2024-03-05 14:59:54.19-08,2024-02-12 14:46:37.046297-08,2024-12-10 00:27:10.39245-08
NW-AT0712-5,2024-07-31 20:37:08.508-07,2024-08-27 18:38:40.572669-07,2024-09-10 16:56:21.961211-07
NY-MX22001-20,2024-03-21 23:18:50.644-07,2024-11-19 08:01:41.80981-08,2024-12-03 13:52:01.336989-08
SQ_AT0019-10,2023-11-17 20:30:29.359-08,2024-10-22 09:41:20.625927-07,2025-01-08 02:05:34.958581-08
SQ_AT0019-11,2023-11-17 20:30:29.359-08,2024-12-17 11:53:29.550088-08,2025-01-07 21:13:44.04839-08
NY-AT26009-20,2024-10-12 17:21:04.974-07,2024-10-13 02:21:35.343508-07,2024-10-14 11:14:37.587096-07
NY-AT26009-21,2024-10-12 17:21:04.974-07,2024-10-13 02:24:45.697219-07,2024-10-14 11:08:16.094957-07
NY-AT16082-11,2024-08-16 12:36:49.677-07,2024-08-19 12:23:42.405395-07,2025-03-21 12:49:41.448549-07
NY-AT16082-10,2024-08-16 12:36:49.677-07,2024-08-19 12:23:34.856306-07,2024-09-06 17:35:52.888258-07
NY-AT16062-2,2024-06-18 23:43:34.321-07,2024-07-12 10:44:16.795389-07,2024-12-10 11:48:21.728324-08
NW-MX2190-5,2024-07-10 02:14:27.886-07,2024-08-28 11:41:06.048235-07,2024-09-11 23:09:06.508912-07
NW-MX2190-4,2024-07-10 02:14:27.886-07,2024-08-28 11:37:55.302265-07,2024-09-11 23:05:55.756511-07
NW-MX2190-7,2024-07-10 02:14:27.886-07,2024-08-28 11:47:28.107513-07,2024-09-11 23:15:28.255263-07
NW-MX2190-6,2024-07-10 02:14:27.886-07,2024-08-28 11:44:17.168928-07,2024-09-11 23:12:17.236437-07
NW-MX2190-1,2024-07-10 02:14:27.886-07,2024-08-27 18:00:27.781134-07,2024-09-10 16:17:25.589873-07
NW-MX2190-3,2024-07-10 02:14:27.886-07,2024-08-28 11:34:44.809564-07,2024-09-11 23:02:45.004818-07
NW-MX2190-2,2024-07-10 02:14:27.886-07,2024-08-28 11:31:34.406551-07,2024-09-11 22:59:33.285119-07
NW-MX2190-9,2024-07-10 02:14:27.886-07,2024-08-28 11:53:49.319016-07,2024-09-11 23:21:49.537271-07
NW-MX2190-8,2024-07-10 02:14:27.886-07,2024-08-28 11:50:38.976744-07,2024-09-11 23:18:39.251233-07
NW_MX2095-3,2024-01-11 21:16:40.854-08,2024-11-05 13:28:07.04441-08,2024-12-09 22:53:42.158739-08
NW_MX2095-2,2024-01-11 21:16:40.854-08,2024-02-07 14:18:02.118717-08,2024-12-10 17:43:29.25237-08
NW_MX2095-7,2024-01-11 21:16:40.854-08,2024-10-01 11:11:17.048168-07,2024-12-09 09:25:35.255124-08
NW_MX2095-4,2024-01-11 21:16:40.854-08,2024-11-05 13:31:16.345782-08,2024-12-09 22:54:52.509326-08
NW_MX2095-9,2024-01-11 21:16:40.854-08,2024-10-01 11:17:39.031971-07,2024-12-09 09:28:04.644528-08
NW_MX2095-8,2024-01-11 21:16:40.854-08,2024-10-01 11:14:27.946956-07,2024-12-09 09:26:50.255405-08
SQ_AT0575-11,2024-03-07 17:03:36.724-08,2024-11-24 02:33:57.905096-08,2024-12-09 09:20:34.243305-08
SQ_AT0575-12,2024-03-07 17:03:36.724-08,2024-11-24 02:37:06.28895-08,2024-12-09 09:21:49.699604-08
NW-MX2176-9,2024-04-09 04:14:37.613-07,2024-09-26 10:30:23.510355-07,2024-09-30 10:02:41.056216-07
NW-MX2176-8,2024-04-09 04:14:37.613-07,2024-09-26 10:29:59.296007-07,2024-09-30 10:02:28.551669-07
NW-MX2176-4,2024-04-09 04:14:37.613-07,2024-09-26 10:28:46.964167-07,2024-09-30 10:01:25.849623-07
NW-MX2176-7,2024-04-09 04:14:37.613-07,2024-09-26 10:29:47.675795-07,2024-09-30 10:02:16.09555-07
NW-MX2176-6,2024-04-09 04:14:37.613-07,2024-09-26 10:29:28.197977-07,2024-09-30 10:01:55.181211-07
NW-MX2176-1,2024-04-09 04:14:37.613-07,2024-09-26 10:27:50.612092-07,2024-09-30 10:00:08.222439-07
NW-MX2176-3,2024-04-09 04:14:37.613-07,2024-09-26 10:28:29.362155-07,2024-09-30 10:01:10.563945-07
NW-MX2176-2,2024-04-09 04:14:37.613-07,2024-09-26 10:28:09.964513-07,2024-09-30 10:00:52.537921-07
NY-MX22006-12,2024-09-26 00:23:23.453-07,2024-09-27 10:06:48.196529-07,2024-09-30 12:46:11.981496-07
NY-MX22006-13,2024-09-26 00:23:23.453-07,2024-09-27 10:09:58.457195-07,2024-09-30 12:43:00.307799-07
NY-AT16057-6,2024-05-01 10:13:29.739-07,2024-08-19 14:37:43.374835-07,2024-08-21 10:07:18.108382-07
NY-AT16057-9,2024-05-01 10:13:29.739-07,2024-08-20 16:49:32.688085-07,2024-08-21 10:07:50.125676-07
NY-MX12006-9,2024-03-05 07:49:00.642-08,2024-11-19 08:57:03.286881-08,2024-12-03 13:11:46.592434-08
NY-MX12006-8,2024-03-05 07:49:00.642-08,2024-08-16 11:53:27.511381-07,2024-08-22 12:11:07.777454-07
NY-AT16057-8,2024-05-01 10:13:29.739-07,2024-08-20 16:49:20.340266-07,2024-08-21 10:07:39.490468-07
NY-MX12006-3,2024-03-05 07:49:00.642-08,2024-10-21 14:56:33.381802-07,2024-10-30 09:49:57.876582-07
NY-MX12006-2,2024-03-05 07:49:00.642-08,2024-07-12 10:45:09.03383-07,2024-08-22 15:07:24.738616-07
NY-MX12006-1,2024-03-05 07:49:00.642-08,2024-02-21 09:15:09.115132-08,2024-08-19 11:24:16.41677-07
NY-MX12006-7,2024-03-05 07:49:00.642-08,2024-08-16 11:49:00.086296-07,2024-08-22 12:10:50.995326-07
NY-MX12006-6,2024-03-05 07:49:00.642-08,2024-10-21 15:06:01.588166-07,2024-10-30 09:50:43.146679-07
NY-MX12006-5,2024-03-05 07:49:00.642-08,2024-10-21 15:02:52.263103-07,2024-10-30 09:50:31.318037-07
NY-MX12006-4,2024-03-05 07:49:00.642-08,2024-10-21 14:59:42.981455-07,2024-10-30 09:50:18.980895-07
NW_MX2074-1,2024-02-15 03:22:42.982-08,2024-02-15 09:11:28.119312-08,2024-12-10 19:06:19.109215-08
NW_MX2074-2,2024-02-15 03:22:42.982-08,2025-02-08 16:19:40.428452-08,2025-02-16 16:09:26.923375-08
NW_MX2074-3,2024-02-15 03:22:42.982-08,2025-02-08 16:21:46.340239-08,2025-02-16 16:14:33.308533-08
NW_MX2074-4,2024-02-15 03:22:42.982-08,2025-02-08 16:23:52.286029-08,2025-02-16 16:19:40.565714-08
NW_MX2074-5,2024-02-15 03:22:42.982-08,2025-02-08 16:25:58.159152-08,2025-02-16 16:24:47.916733-08
NW_MX2074-6,2024-02-15 03:22:42.982-08,2024-01-12 13:10:51.354782-08,2024-12-10 17:23:44.297993-08
NW_MX2074-7,2024-02-15 03:22:42.982-08,2024-01-12 13:11:17.818933-08,2024-12-10 17:24:53.559135-08
NW_MX2074-8,2024-02-15 03:22:42.982-08,2025-02-08 16:28:03.939399-08,2025-02-16 16:29:55.630343-08
NW_MX2074-9,2024-02-15 03:22:42.982-08,2025-02-08 16:30:09.88583-08,2025-02-16 16:35:03.47605-08
NY-AT0671-1,2023-10-19 01:51:09.879-07,2025-02-11 06:55:28.527961-08,2025-02-17 08:24:22.681707-08
NY-AT0671-2,2023-10-19 01:51:09.879-07,2025-02-11 08:07:09.9353-08,2025-02-17 08:49:56.758458-08
NY-AT0671-5,2023-10-19 01:51:09.879-07,2024-10-21 17:38:39.586861-07,2024-12-09 19:10:49.59651-08
NY-AT0671-4,2023-10-19 01:51:09.879-07,2024-10-01 17:02:11.316654-07,2024-12-09 19:09:36.40955-08
NY-AT0671-7,2023-10-19 01:51:09.879-07,2024-08-28 05:02:16.66831-07,2024-09-11 17:41:55.738037-07
NY-AT0671-6,2023-10-19 01:51:09.879-07,2024-08-28 04:59:06.557629-07,2024-09-11 17:38:44.696368-07
NY-AT0671-9,2023-10-19 01:51:09.879-07,2024-08-28 05:08:37.324691-07,2024-09-11 17:48:17.700897-07
NY-AT0671-8,2023-10-19 01:51:09.879-07,2024-08-28 05:05:26.761501-07,2024-09-11 17:45:06.546322-07
NW_TX4044-6,2024-03-05 10:46:17.286-08,2025-02-11 23:53:15.449927-08,2025-02-17 12:50:25.457568-08
NW_TX4044-7,2024-03-05 10:46:17.286-08,2025-02-12 00:10:24.894829-08,2025-02-17 12:55:32.908698-08
NW_TX4044-1,2024-03-05 10:46:17.286-08,2025-02-11 21:01:31.152623-08,2025-02-17 12:34:54.526111-08
NW_TX4044-8,2024-03-05 10:46:17.286-08,2025-02-12 02:42:33.590494-08,2025-02-17 13:00:40.188495-08
NY-AT26001-14,2024-03-26 17:14:08.27-07,2024-08-26 10:07:26.251958-07,2024-09-23 16:53:23.851305-07
SQ_MX2027-1,2024-01-11 19:20:48.363-08,2024-01-17 13:47:46.250252-08,2025-01-08 03:12:44.451738-08
NY-AT16062-5,2024-06-18 23:43:34.321-07,2024-07-12 10:48:45.92382-07,2024-08-22 15:06:20.678248-07
NY-AT16062-4,2024-06-18 23:43:34.321-07,2024-07-12 10:44:32.671862-07,2024-12-10 11:50:41.775306-08
NY-AT16062-7,2024-06-18 23:43:34.321-07,2024-07-12 10:49:00.286775-07,2024-08-22 15:06:49.021785-07
NY-AT16062-6,2024-06-18 23:43:34.321-07,2024-07-12 10:48:52.939984-07,2024-08-22 15:06:33.370413-07
NY-AT16062-1,2024-06-18 23:43:34.321-07,2024-06-28 10:23:03.938322-07,2024-08-16 12:25:29.838256-07
NY-AT16062-3,2024-06-18 23:43:34.321-07,2024-07-12 10:44:23.949311-07,2024-12-10 11:49:31.884015-08
NW-AT0644-10,2024-02-29 12:24:46.908-08,2025-02-08 15:12:05.801091-08,2025-02-16 13:25:52.996405-08
NY-AT16062-9,2024-06-18 23:43:34.321-07,2024-06-28 10:23:26.230867-07,2024-08-16 12:26:38.552855-07
NY-AT16062-8,2024-06-18 23:43:34.321-07,2024-06-28 10:23:18.537363-07,2024-08-16 12:26:25.742122-07
SQ_AT0059-2,2024-03-23 09:16:57.595-07,2024-11-24 03:59:16.696781-08,2025-01-07 23:00:13.746412-08
NW-AT0675-7,2023-11-15 02:17:22.27-08,2024-08-28 06:12:14.661684-07,2024-09-11 18:56:52.332293-07
NW-AT0675-6,2023-11-15 02:17:22.27-08,2024-08-28 06:09:04.04281-07,2024-09-11 18:53:41.442225-07
NW-AT0675-5,2023-11-15 02:17:22.27-08,2024-08-28 06:05:52.08086-07,2024-09-11 18:50:30.417551-07
NW-AT0675-4,2023-11-15 02:17:22.27-08,2024-08-28 06:02:40.293323-07,2024-09-11 18:47:19.611475-07
NW-AT0675-3,2023-11-15 02:17:22.27-08,2024-08-28 05:59:27.946541-07,2024-09-11 18:44:09.015828-07
NW-AT0675-2,2023-11-15 02:17:22.27-08,2024-10-01 17:44:51.018199-07,2024-12-09 19:25:23.08131-08
NW-AT0675-1,2023-11-15 02:17:22.27-08,2024-10-01 17:41:36.503718-07,2024-12-09 19:24:04.5076-08
NW-AT0675-9,2023-11-15 02:17:22.27-08,2024-08-28 06:18:35.550786-07,2024-09-11 19:03:14.027198-07
NW-AT0675-8,2023-11-15 02:17:22.27-08,2024-09-03 12:27:32.769875-07,2024-09-11 19:00:03.159128-07
NY-MX2143-2,2023-09-15 10:37:29.201-07,2024-10-01 16:42:07.86194-07,2024-12-09 19:02:31.47066-08
NY-MX2143-9,2023-09-15 10:37:29.201-07,2024-12-25 11:34:27.990533-08,2025-01-07 22:05:51.032615-08
NY-MX2143-8,2023-09-15 10:37:29.201-07,2024-12-25 11:29:18.545883-08,2025-01-07 22:03:40.577554-08
NY-AT26002-23,2024-08-31 18:32:10.015-07,2024-09-01 09:08:13.829281-07,2024-09-08 22:56:33.96482-07
NY-AT26008-8,2024-10-12 19:51:32.328-07,2024-10-13 02:43:43.704086-07,2024-10-14 10:26:55.96009-07
NY-AT26008-9,2024-10-12 19:51:32.328-07,2024-10-13 02:46:54.481864-07,2024-10-14 10:20:35.090088-07
NY-AT26002-22,2024-08-31 18:32:10.015-07,2024-09-01 09:05:02.750611-07,2024-09-08 22:59:44.795703-07
NY-AT26008-2,2024-10-12 19:51:32.328-07,2024-10-13 02:18:18.786012-07,2024-10-14 11:17:48.650882-07
NY-AT26008-3,2024-10-12 19:51:32.328-07,2024-10-13 02:27:48.730222-07,2024-10-14 10:58:43.217999-07
NY-AT26008-1,2024-10-12 19:51:32.328-07,2024-10-13 01:43:20.421876-07,2024-10-14 12:27:49.140762-07
NY-AT26008-6,2024-10-12 19:51:32.328-07,2024-10-13 02:37:18.556325-07,2024-10-14 10:39:40.152736-07
NY-AT26002-21,2024-08-31 18:32:10.015-07,2024-09-01 08:58:41.983402-07,2024-09-08 23:06:06.751993-07
NY-AT26008-4,2024-10-12 19:51:32.328-07,2024-10-13 02:30:58.72243-07,2024-10-14 10:55:32.297696-07
NY-AT26008-5,2024-10-12 19:51:32.328-07,2024-10-13 02:34:08.697135-07,2024-10-14 10:46:01.115749-07
NY-AT26002-20,2024-08-31 18:32:10.015-07,2024-09-01 08:55:31.055462-07,2024-09-08 22:34:19.324465-07
SQ_AT0059-3,2024-03-23 09:16:57.595-07,2024-11-24 04:02:26.582141-08,2025-01-07 23:02:24.452422-08
SQ_MX2027-8,2024-01-11 19:20:48.363-08,2024-11-05 14:25:09.314643-08,2025-01-07 22:49:19.09599-08
NW-TX4107-1,2024-04-19 21:49:21.508-07,2024-04-22 09:50:40.910183-07,2024-04-23 09:40:47.113745-07
NW-TX4107-2,2024-04-19 21:49:21.508-07,2024-04-22 09:50:55.620509-07,2024-04-23 09:40:59.527651-07
NW-TX4107-3,2024-04-19 21:49:21.508-07,2024-04-22 09:51:07.585535-07,2024-04-23 09:41:12.127669-07
NW-TX4107-4,2024-04-19 21:49:21.508-07,2024-04-22 09:52:02.214059-07,2024-04-23 09:41:23.937387-07
NW-TX4107-5,2024-04-19 21:49:21.508-07,2024-04-22 09:52:20.901805-07,2024-04-23 09:41:36.040968-07
NW-TX4107-6,2024-04-19 21:49:21.508-07,2024-04-22 09:52:42.055239-07,2024-04-23 09:41:51.336062-07
NW-TX4107-7,2024-04-19 21:49:21.508-07,2024-04-22 09:52:52.581004-07,2024-04-23 09:42:12.682924-07
NW-TX4107-8,2024-04-19 21:49:21.508-07,2024-04-22 09:54:31.88325-07,2024-04-23 09:42:24.59334-07
NW_MX2053-5,2024-03-07 16:59:59.463-08,2024-10-21 23:21:45.634481-07,2024-12-09 22:04:37.433838-08
NW_MX2053-4,2024-03-07 16:59:59.463-08,2024-10-21 23:18:35.282844-07,2024-12-09 22:03:27.508799-08
NW_MX2053-7,2024-03-07 16:59:59.463-08,2024-10-21 23:53:24.240701-07,2024-12-11 00:00:30.788736-08
NW_MX2053-6,2024-03-07 16:59:59.463-08,2024-10-21 23:24:55.318764-07,2024-12-09 22:05:47.909958-08
NW_MX2053-1,2024-03-07 16:59:59.463-08,2024-08-29 23:49:41.941831-07,2024-09-10 11:47:04.849695-07
NW_MX2053-3,2024-03-07 16:59:59.463-08,2024-11-05 14:44:09.950956-08,2024-12-09 22:02:17.388233-08
NW_MX2053-2,2024-03-07 16:59:59.463-08,2024-08-29 23:52:53.158834-07,2024-09-10 11:51:04.829078-07
NW_MX2053-9,2024-03-07 16:59:59.463-08,2024-12-17 12:04:57.485336-08,2025-01-08 04:58:47.981961-08
NW_MX2053-8,2024-03-07 16:59:59.463-08,2024-12-17 11:59:12.762091-08,2025-01-08 04:56:38.512535-08
NY-AT16005-8,2024-03-05 13:27:33.884-08,2024-10-21 14:53:23.683062-07,2024-10-30 09:49:30.165895-07
NY-AT16005-4,2024-03-05 13:27:33.884-08,2024-10-21 15:12:20.507774-07,2024-10-30 09:48:32.498001-07
NY-AT16005-5,2024-03-05 13:27:33.884-08,2024-10-21 14:43:54.668945-07,2024-10-30 09:48:45.666022-07
NY-AT16005-6,2024-03-05 13:27:33.884-08,2024-11-13 14:52:07.440433-08,2024-12-09 22:35:01.752027-08
NY-AT16005-7,2024-03-05 13:27:33.884-08,2024-11-13 14:55:20.081254-08,2024-12-09 22:36:11.82848-08
NY-AT16005-1,2024-03-05 13:27:33.884-08,2024-07-12 10:43:08.06019-07,2024-08-19 11:23:58.759008-07
NY-AT16005-2,2024-03-05 13:27:33.884-08,2024-07-12 10:44:47.396656-07,2024-08-22 10:39:50.350266-07
NY-AT16005-3,2024-03-05 13:27:33.884-08,2024-10-21 15:09:10.993592-07,2024-10-30 09:48:17.432288-07
NY-MX2140-4,2023-08-15 05:39:03.308-07,2024-08-28 02:26:01.577405-07,2024-09-11 15:04:59.246221-07
NW-MX2131-8,2024-03-05 09:57:03.097-08,2025-02-08 14:04:45.389588-08,2025-02-16 10:42:17.154199-08
NW-MX2131-9,2024-03-05 09:57:03.097-08,2025-02-08 14:06:51.325246-08,2025-02-16 10:47:23.616396-08
NW-MX2131-6,2024-03-05 09:57:03.097-08,2024-10-22 08:44:31.299125-07,2024-12-09 23:23:02.049044-08
NW-MX2131-7,2024-03-05 09:57:03.097-08,2024-11-24 03:43:28.026513-08,2024-12-09 23:24:12.409119-08
NW-MX2131-4,2024-03-05 09:57:03.097-08,2024-10-22 08:38:12.937163-07,2024-12-09 23:20:40.686162-08
NW-MX2131-5,2024-03-05 09:57:03.097-08,2024-10-22 08:41:22.05216-07,2024-12-09 23:21:51.784356-08
NW-MX2131-2,2024-03-05 09:57:03.097-08,2025-02-08 13:56:09.824526-08,2025-02-16 10:21:51.642876-08
NW-MX2131-3,2024-03-05 09:57:03.097-08,2025-02-08 14:00:33.006665-08,2025-02-16 10:32:04.392333-08
NW-MX2131-1,2024-03-05 09:57:03.097-08,2025-02-08 14:51:04.19038-08,2025-02-16 12:34:44.890405-08
NW-TX4102-8,2024-03-15 15:21:41.77-07,2024-03-18 14:29:09.946666-07,2024-03-19 09:20:26.773809-07
NW-TX4102-1,2024-03-15 15:21:41.77-07,2024-03-18 14:27:17.645735-07,2024-03-19 09:18:54.206209-07
NW-TX4102-3,2024-03-15 15:21:41.77-07,2024-03-18 14:27:44.614949-07,2024-03-19 09:19:23.441796-07
NW-TX4102-2,2024-03-15 15:21:41.77-07,2024-03-18 14:27:31.786966-07,2024-03-19 09:19:06.894013-07
NW-TX4102-5,2024-03-15 15:21:41.77-07,2024-03-18 14:28:30.017238-07,2024-03-19 14:41:53.309205-07
NW-TX4102-4,2024-03-15 15:21:41.77-07,2024-03-18 14:27:57.689132-07,2024-03-19 09:19:35.572244-07
NW-TX4102-7,2024-03-15 15:21:41.77-07,2024-03-18 14:28:56.744322-07,2024-03-19 09:20:15.352801-07
NW-TX4102-6,2024-03-15 15:21:41.77-07,2024-03-18 14:28:43.984628-07,2024-03-19 09:20:02.462314-07
NY-AT16040-9,2024-03-07 21:02:52.921-08,2024-07-11 18:08:42.474907-07,2024-08-20 09:44:04.265702-07
NY-AT16040-8,2024-03-07 21:02:52.921-08,2024-10-21 16:34:50.168366-07,2024-10-30 11:00:55.558528-07
NY-AT16040-1,2024-03-07 21:02:52.921-08,2024-07-11 18:07:34.600414-07,2025-01-15 15:24:26.832505-08
NY-AT16040-3,2024-03-07 21:02:52.921-08,2024-08-23 08:37:22.019099-07,2024-08-23 13:46:14.581095-07
NY-AT16040-2,2024-03-07 21:02:52.921-08,2024-07-11 18:07:42.131801-07,2025-01-15 15:26:22.628783-08
NY-AT16040-5,2024-03-07 21:02:52.921-08,2024-11-15 10:14:34.249966-08,2024-12-09 22:21:00.606215-08
NY-AT16040-4,2024-03-07 21:02:52.921-08,2024-10-21 16:22:03.995672-07,2024-10-30 11:00:01.167891-07
NY-AT16040-7,2024-03-07 21:02:52.921-08,2024-11-15 10:13:26.228478-08,2024-12-09 22:22:10.927251-08
NY-AT16040-6,2024-03-07 21:02:52.921-08,2024-10-21 16:28:26.411763-07,2024-10-30 11:00:26.145499-07
NY-AT16029-2,2024-02-01 01:32:14.486-08,2024-11-11 14:13:12.186203-08,2024-12-02 12:57:43.831067-08
NY-AT16029-3,2024-02-01 01:32:14.486-08,2024-11-11 14:16:24.082899-08,2024-12-02 12:57:58.565105-08
NY-AT16029-1,2024-02-01 01:32:14.486-08,2024-11-11 14:00:27.755694-08,2024-12-02 12:57:31.406988-08
NY-AT16029-6,2024-02-01 01:32:14.486-08,2024-07-11 18:05:56.354787-07,2024-08-20 09:29:30.315501-07
NY-AT16029-7,2024-02-01 01:32:14.486-08,2024-07-25 14:58:53.056654-07,2024-08-16 12:00:21.873915-07
NY-AT16029-5,2024-02-01 01:32:14.486-08,2024-07-11 18:05:48.351375-07,2024-08-20 09:29:17.176203-07
NY-MX2143-7,2023-09-15 10:37:29.201-07,2024-12-25 11:24:09.426598-08,2025-01-07 22:01:30.816663-08
NY-AT16029-8,2024-02-01 01:32:14.486-08,2024-07-11 18:06:04.191375-07,2024-08-20 09:29:41.209935-07
NY-AT16029-9,2024-02-01 01:32:14.486-08,2024-07-11 18:06:11.783585-07,2024-08-20 09:29:51.835181-07
NY-MX2143-6,2023-09-15 10:37:29.201-07,2024-12-25 11:18:55.520609-08,2025-01-07 21:59:20.55602-08
NY-MX2143-5,2023-09-15 10:37:29.201-07,2024-12-25 11:13:43.212434-08,2025-01-07 21:57:09.800932-08
NY-MX2143-4,2023-09-15 10:37:29.201-07,2024-12-25 11:08:30.662147-08,2025-01-07 21:54:59.454864-08
SQ_AT014-4,2024-03-21 14:34:16.705-07,2025-02-10 03:50:04.525785-08,2025-02-17 03:02:19.258223-08
NW_TX0033-10,2024-02-13 17:29:50.834-08,2024-02-14 15:33:36.129457-08,2024-02-15 09:05:40.886614-08
NY-AT26001-8,2024-03-26 17:14:08.27-07,2024-08-26 09:51:52.304483-07,2024-09-23 16:55:48.050651-07
SQ_AT0059-1,2024-03-23 09:16:57.595-07,2024-12-11 11:01:46.08673-08,2025-01-07 17:26:39.549326-08
SQ_AT0611-8,2024-02-29 11:21:56.497-08,2024-10-01 12:08:46.052303-07,2024-12-09 09:41:36.926092-08
SQ_AT0591-5,2024-03-22 10:36:25.006-07,2025-02-11 03:59:17.583433-08,2025-02-17 06:52:21.126013-08
SQ_AT0591-4,2024-03-22 10:36:25.006-07,2025-02-11 03:57:10.453738-08,2025-02-17 06:47:14.81984-08
SQ_AT0591-1,2024-03-22 10:36:25.006-07,2024-12-19 09:44:55.384882-08,2025-01-08 07:11:00.924859-08
SQ_AT0611-9,2024-02-29 11:21:56.497-08,2024-10-01 12:11:56.891648-07,2024-12-09 09:42:51.580597-08
NY-AT26009-19,2024-10-12 17:21:04.974-07,2024-10-13 02:15:14.190058-07,2024-10-14 11:27:20.581986-07
SQ_AT0573-7,2024-03-07 16:59:03.192-08,2024-12-17 14:00:11.234708-08,2025-01-08 05:42:08.009098-08
SQ_AT0573-6,2024-03-07 16:59:03.192-08,2024-12-17 13:54:28.545925-08,2025-01-08 05:39:57.448534-08
SQ_AT0573-3,2024-03-07 16:59:03.192-08,2024-12-17 13:48:42.238848-08,2025-01-08 05:37:47.250895-08
NY-MX22006-23,2024-09-26 00:23:23.453-07,2024-09-27 10:44:49.710629-07,2024-09-30 12:07:42.2083-07
NY-MX22006-22,2024-09-26 00:23:23.453-07,2024-09-27 10:41:39.710691-07,2024-09-30 12:10:55.24743-07
NY-MX22006-21,2024-09-26 00:23:23.453-07,2024-09-27 10:38:29.36542-07,2024-09-30 12:14:08.373087-07
NY-MX22006-20,2024-09-26 00:23:23.453-07,2024-09-27 10:35:19.086368-07,2024-09-30 12:17:20.697376-07
NY-MX22006-25,2024-09-26 00:23:23.453-07,2024-09-27 10:51:10.087757-07,2024-09-30 12:01:16.821301-07
NY-MX22001-12,2024-03-21 23:18:50.644-07,2024-11-11 14:25:56.014073-08,2024-12-02 13:24:33.935816-08
NY-AT26009-13,2024-10-12 17:21:04.974-07,2024-10-13 01:56:02.257086-07,2024-10-14 12:05:34.182832-07
NY-AT26009-12,2024-10-12 17:21:04.974-07,2024-10-13 01:52:51.915751-07,2024-10-14 12:11:55.594646-07
NY-AT26009-11,2024-10-12 17:21:04.974-07,2024-10-13 01:49:41.632053-07,2024-10-14 12:18:16.983037-07
NW_MX2068-7,2024-03-23 14:16:12.914-07,2024-08-30 00:44:00.260069-07,2024-09-10 12:49:44.299174-07
NW_MX2068-6,2024-03-23 14:16:12.914-07,2024-11-05 16:41:25.585328-08,2024-12-10 12:05:48.573673-08
NW_MX2068-5,2024-03-23 14:16:12.914-07,2024-11-05 16:38:16.413523-08,2024-12-10 12:04:39.076929-08
NW_MX2068-3,2024-03-23 14:16:12.914-07,2024-12-24 02:17:24.97465-08,2025-01-08 06:08:07.060842-08
NW_MX2068-2,2024-03-23 14:16:12.914-07,2024-12-24 02:12:15.665342-08,2025-01-08 06:05:57.296331-08
NW_MX2068-1,2024-03-23 14:16:12.914-07,2024-10-01 11:04:55.805956-07,2024-12-09 09:23:05.167334-08
NY-MX12072-3,2024-07-03 04:17:19.099-07,2024-07-09 11:47:47.568773-07,2024-12-10 00:50:14.132459-08
NY-AT26009-17,2024-10-12 17:21:04.974-07,2024-10-13 02:08:49.052068-07,2024-10-14 11:40:05.783146-07
NW_MX2068-9,2024-03-23 14:16:12.914-07,2024-11-05 16:47:44.321452-08,2024-12-10 12:08:08.059745-08
NW_MX2068-8,2024-03-23 14:16:12.914-07,2024-10-22 02:00:13.984039-07,2024-12-11 00:14:33.60561-08
NY-MX22007-9,2024-10-05 09:17:00.681-07,2024-10-07 15:14:56.426486-07,2024-10-09 10:02:52.378708-07
NY-MX22007-8,2024-10-05 09:17:00.681-07,2024-10-07 15:11:45.862704-07,2024-10-09 10:06:02.723613-07
NY-MX22001-19,2024-03-21 23:18:50.644-07,2024-08-26 10:33:21.666175-07,2024-09-23 16:54:33.715506-07
NY-MX22007-1,2024-10-05 09:17:00.681-07,2024-10-08 12:09:34.527575-07,2024-10-09 10:56:54.453542-07
NY-MX12072-6,2024-07-03 04:17:19.099-07,2024-07-17 13:00:59.230438-07,2024-12-02 13:13:34.085615-08
NY-MX22007-3,2024-10-05 09:17:00.681-07,2024-10-08 10:24:37.636894-07,2024-10-09 09:59:41.481603-07
NY-MX22001-18,2024-03-21 23:18:50.644-07,2024-08-26 10:28:11.383571-07,2024-09-23 16:54:22.00336-07
NY-MX22007-5,2024-10-05 09:17:00.681-07,2024-10-07 15:02:06.870944-07,2024-10-09 10:15:34.156406-07
NY-MX22007-4,2024-10-05 09:17:00.681-07,2024-10-08 12:10:26.93426-07,2024-10-09 09:53:13.738182-07
NY-MX22007-7,2024-10-05 09:17:00.681-07,2024-10-07 15:08:35.445721-07,2024-10-09 10:09:13.261124-07
NY-MX12072-7,2024-07-03 04:17:19.099-07,2024-11-13 16:40:03.82245-08,2024-12-10 11:26:14.081807-08
NY-AT16014-8,2024-03-05 14:58:37.296-08,2024-09-24 15:42:35.520999-07,2024-09-25 10:03:50.543437-07
NY-AT16014-9,2024-03-05 14:58:37.296-08,2024-09-24 15:43:15.558786-07,2024-09-25 10:04:02.730861-07
NY-AT16014-4,2024-03-05 14:58:37.296-08,2024-11-24 01:42:44.563314-08,2024-12-10 01:34:47.798978-08
NW-MX2128-8,2023-04-07 21:07:01.919-07,2024-08-28 02:16:28.491424-07,2024-09-11 14:55:23.146311-07
NW-MX2128-9,2023-04-07 21:07:01.919-07,2024-08-28 02:19:38.847025-07,2024-09-11 14:58:36.535043-07
NY-AT16014-5,2024-03-05 14:58:37.296-08,2024-11-22 00:09:40.213976-08,2024-12-10 01:35:58.057153-08
NW-MX2128-1,2023-04-07 21:07:01.919-07,2024-08-28 01:54:12.672364-07,2024-09-11 14:33:05.748923-07
NW-MX2128-2,2023-04-07 21:07:01.919-07,2024-08-28 01:57:22.852777-07,2024-09-19 14:37:01.801654-07
NW-MX2128-3,2023-04-07 21:07:01.919-07,2024-08-28 02:00:33.59725-07,2024-09-11 14:39:27.087787-07
NW-MX2128-4,2023-04-07 21:07:01.919-07,2024-08-28 02:03:44.55805-07,2024-09-11 14:42:38.205902-07
NW-MX2128-5,2023-04-07 21:07:01.919-07,2024-08-28 02:06:56.289216-07,2024-09-11 14:45:48.9566-07
NW-MX2128-6,2023-04-07 21:07:01.919-07,2024-08-28 02:10:07.145442-07,2024-09-11 14:49:00.256311-07
NW-MX2128-7,2023-04-07 21:07:01.919-07,2024-08-28 02:13:17.522386-07,2024-09-11 14:52:11.744182-07
NY-AT26008-7,2024-10-12 19:51:32.328-07,2024-10-13 02:40:28.826495-07,2025-03-21 11:50:08.066574-07
NY-MX22009-21,2024-10-12 23:09:17.018-07,2024-10-13 02:24:45.697219-07,2024-10-14 11:08:16.094957-07
NY-AT16038-1,2024-02-28 04:05:36.886-08,2024-11-19 09:17:42.046399-08,2024-12-10 00:56:30.428989-08
NY-AT16052-1,2024-04-12 03:56:11.213-07,2024-11-19 08:23:52.560002-08,2024-12-10 01:15:22.86906-08
NY-AT16052-4,2024-04-12 03:56:11.213-07,2024-06-28 10:58:37.542247-07,2024-07-03 16:08:04.492364-07
NY-AT16052-5,2024-04-12 03:56:11.213-07,2024-06-28 10:58:44.722328-07,2024-07-03 16:08:12.37473-07
NY-AT16052-6,2024-04-12 03:56:11.213-07,2024-08-26 12:06:55.756857-07,2024-09-23 16:51:53.606765-07
NY-AT16052-7,2024-04-12 03:56:11.213-07,2024-08-26 12:12:06.957206-07,2024-09-23 16:52:05.355142-07
NY-MX22002-21,2025-03-19 17:00:16.889-07,2024-09-01 09:08:13.829281-07,2024-09-08 22:56:33.96482-07
NY-MX22002-20,2025-03-19 17:00:16.889-07,2024-09-01 09:05:02.750611-07,2024-09-08 22:59:44.795703-07
NY-AT0683-8,2023-12-20 09:03:07.82-08,2025-02-10 01:54:55.962081-08,2025-02-17 00:06:33.589465-08
NY-AT0683-9,2023-12-20 09:03:07.82-08,2025-02-10 01:57:01.863247-08,2025-02-17 00:11:40.61053-08
NY-AT0683-6,2023-12-20 09:03:07.82-08,2024-12-24 02:38:02.171997-08,2025-01-08 08:44:01.922944-08
NY-AT0683-7,2023-12-20 09:03:07.82-08,2024-12-19 13:06:31.622817-08,2025-01-08 08:46:12.085679-08
NY-AT0683-4,2023-12-20 09:03:07.82-08,2024-12-19 12:50:59.895947-08,2025-01-08 08:39:42.340899-08
NY-AT0683-5,2023-12-20 09:03:07.82-08,2024-12-19 12:56:10.789853-08,2025-01-08 08:41:51.790454-08
NY-AT0683-2,2023-12-20 09:03:07.82-08,2024-12-19 12:40:38.314314-08,2025-01-08 08:35:23.516518-08
NY-AT0683-3,2023-12-20 09:03:07.82-08,2024-12-24 02:32:52.557688-08,2025-01-08 08:37:32.915823-08
NY-AT0683-1,2023-12-20 09:03:07.82-08,2024-12-19 12:35:27.805829-08,2025-01-08 08:33:14.115099-08
NW_TX4036-9,2024-03-06 01:43:04.511-08,2025-02-11 11:09:40.599518-08,2025-02-17 10:06:37.58981-08
NW_TX4036-8,2024-03-06 01:43:04.511-08,2024-10-22 10:38:10.583621-07,2024-12-10 16:11:36.711342-08
SQ_AT0043-13,2024-02-15 05:04:46.514-08,2024-11-10 01:46:47.292189-08,2025-01-08 00:40:52.772266-08
NW_TX4036-3,2024-03-06 01:43:04.511-08,2024-10-22 10:22:23.080741-07,2024-12-10 16:06:55.72135-08
NW_TX4036-2,2024-03-06 01:43:04.511-08,2025-02-11 11:05:26.844102-08,2025-02-17 09:56:23.181789-08
NW_TX4036-1,2024-03-06 01:43:04.511-08,2025-02-11 10:48:18.757837-08,2025-02-17 09:51:16.475106-08
NW_TX4036-7,2024-03-06 01:43:04.511-08,2024-10-22 10:35:01.155906-07,2024-12-10 16:10:26.076098-08
NW_TX4036-6,2024-03-06 01:43:04.511-08,2025-02-11 11:07:33.608809-08,2025-02-17 10:01:30.46113-08
NW_TX4036-5,2024-03-06 01:43:04.511-08,2024-10-22 10:28:42.049357-07,2024-12-10 16:09:16.215853-08
NW_TX4036-4,2024-03-06 01:43:04.511-08,2024-10-22 10:25:32.5611-07,2024-12-10 16:08:05.598957-08
NW_MX2084-1,2024-03-23 12:10:32.783-07,2025-02-11 04:01:23.954706-08,2025-02-17 06:57:27.820695-08
NW_MX2084-3,2024-03-23 12:10:32.783-07,2024-11-05 13:18:38.646749-08,2024-12-09 22:50:11.404741-08
NW_MX2084-2,2024-03-23 12:10:32.783-07,2024-11-05 13:15:25.950136-08,2024-12-09 22:49:01.242656-08
NY-AT0649-8,2023-08-17 21:13:19.957-07,2024-08-28 02:58:03.294301-07,2024-09-11 15:36:53.593238-07
NW_MX2084-4,2024-03-23 12:10:32.783-07,2025-02-11 04:03:30.130526-08,2025-02-17 07:02:34.149762-08
NW_MX2084-7,2024-03-23 12:10:32.783-07,2025-02-11 04:05:36.387584-08,2025-02-17 07:07:40.741586-08
NW_MX2084-6,2024-03-23 12:10:32.783-07,2024-11-05 13:24:57.532503-08,2024-12-09 22:52:32.360571-08
NW_MX2084-9,2024-03-23 12:10:32.783-07,2024-12-19 09:55:15.937857-08,2025-01-08 07:15:20.523439-08
NY-AT0649-5,2023-08-17 21:13:19.957-07,2024-08-28 02:48:16.802474-07,2024-09-11 15:27:21.028447-07
NY-AT0649-6,2023-08-17 21:13:19.957-07,2024-08-28 02:51:39.953922-07,2024-09-11 15:30:32.62552-07
NY-AT0649-7,2023-08-17 21:13:19.957-07,2024-08-28 02:54:50.324302-07,2024-09-11 15:33:42.979242-07
NY-AT0649-1,2023-08-17 21:13:19.957-07,2024-08-28 02:41:56.334465-07,2024-09-11 15:20:59.736036-07
NY-AT0649-2,2023-08-17 21:13:19.957-07,2024-10-01 16:22:40.66642-07,2024-12-09 18:55:23.734418-08
NY-AT0649-3,2023-08-17 21:13:19.957-07,2024-10-01 16:25:56.853701-07,2024-12-09 18:56:34.735537-08
NY-MX12034-4,2024-03-05 13:50:22.543-08,2024-11-19 09:00:17.266592-08,2024-12-10 11:08:47.965108-08
NY-MX12034-5,2024-03-05 13:50:22.543-08,2024-11-13 15:58:53.676175-08,2024-12-10 11:09:57.742442-08
NY-MX12034-6,2024-03-05 13:50:22.543-08,2024-11-15 10:07:44.579288-08,2024-12-10 11:11:07.554017-08
NY-MX12034-7,2024-03-05 13:50:22.543-08,2024-11-13 16:05:14.100609-08,2024-12-10 11:12:17.009841-08
NY-MX12034-1,2024-03-05 13:50:22.543-08,2024-11-13 15:49:25.348547-08,2024-12-10 11:05:18.342237-08
NY-MX12034-2,2024-03-05 13:50:22.543-08,2024-08-14 15:39:54.167401-07,2024-12-10 11:06:28.532641-08
NY-MX12034-3,2024-03-05 13:50:22.543-08,2024-11-13 15:52:34.681654-08,2024-12-10 11:07:38.538813-08
NY-MX12034-8,2024-03-05 13:50:22.543-08,2024-11-13 16:08:23.919133-08,2024-12-10 11:13:26.983814-08
NY-MX12034-9,2024-03-05 13:50:22.543-08,2024-02-29 13:29:22.157348-08,2024-12-10 00:33:14.464555-08
SQ_AT0576-4,2024-03-23 05:07:36.392-07,2024-08-30 00:40:49.059616-07,2024-09-10 12:46:33.835899-07
SQ_AT0576-5,2024-03-23 05:07:36.392-07,2024-11-05 16:38:16.413523-08,2024-12-10 12:04:39.076929-08
SQ_AT0576-2,2024-03-23 05:07:36.392-07,2024-12-24 02:12:15.665342-08,2025-01-08 06:05:57.296331-08
SQ_AT0576-3,2024-03-23 05:07:36.392-07,2024-12-24 02:17:24.97465-08,2025-01-08 06:08:07.060842-08
SQ_AT0576-1,2024-03-23 05:07:36.392-07,2024-10-01 11:04:55.805956-07,2024-12-09 09:23:05.167334-08
NY-AT16038-2,2024-02-28 04:05:36.886-08,2024-03-01 11:55:28.21718-08,2024-12-10 00:35:40.017824-08
SQ_AT0035-8,2024-03-21 14:43:49.267-07,2024-11-08 10:47:22.357182-08,2025-01-07 22:58:02.46415-08
SQ_AT0035-9,2024-03-21 14:43:49.267-07,2024-12-24 01:30:58.219054-08,2025-01-07 18:36:06.522234-08
SQ_AT0035-1,2024-03-21 14:43:49.267-07,2024-12-11 12:30:14.227783-08,2025-01-07 18:31:47.208417-08
SQ_AT0035-2,2024-03-21 14:43:49.267-07,2024-10-21 22:18:24.095642-07,2025-01-07 18:33:56.959206-08
SQ_AT0035-3,2024-03-21 14:43:49.267-07,2025-02-10 15:16:44.953477-08,2025-02-17 05:15:15.377416-08
SQ_AT0035-4,2024-03-21 14:43:49.267-07,2025-02-17 05:20:21.239144-08,2025-02-18 09:48:09.20518-08
SQ_AT0035-5,2024-03-21 14:43:49.267-07,2025-02-10 17:21:41.439949-08,2025-02-17 05:25:27.835817-08
SQ_AT0035-6,2024-03-21 14:43:49.267-07,2025-02-10 17:53:49.320376-08,2025-02-17 05:30:34.443158-08
SQ_AT0035-7,2024-03-21 14:43:49.267-07,2024-11-05 14:34:37.741193-08,2025-01-07 22:55:50.066419-08
NY-AT16034-8,2024-02-23 09:29:46.784-08,2024-11-13 16:08:23.919133-08,2024-12-10 11:13:26.983814-08
NY-AT16034-9,2024-02-23 09:29:46.784-08,2024-02-29 13:29:22.157348-08,2024-12-10 00:33:14.464555-08
SQ_AT0629-10,2023-03-05 23:30:24.425-08,2024-11-24 03:27:39.492727-08,2024-12-09 21:24:32.531838-08
NY-AT0673-7,2024-03-05 14:47:27.966-08,2024-08-28 05:40:25.172048-07,2024-09-11 18:25:04.182076-07
NY-AT0673-6,2024-03-05 14:47:27.966-08,2024-09-02 20:20:01.196057-07,2024-09-11 18:21:53.388231-07
NY-AT0673-5,2024-03-05 14:47:27.966-08,2024-09-02 20:19:43.779701-07,2024-09-11 18:18:42.633173-07
NY-AT0673-3,2024-03-05 14:47:27.966-08,2024-08-28 05:27:43.143343-07,2024-09-11 18:12:18.60443-07
NY-AT0673-2,2024-03-05 14:47:27.966-08,2024-08-28 05:24:32.96462-07,2024-09-11 18:09:06.472556-07
SQ_MX2033-7,2024-02-15 04:59:32.99-08,2024-11-10 01:34:14.67743-08,2025-03-21 12:02:50.043759-07
SQ_AT0060-2,2024-03-22 21:20:19.401-07,2024-12-11 11:14:24.991928-08,2025-01-07 17:35:18.235832-08
SQ_AT0060-3,2024-03-22 21:20:19.401-07,2024-11-24 04:11:54.956444-08,2025-01-07 23:08:55.348371-08
NY-MX22002-10,2025-03-19 17:00:16.889-07,2024-09-01 08:30:05.534871-07,2024-09-08 23:31:31.202761-07
NY-MX22002-11,2025-03-19 17:00:16.889-07,2024-09-01 08:33:16.231124-07,2024-09-08 23:28:20.247492-07
SQ_AT0060-6,2024-03-22 21:20:19.401-07,2024-11-07 11:20:18.982889-08,2025-03-21 12:20:16.646111-07
SQ_AT0060-7,2024-03-22 21:20:19.401-07,2024-11-10 21:33:47.255024-08,2025-03-21 12:23:36.788861-07
SQ_AT0060-4,2024-03-22 21:20:19.401-07,2024-11-25 11:23:09.326679-08,2025-01-07 23:11:05.979399-08
SQ_AT0060-5,2024-03-22 21:20:19.401-07,2024-11-07 11:17:03.606136-08,2025-03-21 12:16:45.23249-07
NY-MX22002-19,2025-03-19 17:00:16.889-07,2024-09-01 08:58:41.983402-07,2024-09-08 23:06:06.751993-07
SQ_MX2005-5,2024-03-20 13:04:46.181-07,2025-02-13 16:40:43.381317-08,2025-02-17 15:03:23.378171-08
SQ_MX2005-4,2024-03-20 13:04:46.181-07,2025-02-13 17:01:58.930826-08,2025-02-17 15:23:51.044769-08
SQ_MX2005-2,2024-03-20 13:04:46.181-07,2025-02-13 16:51:28.214816-08,2025-02-17 15:13:36.779292-08
SQ_MX2005-1,2024-03-20 13:04:46.181-07,2025-02-13 16:45:57.362037-08,2025-02-17 15:08:30.13431-08
NY-AT16030-4,2024-02-03 03:15:19.687-08,2024-07-11 18:06:26.685834-07,2024-08-20 09:31:33.288165-07
NY-AT16030-5,2024-02-03 03:15:19.687-08,2024-07-25 14:59:00.783677-07,2024-08-16 12:00:47.423931-07
NY-AT16030-6,2024-02-03 03:15:19.687-08,2024-07-25 14:59:08.218189-07,2024-08-16 12:01:03.49097-07
NY-AT16030-7,2024-02-03 03:15:19.687-08,2024-02-07 09:59:53.155502-08,2024-12-10 00:21:02.994129-08
NY-AT16030-1,2024-02-03 03:15:19.687-08,2024-08-19 14:37:04.341692-07,2024-08-21 10:06:13.378334-07
NY-AT16030-2,2024-02-03 03:15:19.687-08,2024-07-11 18:06:19.169134-07,2024-08-20 09:31:19.278282-07
NY-AT16030-3,2024-02-03 03:15:19.687-08,2024-07-25 15:10:07.224652-07,2024-08-22 12:21:28.84521-07
NY-AT16030-8,2024-02-03 03:15:19.687-08,2024-02-07 10:00:27.363693-08,2024-12-10 00:22:16.356984-08
NY-AT16030-9,2024-02-03 03:15:19.687-08,2024-02-07 10:01:44.402918-08,2024-12-10 00:23:29.85095-08
SQ_AT0027-9,2023-11-17 20:16:57.608-08,2024-01-17 13:46:45.863417-08,2025-03-11 10:40:32.081913-07
SQ_AT0027-8,2023-11-17 20:16:57.608-08,2024-01-17 13:46:23.040491-08,2025-01-08 03:06:14.81829-08
SQ_AT0027-5,2023-11-17 20:16:57.608-08,2025-02-27 15:48:20.045885-08,2025-03-03 14:37:59.881004-08
SQ_AT0027-6,2023-11-17 20:16:57.608-08,2025-02-27 15:53:28.308674-08,2025-03-03 14:43:08.084354-08
NY-MX12050-8,2024-04-02 20:24:04.41-07,2024-08-02 13:30:42.495541-07,2024-12-10 00:42:49.887009-08
NY-MX12050-9,2024-04-02 20:24:04.41-07,2024-08-02 13:30:57.150779-07,2024-12-10 00:44:02.93336-08
NY-MX12050-2,2024-04-02 20:24:04.41-07,2024-08-21 10:23:41.503312-07,2024-08-22 12:26:02.622005-07
NY-MX12050-3,2024-04-02 20:24:04.41-07,2024-08-23 08:36:42.140545-07,2024-08-23 13:42:22.762425-07
NY-MX12050-1,2024-04-02 20:24:04.41-07,2024-11-19 08:08:03.616973-08,2024-12-10 01:09:12.704201-08
NY-MX12050-6,2024-04-02 20:24:04.41-07,2024-11-15 10:06:36.378011-08,2024-12-10 11:20:24.254513-08
NY-MX12050-7,2024-04-02 20:24:04.41-07,2024-11-13 16:27:25.002775-08,2024-12-10 11:21:34.50644-08
NY-MX12050-4,2024-04-02 20:24:04.41-07,2024-08-23 08:36:54.924353-07,2024-08-23 13:42:34.486496-07
NY-MX12050-5,2024-04-02 20:24:04.41-07,2024-11-13 16:21:04.751891-08,2024-12-10 11:19:14.6067-08
NW-TX4119-1,2024-08-05 19:18:21.943-07,2024-08-12 13:22:18.710834-07,2025-01-16 09:16:15.568838-08
NW-TX4119-3,2024-08-05 19:18:21.943-07,2025-01-12 17:54:09.57359-08,2025-01-16 09:16:53.851624-08
NW-TX4119-2,2024-08-05 19:18:21.943-07,2025-01-12 17:51:58.2537-08,2025-01-16 09:16:38.517454-08
NW-TX4119-5,2024-08-05 19:18:21.943-07,2025-01-12 17:58:34.265864-08,2025-01-16 09:17:22.247676-08
NW-TX4119-4,2024-08-05 19:18:21.943-07,2025-01-12 17:56:21.819845-08,2025-01-16 09:17:08.146377-08
NY-MX12012-8,2023-10-24 22:28:17.874-07,2024-11-24 01:36:25.158714-08,2024-12-10 01:26:32.255939-08
NY-MX12012-9,2023-10-24 22:28:17.874-07,2024-01-24 08:57:43.273409-08,2024-12-10 00:09:11.925599-08
NY-MX12012-1,2023-10-24 22:28:17.874-07,2024-11-21 23:27:37.994647-08,2024-12-10 01:20:17.110018-08
NY-MX12012-2,2023-10-24 22:28:17.874-07,2024-11-21 23:30:49.993619-08,2024-12-10 01:21:30.472374-08
NY-MX12012-3,2023-10-24 22:28:17.874-07,2024-11-24 01:33:15.706696-08,2024-12-10 01:22:44.983053-08
NY-MX12012-4,2023-10-24 22:28:17.874-07,2024-11-21 23:37:19.78149-08,2024-12-10 01:24:00.954641-08
NY-MX12012-5,2023-10-24 22:28:17.874-07,2024-11-21 23:47:08.470855-08,2024-12-10 01:27:44.205725-08
NY-MX12012-6,2023-10-24 22:28:17.874-07,2024-11-21 23:50:25.091091-08,2024-12-10 01:28:54.467851-08
NY-MX12012-7,2023-10-24 22:28:17.874-07,2024-11-21 23:40:36.798745-08,2024-12-10 01:25:16.211104-08
NY-AT0643-2,2024-03-05 14:26:37.636-08,2024-09-05 11:04:46.447333-07,2024-09-11 13:45:24.707491-07
NY-AT0643-3,2024-03-05 14:26:37.636-08,2024-08-28 01:12:35.981605-07,2024-09-11 13:51:46.46241-07
NY-AT0643-1,2024-03-05 14:26:37.636-08,2024-09-05 10:58:08.816315-07,2024-09-11 13:39:04.51656-07
NY-AT0643-7,2024-03-05 14:26:37.636-08,2024-08-28 01:38:12.088853-07,2024-09-11 14:17:10.756942-07
NY-AT0643-4,2024-03-05 14:26:37.636-08,2024-08-28 01:19:01.10751-07,2024-09-11 13:58:07.204667-07
NY-AT0643-5,2024-03-05 14:26:37.636-08,2024-08-28 01:25:26.943363-07,2024-09-11 14:04:28.788591-07
NY-AT0643-8,2024-03-05 14:26:37.636-08,2024-08-28 01:44:34.882057-07,2024-09-11 14:23:34.365176-07
NY-MX2156-1,2023-11-22 07:28:44.405-08,2024-08-28 06:40:49.282908-07,2024-09-11 19:25:33.553663-07
NY-MX2156-3,2023-11-22 07:28:44.405-08,2024-08-30 01:41:19.040897-07,2024-09-10 13:54:15.990376-07
NY-MX2156-2,2023-11-22 07:28:44.405-08,2024-08-30 01:38:08.595891-07,2024-09-10 13:50:27.860936-07
NY-MX2156-5,2023-11-22 07:28:44.405-08,2024-08-27 16:08:06.847632-07,2024-09-10 14:01:50.697699-07
NY-MX12051-9,2024-04-10 19:27:39.51-07,2024-08-26 12:01:42.610356-07,2024-09-23 16:51:20.071536-07
NY-MX2156-7,2023-11-22 07:28:44.405-08,2024-08-28 06:47:09.710688-07,2024-09-11 19:31:55.909099-07
NY-MX2156-6,2023-11-22 07:28:44.405-08,2024-08-28 06:43:59.43825-07,2024-09-11 19:28:44.417334-07
NY-MX2156-9,2023-11-22 07:28:44.405-08,2025-02-10 00:40:03.671736-08,2025-02-16 23:30:47.902492-08
NY-MX2156-8,2023-11-22 07:28:44.405-08,2025-02-10 00:22:57.465977-08,2025-02-16 23:25:41.447019-08
NY-MX12051-8,2024-04-10 19:27:39.51-07,2024-09-02 10:58:37.133192-07,2024-09-23 16:51:06.613985-07
NW_TX4050-3,2024-02-29 15:48:22.271-08,2024-03-04 11:42:23.194077-08,2024-03-07 09:57:17.262141-08
NY-AT0668-6,2023-10-04 03:00:21.764-07,2024-08-28 04:17:44.076273-07,2024-09-11 16:56:29.302885-07
NW_TX4050-1,2024-02-29 15:48:22.271-08,2024-03-01 09:29:57.701841-08,2024-03-13 18:04:42.381745-07
NY-MX12051-4,2024-04-10 19:27:39.51-07,2024-11-19 08:14:23.058801-08,2024-12-10 01:11:40.005149-08
NW_TX4050-7,2024-02-29 15:48:22.271-08,2024-03-01 09:31:33.779957-08,2024-03-07 09:58:38.927752-08
NW_TX4050-6,2024-02-29 15:48:22.271-08,2024-03-01 09:31:21.124555-08,2024-03-07 09:58:19.156072-08
NY-AT16011-7,2023-10-18 21:38:26.594-07,2024-09-24 15:33:51.752975-07,2024-09-25 09:59:15.706756-07
NY-AT16011-6,2023-10-18 21:38:26.594-07,2024-09-24 15:33:38.349485-07,2024-09-25 09:58:47.03897-07
NY-AT16011-5,2023-10-18 21:38:26.594-07,2024-09-24 15:33:14.409806-07,2024-09-25 09:58:31.660164-07
NY-AT16011-4,2023-10-18 21:38:26.594-07,2024-09-24 15:32:58.712329-07,2024-09-25 09:58:10.538437-07
NY-AT16011-3,2023-10-18 21:38:26.594-07,2024-11-21 23:23:59.614493-08,2024-12-10 01:19:04.118246-08
NW_TX4050-5,2024-02-29 15:48:22.271-08,2024-03-01 09:31:03.880355-08,2024-03-07 09:58:00.415456-08
NY-AT16011-1,2023-10-18 21:38:26.594-07,2024-11-13 14:10:50.446515-08,2024-12-10 10:54:50.476353-08
NY-AT16011-9,2023-10-18 21:38:26.594-07,2024-07-25 14:41:06.275142-07,2024-12-10 10:58:19.382565-08
NY-AT16011-8,2023-10-18 21:38:26.594-07,2024-11-15 10:22:30.646843-08,2024-12-10 10:57:09.763805-08
SQ_MX2020-9,2024-02-27 22:30:24.506-08,2024-10-21 23:09:07.228063-07,2025-01-07 20:49:39.038046-08
SQ_MX2020-4,2024-02-27 22:30:24.506-08,2025-02-27 14:25:46.178636-08,2025-03-03 13:14:01.945363-08
NY-MX22005-13,2024-09-19 20:04:15.748-07,2024-09-20 09:42:46.972732-07,2024-09-30 11:11:44.422794-07
SQ_MX2020-5,2024-02-27 22:30:24.506-08,2025-02-27 14:30:52.257423-08,2025-03-03 13:19:25.93999-08
SQ_MX2020-6,2024-02-27 22:30:24.506-08,2024-12-11 12:17:36.388291-08,2025-01-07 18:20:54.615822-08
NW-TX4118-7,2024-08-05 21:01:48.087-07,2024-08-12 13:22:05.068358-07,2025-01-15 14:42:01.963013-08
SQ_MX2020-1,2024-02-27 22:30:24.506-08,2024-10-21 18:29:52.74352-07,2024-12-09 20:51:30.599686-08
SQ_MX2020-2,2024-02-27 22:30:24.506-08,2024-10-21 23:02:46.176802-07,2024-12-09 21:57:34.854466-08
SQ_MX2020-3,2024-02-27 22:30:24.506-08,2024-10-21 21:53:03.503572-07,2024-12-09 21:47:00.455171-08
SQ_MX2029-3,2024-03-21 14:31:11.016-07,2025-02-11 05:02:32.159442-08,2025-02-17 07:33:14.341399-08
NY-AT16053-11,2024-04-17 07:01:27.665-07,2024-07-12 10:46:00.042843-07,2024-08-22 15:08:14.796079-07
NY-AT16053-10,2024-04-17 07:01:27.665-07,2024-07-12 10:45:52.808379-07,2024-08-22 15:08:03.169421-07
SQ-MX2001-1,2024-03-20 21:47:27.017-07,2024-11-24 03:33:59.034762-08,2025-01-07 16:47:43.683106-08
SQ-MX2001-2,2024-03-20 21:47:27.017-07,2024-11-24 03:37:08.349001-08,2024-12-09 21:29:18.856845-08
NY-MX22010-1,2024-10-19 11:30:34.066-07,2024-10-28 16:00:49.39085-07,2024-10-30 11:05:48.995934-07
NY-MX22010-3,2024-10-19 11:30:34.066-07,2024-10-28 12:55:31.288777-07,2024-10-29 11:51:59.06395-07
NY-MX22010-2,2024-10-19 11:30:34.066-07,2024-10-28 12:42:53.311277-07,2024-10-29 11:53:08.020944-07
NY-MX22010-5,2024-10-19 11:30:34.066-07,2024-10-28 13:01:52.014003-07,2025-03-21 12:59:01.977319-07
NY-MX22010-4,2024-10-19 11:30:34.066-07,2024-10-28 16:51:31.469125-07,2025-03-21 12:55:55.381959-07
NY-MX22010-7,2024-10-19 11:30:34.066-07,2024-10-28 17:01:04.003379-07,2024-10-31 11:57:06.696187-07
NY-MX22010-6,2024-10-19 11:30:34.066-07,2024-10-28 16:57:52.6724-07,2024-10-31 11:58:15.707904-07
NY-MX22010-9,2024-10-19 11:30:34.066-07,2024-11-14 11:12:38.458997-08,2024-10-29 11:49:40.894341-07
NY-MX22010-8,2024-10-19 11:30:34.066-07,2024-10-28 17:04:15.054775-07,2024-10-31 11:55:57.601577-07
NY-AT16054-9,2024-04-18 13:34:34.09-07,2024-06-28 10:59:05.865074-07,2024-07-03 16:08:36.731721-07
SQ_AT0057-8,2024-01-11 20:38:59.907-08,2024-01-12 12:56:53.580684-08,2025-01-08 02:16:28.088064-08
SQ_AT0057-9,2024-01-11 20:38:59.907-08,2024-01-12 12:57:27.137732-08,2025-01-08 02:18:38.467817-08
NY-AT16081-1,2024-08-07 04:17:43.585-07,2024-11-11 19:45:30.908776-08,2024-12-02 13:23:41.327431-08
NW_TX0154-2,2023-07-26 22:58:33.288-07,2023-06-23 10:50:54.749701-07,2023-05-21 21:44:44.985313-07
NW_TX0154-3,2023-07-26 22:58:33.288-07,2023-06-23 10:51:12.58581-07,2023-05-21 21:44:52.245787-07
NW_TX0154-1,2023-07-26 22:58:33.288-07,2023-06-23 10:50:36.628392-07,2023-05-21 21:44:36.173122-07
NW_MX2098-10,2024-03-05 10:56:27.315-08,2024-11-05 13:56:35.023913-08,2024-12-09 23:04:12.377751-08
SQ_AT0057-5,2024-01-11 20:38:59.907-08,2024-11-24 06:12:23.849787-08,2025-01-08 01:50:23.32474-08
SQ_AT0057-7,2024-01-11 20:38:59.907-08,2024-01-21 10:54:00.727708-08,2025-01-08 02:14:18.384105-08
NY-AT16081-7,2024-08-07 04:17:43.585-07,2024-11-19 10:46:45.2347-08,2024-12-03 13:50:15.98978-08
SQ_AT0057-1,2024-01-11 20:38:59.907-08,2024-12-11 10:36:28.084979-08,2025-01-07 17:09:21.26376-08
NY-AT16054-4,2024-04-18 13:34:34.09-07,2024-07-12 10:46:29.047626-07,2024-08-22 17:35:20.746022-07
NW_MX2099-9,2024-03-06 01:34:08.532-08,2024-11-08 11:25:18.557102-08,2024-12-10 12:18:34.233669-08
NW_MX2099-8,2024-03-06 01:34:08.532-08,2024-10-01 11:49:37.134005-07,2024-12-03 15:08:14.517115-08
NW_MX2099-7,2024-03-06 01:34:08.532-08,2024-10-01 11:46:26.776896-07,2024-12-03 15:07:59.153398-08
NW_MX2099-6,2024-03-06 01:34:08.532-08,2024-10-01 11:43:16.180752-07,2024-12-03 15:07:41.705477-08
NW_MX2099-5,2024-03-06 01:34:08.532-08,2024-10-01 11:40:05.551436-07,2024-12-03 15:07:29.229518-08
NW_MX2099-4,2024-03-06 01:34:08.532-08,2024-10-01 11:36:54.731807-07,2024-12-03 15:07:14.061808-08
NW_MX2099-3,2024-03-06 01:34:08.532-08,2024-10-01 11:33:44.005508-07,2024-12-03 15:06:57.720406-08
NW_MX2099-2,2024-03-06 01:34:08.532-08,2024-10-01 11:30:33.036259-07,2024-12-03 15:05:05.483347-08
NW_MX2099-1,2024-03-06 01:34:08.532-08,2024-11-10 21:32:43.156992-08,2024-12-10 12:17:24.094504-08
NY-AT26005-17,2024-09-20 01:02:21.025-07,2024-09-20 09:55:33.595246-07,2024-09-30 10:59:03.208442-07
NY-AT26005-16,2024-09-20 01:02:21.025-07,2024-09-20 09:52:22.500083-07,2024-09-30 11:02:13.942682-07
NY-AT26005-15,2024-09-20 01:02:21.025-07,2024-09-20 09:49:11.835178-07,2024-09-30 11:05:24.407675-07
NY-AT26005-14,2024-09-20 01:02:21.025-07,2024-09-20 09:45:57.996636-07,2024-09-30 11:08:34.296245-07
NY-AT26005-13,2024-09-20 01:02:21.025-07,2024-09-20 09:42:46.972732-07,2024-09-30 11:11:44.422794-07
NY-AT26005-12,2024-09-20 01:02:21.025-07,2024-09-25 09:18:25.35013-07,2024-09-27 10:08:49.228231-07
NY-AT26005-11,2024-09-20 01:02:21.025-07,2024-09-20 09:36:20.155571-07,2024-09-30 11:14:54.05659-07
NY-AT26005-10,2024-09-20 01:02:21.025-07,2024-09-23 11:12:54.957554-07,2024-09-27 10:11:59.416944-07
NY-AT26005-19,2024-09-20 01:02:21.025-07,2024-09-20 10:01:54.138398-07,2024-09-30 10:52:42.885757-07
NY-AT26005-18,2024-09-20 01:02:21.025-07,2024-09-20 09:58:44.066917-07,2024-09-30 10:55:52.89375-07
NY-MX12055-3,2024-04-23 14:22:29.749-07,2024-07-12 10:43:15.473984-07,2024-08-19 12:27:04.053663-07
NY-MX12055-7,2024-04-23 14:22:29.749-07,2024-07-12 10:47:55.070918-07,2024-08-22 10:41:38.231824-07
NY-MX12055-6,2024-04-23 14:22:29.749-07,2024-07-12 10:47:47.622441-07,2024-08-22 10:41:27.192033-07
NY-MX12055-5,2024-04-23 14:22:29.749-07,2024-07-12 10:47:19.513682-07,2024-08-22 10:41:17.19834-07
NY-AT26008-11,2024-10-12 19:51:32.328-07,2024-10-13 01:49:40.94443-07,2024-10-14 12:15:06.329383-07
NY-AT26008-12,2024-10-12 19:51:32.328-07,2024-10-13 01:52:51.724474-07,2024-10-14 12:08:44.959061-07
NY-AT16024-9,2024-03-05 15:14:46.654-08,2024-11-22 02:48:29.711703-08,2024-12-10 10:29:09.098322-08
NY-AT16024-8,2024-03-05 15:14:46.654-08,2024-11-22 02:45:19.462454-08,2024-12-10 10:27:58.399568-08
NW-AT0712-9,2024-07-31 20:37:08.508-07,2024-08-26 12:43:12.877186-07,2024-09-10 17:28:07.39127-07
NW-AT0712-8,2024-07-31 20:37:08.508-07,2024-08-27 18:48:12.324454-07,2024-09-10 17:05:53.820264-07
NY-AT16024-3,2024-03-05 15:14:46.654-08,2024-11-22 02:32:35.40972-08,2024-12-10 10:22:06.219826-08
NY-AT16024-2,2024-03-05 15:14:46.654-08,2024-11-22 02:29:24.042706-08,2024-12-10 10:20:56.187362-08
NY-AT16024-1,2024-03-05 15:14:46.654-08,2024-11-24 01:58:33.874214-08,2024-12-10 10:19:45.673621-08
NW-AT0712-4,2024-07-31 20:37:08.508-07,2024-08-27 18:35:30.130116-07,2024-09-10 16:53:11.606485-07
NY-AT16024-7,2024-03-05 15:14:46.654-08,2024-11-22 02:42:07.801968-08,2024-12-10 10:26:47.918601-08
NY-AT16024-6,2024-03-05 15:14:46.654-08,2024-11-22 02:38:57.16764-08,2024-12-10 10:25:37.553103-08
NY-AT16024-5,2024-03-05 15:14:46.654-08,2024-07-25 14:32:27.638147-07,2024-12-10 10:24:26.504321-08
NY-AT16024-4,2024-03-05 15:14:46.654-08,2024-11-22 02:35:46.262341-08,2024-12-10 10:23:16.626842-08
NY-AT26008-17,2024-10-12 19:51:32.328-07,2024-10-13 02:08:43.447278-07,2024-10-14 11:36:54.160666-07
NY-AT26010-15,2024-10-20 10:25:26.02-07,2024-10-31 12:06:20.536774-07,2024-11-01 10:30:00.051666-07
NY-AT26010-14,2024-10-20 10:25:26.02-07,2024-10-21 11:03:52.799785-07,2025-03-21 11:12:37.785677-07
NY-AT26010-17,2024-10-20 10:25:26.02-07,2024-10-31 12:09:29.975425-07,2024-11-01 10:28:50.28863-07
SQ_MX2029-1,2024-03-21 14:31:11.016-07,2024-12-11 12:30:14.227783-08,2025-01-07 18:31:47.208417-08
NY-AT26010-11,2024-10-20 10:25:26.02-07,2024-10-28 12:14:19.835051-07,2024-10-31 12:05:11.368714-07
NY-AT26010-10,2024-10-20 10:25:26.02-07,2024-10-28 16:03:59.679782-07,2024-10-31 12:04:01.828583-07
NY-AT26010-13,2024-10-20 10:25:26.02-07,2024-10-28 16:13:30.24567-07,2024-10-31 12:01:43.039273-07
NY-AT26010-12,2024-10-20 10:25:26.02-07,2024-10-28 16:10:20.06948-07,2024-10-31 12:02:52.364544-07
NY-AT26010-19,2024-10-20 10:25:26.02-07,2024-10-28 12:39:43.69129-07,2024-10-29 11:54:17.542439-07
NY-AT26010-18,2024-10-20 10:25:26.02-07,2024-10-29 12:06:03.175983-07,2024-10-31 11:51:20.46336-07
NW_TX4040-1,2024-03-05 11:22:01.483-08,2025-02-11 12:52:43.415295-08,2025-02-17 10:37:18.034895-08
NW_TX4040-2,2024-03-05 11:22:01.483-08,2025-02-11 13:09:51.019099-08,2025-02-17 10:42:24.53555-08
NW_TX4040-3,2024-03-05 11:22:01.483-08,2024-10-22 11:25:32.348657-07,2024-12-10 16:19:49.504536-08
NW_TX4040-4,2024-03-05 11:22:01.483-08,2024-10-22 11:28:41.511171-07,2024-12-10 16:20:59.016521-08
NW_MX2112-5,2024-03-05 11:46:31.879-08,2024-10-01 14:33:47.33197-07,2024-12-09 10:37:39.969226-08
NW_MX2112-4,2024-03-05 11:46:31.879-08,2024-11-20 11:02:16.329342-08,2024-12-10 14:20:56.076064-08
NW_MX2112-7,2024-03-05 11:46:31.879-08,2024-10-01 14:40:10.180582-07,2024-12-09 10:40:08.256573-08
NW_MX2112-6,2024-03-05 11:46:31.879-08,2024-10-01 14:36:58.853344-07,2024-12-09 10:38:53.63888-08
NW_MX2112-1,2024-03-05 11:46:31.879-08,2024-11-10 01:09:14.199074-08,2024-12-10 12:27:53.041392-08
NW_MX2112-3,2024-03-05 11:46:31.879-08,2024-10-01 14:30:36.46138-07,2024-12-09 10:36:26.08721-08
NW_MX2112-2,2024-03-05 11:46:31.879-08,2024-10-01 14:24:15.118905-07,2024-12-09 10:34:01.143559-08
NW_TX4048-4,2023-08-06 20:34:58.582-07,2024-08-02 11:38:35.11593-07,2024-09-10 17:21:46.729431-07
NW_TX4048-5,2023-08-06 20:34:58.582-07,2024-08-02 11:39:00.26432-07,2024-09-10 17:24:56.911951-07
NW_TX4048-6,2023-08-06 20:34:58.582-07,2024-08-26 12:43:12.877186-07,2024-09-10 17:28:07.39127-07
NY-TX4091-2,2023-10-03 22:14:49.954-07,2023-10-12 10:11:52.463303-07,2023-12-08 02:05:54.069074-08
NY-TX4091-3,2023-10-03 22:14:49.954-07,2024-08-02 13:40:11.766707-07,2023-12-08 02:06:02.761093-08
NY-TX4091-1,2023-10-03 22:14:49.954-07,2023-10-11 10:21:41.002097-07,2023-12-08 02:05:46.037632-08
NW-MX2130-9,2023-05-04 04:05:42.767-07,2025-02-08 13:58:16.433104-08,2025-02-16 10:26:58.012675-08
NW-MX2130-8,2023-05-04 04:05:42.767-07,2025-02-08 14:02:39.23396-08,2025-02-16 10:37:10.868977-08
NW-MX2130-3,2023-05-04 04:05:42.767-07,2025-02-08 13:54:03.803648-08,2025-02-16 10:16:45.294944-08
NW-MX2130-2,2023-05-04 04:05:42.767-07,2024-11-24 06:26:33.03296-08,2024-12-10 16:26:46.641963-08
NW-MX2130-1,2023-05-04 04:05:42.767-07,2024-06-28 11:04:28.918662-07,2024-07-03 16:06:10.706549-07
NW-MX2130-7,2023-05-04 04:05:42.767-07,2025-02-08 14:48:58.084094-08,2025-02-16 12:29:37.449476-08
NW-MX2130-6,2023-05-04 04:05:42.767-07,2025-02-08 14:46:51.489356-08,2025-02-16 12:24:30.890021-08
NW-MX2130-5,2023-05-04 04:05:42.767-07,2025-02-08 14:44:44.441589-08,2025-02-16 12:19:24.234036-08
NW-MX2130-4,2023-05-04 04:05:42.767-07,2025-02-08 13:51:57.60684-08,2025-02-16 10:11:38.883729-08
NY-TX14040-4,2024-06-14 00:28:11.892-07,2024-10-08 15:05:42.608979-07,2025-01-22 13:48:28.357111-08
NY-TX14040-2,2024-06-14 00:28:11.892-07,2024-10-08 15:04:50.160077-07,2025-01-22 13:48:51.773943-08
NY-TX14040-3,2024-06-14 00:28:11.892-07,2024-10-08 15:05:17.934661-07,2025-01-22 13:48:15.755258-08
NY-TX14040-1,2024-06-14 00:28:11.892-07,2024-10-08 15:04:31.088476-07,2025-01-22 13:48:40.93011-08
NY-AT26001-7,2024-03-26 17:14:08.27-07,2024-08-26 09:46:41.634163-07,2024-09-23 16:55:35.754993-07
NY-AT26001-6,2024-03-26 17:14:08.27-07,2024-08-26 09:41:29.27627-07,2024-09-23 16:55:23.421368-07
NY-AT26001-5,2024-03-26 17:14:08.27-07,2024-08-26 09:36:17.925661-07,2024-09-23 16:55:02.607011-07
NY-AT26001-4,2024-03-26 17:14:08.27-07,2024-08-26 09:30:55.529381-07,2024-09-23 16:54:48.7974-07
NY-AT26001-3,2024-03-26 17:14:08.27-07,2024-11-19 09:59:04.88152-08,2024-12-03 13:52:15.731008-08
NY-AT26001-2,2024-03-26 17:14:08.27-07,2024-11-19 09:55:53.634604-08,2024-12-03 13:51:48.610794-08
NY-AT26001-1,2024-03-26 17:14:08.27-07,2024-11-19 09:52:41.81844-08,2024-12-03 13:51:17.384818-08
SQ_AT0619-3,2024-03-05 08:47:05.568-08,2024-10-01 14:11:30.571472-07,2024-12-09 10:29:05.547131-08
SQ_AT0619-8,2024-03-05 08:47:05.568-08,2024-10-01 14:27:25.811495-07,2024-12-09 10:35:14.454938-08
NY-AT16041-8,2024-03-07 22:13:38.963-08,2024-08-21 15:30:50.502019-07,2024-08-22 17:42:48.074464-07
NY-AT16041-9,2024-03-07 22:13:38.963-08,2024-07-17 13:08:48.441434-07,2024-08-16 11:03:32.201719-07
NY-AT16041-4,2024-03-07 22:13:38.963-08,2024-07-11 18:07:56.919164-07,2024-08-20 09:56:10.722537-07
NY-AT16041-5,2024-03-07 22:13:38.963-08,2024-07-11 18:08:04.790412-07,2024-08-20 09:56:22.097568-07
NY-AT16041-6,2024-03-07 22:13:38.963-08,2024-07-11 18:07:49.369869-07,2024-08-20 09:56:33.07788-07
NY-AT16041-7,2024-03-07 22:13:38.963-08,2024-07-11 18:08:12.116408-07,2024-08-20 09:56:43.311443-07
NY-AT16041-1,2024-03-07 22:13:38.963-08,2024-10-21 16:38:01.169153-07,2024-10-30 11:01:58.052229-07
NY-AT16041-2,2024-03-07 22:13:38.963-08,2024-11-15 10:12:18.048402-08,2024-12-09 22:23:21.275497-08
NY-AT16041-3,2024-03-07 22:13:38.963-08,2024-11-13 15:20:47.98094-08,2024-12-09 22:24:30.994199-08
NY-AT16036-10,2024-02-23 12:42:28.977-08,2024-08-21 15:30:09.970235-07,2025-02-04 14:35:59.831706-08
SQ_AT0050-7,2024-03-21 14:48:59.736-07,2024-12-12 09:17:31.740245-08,2025-01-07 20:10:10.052018-08
NY-TX14021-1,2023-11-22 00:02:11.437-08,2023-11-22 09:25:12.892935-08,2023-12-08 02:08:29.209504-08
NY-TX14021-3,2023-11-22 00:02:11.437-08,2023-11-22 09:23:06.493951-08,2023-12-08 02:08:45.938618-08
NY-TX14021-2,2023-11-22 00:02:11.437-08,2023-11-22 09:23:35.09-08,2023-12-08 02:08:37.585535-08
NY-TX14021-4,2023-11-22 00:02:11.437-08,2023-11-22 09:22:41.50417-08,2023-12-08 02:08:54.078723-08
NW-TX4124-5,2024-08-23 06:10:54.049-07,2024-08-27 11:57:39.547052-07,2025-01-16 09:38:09.672673-08
NW-TX4124-4,2024-08-23 06:10:54.049-07,2024-08-27 11:52:29.215387-07,2025-01-16 09:37:48.572409-08
NW-TX4124-6,2024-08-23 06:10:54.049-07,2025-01-12 18:13:57.979492-08,2025-01-16 09:38:22.914878-08
NW-TX4124-1,2024-08-23 06:10:54.049-07,2025-01-12 18:09:34.014031-08,2025-01-16 09:37:06.007881-08
NW-TX4124-3,2024-08-23 06:10:54.049-07,2024-08-27 11:47:18.312909-07,2025-01-16 09:37:34.265316-08
NW-TX4124-2,2024-08-23 06:10:54.049-07,2025-01-12 18:11:45.837454-08,2025-01-16 09:37:20.492672-08
NW_MX2054-2,2023-09-11 23:57:22.623-07,2024-11-05 15:31:42.24436-08,2024-12-10 15:19:07.337552-08
NW_MX2054-3,2023-09-11 23:57:22.623-07,2024-12-17 07:09:39.825389-08,2025-01-08 05:00:57.493778-08
NW-MX2154-7,2023-11-15 16:54:14.957-08,2024-08-28 06:18:35.550786-07,2024-09-11 19:03:14.027198-07
NW_MX2054-1,2023-09-11 23:57:22.623-07,2024-10-22 00:02:55.619712-07,2024-12-11 00:01:40.716327-08
NW_MX2054-6,2023-09-11 23:57:22.623-07,2024-10-22 00:15:36.29427-07,2024-12-11 00:05:10.595705-08
NW_MX2054-7,2023-09-11 23:57:22.623-07,2024-12-17 12:16:25.485282-08,2025-01-08 05:03:07.006205-08
NW-MX2154-3,2023-11-15 16:54:14.957-08,2024-08-28 06:05:52.08086-07,2024-09-11 18:50:30.417551-07
NW-MX2154-2,2023-11-15 16:54:14.957-08,2024-08-28 06:02:40.293323-07,2024-09-11 18:47:19.611475-07
NW_MX2054-8,2023-09-11 23:57:22.623-07,2024-12-17 12:22:08.483533-08,2025-01-08 05:05:17.0704-08
NW_MX2054-9,2023-09-11 23:57:22.623-07,2024-12-17 12:27:57.490174-08,2025-01-08 05:07:27.771012-08
NW-MX2154-9,2023-11-15 16:54:14.957-08,2024-10-01 17:44:51.018199-07,2024-12-09 19:25:23.08131-08
NW-MX2154-8,2023-11-15 16:54:14.957-08,2024-10-01 17:41:36.503718-07,2024-12-09 19:24:04.5076-08
NY-AT26004-8,2024-09-06 13:02:16.889-07,2024-09-08 22:38:57.809801-07,2024-09-11 15:33:11.430437-07
NY-AT26004-9,2024-09-06 13:02:16.889-07,2024-09-08 22:42:08.728069-07,2024-09-11 15:36:18.793012-07
NY-AT26004-6,2024-09-06 13:02:16.889-07,2024-09-08 22:32:36.747133-07,2024-09-11 15:26:45.538259-07
NY-AT26004-7,2024-09-06 13:02:16.889-07,2024-09-08 22:35:47.181188-07,2024-09-11 15:29:58.253096-07
NY-AT26004-4,2024-09-06 13:02:16.889-07,2024-09-08 22:26:15.679814-07,2024-09-11 14:33:14.148628-07
NY-AT26004-5,2024-09-06 13:02:16.889-07,2024-09-08 22:29:26.187303-07,2024-09-11 15:23:37.731515-07
NY-AT26004-2,2024-09-06 13:02:16.889-07,2024-09-08 22:13:33.352251-07,2024-09-11 15:11:08.198609-07
NY-AT26004-3,2024-09-06 13:02:16.889-07,2024-09-08 22:23:04.959188-07,2025-03-21 11:09:30.813713-07
NY-AT26004-1,2024-09-06 13:02:16.889-07,2024-09-08 21:38:38.279262-07,2024-09-11 14:39:32.880624-07
NY-AT16065-2,2024-06-19 06:23:47.753-07,2024-11-11 15:04:05.584216-08,2024-12-02 13:04:48.464484-08
NY-AT16065-3,2024-06-19 06:23:47.753-07,2024-11-11 15:07:17.214594-08,2024-12-02 13:05:01.867952-08
NY-AT16065-1,2024-06-19 06:23:47.753-07,2024-11-11 15:00:54.084082-08,2024-12-02 13:04:33.894293-08
NY-AT16065-6,2024-06-19 06:23:47.753-07,2024-11-19 10:08:36.76437-08,2024-12-03 13:23:19.58845-08
NY-AT16065-7,2024-06-19 06:23:47.753-07,2024-08-15 10:04:55.715256-07,2024-08-16 09:35:38.428363-07
NY-AT16065-4,2024-06-19 06:23:47.753-07,2024-11-11 15:10:28.359719-08,2024-12-02 13:05:16.262772-08
NY-AT16065-5,2024-06-19 06:23:47.753-07,2024-11-11 15:13:38.928261-08,2024-12-02 13:05:30.597307-08
NY-AT16065-8,2024-06-19 06:23:47.753-07,2024-11-22 09:25:05.925852-08,2024-12-03 13:23:32.524141-08
NY-AT16065-9,2024-06-19 06:23:47.753-07,2024-11-19 10:14:56.823631-08,2024-12-03 13:23:45.257997-08
NY-AT26001-13,2024-03-26 17:14:08.27-07,2024-08-26 10:02:14.954987-07,2024-09-23 16:53:02.396807-07
NY-AT26001-12,2024-03-26 17:14:08.27-07,2024-11-11 14:25:56.014073-08,2024-12-02 13:24:33.935816-08
NY-AT26001-11,2024-03-26 17:14:08.27-07,2024-11-11 14:29:06.6254-08,2024-12-02 13:24:19.573357-08
NY-AT26001-10,2024-03-26 17:14:08.27-07,2024-11-19 07:58:31.030455-08,2024-12-03 13:51:30.651837-08
NY-AT26001-17,2024-03-26 17:14:08.27-07,2024-08-26 10:23:00.427817-07,2024-09-23 16:54:10.543585-07
NY-AT26001-16,2024-03-26 17:14:08.27-07,2024-08-26 10:17:47.302082-07,2024-09-23 16:53:58.108904-07
NW_MX2083-7,2024-03-07 16:57:28.577-08,2024-11-05 13:05:57.304799-08,2024-12-09 22:45:31.738376-08
NY-AT26001-19,2024-03-26 17:14:08.27-07,2024-08-26 10:33:21.666175-07,2024-09-23 16:54:33.715506-07
NY-AT26001-18,2024-03-26 17:14:08.27-07,2024-08-26 10:28:11.383571-07,2024-09-23 16:54:22.00336-07
NY-MX2127-9,2023-04-05 02:57:59.925-07,2024-08-28 01:51:00.802482-07,2024-09-11 14:29:55.23827-07
NY-MX2127-8,2023-04-05 02:57:59.925-07,2024-08-28 01:44:34.882057-07,2024-09-11 14:23:34.365176-07
NY-AT16027-9,2024-03-05 15:02:58.771-08,2024-11-11 13:53:54.173825-08,2024-12-02 12:54:58.257643-08
NY-MX2127-1,2023-04-05 02:57:59.925-07,2024-09-05 10:58:08.816315-07,2024-09-11 13:39:04.51656-07
NY-MX2127-3,2023-04-05 02:57:59.925-07,2024-08-28 01:12:35.981605-07,2024-09-11 13:51:46.46241-07
NY-MX2127-2,2023-04-05 02:57:59.925-07,2024-09-05 11:04:46.447333-07,2024-09-11 13:45:24.707491-07
NY-MX2127-5,2023-04-05 02:57:59.925-07,2024-08-28 01:25:26.943363-07,2024-09-11 14:04:28.788591-07
NY-MX2127-4,2023-04-05 02:57:59.925-07,2024-08-28 01:19:01.10751-07,2024-09-11 13:58:07.204667-07
NY-MX2127-7,2023-04-05 02:57:59.925-07,2024-08-28 01:38:12.088853-07,2024-09-11 14:17:10.756942-07
NY-MX2127-6,2023-04-05 02:57:59.925-07,2024-08-28 01:31:49.521553-07,2024-09-11 14:10:49.201756-07
NW-TX4121-4,2024-08-13 23:03:57.091-07,2025-01-12 18:07:22.469234-08,2025-01-16 09:23:00.423685-08
NW-MX2175-10,2024-03-30 02:05:09.361-07,2024-11-14 11:19:56.057475-08,2024-12-10 16:32:36.551433-08
NW-MX2175-11,2024-03-30 02:05:09.361-07,2024-11-14 11:20:18.142956-08,2024-12-10 16:33:46.862477-08
SQ_AT0056-2,2024-03-21 14:52:55.919-07,2024-12-11 10:45:56.856723-08,2025-01-07 17:15:49.586778-08
NY-AT16019-3,2024-03-05 15:21:17.12-08,2024-09-24 15:53:43.005115-07,2024-09-25 10:24:59.736279-07
NW-AT0639-7,2024-03-06 02:35:01.439-08,2024-11-24 03:43:28.026513-08,2024-12-09 23:24:12.409119-08
NW-AT0639-3,2024-03-06 02:35:01.439-08,2025-02-08 14:00:33.006665-08,2025-02-16 10:32:04.392333-08
NW-AT0639-1,2024-03-06 02:35:01.439-08,2025-02-08 14:51:04.19038-08,2025-02-16 12:34:44.890405-08
NY-AT16019-2,2024-03-05 15:21:17.12-08,2024-11-22 00:54:02.289147-08,2024-12-10 01:52:24.281243-08
NY-MX22006-8,2024-09-26 00:23:23.453-07,2024-09-26 13:38:16.732637-07,2024-09-27 09:50:55.350515-07
NY-MX22006-9,2024-09-26 00:23:23.453-07,2024-09-27 11:07:00.803172-07,2024-09-30 11:45:16.5022-07
NY-MX22006-4,2024-09-26 00:23:23.453-07,2024-09-27 10:57:29.822561-07,2024-09-30 11:54:52.445319-07
NY-MX22006-5,2024-09-26 00:23:23.453-07,2024-09-27 11:00:39.87656-07,2024-09-30 11:51:41.089357-07
NY-MX22006-6,2024-09-26 00:23:23.453-07,2024-09-27 11:03:50.517027-07,2024-09-30 11:48:28.708996-07
NY-MX22006-7,2024-09-26 00:23:23.453-07,2024-09-26 13:35:04.649689-07,2024-09-27 09:54:05.950811-07
NY-MX22006-1,2024-09-26 00:23:23.453-07,2024-09-27 09:57:16.428661-07,2024-09-30 12:55:50.179046-07
NY-MX22006-2,2024-09-26 00:23:23.453-07,2024-09-27 10:32:08.972067-07,2024-09-30 12:20:32.271405-07
NY-MX22006-3,2024-09-26 00:23:23.453-07,2024-09-27 10:54:20.025556-07,2024-09-30 11:58:04.774146-07
NY-AT0682-9,2023-12-20 07:36:50.335-08,2024-12-19 12:30:17.382404-08,2025-01-08 08:31:04.77672-08
NY-AT0682-8,2023-12-20 07:36:50.335-08,2024-10-01 18:23:49.634881-07,2025-01-07 16:00:06.150415-08
SQ_AT0056-7,2024-03-21 14:52:55.919-07,2025-02-11 09:17:47.144127-08,2025-02-17 09:15:29.559786-08
NY-AT0682-3,2023-12-20 07:36:50.335-08,2024-12-19 12:25:06.266505-08,2025-01-08 08:24:35.72164-08
NY-AT0682-2,2023-12-20 07:36:50.335-08,2024-12-19 12:19:56.144379-08,2025-01-08 08:22:26.111547-08
NY-AT0682-1,2023-12-20 07:36:50.335-08,2024-10-22 05:44:31.616966-07,2025-01-08 08:20:16.328803-08
NY-AT0682-7,2023-12-20 07:36:50.335-08,2024-10-01 18:20:34.817053-07,2025-01-07 15:57:55.215621-08
NY-AT0682-6,2023-12-20 07:36:50.335-08,2024-10-01 18:17:19.71701-07,2025-01-07 15:55:44.703875-08
NY-AT0682-5,2023-12-20 07:36:50.335-08,2024-10-22 05:57:10.358584-07,2025-01-08 08:28:54.800727-08
NY-AT0682-4,2023-12-20 07:36:50.335-08,2024-10-22 05:54:00.883015-07,2025-01-08 08:26:45.302281-08
SQ_AT0056-6,2024-03-21 14:52:55.919-07,2025-02-11 09:00:40.997307-08,2025-02-17 09:10:23.04568-08
SQ_AT0056-9,2024-03-21 14:52:55.919-07,2025-02-11 09:21:59.246197-08,2025-02-17 09:25:42.562064-08
SQ_AT0056-8,2024-03-21 14:52:55.919-07,2025-02-11 09:19:53.232974-08,2025-02-17 09:20:36.076613-08
NY-MX12053-11,2024-04-17 01:05:40.329-07,2024-07-12 10:46:00.042843-07,2024-08-22 15:08:14.796079-07
NY-MX12053-10,2024-04-17 01:05:40.329-07,2024-07-12 10:45:52.808379-07,2024-08-22 15:08:03.169421-07
SQ_AT0577-3,2024-03-23 21:10:25.765-07,2024-12-18 14:35:17.262555-08,2025-01-08 06:12:27.019336-08
SQ_AT0577-2,2024-03-23 21:10:25.765-07,2024-12-18 14:28:04.027832-08,2025-01-08 06:10:16.761381-08
SQ_AT0577-7,2024-03-23 21:10:25.765-07,2024-10-21 19:36:51.469427-07,2024-12-09 21:16:14.219789-08
SQ_AT0577-5,2024-03-23 21:10:25.765-07,2024-12-18 14:45:36.886342-08,2025-01-08 06:16:48.77455-08
SQ_AT0577-4,2024-03-23 21:10:25.765-07,2024-12-24 02:22:33.730437-08,2025-01-08 06:14:38.015432-08
NW_MX2103-10,2024-02-29 10:56:27.868-08,2024-11-10 21:25:12.147389-08,2024-12-10 17:49:19.949451-08
NY-AT26006-12,2024-09-26 06:40:47.967-07,2024-09-27 10:06:48.196529-07,2024-09-30 12:46:11.981496-07
NY-AT26006-13,2024-09-26 06:40:47.967-07,2024-09-27 10:09:58.457195-07,2024-09-30 12:43:00.307799-07
NY-AT26006-10,2024-09-26 06:40:47.967-07,2024-09-27 10:00:26.854103-07,2024-09-30 12:52:37.754122-07
NY-AT26006-11,2024-09-26 06:40:47.967-07,2024-09-27 10:03:37.774655-07,2024-09-30 12:49:25.112408-07
NY-AT26006-16,2024-09-26 06:40:47.967-07,2024-09-27 10:19:28.189162-07,2024-09-30 12:33:22.030104-07
NY-AT26006-17,2024-09-26 06:40:47.967-07,2024-09-27 10:22:38.229883-07,2024-09-30 12:30:08.939039-07
NY-AT26006-14,2024-09-26 06:40:47.967-07,2024-09-27 10:13:08.443274-07,2024-09-30 12:39:46.320255-07
NY-AT26006-15,2024-09-26 06:40:47.967-07,2024-09-27 10:16:18.430905-07,2024-09-30 12:36:33.903424-07
NY-AT26006-18,2024-09-26 06:40:47.967-07,2024-09-27 10:25:48.617188-07,2024-09-30 12:26:55.705529-07
NY-AT26006-19,2024-09-26 06:40:47.967-07,2024-09-27 10:28:58.719625-07,2024-09-30 12:23:44.329683-07
NY-MX12037-9,2024-02-28 01:42:17.45-08,2024-11-19 09:46:15.504767-08,2024-12-03 13:18:42.563234-08
NY-MX12037-8,2024-02-28 01:42:17.45-08,2024-11-19 09:43:04.620596-08,2024-12-03 13:18:29.715587-08
NY-MX12037-7,2024-02-28 01:42:17.45-08,2024-11-19 09:39:54.419748-08,2024-12-03 13:18:16.448787-08
NY-MX12037-6,2024-02-28 01:42:17.45-08,2024-11-19 09:36:44.283071-08,2024-12-03 13:18:01.719363-08
NY-MX12037-5,2024-02-28 01:42:17.45-08,2024-11-13 14:20:21.751189-08,2024-12-03 13:17:42.995185-08
NY-MX12037-4,2024-02-28 01:42:17.45-08,2024-11-11 14:19:35.255781-08,2024-12-02 12:58:20.437805-08
NY-MX12037-3,2024-02-28 01:42:17.45-08,2024-08-21 15:30:27.305206-07,2024-08-22 17:41:53.382335-07
NY-MX12037-2,2024-02-28 01:42:17.45-08,2024-07-11 18:07:19.577398-07,2024-08-20 09:41:45.533191-07
NY-AT16052-2,2024-04-12 03:56:11.213-07,2024-11-19 08:27:02.401191-08,2024-12-10 01:16:37.059221-08
NY-AT16073-3,2024-07-09 13:42:18.852-07,2024-11-19 08:55:31.625308-08,2024-12-03 13:45:26.378225-08
NY-AT16073-2,2024-07-09 13:42:18.852-07,2024-11-19 08:52:21.597946-08,2024-12-03 13:45:11.813166-08
NY-AT16073-1,2024-07-09 13:42:18.852-07,2024-07-17 13:07:55.75199-07,2024-12-10 11:29:43.474088-08
SQ_AT0043-2,2024-02-15 05:04:46.514-08,2024-02-15 15:11:08.106589-08,2025-01-08 04:34:59.962578-08
NY-AT16073-7,2024-07-09 13:42:18.852-07,2024-07-22 15:48:01.715484-07,2024-12-02 13:14:37.126613-08
NY-AT16073-6,2024-07-09 13:42:18.852-07,2024-07-17 13:08:03.830201-07,2024-12-10 11:30:53.439714-08
NY-AT16073-5,2024-07-09 13:42:18.852-07,2024-11-19 09:01:51.485931-08,2024-12-03 13:45:52.728567-08
NY-AT16073-4,2024-07-09 13:42:18.852-07,2024-11-19 08:58:41.9642-08,2024-12-03 13:45:39.107416-08
NY-AT16073-9,2024-07-09 13:42:18.852-07,2024-11-11 17:16:00.112818-08,2024-12-02 13:15:07.77488-08
NY-AT16073-8,2024-07-09 13:42:18.852-07,2024-07-17 13:01:14.127947-07,2025-03-21 10:57:01.523812-07
NW-AT0696-2,2024-04-09 11:56:47.683-07,2024-09-26 10:28:09.964513-07,2024-09-30 10:00:52.537921-07
NW-MX2183-3,2024-05-21 14:51:39.65-07,2024-08-27 17:02:22.810609-07,2024-09-10 15:07:37.323013-07
NW-AT0696-1,2024-04-09 11:56:47.683-07,2024-09-26 10:27:50.612092-07,2024-09-30 10:00:08.222439-07
NW-MX2183-5,2024-05-21 14:51:39.65-07,2024-08-28 09:19:24.838355-07,2024-09-11 21:46:12.397465-07
NW-AT0696-4,2024-04-09 11:56:47.683-07,2024-09-26 10:28:46.964167-07,2024-09-30 10:01:25.849623-07
NW-MX2183-6,2024-05-21 14:51:39.65-07,2024-08-27 17:08:52.449146-07,2024-09-10 15:15:15.72402-07
SQ_AT0057-2,2024-01-11 20:38:59.907-08,2024-12-11 10:39:37.806756-08,2025-01-07 17:11:30.689879-08
SQ_AT0020-4,2023-11-17 20:19:02.047-08,2024-11-24 02:56:03.503676-08,2025-01-07 16:08:45.344755-08
SQ_AT0020-5,2023-11-17 20:19:02.047-08,2024-10-21 17:48:17.785641-07,2025-01-07 16:10:55.037918-08
SQ_AT0020-2,2023-11-17 20:19:02.047-08,2025-02-17 04:34:20.813139-08,2025-02-18 09:48:02.229851-08
SQ_AT0020-3,2023-11-17 20:19:02.047-08,2024-10-21 17:41:52.330041-07,2024-12-09 20:33:25.816935-08
SQ_AT0020-1,2023-11-17 20:19:02.047-08,2025-02-10 09:41:05.413454-08,2025-02-17 04:29:14.414016-08
NY-TX24006-9,2024-10-20 01:23:36.737-07,2024-10-22 12:33:32.331838-07,2025-01-23 10:47:06.308501-08
NY-TX24006-8,2024-10-20 01:23:36.737-07,2024-10-22 11:41:14.855161-07,2025-01-23 10:46:56.319351-08
NY-TX24006-3,2024-10-20 01:23:36.737-07,2024-10-22 11:23:43.65319-07,2025-01-23 10:47:16.192757-08
NY-TX24006-2,2024-10-20 01:23:36.737-07,2024-10-22 12:24:26.551296-07,2025-01-23 10:48:22.539784-08
NY-TX24006-1,2024-10-20 01:23:36.737-07,2024-10-22 11:13:18.46885-07,2025-01-23 10:48:02.414575-08
NY-TX24006-7,2024-10-20 01:23:36.737-07,2024-10-22 11:37:46.562087-07,2025-01-23 10:36:00.877068-08
NY-AT16008-10,2023-09-20 07:45:18.871-07,2024-03-22 09:29:20.992201-07,2025-02-27 12:48:12.999727-08
NY-TX24006-5,2024-10-20 01:23:36.737-07,2024-10-22 12:27:55.460753-07,2025-01-23 10:47:38.820129-08
NY-TX24006-4,2024-10-20 01:23:36.737-07,2024-10-22 12:27:24.083434-07,2025-01-23 10:47:26.28082-08
NW-AT0708-8,2024-06-18 23:02:57.748-07,2024-09-02 11:00:26.107126-07,2024-09-10 15:42:10.585453-07
NW-AT0708-9,2024-06-18 23:02:57.748-07,2024-08-27 17:34:48.616333-07,2024-09-10 15:45:58.039986-07
NW-AT0708-6,2024-06-18 23:02:57.748-07,2024-08-27 17:25:07.715821-07,2024-09-10 15:34:21.375064-07
NW-AT0708-7,2024-06-18 23:02:57.748-07,2024-08-27 17:28:20.864891-07,2024-09-10 15:38:10.746075-07
NW-AT0708-4,2024-06-18 23:02:57.748-07,2024-10-21 20:27:34.419929-07,2024-12-09 21:35:16.070597-08
NW-AT0708-5,2024-06-18 23:02:57.748-07,2024-08-27 17:21:52.158234-07,2024-09-10 15:30:32.625728-07
NW-AT0708-2,2024-06-18 23:02:57.748-07,2024-08-28 11:28:23.324193-07,2024-09-11 22:56:22.372472-07
NW-AT0708-3,2024-06-18 23:02:57.748-07,2024-10-21 20:24:20.907084-07,2024-12-09 21:34:05.63282-08
NW-AT0708-1,2024-06-18 23:02:57.748-07,2024-08-28 11:25:12.042337-07,2024-09-11 22:53:11.314183-07
SQ_AT0018-10,2024-03-07 17:17:09.063-08,2024-11-24 06:48:40.752512-08,2024-12-10 16:38:24.395253-08
NW_AT0607-10,2024-03-05 11:32:20.644-08,2024-11-08 11:28:28.540139-08,2024-12-10 12:19:44.494013-08
SQ_AT0573-9,2024-03-07 16:59:03.192-08,2024-10-01 10:55:18.995597-07,2024-12-09 09:16:53.396117-08
NY-MX22006-24,2024-09-26 00:23:23.453-07,2024-09-27 10:47:59.861113-07,2024-09-30 12:04:29.818915-07
NW_AT0612-10,2024-03-05 11:48:57.501-08,2024-12-11 11:49:09.636371-08,2025-01-07 17:59:16.42265-08
NW_AT0612-11,2024-03-05 11:48:57.501-08,2024-11-10 00:53:35.970259-08,2024-12-10 17:50:29.825992-08
NY-AT16054-10,2024-04-18 13:34:34.09-07,2024-07-12 10:46:50.491259-07,2024-08-22 17:34:53.977061-07
SQ_AT008-11,2024-03-23 12:41:27.481-07,2025-03-03 11:56:30.270251-08,2025-03-04 12:36:57.975887-08
SQ_AT008-10,2024-03-23 12:41:27.481-07,2025-03-03 11:51:22.62895-08,2025-03-04 12:31:41.83499-08
SQ_AT008-13,2024-03-23 12:41:27.481-07,2025-03-03 12:22:06.469097-08,2025-03-04 13:02:57.954483-08
SQ_AT008-12,2024-03-23 12:41:27.481-07,2025-03-03 12:16:58.629513-08,2025-03-04 12:57:33.513066-08
NY-MX12070-9,2024-06-27 20:57:18.333-07,2024-11-19 08:36:31.696894-08,2024-12-03 13:43:17.364501-08
NY-MX12075-5,2024-07-19 01:46:37.879-07,2024-11-11 17:48:07.159918-08,2024-12-02 13:16:42.561616-08
NY-AT0651-3,2023-09-29 01:23:50.64-07,2025-02-09 22:42:45.023124-08,2025-02-16 22:24:05.627633-08
NY-MX12075-7,2024-07-19 01:46:37.879-07,2024-08-15 10:06:09.199259-07,2024-08-16 09:37:37.354376-07
NY-MX12075-6,2024-07-19 01:46:37.879-07,2024-11-13 17:08:33.998069-08,2024-12-10 11:39:03.437942-08
NY-MX12075-1,2024-07-19 01:46:37.879-07,2024-11-11 17:21:35.485486-08,2024-12-02 13:15:33.834901-08
NY-MX12075-3,2024-07-19 01:46:37.879-07,2024-11-19 08:50:55.418265-08,2024-12-02 13:16:09.442073-08
NY-AT0651-2,2023-09-29 01:23:50.64-07,2025-02-09 23:57:29.097223-08,2025-02-16 22:59:53.005527-08
NY-MX12075-9,2024-07-19 01:46:37.879-07,2024-07-26 11:01:33.692756-07,2024-09-24 15:08:37.051051-07
NY-AT0651-1,2023-09-29 01:23:50.64-07,2025-02-09 23:40:22.977024-08,2025-02-16 22:54:46.490409-08
NY-MX12059-7,2024-05-06 23:58:08.804-07,2024-07-12 10:48:24.048177-07,2024-08-22 17:36:53.198467-07
NY-MX12059-6,2024-05-06 23:58:08.804-07,2024-07-12 10:48:17.071771-07,2024-08-22 17:36:41.074093-07
NY-MX12059-5,2024-05-06 23:58:08.804-07,2024-07-12 10:48:09.917644-07,2024-08-22 10:42:51.041992-07
NY-MX12059-4,2024-05-06 23:58:08.804-07,2024-07-12 10:48:02.641035-07,2024-08-22 10:42:37.34668-07
NY-MX12059-3,2024-05-06 23:58:08.804-07,2024-07-12 10:44:09.308958-07,2024-08-19 12:28:59.762512-07
NY-MX12059-2,2024-05-06 23:58:08.804-07,2024-07-12 10:44:00.829946-07,2024-08-19 12:28:47.901442-07
NY-MX12059-1,2024-05-06 23:58:08.804-07,2024-07-12 10:43:53.092874-07,2024-08-19 12:28:34.9064-07
NY-AT0651-7,2023-09-29 01:23:50.64-07,2025-02-18 10:26:57.350609-08,2025-02-27 12:37:37.508261-08
NY-MX12059-9,2024-05-06 23:58:08.804-07,2024-07-12 10:48:38.466868-07,2024-08-22 10:43:13.715223-07
NY-AT0651-6,2023-09-29 01:23:50.64-07,2025-02-09 22:21:26.07449-08,2025-02-16 22:08:45.575796-08
NY-AT0651-4,2023-09-29 01:23:50.64-07,2025-02-18 10:14:44.409788-08,2025-02-27 12:32:19.850372-08
NY-MX12070-1,2024-06-27 20:57:18.333-07,2024-12-02 13:26:17.624596-08,2025-03-21 10:53:54.894395-07
NY-AT0647-8,2023-08-04 22:58:44.148-07,2024-10-01 16:09:36.614031-07,2024-12-09 18:50:36.720996-08
NY-AT0647-6,2023-08-04 22:58:44.148-07,2024-10-01 16:03:07.436213-07,2024-12-09 18:48:14.423401-08
NY-AT0647-7,2023-08-04 22:58:44.148-07,2024-10-01 16:06:21.266465-07,2024-12-09 18:49:26.027847-08
NY-AT0647-4,2023-08-04 22:58:44.148-07,2024-10-01 15:56:35.902878-07,2024-12-09 11:10:08.138807-08
NY-AT0647-5,2023-08-04 22:58:44.148-07,2024-10-01 15:59:50.980323-07,2024-12-09 18:47:02.580519-08
NY-AT0647-2,2023-08-04 22:58:44.148-07,2024-10-09 08:53:14.30039-07,2024-10-10 09:33:33.838015-07
NY-AT0647-3,2023-08-04 22:58:44.148-07,2024-10-01 15:53:21.661694-07,2024-12-09 11:08:55.013658-08
NY-AT0647-1,2023-08-04 22:58:44.148-07,2024-10-01 15:50:10.798921-07,2024-12-09 11:07:38.289716-08
NY-MX22007-11,2024-10-05 09:17:00.681-07,2024-10-08 12:10:17.572416-07,2024-10-09 10:50:32.63918-07
NY-MX22007-13,2024-10-05 09:17:00.681-07,2024-10-07 14:21:01.202906-07,2024-10-09 10:44:10.580888-07
NY-MX22007-12,2024-10-05 09:17:00.681-07,2024-10-07 14:17:49.820471-07,2024-10-09 10:47:21.839635-07
NY-MX22007-15,2024-10-05 09:17:00.681-07,2024-10-07 14:27:24.581643-07,2024-10-09 10:37:48.637228-07
NY-MX22007-14,2024-10-05 09:17:00.681-07,2024-10-07 14:24:12.908818-07,2024-10-09 10:40:59.623885-07
NY-MX22007-17,2024-10-05 09:17:00.681-07,2024-10-07 14:33:46.98528-07,2024-10-09 10:31:27.735064-07
NY-MX22007-19,2024-10-05 09:17:00.681-07,2024-10-07 14:40:08.948874-07,2024-10-09 10:25:06.096224-07
NY-MX22007-18,2024-10-05 09:17:00.681-07,2024-10-07 14:36:58.419613-07,2024-10-09 10:28:17.057492-07
NW_MX2068-4,2024-03-23 14:16:12.914-07,2024-08-30 00:40:49.059616-07,2024-09-10 12:46:33.835899-07
NY-MX12072-2,2024-07-03 04:17:19.099-07,2024-07-09 11:47:36.00016-07,2024-12-10 00:48:59.869284-08
NY-MX12003-10,2024-03-05 12:11:40.84-08,2024-06-28 11:06:02.743733-07,2024-07-03 16:07:49.053613-07
NY-MX12003-11,2024-03-05 12:11:40.84-08,2024-07-12 10:43:00.028933-07,2024-08-19 11:22:24.140343-07
NY-MX12003-12,2024-03-05 12:11:40.84-08,2024-02-21 09:24:33.205622-08,2024-08-19 11:22:36.612317-07
NY-MX22007-6,2024-10-05 09:17:00.681-07,2024-10-07 15:05:23.451603-07,2024-10-09 10:12:23.492687-07
NY-MX12072-4,2024-07-03 04:17:19.099-07,2024-07-09 11:47:58.856316-07,2024-12-10 00:51:28.66896-08
NY-MX12072-5,2024-07-03 04:17:19.099-07,2024-11-14 14:22:04.281813-08,2025-03-21 12:43:27.387646-07
NW-MX2193-8,2024-08-14 00:26:42.958-07,2024-08-19 12:36:21.384879-07,2024-09-09 00:00:13.349939-07
NW-MX2193-9,2024-08-14 00:26:42.958-07,2024-08-22 13:46:39.925852-07,2024-11-26 09:40:14.317331-08
NW-MX2193-6,2024-08-14 00:26:42.958-07,2024-08-19 13:23:08.699519-07,2024-09-08 23:53:51.171629-07
NW-MX2193-7,2024-08-14 00:26:42.958-07,2024-08-19 13:23:30.240773-07,2024-09-08 23:57:02.163817-07
NW-MX2193-4,2024-08-14 00:26:42.958-07,2024-08-19 13:22:36.079806-07,2024-09-08 23:47:29.818021-07
NW-MX2193-5,2024-08-14 00:26:42.958-07,2024-08-19 13:22:54.349936-07,2024-09-08 23:50:40.610777-07
NW-MX2193-3,2024-08-14 00:26:42.958-07,2024-08-19 12:36:14.258386-07,2024-09-10 17:18:36.182383-07
NW-MX2193-1,2024-08-14 00:26:42.958-07,2024-08-19 12:35:59.162867-07,2024-09-10 17:09:04.669716-07
NY-AT0652-8,2023-09-29 02:27:21.028-07,2025-02-09 22:49:04.745433-08,2025-02-16 22:39:27.011508-08
NY-AT0652-9,2023-09-29 02:27:21.028-07,2025-02-09 22:51:10.572027-08,2025-02-16 22:44:33.396979-08
NY-MX12072-8,2024-07-03 04:17:19.099-07,2024-11-13 16:43:13.182083-08,2024-12-10 11:27:23.788983-08
NY-AT0652-1,2023-09-29 02:27:21.028-07,2025-02-18 09:54:11.573496-08,2025-02-27 12:21:44.879765-08
NY-AT0652-2,2023-09-29 02:27:21.028-07,2025-02-18 09:59:18.265292-08,2025-02-19 11:18:46.972247-08
NY-AT0652-3,2023-09-29 02:27:21.028-07,2025-02-19 12:40:08.71348-08,2025-02-20 00:51:02.884488-08
NY-AT0652-4,2023-09-29 02:27:21.028-07,2025-02-18 10:09:30.433133-08,2025-02-27 12:27:02.346859-08
NY-AT0652-5,2023-09-29 02:27:21.028-07,2025-02-09 22:23:32.417384-08,2025-02-16 22:13:52.68914-08
NY-AT0652-6,2023-09-29 02:27:21.028-07,2025-02-09 22:46:58.776571-08,2025-02-16 22:34:20.662015-08
NY-AT0652-7,2023-09-29 02:27:21.028-07,2025-02-09 22:25:38.315282-08,2025-02-16 22:18:59.129633-08
SQ_AT0585-10,2024-02-15 04:57:43.355-08,2024-08-30 01:12:40.833081-07,2024-09-10 13:19:44.172862-07
NW-MX2159-8,2023-12-01 00:52:54.002-08,2025-02-10 01:46:30.594231-08,2025-02-16 23:46:07.007002-08
NW-MX2159-9,2023-12-01 00:52:54.002-08,2025-02-10 01:48:37.85095-08,2025-02-16 23:51:13.269798-08
NW-MX2159-4,2023-12-01 00:52:54.002-08,2024-10-01 18:04:16.864374-07,2024-12-09 19:33:06.196812-08
NW-MX2159-5,2023-12-01 00:52:54.002-08,2024-10-01 18:07:38.654011-07,2024-12-09 19:34:22.64218-08
NW-MX2159-6,2023-12-01 00:52:54.002-08,2024-10-01 18:10:51.85417-07,2024-12-09 19:35:38.990186-08
NW-MX2159-7,2023-12-01 00:52:54.002-08,2024-10-01 18:14:07.517971-07,2024-12-09 19:36:55.407069-08
NY-MX12007-10,2024-03-05 10:49:09.117-08,2024-11-13 13:35:49.483146-08,2024-12-03 13:12:04.646316-08
NW-MX2159-1,2023-12-01 00:52:54.002-08,2024-12-19 11:48:56.100782-08,2025-01-08 08:02:54.929295-08
NW-MX2159-2,2023-12-01 00:52:54.002-08,2024-10-01 17:57:51.01731-07,2024-12-09 19:30:33.810606-08
NW-MX2159-3,2023-12-01 00:52:54.002-08,2024-10-01 18:01:03.869444-07,2024-12-09 19:31:49.784891-08
NY-AT0663-10,2023-09-26 03:05:06.476-07,2024-10-22 10:28:42.049357-07,2024-12-10 16:09:16.215853-08
NY-AT16068-3,2024-06-21 11:02:42.414-07,2024-11-11 15:58:29.682258-08,2024-12-02 13:08:52.399727-08
NY-AT16068-2,2024-06-21 11:02:42.414-07,2024-11-19 09:30:23.385047-08,2024-12-10 01:01:39.234752-08
NY-AT16068-1,2024-06-21 11:02:42.414-07,2024-11-11 15:50:20.012881-08,2024-12-02 13:08:03.59957-08
NY-AT16068-7,2024-06-21 11:02:42.414-07,2024-11-11 16:05:12.508122-08,2024-12-02 13:09:13.394307-08
NY-AT16068-6,2024-06-21 11:02:42.414-07,2024-11-19 09:33:34.087614-08,2024-12-10 01:02:59.86735-08
NY-AT16068-5,2024-06-21 11:02:42.414-07,2024-07-09 13:45:55.548712-07,2024-08-19 11:16:38.607535-07
NY-AT16068-4,2024-06-21 11:02:42.414-07,2024-07-09 13:45:47.125979-07,2024-08-19 11:16:27.629818-07
SQ_MX2022-1,2024-01-11 20:43:27.52-08,2025-02-27 15:48:20.045885-08,2025-03-03 14:37:59.881004-08
NY-TX4090-3,2023-07-18 17:42:58.784-07,2024-08-02 13:38:23.346837-07,2023-07-25 09:46:53.762727-07
NY-TX4090-2,2023-07-18 17:42:58.784-07,2023-07-19 09:46:53.250502-07,2023-07-21 11:53:31.63691-07
NY-TX4090-1,2023-07-18 17:42:58.784-07,2023-07-19 09:46:33.850743-07,2023-07-25 09:45:50.895222-07
NY-TX4090-7,2023-07-18 17:42:58.784-07,2023-07-19 09:47:12.877758-07,2023-07-25 15:09:35.323344-07
NY-TX4090-6,2023-07-18 17:42:58.784-07,2024-08-02 13:39:07.257964-07,2023-07-21 11:55:03.443591-07
NY-TX4090-5,2023-07-18 17:42:58.784-07,2024-08-02 13:38:49.80538-07,2023-07-21 11:54:48.693447-07
NY-TX4090-4,2023-07-18 17:42:58.784-07,2024-08-02 13:38:35.688952-07,2023-07-21 11:54:35.786694-07
NY-TX4090-8,2023-07-18 17:42:58.784-07,2023-07-19 09:49:11.820961-07,2023-07-25 15:15:40.958379-07
NW-AT0711-4,2024-07-23 07:12:10.049-07,2024-09-26 10:42:53.573206-07,2024-09-30 10:22:38.213037-07
NW-AT0711-5,2024-07-23 07:12:10.049-07,2024-11-24 06:36:02.602037-08,2024-12-10 16:30:15.539097-08
NW-AT0711-7,2024-07-23 07:12:10.049-07,2024-08-27 18:13:16.301364-07,2024-09-10 16:30:56.460622-07
NW-AT0711-1,2024-07-23 07:12:10.049-07,2024-08-27 18:10:05.303601-07,2024-09-10 16:27:45.76821-07
NW-AT0711-2,2024-07-23 07:12:10.049-07,2024-10-01 20:38:26.420854-07,2024-12-09 20:30:58.249121-08
NW-AT0711-3,2024-07-23 07:12:10.049-07,2024-10-01 20:41:40.818346-07,2024-12-09 20:32:10.574076-08
NW-AT0711-8,2024-07-23 07:12:10.049-07,2024-08-27 18:16:26.809124-07,2024-09-10 16:34:07.521974-07
NW-AT0711-9,2024-07-23 07:12:10.049-07,2024-08-27 18:19:37.141527-07,2024-09-10 16:37:18.375981-07
NY-AT0672-9,2023-10-25 09:56:54.482-07,2024-10-01 17:25:20.599709-07,2024-12-09 19:17:56.308903-08
NY-AT0672-2,2023-10-25 09:56:54.482-07,2024-10-01 17:12:06.213965-07,2024-12-09 19:13:12.176686-08
NY-AT0672-3,2023-10-25 09:56:54.482-07,2024-08-28 05:11:47.445883-07,2024-09-11 17:51:45.735444-07
NY-AT0672-1,2023-10-25 09:56:54.482-07,2024-10-01 17:08:48.971034-07,2024-12-09 19:12:01.534138-08
NY-AT0672-6,2023-10-25 09:56:54.482-07,2024-10-01 17:15:23.665802-07,2024-12-09 19:14:23.353602-08
NY-AT0672-7,2023-10-25 09:56:54.482-07,2024-10-01 17:18:40.429626-07,2024-12-09 19:15:34.440936-08
NY-AT0672-4,2023-10-25 09:56:54.482-07,2024-08-28 05:14:57.5114-07,2024-09-11 17:54:58.05185-07
NY-AT0672-5,2023-10-25 09:56:54.482-07,2024-08-28 05:18:09.24665-07,2024-09-11 17:58:11.853796-07
NY-AT16021-9,2023-12-05 04:01:08.517-08,2024-11-22 01:38:33.336573-08,2024-12-10 02:09:49.114805-08
NY-TX14020-4,2023-11-15 20:25:36.407-08,2023-11-20 15:54:54.015447-08,2023-12-08 02:08:20.891157-08
NY-TX14020-1,2023-11-15 20:25:36.407-08,2023-11-16 09:28:04.531283-08,2023-12-08 02:07:56.58901-08
NY-TX14020-2,2023-11-15 20:25:36.407-08,2023-11-16 09:28:25.974275-08,2023-12-08 02:08:04.700168-08
NY-TX14020-3,2023-11-15 20:25:36.407-08,2023-11-20 15:59:13.37809-08,2023-12-08 02:08:12.778769-08
NY-MX22009-17,2024-10-12 23:09:17.018-07,2024-10-13 02:08:49.052068-07,2024-10-14 11:40:05.783146-07
NY-MX22009-16,2024-10-12 23:09:17.018-07,2024-10-13 02:05:38.68374-07,2024-10-14 11:46:27.712342-07
NY-MX22009-15,2024-10-12 23:09:17.018-07,2024-10-13 02:02:27.848304-07,2024-10-14 11:52:50.290881-07
NW_MX2071-9,2024-02-15 02:38:32.163-08,2024-02-15 15:03:25.672027-08,2024-12-10 19:01:38.484787-08
NW_MX2071-8,2024-02-15 02:38:32.163-08,2024-02-15 15:02:56.934159-08,2024-12-10 19:00:28.678851-08
NW_MX2071-1,2024-02-15 02:38:32.163-08,2024-12-18 14:55:56.596734-08,2025-01-08 06:21:09.497708-08
NY-MX22009-13,2024-10-12 23:09:17.018-07,2024-10-13 01:56:02.257086-07,2024-10-14 12:05:34.182832-07
NW_MX2071-3,2024-02-15 02:38:32.163-08,2024-12-18 15:06:17.195038-08,2025-01-08 06:25:29.896559-08
NW_MX2071-2,2024-02-15 02:38:32.163-08,2024-12-18 15:01:07.041924-08,2025-01-08 06:23:19.697649-08
NW_MX2071-5,2024-02-15 02:38:32.163-08,2024-10-22 02:38:12.961663-07,2024-12-11 00:19:13.366674-08
NW_MX2071-4,2024-02-15 02:38:32.163-08,2025-02-11 03:55:03.586886-08,2025-02-17 06:42:08.050647-08
NW_MX2071-7,2024-02-15 02:38:32.163-08,2024-10-22 02:44:31.303842-07,2024-12-11 00:20:22.778316-08
NW_MX2071-6,2024-02-15 02:38:32.163-08,2024-12-18 15:11:27.697048-08,2025-01-08 06:27:40.123154-08
NY-MX12009-8,2024-03-05 09:27:37.503-08,2023-12-12 09:29:52.729481-08,2024-12-10 00:08:01.159624-08
NY-MX12009-9,2024-03-05 09:27:37.503-08,2024-11-13 13:42:11.037384-08,2024-12-03 13:14:27.739397-08
NY-MX12009-4,2024-03-05 09:27:37.503-08,2024-01-24 08:56:19.879637-08,2024-12-10 00:06:49.49826-08
NY-MX12009-5,2024-03-05 09:27:37.503-08,2023-12-12 09:29:19.690685-08,2024-10-30 10:51:28.145318-07
NY-MX12009-6,2024-03-05 09:27:37.503-08,2024-07-17 13:02:22.973958-07,2024-12-02 12:52:46.730442-08
NY-MX12009-7,2024-03-05 09:27:37.503-08,2024-07-25 14:39:25.562558-07,2024-12-03 13:14:14.186038-08
NY-MX12009-1,2024-03-05 09:27:37.503-08,2024-11-15 10:25:54.617681-08,2024-12-03 13:13:35.670502-08
NY-MX12009-2,2024-03-05 09:27:37.503-08,2024-01-24 08:55:37.854159-08,2024-12-10 00:05:37.876627-08
NY-AT0646-10,2023-07-19 00:19:15.518-07,2024-10-01 15:46:58.021348-07,2024-12-09 11:06:22.39642-08
NY-MX12061-4,2024-06-18 10:55:59.028-07,2024-05-24 10:44:41.088005-07,2024-08-19 12:23:29.487347-07
NY-MX12003-8,2024-03-05 12:11:40.84-08,2024-02-21 09:23:15.784235-08,2024-08-19 11:23:42.954958-07
NY-AT0650-6,2023-08-30 08:00:20.477-07,2024-08-28 03:13:58.64095-07,2024-09-11 15:52:52.516624-07
NY-AT0650-7,2023-08-30 08:00:20.477-07,2024-10-01 16:35:40.273956-07,2024-12-09 19:00:07.278709-08
NY-AT0650-4,2023-08-30 08:00:20.477-07,2024-08-28 03:07:37.036951-07,2024-09-11 15:46:29.446524-07
NY-AT0650-5,2023-08-30 08:00:20.477-07,2024-09-02 20:19:25.681024-07,2024-09-11 15:49:40.97925-07
NY-AT0650-2,2023-08-30 08:00:20.477-07,2024-10-01 16:32:27.857891-07,2024-12-09 18:58:55.972596-08
NY-AT0650-3,2023-08-30 08:00:20.477-07,2024-08-28 03:04:26.41633-07,2024-09-11 15:43:17.969116-07
NY-AT0650-1,2023-08-30 08:00:20.477-07,2024-10-01 16:29:12.917203-07,2024-12-09 18:57:44.969273-08
NW-AT0637-5,2024-03-05 11:45:53.296-08,2024-06-28 11:03:44.292372-07,2024-07-03 16:05:21.942285-07
NW-AT0637-4,2024-03-05 11:45:53.296-08,2024-06-28 11:03:37.109778-07,2024-07-03 16:05:13.860336-07
NW-AT0637-7,2024-03-05 11:45:53.296-08,2024-06-28 11:03:58.537949-07,2024-07-03 16:05:37.859105-07
NW-AT0637-6,2024-03-05 11:45:53.296-08,2024-06-28 11:03:51.468938-07,2024-07-03 16:05:30.192251-07
NW-AT0637-1,2024-03-05 11:45:53.296-08,2024-08-28 02:22:49.609736-07,2024-09-11 15:01:47.629549-07
NY-AT0650-8,2023-08-30 08:00:20.477-07,2024-11-24 03:46:37.582405-08,2024-12-09 23:25:23.203737-08
NY-AT0650-9,2023-08-30 08:00:20.477-07,2024-11-24 06:29:42.754269-08,2024-12-10 16:27:56.091158-08
NY-MX12061-5,2024-06-18 10:55:59.028-07,2024-05-24 10:44:55.110083-07,2024-08-19 12:23:53.209743-07
NY-MX12003-2,2024-03-05 12:11:40.84-08,2024-07-11 18:05:32.460213-07,2024-08-20 09:27:33.612765-07
NY-MX12003-3,2024-03-05 12:11:40.84-08,2024-02-21 09:20:12.353526-08,2024-08-22 10:39:36.460159-07
NY-MX12003-1,2024-03-05 12:11:40.84-08,2024-07-11 18:05:25.235779-07,2024-08-20 09:27:22.263991-07
NY-MX12003-6,2024-03-05 12:11:40.84-08,2024-02-21 09:21:27.042161-08,2024-08-19 11:23:15.391722-07
NY-MX12003-7,2024-03-05 12:11:40.84-08,2024-02-21 09:22:33.785953-08,2024-08-19 11:23:28.038429-07
NY-MX12003-4,2024-03-05 12:11:40.84-08,2024-02-21 09:20:50.06992-08,2024-08-19 11:22:49.613219-07
NY-MX12003-5,2024-03-05 12:11:40.84-08,2024-07-12 10:42:51.429073-07,2024-08-19 11:23:03.613723-07
SQ_AT0596-1,2024-03-07 16:50:58.026-08,2024-11-08 11:45:27.077934-08,2025-01-08 00:03:24.845079-08
SQ_AT0596-2,2024-03-07 16:50:58.026-08,2024-11-10 00:40:57.805118-08,2025-01-08 00:05:36.40315-08
SQ_AT0596-3,2024-03-07 16:50:58.026-08,2025-02-09 17:56:47.327363-08,2025-02-16 19:28:51.222866-08
SQ_AT0596-4,2024-03-07 16:50:58.026-08,2025-02-09 17:58:53.301501-08,2025-02-16 19:33:58.601777-08
SQ_AT0596-5,2024-03-07 16:50:58.026-08,2025-02-09 18:01:00.055743-08,2025-02-16 19:39:41.471784-08
SQ_AT0596-6,2024-03-07 16:50:58.026-08,2025-02-09 18:33:07.218502-08,2025-02-16 19:44:50.697706-08
NW-TX4083-9,2024-03-05 10:11:42.289-08,2025-02-18 10:26:57.350609-08,2025-02-27 12:37:37.508261-08
NW_AT0622-3,2024-02-29 11:21:40.891-08,2024-10-01 14:59:14.343168-07,2024-12-09 10:47:26.188532-08
NW_AT0622-2,2024-02-29 11:21:40.891-08,2024-11-05 15:38:01.851696-08,2024-12-10 15:21:26.302307-08
NW_AT0622-5,2024-02-29 11:21:40.891-08,2024-10-01 15:05:37.06292-07,2024-12-09 10:49:55.187919-08
NW_AT0622-4,2024-02-29 11:21:40.891-08,2024-10-01 15:02:25.218031-07,2024-12-09 10:48:39.923714-08
NW_AT0622-7,2024-02-29 11:21:40.891-08,2024-10-09 08:50:08.270842-07,2024-10-10 09:31:16.765593-07
NW_AT0622-6,2024-02-29 11:21:40.891-08,2024-11-05 15:41:11.35843-08,2024-12-10 15:22:35.858688-08
NW_AT0622-9,2024-02-29 11:21:40.891-08,2024-10-01 15:11:59.200041-07,2024-12-09 10:52:24.012234-08
NW_AT0622-8,2024-02-29 11:21:40.891-08,2024-10-01 15:08:48.214312-07,2024-12-09 10:51:12.122964-08
NW-TX4083-7,2024-03-05 10:11:42.289-08,2025-02-09 23:57:29.097223-08,2025-02-16 22:59:53.005527-08
SQ_AT0632-9,2024-03-05 11:39:17.336-08,2023-03-08 15:32:52.897818-08,2024-10-18 11:09:52.605201-07
SQ_AT0632-8,2024-03-05 11:39:17.336-08,2023-03-08 15:32:34.030752-08,2024-10-18 11:09:16.838766-07
SQ_AT0632-5,2024-03-05 11:39:17.336-08,2023-03-08 15:31:45.133352-08,2024-10-18 11:06:56.238481-07
SQ_AT0593-9,2024-03-07 17:07:40.431-08,2025-02-08 17:03:50.533927-08,2025-02-16 17:56:48.104188-08
SQ_AT0593-8,2024-03-07 17:07:40.431-08,2025-02-08 17:01:43.885371-08,2025-02-16 17:51:41.898744-08
SQ_AT0593-1,2024-03-07 17:07:40.431-08,2024-11-05 16:50:54.057539-08,2025-01-07 23:32:50.307563-08
SQ_AT0593-3,2024-03-07 17:07:40.431-08,2025-02-08 16:53:18.60492-08,2025-02-16 17:31:15.910354-08
SQ_AT0569-8,2024-02-06 15:47:51.768-08,2024-11-07 11:29:59.006323-08,2025-03-21 12:26:54.48603-07
SQ_AT0593-5,2024-03-07 17:07:40.431-08,2025-02-08 16:57:30.835524-08,2025-02-16 17:41:28.828466-08
SQ_AT0593-4,2024-03-07 17:07:40.431-08,2025-02-08 16:55:24.39552-08,2025-02-16 17:36:22.223052-08
SQ_AT0593-7,2024-03-07 17:07:40.431-08,2024-11-05 16:54:03.452417-08,2025-01-07 23:35:00.958829-08
SQ_AT0593-6,2024-03-07 17:07:40.431-08,2025-02-08 16:59:37.422378-08,2025-02-16 17:46:35.199845-08
NY-MX2163-9,2023-12-20 02:09:19.194-08,2024-12-24 02:43:11.812558-08,2025-01-08 08:54:51.560102-08
NY-MX2163-8,2023-12-20 02:09:19.194-08,2024-10-22 06:31:56.36691-07,2025-01-08 08:52:41.082961-08
NY-MX2163-1,2023-12-20 02:09:19.194-08,2025-02-10 02:29:07.65462-08,2025-02-17 00:16:47.209946-08
NY-MX12060-4,2024-06-18 07:15:05.631-07,2024-05-20 11:07:05.880235-07,2024-08-19 12:29:25.602454-07
NY-MX2163-2,2023-12-20 02:09:19.194-08,2025-02-10 02:31:13.786516-08,2025-02-17 00:21:53.723755-08
NY-MX2163-5,2023-12-20 02:09:19.194-08,2024-10-01 18:27:05.038068-07,2025-01-07 16:02:16.381027-08
NY-MX2163-4,2023-12-20 02:09:19.194-08,2024-12-19 13:11:43.142119-08,2025-01-08 08:50:31.047858-08
NY-MX2163-7,2023-12-20 02:09:19.194-08,2024-10-01 18:33:38.532537-07,2025-01-07 16:06:35.648785-08
NY-MX2163-6,2023-12-20 02:09:19.194-08,2024-10-01 18:30:20.953494-07,2025-01-07 16:04:26.032293-08
SQ_AT0043-12,2024-02-15 05:04:46.514-08,2024-11-10 01:43:37.870183-08,2024-12-11 11:30:12.808096-08
SQ_AT0043-11,2024-02-15 05:04:46.514-08,2024-11-10 01:40:29.732194-08,2025-01-08 00:38:42.334824-08
SQ_AT0043-10,2024-02-15 05:04:46.514-08,2024-12-11 13:23:58.273526-08,2025-01-07 19:19:43.68748-08
SQ_AT0574-8,2024-03-23 21:03:30.467-07,2024-12-17 14:29:04.621109-08,2025-01-08 05:52:58.496121-08
SQ_AT0574-9,2024-03-23 21:03:30.467-07,2024-12-17 09:24:17.89474-08,2025-01-08 05:55:08.633874-08
SQ_AT0574-4,2024-03-23 21:03:30.467-07,2024-12-17 14:11:50.554073-08,2025-01-08 05:46:28.246398-08
SQ_AT0574-5,2024-03-23 21:03:30.467-07,2024-12-11 11:27:02.884247-08,2025-01-07 17:43:58.653447-08
SQ_AT0574-6,2024-03-23 21:03:30.467-07,2024-12-17 14:17:36.947477-08,2025-01-08 05:48:39.058251-08
SQ_AT0574-7,2024-03-23 21:03:30.467-07,2024-12-17 14:23:22.089712-08,2025-01-08 05:50:49.042684-08
NY-AT0657-11,2024-03-05 14:44:54.717-08,2025-02-13 16:25:05.448082-08,2025-02-17 14:48:03.13751-08
NY-AT0657-10,2024-03-05 14:44:54.717-08,2025-02-13 15:48:27.927922-08,2025-02-17 14:12:14.269213-08
NY-AT16054-8,2024-04-18 13:34:34.09-07,2024-06-28 10:58:58.593772-07,2024-07-03 16:08:28.501591-07
SQ_MX2017-9,2024-03-21 14:44:06.565-07,2025-02-27 15:01:34.789567-08,2025-03-03 13:51:07.343939-08
SQ_MX2017-6,2024-03-21 14:44:06.565-07,2024-11-24 03:05:33.414866-08,2024-12-09 20:41:53.420041-08
SQ_MX2017-4,2024-03-21 14:44:06.565-07,2024-11-24 03:02:24.159444-08,2025-01-07 16:15:14.765357-08
SQ_MX2017-5,2024-03-21 14:44:06.565-07,2024-10-21 18:01:09.44849-07,2025-01-07 16:17:24.484963-08
SQ_MX2017-2,2024-03-21 14:44:06.565-07,2024-10-21 17:51:30.471406-07,2025-01-07 16:13:05.066456-08
SQ_MX2017-1,2024-03-21 14:44:06.565-07,2024-10-21 17:48:17.785641-07,2025-01-07 16:10:55.037918-08
NW_AT0563-11,2024-01-11 20:55:29.262-08,2024-01-21 10:55:41.145477-08,2024-12-10 17:10:59.002937-08
NW_AT0563-10,2024-01-11 20:55:29.262-08,2024-12-11 11:17:34.932186-08,2025-01-07 17:37:28.819478-08
NY-MX12055-10,2024-04-23 14:22:29.749-07,2024-07-12 10:47:33.499507-07,2024-08-22 10:41:06.472507-07
NW_MX2084-5,2024-03-23 12:10:32.783-07,2024-11-05 13:21:48.266218-08,2024-12-09 22:51:22.081914-08
NY-AT0649-9,2023-08-17 21:13:19.957-07,2024-08-28 03:01:15.18245-07,2024-09-11 15:40:06.242141-07
SQ_AT0586-10,2024-02-15 04:58:46.839-08,2025-01-14 00:22:04.775607-08,2025-01-08 02:59:43.770293-08
NY-AT0649-4,2023-08-17 21:13:19.957-07,2024-08-28 02:45:06.630132-07,2024-09-11 15:24:10.613168-07
NW_MX2084-8,2024-03-23 12:10:32.783-07,2024-12-19 09:50:06.458761-08,2025-01-08 07:13:10.926094-08
NY-MX12066-5,2024-06-13 23:50:24.684-07,2024-11-11 15:16:49.517846-08,2024-12-02 13:05:56.304547-08
NW-AT0709-9,2024-07-02 20:20:43.297-07,2024-08-27 18:06:52.590609-07,2024-09-10 16:24:35.200442-07
NW-AT0709-8,2024-07-02 20:20:43.297-07,2024-08-27 18:03:38.54886-07,2024-09-10 16:21:24.877083-07
NY-AT16055-9,2024-04-24 00:56:20-07,2024-07-12 10:47:26.467641-07,2024-08-22 10:41:48.991476-07
NY-AT16055-8,2024-04-24 00:56:20-07,2024-07-12 10:43:23.468613-07,2024-08-19 12:27:17.011886-07
NW-AT0709-3,2024-07-02 20:20:43.297-07,2024-08-27 17:44:33.04941-07,2024-09-10 15:57:40.478023-07
NW-AT0709-2,2024-07-02 20:20:43.297-07,2024-08-27 17:41:20.789531-07,2024-09-10 15:53:38.729066-07
NW-AT0709-1,2024-07-02 20:20:43.297-07,2024-08-27 17:38:05.217364-07,2024-09-10 15:49:47.396923-07
NY-AT16055-4,2024-04-24 00:56:20-07,2024-07-12 10:47:12.411474-07,2024-08-22 17:36:23.776297-07
NW-AT0709-7,2024-07-02 20:20:43.297-07,2024-08-27 17:57:16.47623-07,2024-09-10 16:13:27.620764-07
NW-AT0709-6,2024-07-02 20:20:43.297-07,2024-08-27 17:54:05.962373-07,2024-09-10 16:09:28.266181-07
NW-AT0709-5,2024-07-02 20:20:43.297-07,2024-08-27 17:50:54.907519-07,2024-09-10 16:05:29.506706-07
NW-AT0709-4,2024-07-02 20:20:43.297-07,2024-08-27 17:47:43.803931-07,2024-09-10 16:01:38.443098-07
NW-AT0699-5,2024-05-04 10:43:11.536-07,2024-08-28 08:00:22.205691-07,2024-09-11 20:45:30.909207-07
NW-AT0699-4,2024-05-04 10:43:11.536-07,2024-09-26 10:34:49.998621-07,2024-09-30 10:12:26.998968-07
NW-AT0699-7,2024-05-04 10:43:11.536-07,2024-08-28 08:06:43.95576-07,2024-09-11 20:51:54.582471-07
NW-AT0699-6,2024-05-04 10:43:11.536-07,2024-08-28 08:03:33.563398-07,2024-09-11 20:48:42.658737-07
NW-AT0699-1,2024-05-04 10:43:11.536-07,2024-08-28 07:57:07.619992-07,2024-09-11 20:42:18.956693-07
NW_MX2121-9,2023-03-06 01:11:10.041-08,2024-08-27 23:19:24.062969-07,2024-09-11 12:00:32.696871-07
NW_MX2121-8,2023-03-06 01:11:10.041-08,2024-08-27 23:16:11.358131-07,2024-09-11 11:57:21.92243-07
NW_MX2121-7,2023-03-06 01:11:10.041-08,2024-08-27 23:12:57.945543-07,2024-09-11 11:54:11.064447-07
NW_MX2121-6,2023-03-06 01:11:10.041-08,2024-08-27 23:09:46.584633-07,2024-09-11 11:51:00.520265-07
NW_MX2121-5,2023-03-06 01:11:10.041-08,2024-08-27 23:06:35.871904-07,2024-09-11 11:47:50.632224-07
NW_MX2121-4,2023-03-06 01:11:10.041-08,2024-08-27 23:03:25.601017-07,2024-09-11 11:44:40.547318-07
NW_MX2121-3,2023-03-06 01:11:10.041-08,2024-08-27 23:00:15.060716-07,2024-09-11 11:41:30.005531-07
NW_MX2121-2,2023-03-06 01:11:10.041-08,2024-09-02 20:19:03.613963-07,2024-09-11 11:38:18.491745-07
NW_MX2121-1,2023-03-06 01:11:10.041-08,2024-08-27 22:53:54.6538-07,2024-09-11 11:35:02.399255-07
SQ_AT0021-9,2023-11-17 20:28:04.872-08,2024-10-21 18:07:33.859396-07,2024-12-05 11:39:08.728998-08
SQ_AT0021-8,2023-11-17 20:28:04.872-08,2024-11-24 03:05:33.414866-08,2024-12-09 20:41:53.420041-08
NY-MX12055-1,2024-04-23 14:22:29.749-07,2024-07-12 10:46:58.33827-07,2024-08-22 10:40:53.755173-07
SQ_AT0021-7,2023-11-17 20:28:04.872-08,2024-10-21 18:01:09.44849-07,2025-01-07 16:17:24.484963-08
SQ_AT0021-6,2023-11-17 20:28:04.872-08,2024-11-24 03:02:24.159444-08,2025-01-07 16:15:14.765357-08
SQ_AT0021-5,2023-11-17 20:28:04.872-08,2024-11-24 02:59:14.829105-08,2024-12-05 11:34:22.354372-08
SQ_AT0021-4,2023-11-17 20:28:04.872-08,2024-10-21 17:51:30.471406-07,2025-01-07 16:13:05.066456-08
NY-MX12066-9,2024-06-13 23:50:24.684-07,2024-11-19 10:30:48.683171-08,2024-12-03 13:39:51.842997-08
NY-MX12066-8,2024-06-13 23:50:24.684-07,2024-11-19 10:27:38.641518-08,2024-12-03 13:39:34.804766-08
NY-MX12060-8,2024-06-18 07:15:05.631-07,2024-05-20 11:06:41.16983-07,2024-08-22 17:37:26.045853-07
SQ_AT0576-6,2024-03-23 05:07:36.392-07,2024-11-05 16:41:25.585328-08,2024-12-10 12:05:48.573673-08
SQ_AT0576-7,2024-03-23 05:07:36.392-07,2024-08-30 00:44:00.260069-07,2024-09-10 12:49:44.299174-07
NY-MX22003-15,2024-09-04 01:08:41.386-07,2024-09-04 09:30:53.383977-07,2025-03-21 11:46:59.636433-07
NY-MX22003-17,2024-09-04 01:08:41.386-07,2024-09-04 09:39:06.436694-07,2024-09-08 22:02:32.717452-07
NY-MX22003-16,2024-09-04 01:08:41.386-07,2024-09-04 09:35:00.798846-07,2024-09-08 22:05:44.237936-07
NY-MX2151-2,2023-10-25 04:28:03.43-07,2024-10-01 17:12:06.213965-07,2024-12-09 19:13:12.176686-08
NY-MX22003-10,2024-09-04 01:08:41.386-07,2024-09-04 09:10:37.461842-07,2024-09-08 22:24:47.72757-07
NW_TX4039-8,2024-03-05 11:12:50.475-08,2024-10-22 11:12:54.641851-07,2024-12-10 16:18:39.907045-08
NW_TX4039-9,2024-03-05 11:12:50.475-08,2025-02-11 12:50:36.67388-08,2025-02-17 10:32:11.481749-08
NW_TX4039-5,2024-03-05 11:12:50.475-08,2025-02-11 11:31:01.124282-08,2025-02-17 10:21:57.970938-08
NW_TX4039-6,2024-03-05 11:12:50.475-08,2024-10-22 11:06:35.903565-07,2024-12-10 16:17:30.198694-08
NW_TX4039-7,2024-03-05 11:12:50.475-08,2025-02-11 12:18:29.198265-08,2025-02-17 10:27:05.073255-08
SQ_AT0576-8,2024-03-23 05:07:36.392-07,2024-10-22 02:00:13.984039-07,2024-12-11 00:14:33.60561-08
SQ_AT0576-9,2024-03-23 05:07:36.392-07,2024-11-05 16:47:44.321452-08,2024-12-10 12:08:08.059745-08
NW-TX4099-8,2024-02-26 21:40:22.407-08,2024-02-28 12:06:38.805786-08,2024-02-29 08:57:07.536517-08
NW-TX4099-9,2024-02-26 21:40:22.407-08,2024-02-27 08:52:16.127476-08,2024-02-28 09:02:52.403411-08
NW-TX4099-1,2024-02-26 21:40:22.407-08,2024-02-27 08:50:44.431025-08,2024-02-28 09:03:32.267765-08
NW-TX4099-2,2024-02-26 21:40:22.407-08,2024-02-28 12:04:54.24922-08,2024-02-29 08:56:00.817314-08
NW-TX4099-3,2024-02-26 21:40:22.407-08,2024-02-27 08:51:10.784636-08,2024-02-28 09:03:45.840245-08
NW-TX4099-4,2024-02-26 21:40:22.407-08,2024-02-28 12:05:29.842525-08,2024-02-29 08:56:17.218763-08
NW-TX4099-5,2024-02-26 21:40:22.407-08,2024-02-28 12:05:43.893017-08,2024-02-29 08:56:30.348607-08
NW-TX4099-6,2024-02-26 21:40:22.407-08,2024-02-28 12:06:09.994545-08,2024-02-29 08:56:42.535741-08
NW-TX4099-7,2024-02-26 21:40:22.407-08,2024-02-28 12:06:21.930158-08,2024-02-29 08:56:55.949456-08
SQ_AT0038-9,2024-03-23 11:39:45.592-07,2024-12-11 12:42:51.719102-08,2025-01-07 18:46:56.482358-08
SQ_AT0038-8,2024-03-23 11:39:45.592-07,2024-12-11 12:39:42.352028-08,2025-01-07 18:44:46.250049-08
SQ_AT0038-3,2024-03-23 11:39:45.592-07,2024-10-21 19:04:52.222101-07,2025-01-07 16:43:24.461452-08
SQ_AT0038-5,2024-03-23 11:39:45.592-07,2024-11-10 01:27:59.309147-08,2025-03-21 11:21:58.903139-07
SQ_AT0038-4,2024-03-23 11:39:45.592-07,2024-10-21 19:08:05.676519-07,2025-01-07 16:45:34.083767-08
SQ_AT0038-7,2024-03-23 11:39:45.592-07,2024-11-10 01:31:06.959954-08,2025-01-08 00:32:07.063954-08
SQ_AT0038-6,2024-03-23 11:39:45.592-07,2024-11-10 01:15:29.676239-08,2025-01-07 23:43:45.489495-08
NW_MX2105-1,2024-03-05 11:42:22.999-08,2024-12-11 11:49:09.636371-08,2025-01-07 17:59:16.42265-08
NW_MX2105-3,2024-03-05 11:42:22.999-08,2024-12-24 04:26:26.128944-08,2025-01-07 21:15:55.640912-08
NW_MX2105-2,2024-03-05 11:42:22.999-08,2024-10-21 21:15:06.16094-07,2024-12-09 21:42:18.97469-08
NW_MX2105-5,2024-03-05 11:42:22.999-08,2024-11-10 00:53:35.970259-08,2024-12-10 17:50:29.825992-08
NW_MX2105-4,2024-03-05 11:42:22.999-08,2024-12-24 04:31:39.133651-08,2025-01-07 21:18:05.494971-08
NW_MX2105-7,2024-03-05 11:42:22.999-08,2024-10-01 12:18:19.150255-07,2024-12-09 09:45:21.643705-08
NW_MX2105-6,2024-03-05 11:42:22.999-08,2024-11-05 15:19:02.908947-08,2024-12-10 17:51:39.488813-08
NW_MX2105-9,2024-03-05 11:42:22.999-08,2024-10-01 12:24:48.864917-07,2024-12-09 09:47:52.297119-08
NW_MX2105-8,2024-03-05 11:42:22.999-08,2024-10-01 12:21:30.437273-07,2024-12-09 09:46:35.971505-08
NW-AT0644-6,2024-02-29 12:24:46.908-08,2025-02-08 15:03:41.776293-08,2025-02-16 13:05:26.582653-08
NY-AT0646-9,2023-07-19 00:19:15.518-07,2024-10-01 15:43:47.467774-07,2024-12-09 11:05:05.650096-08
NY-AT0646-8,2023-07-19 00:19:15.518-07,2024-10-21 17:35:26.820306-07,2024-12-09 11:03:48.989744-08
SQ_AT0020-11,2023-11-17 20:19:02.047-08,2024-11-24 05:31:02.257877-08,2025-01-08 01:30:52.873953-08
NY-AT0646-3,2023-07-19 00:19:15.518-07,2024-10-01 15:31:04.090423-07,2024-12-09 10:59:58.837264-08
NY-AT0646-2,2023-07-19 00:19:15.518-07,2024-10-01 15:27:52.348517-07,2024-12-09 10:58:47.057484-08
NY-AT0646-1,2023-07-19 00:19:15.518-07,2024-10-01 15:24:41.634013-07,2024-12-09 10:57:29.395176-08
NY-AT0646-7,2023-07-19 00:19:15.518-07,2024-10-01 15:37:25.865854-07,2024-12-09 11:02:34.681226-08
NY-AT0646-6,2023-07-19 00:19:15.518-07,2024-02-22 15:59:43.796317-08,2024-11-26 09:39:26.570583-08
NY-AT0646-5,2023-07-19 00:19:15.518-07,2024-10-09 08:51:44.523588-07,2024-10-10 09:32:57.924188-07
NY-AT0646-4,2023-07-19 00:19:15.518-07,2024-10-01 15:34:15.122013-07,2024-12-09 11:01:14.172056-08
NW-AT0644-9,2024-02-29 12:24:46.908-08,2025-02-08 15:09:59.513036-08,2025-02-16 13:20:46.520797-08
NY-MX12015-7,2023-11-02 08:08:14.459-07,2024-02-26 15:42:55.40342-08,2024-12-10 00:13:59.097045-08
NY-MX12015-6,2023-11-02 08:08:14.459-07,2024-09-24 15:45:05.558268-07,2024-09-25 10:13:18.076539-07
NY-AT16032-8,2024-02-11 14:54:22.52-08,2024-03-07 10:11:55.718099-08,2024-12-10 00:30:48.72546-08
NY-MX12015-3,2023-11-02 08:08:14.459-07,2024-09-24 15:44:07.028222-07,2024-09-25 10:12:40.939937-07
NY-MX12015-2,2023-11-02 08:08:14.459-07,2024-09-24 15:43:48.451687-07,2024-09-25 10:12:21.993421-07
NY-MX12015-1,2023-11-02 08:08:14.459-07,2024-09-24 15:43:34.633927-07,2024-09-25 10:11:59.209567-07
NY-AT16032-2,2024-02-11 14:54:22.52-08,2024-03-07 10:09:58.408749-08,2024-12-10 11:02:57.945768-08
NY-AT16032-3,2024-02-11 14:54:22.52-08,2024-03-06 09:32:10.894295-08,2024-10-30 10:53:48.759937-07
NY-AT16032-1,2024-02-11 14:54:22.52-08,2024-03-07 10:09:40.099441-08,2024-12-10 11:01:48.567217-08
NY-AT16032-6,2024-02-11 14:54:22.52-08,2024-03-07 10:14:30.807253-08,2024-10-30 10:54:23.056662-07
NY-AT16032-7,2024-02-11 14:54:22.52-08,2024-03-07 10:11:35.04976-08,2024-12-10 00:29:34.962691-08
NY-AT16032-4,2024-02-11 14:54:22.52-08,2024-03-07 10:13:39.551878-08,2024-10-30 10:54:00.061385-07
NY-AT16032-5,2024-02-11 14:54:22.52-08,2024-03-07 10:14:06.71189-08,2024-10-30 10:54:11.229174-07
SQ_AT0024-3,2023-11-17 20:31:02.568-08,2024-10-21 22:59:34.405562-07,2025-01-07 20:47:27.663588-08
SQ_AT0024-6,2023-11-17 20:31:02.568-08,2025-02-10 11:02:30.817059-08,2025-02-17 04:44:34.216079-08
SQ_AT0024-7,2023-11-17 20:31:02.568-08,2025-02-27 14:15:06.581536-08,2025-03-03 13:03:44.660563-08
SQ_AT0024-4,2023-11-17 20:31:02.568-08,2024-10-21 21:49:53.138426-07,2025-01-07 18:18:44.185364-08
SQ_AT0024-5,2023-11-17 20:31:02.568-08,2025-02-10 10:15:20.911756-08,2025-02-17 04:39:27.825214-08
NY-AT16070-8,2024-06-28 02:47:41.619-07,2024-11-19 08:33:21.719015-08,2024-12-03 13:43:04.397298-08
NY-AT16070-9,2024-06-28 02:47:41.619-07,2024-11-19 08:36:31.696894-08,2024-12-03 13:43:17.364501-08
NY-AT16070-1,2024-06-28 02:47:41.619-07,2024-12-02 13:26:17.624596-08,2025-03-21 10:53:54.894395-07
NY-AT16070-2,2024-06-28 02:47:41.619-07,2024-07-08 14:31:14.247355-07,2024-12-10 00:45:16.124292-08
NY-AT16070-3,2024-06-28 02:47:41.619-07,2024-07-08 14:31:22.38963-07,2024-12-10 00:46:30.054552-08
NY-AT16070-4,2024-06-28 02:47:41.619-07,2024-07-08 14:31:30.628626-07,2024-12-10 00:47:44.885165-08
NY-AT16070-5,2024-06-28 02:47:41.619-07,2024-11-11 16:34:21.131848-08,2024-12-02 13:11:14.328185-08
NY-AT16070-6,2024-06-28 02:47:41.619-07,2024-11-11 16:40:45.012181-08,2025-03-21 11:34:28.859181-07
NY-AT16070-7,2024-06-28 02:47:41.619-07,2024-07-17 13:00:00.160488-07,2024-12-02 12:50:00.917092-08
SQ_MX2022-8,2024-01-11 20:43:27.52-08,2024-12-11 12:23:55.618409-08,2025-01-07 18:27:25.851316-08
SQ_MX2022-9,2024-01-11 20:43:27.52-08,2024-12-11 12:27:04.919237-08,2025-01-07 18:29:36.916993-08
SQ_MX2022-2,2024-01-11 20:43:27.52-08,2025-02-27 15:53:28.308674-08,2025-03-03 14:43:08.084354-08
NY-MX12005-3,2024-03-05 07:24:24.364-08,2024-10-21 15:09:10.993592-07,2024-10-30 09:48:17.432288-07
SQ_MX2022-7,2024-01-11 20:43:27.52-08,2024-12-11 12:20:46.137408-08,2025-01-07 18:25:15.66618-08
SQ_MX2022-4,2024-01-11 20:43:27.52-08,2024-01-17 13:46:23.040491-08,2025-01-08 03:06:14.81829-08
SQ_MX2022-5,2024-01-11 20:43:27.52-08,2024-01-17 13:46:45.863417-08,2025-03-11 10:40:32.081913-07
NY-MX12015-4,2023-11-02 08:08:14.459-07,2024-09-24 15:44:37.840526-07,2024-09-25 10:12:55.082306-07
NY-MX12010-8,2024-03-05 09:49:13.571-08,2024-11-15 10:23:38.66355-08,2024-12-03 13:16:13.71262-08
NY-MX12010-9,2024-03-05 09:49:13.571-08,2024-10-21 15:34:27.889794-07,2024-10-30 10:53:19.687852-07
NY-MX12010-6,2024-03-05 09:49:13.571-08,2024-11-13 14:01:17.0704-08,2024-12-03 13:15:45.883315-08
NY-MX12010-7,2024-03-05 09:49:13.571-08,2024-11-13 14:04:28.220539-08,2024-12-03 13:15:59.270624-08
NY-MX12010-4,2024-03-05 09:49:13.571-08,2024-11-15 10:15:42.195605-08,2024-12-09 22:38:32.236183-08
NY-MX12010-5,2024-03-05 09:49:13.571-08,2024-10-21 15:31:18.196953-07,2024-10-30 10:51:48.216602-07
NY-MX12010-2,2024-03-05 09:49:13.571-08,2024-11-13 13:54:53.84666-08,2024-12-03 13:15:14.592122-08
NY-MX12010-3,2024-03-05 09:49:13.571-08,2024-11-13 13:58:05.999118-08,2024-12-03 13:15:33.118771-08
NY-MX12010-1,2024-03-05 09:49:13.571-08,2024-11-13 13:51:43.308994-08,2024-12-03 13:15:01.054913-08
NY-MX2155-9,2023-11-22 06:30:16.48-08,2024-08-28 06:37:38.636644-07,2024-09-11 19:22:22.514807-07
NY-MX2155-2,2023-11-22 06:30:16.48-08,2024-10-01 17:51:21.650639-07,2024-12-09 19:27:58.976887-08
NY-MX2155-3,2023-11-22 06:30:16.48-08,2024-10-01 17:54:36.329642-07,2024-12-09 19:29:14.854957-08
NY-MX2155-1,2023-11-22 06:30:16.48-08,2024-10-01 17:48:06.88145-07,2024-12-09 19:26:40.834218-08
NY-MX2155-6,2023-11-22 06:30:16.48-08,2024-08-28 06:28:07.264999-07,2024-09-11 19:12:49.854561-07
NY-MX2155-7,2023-11-22 06:30:16.48-08,2024-08-28 06:31:18.240631-07,2024-09-11 19:16:00.589448-07
NY-MX2155-4,2023-11-22 06:30:16.48-08,2024-08-28 06:21:45.723791-07,2024-09-11 19:06:27.082081-07
NY-MX2155-5,2023-11-22 06:30:16.48-08,2024-08-28 06:24:56.509933-07,2024-09-11 19:09:38.979204-07
NY-AT16003-10,2023-08-11 07:42:35.822-07,2024-06-28 11:06:02.743733-07,2024-07-03 16:07:49.053613-07
NY-AT16003-11,2023-08-11 07:42:35.822-07,2024-07-12 10:43:00.028933-07,2024-08-19 11:22:24.140343-07
NY-AT16003-12,2023-08-11 07:42:35.822-07,2024-02-21 09:24:33.205622-08,2024-08-19 11:22:36.612317-07
NW-MX2192-9,2024-07-29 19:31:16.034-07,2024-08-27 18:51:22.935304-07,2024-09-10 17:12:15.050492-07
NW-MX2192-8,2024-07-29 19:31:16.034-07,2024-08-27 18:48:12.324454-07,2024-09-10 17:05:53.820264-07
NW-MX2192-3,2024-07-29 19:31:16.034-07,2024-08-27 18:32:19.562674-07,2024-09-10 16:50:00.906563-07
NW-MX2192-2,2024-07-29 19:31:16.034-07,2024-08-27 18:29:08.997239-07,2024-09-10 16:46:49.790481-07
NW-MX2192-1,2024-07-29 19:31:16.034-07,2024-08-27 18:25:58.787547-07,2024-09-10 16:43:39.418483-07
NW-MX2192-7,2024-07-29 19:31:16.034-07,2024-08-27 18:45:02.122368-07,2024-09-10 17:02:42.628928-07
NW-MX2192-6,2024-07-29 19:31:16.034-07,2024-08-27 18:41:51.569402-07,2024-09-10 16:59:31.945437-07
NW-MX2192-5,2024-07-29 19:31:16.034-07,2024-08-27 18:38:40.572669-07,2024-09-10 16:56:21.961211-07
NW-MX2192-4,2024-07-29 19:31:16.034-07,2024-08-27 18:35:30.130116-07,2024-09-10 16:53:11.606485-07
NY-AT16008-9,2023-09-20 07:45:18.871-07,2025-03-18 13:18:29.268328-07,2025-03-21 14:04:45.965523-07
NY-AT16008-8,2023-09-20 07:45:18.871-07,2025-03-18 13:13:22.381421-07,2025-03-21 14:01:37.325582-07
NY-AT16057-1,2024-05-01 10:13:29.739-07,2024-07-17 13:11:38.118563-07,2024-08-15 12:41:06.453927-07
NY-AT16008-5,2023-09-20 07:45:18.871-07,2025-02-27 13:09:57.636686-08,2025-03-03 11:30:34.812451-08
NY-AT16057-3,2024-05-01 10:13:29.739-07,2024-08-14 15:01:16.762696-07,2024-08-22 12:29:32.549962-07
NY-AT16057-2,2024-05-01 10:13:29.739-07,2024-08-21 10:24:56.101682-07,2024-08-22 12:29:20.72261-07
NY-AT16057-5,2024-05-01 10:13:29.739-07,2024-08-19 14:37:25.134525-07,2024-08-21 10:07:05.918024-07
NY-AT16057-4,2024-05-01 10:13:29.739-07,2024-07-17 13:11:45.463824-07,2024-08-15 12:41:33.949586-07
NY-AT16057-7,2024-05-01 10:13:29.739-07,2024-08-19 14:38:01.69136-07,2024-08-21 10:07:28.535969-07
NY-AT16008-4,2023-09-20 07:45:18.871-07,2025-02-27 13:04:36.141138-08,2025-03-03 11:25:25.763214-08
NY-AT16008-7,2023-09-20 07:45:18.871-07,2025-03-18 13:08:15.524502-07,2025-03-21 13:58:27.167317-07
NY-AT16008-6,2023-09-20 07:45:18.871-07,2025-03-18 13:03:08.391774-07,2025-03-21 13:55:18.036525-07
NY-AT16008-3,2023-09-20 07:45:18.871-07,2025-03-18 12:58:00.515529-07,2025-03-21 13:52:08.973115-07
NY-AT16008-2,2023-09-20 07:45:18.871-07,2025-03-18 12:52:48.014456-07,2025-03-21 13:49:00.00109-07
NY-AT0660-10,2023-09-21 01:49:53.253-07,2025-02-17 11:43:46.39764-08,2025-02-18 09:48:28.512018-08
SQ_AT0046-7,2024-01-11 21:25:28.241-08,2024-01-17 13:53:43.517201-08,2025-01-08 03:53:50.375346-08
NW-AT0680-3,2023-12-01 23:36:37.674-08,2024-10-01 18:01:03.869444-07,2024-12-09 19:31:49.784891-08
NW-AT0680-2,2023-12-01 23:36:37.674-08,2024-10-01 17:57:51.01731-07,2024-12-09 19:30:33.810606-08
NW-AT0680-1,2023-12-01 23:36:37.674-08,2024-12-19 11:48:56.100782-08,2025-01-08 08:02:54.929295-08
NY-MX12072-1,2024-07-03 04:17:19.099-07,2024-11-11 17:06:32.836741-08,2025-03-21 12:40:19.318629-07
NW-AT0680-7,2023-12-01 23:36:37.674-08,2024-10-01 18:14:07.517971-07,2024-12-09 19:36:55.407069-08
NW-AT0680-6,2023-12-01 23:36:37.674-08,2024-10-01 18:10:51.85417-07,2024-12-09 19:35:38.990186-08
NW-AT0680-5,2023-12-01 23:36:37.674-08,2024-10-01 18:07:38.654011-07,2024-12-09 19:34:22.64218-08
NW-AT0680-4,2023-12-01 23:36:37.674-08,2024-10-01 18:04:16.864374-07,2024-12-09 19:33:06.196812-08
NY-AT16014-6,2024-03-05 14:58:37.296-08,2024-02-26 15:42:17.934607-08,2024-12-10 00:11:34.308717-08
NY-AT16014-7,2024-03-05 14:58:37.296-08,2024-02-26 15:42:34.930899-08,2024-12-10 00:12:48.20122-08
NW-AT0680-9,2023-12-01 23:36:37.674-08,2025-02-10 01:48:37.85095-08,2025-02-16 23:51:13.269798-08
NW-AT0680-8,2023-12-01 23:36:37.674-08,2025-02-10 01:46:30.594231-08,2025-02-16 23:46:07.007002-08
NY-AT16014-2,2024-03-05 14:58:37.296-08,2024-11-21 23:59:55.183094-08,2024-12-10 01:32:26.331888-08
NY-AT16014-3,2024-03-05 14:58:37.296-08,2024-11-24 01:39:35.035719-08,2024-12-10 01:33:36.91572-08
NY-AT16014-1,2024-03-05 14:58:37.296-08,2024-11-21 23:56:45.383822-08,2024-12-10 01:31:16.232992-08
NY-AT0673-4,2024-03-05 14:47:27.966-08,2024-08-28 05:30:53.319325-07,2024-09-11 18:15:30.234988-07
NY-AT0673-1,2024-03-05 14:47:27.966-08,2024-08-28 05:21:21.13575-07,2024-09-11 18:05:55.064564-07
NY-AT0673-9,2024-03-05 14:47:27.966-08,2024-08-28 05:46:46.217183-07,2024-09-11 18:31:26.092805-07
NY-AT0673-8,2024-03-05 14:47:27.966-08,2024-08-28 05:43:35.3471-07,2024-09-11 18:28:15.440458-07
NY-MX12015-8,2023-11-02 08:08:14.459-07,2024-02-26 15:43:18.871033-08,2024-12-10 00:15:09.654996-08
NY-AT26008-18,2024-10-12 19:51:32.328-07,2024-10-13 02:11:53.779084-07,2024-10-14 11:30:32.032125-07
NY-AT26008-19,2024-10-12 19:51:32.328-07,2024-10-13 02:15:08.364399-07,2024-10-14 11:24:10.077258-07
NY-MX12020-9,2024-03-05 10:50:57.015-08,2024-11-22 01:22:41.77894-08,2024-12-10 02:04:01.748503-08
NY-MX12020-8,2024-03-05 10:50:57.015-08,2024-11-24 01:49:03.573487-08,2024-12-10 02:02:52.421542-08
NY-MX12020-3,2024-03-05 10:50:57.015-08,2024-11-22 01:06:49.506824-08,2024-12-10 01:57:05.072712-08
NY-MX12020-2,2024-03-05 10:50:57.015-08,2024-11-22 01:03:38.230758-08,2024-12-10 01:55:55.267655-08
NY-MX12020-1,2024-03-05 10:50:57.015-08,2024-11-22 01:00:26.391026-08,2024-12-10 01:54:45.172307-08
NY-AT26008-13,2024-10-12 19:51:32.328-07,2024-10-13 01:56:01.946337-07,2024-10-14 12:02:22.961955-07
NY-MX12020-7,2024-03-05 10:50:57.015-08,2024-11-22 01:16:22.187859-08,2024-12-10 02:01:42.762003-08
NY-MX12020-6,2024-03-05 10:50:57.015-08,2024-11-22 01:13:11.3039-08,2024-12-10 02:00:33.263946-08
NY-MX12020-5,2024-03-05 10:50:57.015-08,2024-11-22 01:10:01.391851-08,2024-12-10 01:59:23.902459-08
NY-MX12020-4,2024-03-05 10:50:57.015-08,2024-08-14 15:24:37.795418-07,2024-12-10 01:58:14.41263-08
NW-AT0700-8,2024-05-04 12:02:24.056-07,2024-08-27 16:46:22.498374-07,2024-09-10 14:48:32.757845-07
NY-MX12067-1,2024-06-20 21:25:43.253-07,2024-11-19 08:30:12.212971-08,2024-12-03 13:40:25.365184-08
SQ_AT0060-1,2024-03-22 21:20:19.401-07,2024-12-11 11:11:15.024943-08,2025-01-07 17:33:08.129834-08
NW_MX2114-10,2024-02-29 10:49:42.787-08,2025-02-08 15:26:47.822678-08,2025-02-16 14:01:40.094422-08
NY-AT0651-5,2023-09-29 01:23:50.64-07,2025-02-09 22:44:52.174772-08,2025-02-16 22:29:13.381235-08
NY-AT0651-9,2023-09-29 01:23:50.64-07,2025-02-10 00:03:45.378073-08,2025-02-16 23:15:28.10622-08
NY-AT0651-8,2023-09-29 01:23:50.64-07,2025-02-10 00:01:39.420918-08,2025-02-16 23:10:05.717721-08
NW_MX0001-6,2024-03-07 16:05:00.997-08,2025-02-10 03:05:21.043076-08,2025-02-17 01:07:57.591594-08
NW_MX0001-7,2024-03-07 16:05:00.997-08,2025-02-17 01:13:03.591755-08,2025-02-18 09:47:55.072961-08
NW_MX0001-4,2024-03-07 16:05:00.997-08,2025-02-17 00:57:43.25075-08,2025-02-18 09:47:47.944398-08
NW_MX0001-5,2024-03-07 16:05:00.997-08,2025-02-10 03:03:04.29315-08,2025-02-17 01:02:50.456457-08
NW_MX0001-2,2024-03-07 16:05:00.997-08,2025-02-10 02:56:45.269779-08,2025-02-17 00:47:26.849621-08
NW_MX0001-3,2024-03-07 16:05:00.997-08,2025-02-10 02:58:51.525546-08,2025-02-17 00:52:36.942576-08
NW_MX0001-1,2024-03-07 16:05:00.997-08,2025-02-10 02:54:38.845347-08,2025-02-17 00:42:20.230714-08
NW_MX0001-8,2024-03-07 16:05:00.997-08,2025-02-10 03:09:34.018361-08,2025-02-17 02:36:43.709288-08
NW_MX0001-9,2024-03-07 16:05:00.997-08,2025-02-10 03:41:40.57235-08,2025-02-17 02:41:50.920825-08
SQ_AT0610-1,2024-03-06 02:37:41.713-08,2025-02-08 14:23:42.425229-08,2025-02-16 11:28:15.942909-08
NW_MX2119-8,2023-03-06 02:11:55.921-08,2024-08-27 22:38:00.726927-07,2024-09-11 11:12:46.304927-07
NW_MX2119-9,2023-03-06 02:11:55.921-08,2024-08-27 22:41:12.792592-07,2024-09-11 11:15:57.272075-07
NW_MX2119-6,2023-03-06 02:11:55.921-08,2024-08-27 22:31:38.972897-07,2024-09-11 11:06:27.497216-07
NW_MX2119-7,2023-03-06 02:11:55.921-08,2024-08-27 22:34:49.075252-07,2024-09-11 11:09:35.802638-07
NW_MX2119-4,2023-03-06 02:11:55.921-08,2024-08-27 22:25:16.742963-07,2024-09-11 11:00:07.406031-07
NW_MX2119-5,2023-03-06 02:11:55.921-08,2024-08-29 10:21:11.68605-07,2024-09-11 11:03:17.547952-07
NW_MX2119-2,2023-03-06 02:11:55.921-08,2024-08-27 22:18:55.712029-07,2024-09-11 10:53:44.452697-07
NW_MX2119-3,2023-03-06 02:11:55.921-08,2024-08-27 22:22:06.338097-07,2024-09-11 10:56:56.931174-07
NW_MX2119-1,2023-03-06 02:11:55.921-08,2024-08-27 21:34:01.713463-07,2024-09-11 10:50:33.906907-07
SQ_AT0598-9,2024-01-11 21:00:59.105-08,2024-02-06 10:32:44.915407-08,2025-01-08 02:48:56.450023-08
SQ_AT0610-5,2024-03-06 02:37:41.713-08,2025-02-08 14:32:07.246386-08,2025-02-16 11:48:43.675367-08
SQ_AT0610-4,2024-03-06 02:37:41.713-08,2025-02-08 14:30:00.60309-08,2025-02-16 11:43:36.197169-08
NY-MX12067-7,2024-06-20 21:25:43.253-07,2024-11-11 15:45:01.473224-08,2024-12-02 13:06:59.953959-08
SQ_AT0598-4,2024-01-11 21:00:59.105-08,2024-01-12 13:17:44.890799-08,2025-01-08 02:42:26.561918-08
SQ_AT0598-5,2024-01-11 21:00:59.105-08,2024-01-12 13:18:00.58074-08,2025-01-08 02:44:36.726781-08
NY-MX22009-19,2024-10-12 23:09:17.018-07,2024-10-13 02:15:14.190058-07,2024-10-14 11:27:20.581986-07
NY-MX22009-18,2024-10-12 23:09:17.018-07,2024-10-13 02:11:59.350177-07,2024-10-14 11:33:42.509842-07
NY-MX22009-14,2024-10-12 23:09:17.018-07,2024-10-13 01:59:12.545625-07,2024-10-14 11:59:11.253806-07
NY-MX12007-6,2024-03-05 10:49:09.117-08,2024-10-21 15:21:49.235997-07,2024-10-30 10:50:04.284417-07
NY-MX12007-7,2024-03-05 10:49:09.117-08,2024-11-13 13:26:16.57901-08,2024-12-03 13:12:18.745664-08
NY-MX12007-4,2024-03-05 10:49:09.117-08,2024-11-15 10:16:50.1806-08,2024-12-09 22:37:22.647945-08
NY-MX12007-5,2024-03-05 10:49:09.117-08,2024-10-21 15:18:39.651239-07,2024-10-30 10:48:02.411261-07
NY-MX12007-2,2024-03-05 10:49:09.117-08,2023-12-12 09:28:53.427725-08,2024-12-10 00:02:04.289866-08
NY-MX12007-3,2024-03-05 10:49:09.117-08,2024-02-21 09:13:52.197276-08,2024-08-22 15:07:37.658929-07
NY-MX12007-1,2024-03-05 10:49:09.117-08,2023-12-12 09:27:46.075403-08,2024-12-10 00:00:52.536353-08
SQ_AT0060-9,2024-03-22 21:20:19.401-07,2024-11-24 04:18:13.892811-08,2025-01-07 23:13:16.644598-08
NY-MX12007-8,2024-03-05 10:49:09.117-08,2024-11-13 13:29:27.485046-08,2024-12-03 13:12:32.963375-08
NY-MX12007-9,2024-03-05 10:49:09.117-08,2024-11-15 10:27:03.033057-08,2024-12-03 13:12:45.303565-08
NW_AT0581-10,2024-02-15 04:40:52.187-08,2024-02-15 09:11:28.119312-08,2024-12-10 19:06:19.109215-08
SQ_AT0019-2,2023-11-17 20:30:29.359-08,2024-10-21 23:50:14.365115-07,2025-01-07 21:09:22.056743-08
NY-MX22008-13,2024-10-12 12:58:14.639-07,2024-10-13 01:56:01.946337-07,2024-10-14 12:02:22.961955-07
NY-AT26007-5,2024-10-05 17:01:13.013-07,2024-10-07 15:02:06.870944-07,2024-10-09 10:15:34.156406-07
NY-AT26007-4,2024-10-05 17:01:13.013-07,2024-10-08 12:10:26.93426-07,2024-10-09 09:53:13.738182-07
NY-AT26007-7,2024-10-05 17:01:13.013-07,2024-10-07 15:08:35.445721-07,2024-10-09 10:09:13.261124-07
NY-AT26007-6,2024-10-05 17:01:13.013-07,2024-10-07 15:05:23.451603-07,2024-10-09 10:12:23.492687-07
NY-AT26007-1,2024-10-05 17:01:13.013-07,2024-10-08 12:09:34.527575-07,2024-10-09 10:56:54.453542-07
NY-AT26007-3,2024-10-05 17:01:13.013-07,2024-10-08 10:24:37.636894-07,2024-10-09 09:59:41.481603-07
NY-AT26007-2,2024-10-05 17:01:13.013-07,2024-10-07 14:43:19.633426-07,2024-10-09 10:21:55.531434-07
NY-AT26007-9,2024-10-05 17:01:13.013-07,2024-10-07 15:14:56.426486-07,2024-10-09 10:02:52.378708-07
NY-AT26007-8,2024-10-05 17:01:13.013-07,2024-10-07 15:11:45.862704-07,2024-10-09 10:06:02.723613-07
NW_MX2075-5,2024-02-15 04:14:38.767-08,2025-02-08 16:36:28.376628-08,2025-02-16 16:50:22.693733-08
NW_MX2075-4,2024-02-15 04:14:38.767-08,2024-02-15 15:06:33.20064-08,2024-12-10 19:07:28.864612-08
NW_MX2075-7,2024-02-15 04:14:38.767-08,2025-02-08 16:40:40.180694-08,2025-02-16 17:00:35.918794-08
NW_MX2075-6,2024-02-15 04:14:38.767-08,2025-02-08 16:38:34.38646-08,2025-02-16 16:55:29.24383-08
NW_MX2075-1,2024-02-15 04:14:38.767-08,2025-02-08 16:32:16.485523-08,2025-02-16 16:40:09.850003-08
NW_MX2075-3,2024-02-15 04:14:38.767-08,2024-01-12 13:12:00.752751-08,2024-12-10 17:26:03.305447-08
NW_MX2075-2,2024-02-15 04:14:38.767-08,2025-02-08 16:34:22.236669-08,2025-02-16 16:45:16.286198-08
NW_MX2075-9,2024-02-15 04:14:38.767-08,2025-02-08 15:58:20.619752-08,2025-02-16 15:18:18.707948-08
NW_MX2075-8,2024-02-15 04:14:38.767-08,2025-02-08 16:42:46.514559-08,2025-02-16 17:05:42.601523-08
NW_TX4045-9,2024-03-06 01:50:11.513-08,2025-02-12 08:28:18.81818-08,2025-02-17 13:36:26.206988-08
NW_TX4045-8,2024-03-06 01:50:11.513-08,2025-02-12 08:26:00.134105-08,2025-02-17 13:31:19.495454-08
NW_TX4045-1,2024-03-06 01:50:11.513-08,2025-02-12 03:14:43.22254-08,2025-02-17 13:05:46.665467-08
NW_TX4045-3,2024-03-06 01:50:11.513-08,2025-02-12 04:34:03.162323-08,2025-02-17 13:15:59.782408-08
NW_TX4045-2,2024-03-06 01:50:11.513-08,2025-02-12 04:16:52.810521-08,2025-02-17 13:10:53.307686-08
NW_TX4045-4,2024-03-06 01:50:11.513-08,2025-02-12 06:06:13.585632-08,2025-02-17 13:21:06.341842-08
NW_TX4045-7,2024-03-06 01:50:11.513-08,2025-02-12 07:23:34.844775-08,2025-02-17 13:26:12.801195-08
SQ_AT0049-11,2024-02-15 04:57:22.389-08,2025-02-11 05:38:52.905795-08,2025-02-17 07:48:34.664519-08
SQ_AT0049-10,2024-02-15 04:57:22.389-08,2024-12-11 14:24:23.795613-08,2025-01-07 20:01:26.33765-08
SQ_AT0049-12,2024-02-15 04:57:22.389-08,2024-11-10 01:59:17.832766-08,2025-01-08 00:49:36.642402-08
NY-MX2148-1,2023-10-12 06:23:16.214-07,2024-10-22 08:57:08.2244-07,2024-12-09 23:27:45.207937-08
NY-MX2148-2,2023-10-12 06:23:16.214-07,2024-11-24 03:52:56.693856-08,2024-12-09 23:28:56.383902-08
NY-MX2148-3,2023-10-12 06:23:16.214-07,2024-08-28 04:30:28.106012-07,2024-09-11 17:09:11.292894-07
NY-MX2148-4,2023-10-12 06:23:16.214-07,2024-08-28 04:33:39.989255-07,2024-09-11 17:12:22.288582-07
NY-MX2148-5,2023-10-12 06:23:16.214-07,2024-08-28 04:36:50.661128-07,2024-09-11 17:15:33.400795-07
NW-MX2157-8,2023-11-28 11:06:11.23-08,2024-08-28 07:06:14.290025-07,2024-09-11 19:51:11.346336-07
NW-MX2157-9,2023-11-28 11:06:11.23-08,2024-08-28 07:09:25.422463-07,2024-09-11 19:54:23.739325-07
NW-MX2157-6,2023-11-28 11:06:11.23-08,2024-08-28 06:59:53.410962-07,2024-09-11 19:44:46.879843-07
NW-MX2157-7,2023-11-28 11:06:11.23-08,2024-08-28 07:03:03.88608-07,2024-09-11 19:47:58.893096-07
NW-MX2157-4,2023-11-28 11:06:11.23-08,2024-08-28 06:53:33.164344-07,2024-09-11 19:38:22.293998-07
NW-MX2157-5,2023-11-28 11:06:11.23-08,2024-08-28 06:56:43.244921-07,2024-09-11 19:41:34.916103-07
NW-MX2157-2,2023-11-28 11:06:11.23-08,2025-02-10 01:44:22.825426-08,2025-02-16 23:41:00.688113-08
NW-MX2157-3,2023-11-28 11:06:11.23-08,2024-08-28 06:50:21.455153-07,2024-09-11 19:35:07.414313-07
NW-MX2157-1,2023-11-28 11:06:11.23-08,2025-02-10 01:27:09.807204-08,2025-02-16 23:35:54.212751-08
NY-AT16066-9,2024-06-14 06:33:29.769-07,2024-11-19 10:30:48.683171-08,2024-12-03 13:39:51.842997-08
NY-AT16066-8,2024-06-14 06:33:29.769-07,2024-11-19 10:27:38.641518-08,2024-12-03 13:39:34.804766-08
NY-AT16066-1,2024-06-14 06:33:29.769-07,2024-11-19 10:02:15.327505-08,2024-12-03 13:38:06.119461-08
NY-AT16066-3,2024-06-14 06:33:29.769-07,2024-11-19 10:18:07.785682-08,2024-12-03 13:38:46.70765-08
NY-AT16066-2,2024-06-14 06:33:29.769-07,2024-11-19 10:05:25.997559-08,2024-12-03 13:38:31.924929-08
NY-AT16066-5,2024-06-14 06:33:29.769-07,2024-11-11 15:16:49.517846-08,2024-12-02 13:05:56.304547-08
NY-AT16066-4,2024-06-14 06:33:29.769-07,2024-11-19 10:21:17.663574-08,2024-12-03 13:39:00.520838-08
NY-AT16066-7,2024-06-14 06:33:29.769-07,2024-11-19 10:24:28.04969-08,2024-12-03 13:39:19.748394-08
NY-AT16066-6,2024-06-14 06:33:29.769-07,2024-11-11 15:20:34.390946-08,2024-12-02 13:06:09.312929-08
NW_MX2113-1,2024-02-29 12:22:54.727-08,2024-10-01 12:37:51.97948-07,2024-12-09 09:52:54.917695-08
NW_MX2113-2,2024-02-29 12:22:54.727-08,2024-11-10 00:50:25.288108-08,2024-12-10 14:44:16.804595-08
NW_MX2113-3,2024-02-29 12:22:54.727-08,2024-11-10 00:53:33.292501-08,2024-12-10 14:45:26.97226-08
NW-AT0694-8,2024-03-21 17:50:51.863-07,2024-10-22 09:09:46.791703-07,2024-12-09 23:32:29.05629-08
NW-AT0694-9,2024-03-21 17:50:51.863-07,2024-10-22 09:12:56.084226-07,2024-12-09 23:33:41.935701-08
NW-AT0694-4,2024-03-21 17:50:51.863-07,2024-10-01 20:15:52.678087-07,2024-12-09 20:22:32.963194-08
NW-AT0694-5,2024-03-21 17:50:51.863-07,2024-12-24 03:34:45.499388-08,2025-01-08 09:30:43.842611-08
NW-AT0694-6,2024-03-21 17:50:51.863-07,2024-12-24 03:39:55.027374-08,2025-01-08 09:32:53.603332-08
NW-AT0694-7,2024-03-21 17:50:51.863-07,2024-08-27 16:39:57.837224-07,2024-09-10 14:40:50.276632-07
NY-AT16008-1,2023-09-20 07:45:18.871-07,2024-03-22 09:38:34.315342-07,2025-01-07 23:30:40.013395-08
NW-AT0694-1,2024-03-21 17:50:51.863-07,2024-10-01 20:03:02.97093-07,2024-12-09 20:17:48.095919-08
NW-AT0694-2,2024-03-21 17:50:51.863-07,2024-10-01 20:06:15.525129-07,2024-12-09 20:18:59.908729-08
NW-AT0694-3,2024-03-21 17:50:51.863-07,2024-10-01 20:09:27.385144-07,2024-12-09 20:20:10.839078-08
SQ_MX2005-3,2024-03-20 13:04:46.181-07,2025-02-13 16:56:42.185386-08,2025-02-17 15:18:43.431479-08
NW_MX2113-7,2024-02-29 12:22:54.727-08,2025-02-11 04:59:02.655351-08,2025-02-17 07:28:07.596677-08
NW_AT0625-6,2024-03-05 11:42:08.204-08,2025-02-08 15:49:56.142489-08,2025-02-16 14:57:52.924951-08
NW_AT0625-7,2024-03-05 11:42:08.204-08,2024-09-02 11:01:45.75596-07,2024-09-11 10:18:45.694123-07
NW_AT0625-4,2024-03-05 11:42:08.204-08,2025-02-08 15:45:43.330809-08,2025-02-16 14:47:39.914059-08
NW_AT0625-5,2024-03-05 11:42:08.204-08,2025-02-08 15:47:49.335444-08,2025-02-16 14:52:46.431961-08
NW_AT0625-2,2024-03-05 11:42:08.204-08,2025-02-08 15:41:31.076675-08,2025-02-16 14:37:27.164068-08
NW_AT0625-3,2024-03-05 11:42:08.204-08,2025-02-08 15:43:37.112481-08,2025-02-16 14:42:33.529666-08
NW_AT0625-1,2024-03-05 11:42:08.204-08,2025-02-08 15:39:24.352593-08,2025-02-16 14:32:20.011396-08
NW_AT0625-8,2024-03-05 11:42:08.204-08,2024-08-27 21:05:10.53939-07,2024-09-11 10:21:57.108255-07
NW_AT0625-9,2024-03-05 11:42:08.204-08,2024-08-27 21:08:27.662202-07,2024-09-11 10:25:07.529182-07
SQ_AT0032-12,2024-03-23 13:04:22.165-07,2024-11-05 14:18:49.919359-08,2025-01-07 22:44:59.232593-08
SQ_AT0032-11,2024-03-23 13:04:22.165-07,2024-11-05 14:15:40.237295-08,2025-01-07 22:42:49.24067-08
SQ_AT0032-10,2024-03-23 13:04:22.165-07,2024-11-10 01:18:36.419826-08,2025-01-08 00:23:22.99566-08
SQ_MX2016-9,2024-03-07 17:15:21.317-08,2024-11-24 05:34:12.497461-08,2024-12-10 15:48:13.310325-08
SQ_MX2016-3,2024-03-07 17:15:21.317-08,2024-10-21 17:41:52.330041-07,2024-12-09 20:33:25.816935-08
SQ_MX2016-2,2024-03-07 17:15:21.317-08,2025-02-17 04:34:20.813139-08,2025-02-18 09:48:02.229851-08
SQ_MX2016-1,2024-03-07 17:15:21.317-08,2025-02-10 09:41:05.413454-08,2025-02-17 04:29:14.414016-08
SQ_MX2016-7,2024-03-07 17:15:21.317-08,2024-11-24 05:27:50.967259-08,2024-12-10 15:45:51.756327-08
SQ_MX2016-6,2024-03-07 17:15:21.317-08,2025-02-27 14:51:18.722986-08,2025-03-03 13:40:50.742057-08
SQ_MX2016-5,2024-03-07 17:15:21.317-08,2025-02-27 14:46:11.053829-08,2025-03-03 13:35:32.008698-08
NW_AT0630-4,2023-03-06 09:12:55.296-08,2024-08-27 23:32:08.024034-07,2024-09-11 12:13:17.040923-07
SQ_AT0614-9,2024-03-05 11:49:31.573-08,2024-10-01 12:54:02.424237-07,2024-12-09 09:59:07.708743-08
SQ_AT0614-8,2024-03-05 11:49:31.573-08,2024-10-01 12:50:47.832274-07,2024-12-09 09:57:51.341024-08
SQ_AT0614-5,2024-03-05 11:49:31.573-08,2024-10-01 12:41:05.352974-07,2024-12-03 15:45:40.445495-08
SQ_AT0614-7,2024-03-05 11:49:31.573-08,2024-10-01 12:47:32.464578-07,2024-12-09 09:56:35.484242-08
SQ_AT0614-6,2024-03-05 11:49:31.573-08,2024-10-01 12:44:19.027409-07,2024-12-09 09:55:19.716108-08
SQ_AT0614-1,2024-03-05 11:49:31.573-08,2024-12-19 11:07:36.128689-08,2025-01-08 07:45:38.29043-08
NW_AT0630-6,2023-03-06 09:12:55.296-08,2024-08-27 23:38:36.718135-07,2024-09-11 12:19:38.300057-07
SQ_AT0614-3,2024-03-05 11:49:31.573-08,2024-10-01 12:34:37.591891-07,2024-12-09 09:51:40.388559-08
SQ_AT0614-2,2024-03-05 11:49:31.573-08,2024-12-19 11:12:46.079801-08,2025-01-08 07:47:47.635208-08
NW_AT0630-7,2023-03-06 09:12:55.296-08,2024-08-27 23:41:48.037967-07,2024-09-11 12:22:48.796325-07
NW-AT0694-10,2024-03-21 17:50:51.863-07,2024-11-24 07:17:04.705562-08,2024-12-11 01:16:11.406114-08
NW_MX2062-4,2024-01-11 20:31:40.506-08,2024-11-10 21:36:08.155766-08,2024-12-09 23:50:16.764036-08
NW_MX2062-7,2024-01-11 20:31:40.506-08,2024-01-12 13:06:30.783049-08,2024-12-10 17:17:57.326228-08
NW_AT0630-3,2023-03-06 09:12:55.296-08,2024-08-27 23:28:56.259008-07,2024-09-11 12:10:05.671938-07
NY-MX12081-9,2024-08-06 22:29:37.083-07,2024-11-13 17:27:34.973779-08,2024-12-10 11:47:11.599295-08
NY-MX12062-1,2024-06-18 14:11:28.506-07,2024-06-28 10:23:03.938322-07,2024-08-16 12:25:29.838256-07
NY-MX12081-4,2024-08-06 22:29:37.083-07,2024-11-19 10:49:56.394248-08,2024-12-03 13:49:46.281065-08
NY-MX12081-5,2024-08-06 22:29:37.083-07,2024-11-11 19:48:58.355451-08,2024-12-02 13:23:56.35681-08
NY-AT0652-10,2023-09-29 02:27:21.028-07,2025-02-09 23:08:16.377253-08,2025-02-16 22:49:40.022261-08
NW-TX4106-5,2024-04-15 16:17:21.888-07,2024-04-16 11:55:45.321353-07,2024-04-17 12:12:12.016995-07
NW-TX4106-4,2024-04-15 16:17:21.888-07,2024-04-16 11:55:33.803178-07,2024-04-17 12:11:58.968124-07
NW-TX4106-1,2024-04-15 16:17:21.888-07,2024-04-18 08:44:02.350889-07,2024-04-17 12:11:17.733859-07
SQ_AT012-9,2024-03-23 20:55:54.831-07,2025-02-17 01:13:03.591755-08,2025-02-18 09:47:55.072961-08
NW-TX4106-3,2024-04-15 16:17:21.888-07,2024-04-16 11:55:22.934003-07,2024-04-17 12:11:44.109426-07
NW-TX4106-2,2024-04-15 16:17:21.888-07,2024-04-16 11:55:12.398241-07,2024-04-17 12:11:31.592308-07
NY-MX12081-1,2024-08-06 22:29:37.083-07,2024-11-11 19:45:30.908776-08,2024-12-02 13:23:41.327431-08
NY-MX12016-4,2023-11-07 02:39:30.977-08,2024-09-24 15:46:21.459693-07,2024-09-25 10:14:01.943508-07
NY-MX12081-2,2024-08-06 22:29:37.083-07,2024-11-19 10:53:07.97826-08,2024-12-03 13:48:32.226429-08
NY-MX12081-3,2024-08-06 22:29:37.083-07,2024-11-13 17:21:15.279631-08,2024-12-10 11:44:52.633583-08
NY-MX12016-6,2023-11-07 02:39:30.977-08,2024-09-24 15:47:16.633453-07,2024-09-25 10:14:24.608892-07
NY-MX12016-7,2023-11-07 02:39:30.977-08,2024-09-24 15:47:34.635466-07,2024-09-25 10:14:35.643006-07
NY-MX12062-3,2024-06-18 14:11:28.506-07,2024-07-12 10:44:23.949311-07,2024-12-10 11:49:31.884015-08
NY-MX12016-1,2023-11-07 02:39:30.977-08,2024-11-22 00:16:01.151958-08,2024-12-10 01:38:17.788769-08
NY-MX12016-2,2023-11-07 02:39:30.977-08,2024-11-22 00:19:11.869437-08,2024-12-10 01:39:27.909545-08
NY-MX12016-3,2023-11-07 02:39:30.977-08,2024-09-24 15:45:57.352284-07,2024-09-25 10:13:38.639404-07
NY-MX12062-2,2024-06-18 14:11:28.506-07,2024-07-12 10:44:16.795389-07,2024-12-10 11:48:21.728324-08
SQ_MX2012-7,2024-03-23 19:29:24.608-07,2024-10-21 23:37:34.113942-07,2025-01-07 21:00:35.091965-08
NW-MX2174-10,2024-03-12 23:32:14.777-07,2024-11-24 07:17:04.705562-08,2024-12-11 01:16:11.406114-08
NW-MX2188-1,2024-06-18 15:30:50.537-07,2024-08-28 11:25:12.042337-07,2024-09-11 22:53:11.314183-07
SQ_AT0578-4,2024-02-15 05:11:04.412-08,2025-02-11 03:55:03.586886-08,2025-02-17 06:42:08.050647-08
SQ_AT0578-6,2024-02-15 05:11:04.412-08,2024-12-18 15:11:27.697048-08,2025-01-08 06:27:40.123154-08
SQ_AT0620-1,2024-03-05 11:40:47.279-08,2024-11-10 01:09:14.199074-08,2024-12-10 12:27:53.041392-08
SQ_AT0620-2,2024-03-05 11:40:47.279-08,2024-10-01 14:24:15.118905-07,2024-12-09 10:34:01.143559-08
SQ_AT0620-3,2024-03-05 11:40:47.279-08,2024-10-01 14:30:36.46138-07,2024-12-09 10:36:26.08721-08
NY-AT0663-8,2023-09-26 03:05:06.476-07,2024-10-22 10:25:32.5611-07,2024-12-10 16:08:05.598957-08
NY-AT0663-9,2023-09-26 03:05:06.476-07,2025-02-11 11:28:54.953826-08,2025-02-17 10:16:50.697637-08
NY-AT0663-4,2023-09-26 03:05:06.476-07,2024-10-22 10:12:53.307452-07,2024-12-10 16:05:45.649567-08
NY-AT0663-5,2023-09-26 03:05:06.476-07,2025-02-11 10:13:20.600757-08,2025-02-17 09:41:02.532181-08
NY-AT0663-6,2023-09-26 03:05:06.476-07,2024-10-22 10:22:23.080741-07,2024-12-10 16:06:55.72135-08
NY-AT0663-7,2023-09-26 03:05:06.476-07,2024-10-22 10:57:06.844874-07,2024-12-10 16:16:20.653879-08
NY-AT0663-1,2023-09-26 03:05:06.476-07,2024-10-22 10:06:34.927083-07,2024-12-10 16:03:25.825918-08
NY-AT0663-2,2023-09-26 03:05:06.476-07,2025-02-11 10:16:03.370734-08,2025-02-17 09:46:09.631878-08
NY-AT0663-3,2023-09-26 03:05:06.476-07,2024-10-22 10:09:44.224805-07,2024-12-10 16:04:35.681386-08
NY-MX2152-8,2023-11-02 08:14:22.233-07,2024-08-28 05:43:35.3471-07,2024-09-11 18:28:15.440458-07
NY-MX12005-1,2024-03-05 07:24:24.364-08,2024-07-12 10:43:08.06019-07,2024-08-19 11:23:58.759008-07
NY-MX22007-2,2024-10-05 09:17:00.681-07,2024-10-07 14:43:19.633426-07,2024-10-09 10:21:55.531434-07
NY-MX12005-2,2024-03-05 07:24:24.364-08,2024-07-12 10:44:47.396656-07,2024-08-22 10:39:50.350266-07
NY-MX12005-7,2024-03-05 07:24:24.364-08,2024-11-13 14:55:20.081254-08,2024-12-09 22:36:11.82848-08
NY-MX12005-8,2024-03-05 07:24:24.364-08,2024-10-21 14:53:23.683062-07,2024-10-30 09:49:30.165895-07
SQ_AT0058-9,2024-01-11 20:57:57.467-08,2025-02-11 10:11:12.252037-08,2025-02-17 09:35:55.560699-08
SQ_AT0058-8,2024-01-11 20:57:57.467-08,2025-02-11 09:54:05.459378-08,2025-02-17 09:30:49.073913-08
SQ_AT0058-3,2024-01-11 20:57:57.467-08,2024-01-12 12:59:01.793567-08,2025-01-08 02:25:08.254869-08
SQ_AT0058-7,2024-01-11 20:57:57.467-08,2024-02-06 15:57:48.008299-08,2025-01-08 02:33:47.971329-08
SQ_AT0058-6,2024-01-11 20:57:57.467-08,2024-02-06 15:57:32.469277-08,2025-01-08 02:31:38.245749-08
SQ_AT0058-5,2024-01-11 20:57:57.467-08,2024-02-06 15:57:17.445788-08,2025-01-08 02:29:28.136488-08
SQ_AT0058-4,2024-01-11 20:57:57.467-08,2024-01-12 12:59:22.538142-08,2025-01-08 02:27:18.236364-08
NY-AT26005-20,2024-09-20 01:02:21.025-07,2024-09-20 10:08:20.349462-07,2024-09-30 10:49:32.880946-07
NY-AT26005-21,2024-09-20 01:02:21.025-07,2024-09-23 11:00:03.188678-07,2024-09-27 10:21:30.569732-07
NY-AT26005-5,2024-09-20 01:02:21.025-07,2024-09-20 10:33:43.052766-07,2024-09-27 10:37:22.594684-07
NY-AT26005-4,2024-09-20 01:02:21.025-07,2024-09-20 10:30:31.43478-07,2024-09-30 10:33:42.562591-07
NY-AT26005-9,2024-09-20 01:02:21.025-07,2024-09-23 10:57:53.08921-07,2024-09-30 10:27:20.622227-07
NY-AT26005-8,2024-09-20 01:02:21.025-07,2024-09-20 10:43:16.737098-07,2024-09-27 10:31:01.794265-07
NW-MX2129-9,2023-04-15 04:22:40.714-07,2024-06-28 11:04:21.200149-07,2024-07-03 16:06:02.211393-07
NW-MX2129-8,2023-04-15 04:22:40.714-07,2024-07-07 22:54:44.99346-07,2024-07-15 14:27:42.988544-07
NW-MX2129-5,2023-04-15 04:22:40.714-07,2024-06-28 11:03:44.292372-07,2024-07-03 16:05:21.942285-07
NW-MX2129-4,2023-04-15 04:22:40.714-07,2024-06-28 11:03:37.109778-07,2024-07-03 16:05:13.860336-07
NW-MX2129-7,2023-04-15 04:22:40.714-07,2024-06-28 11:03:58.537949-07,2024-07-03 16:05:37.859105-07
NW-MX2129-6,2023-04-15 04:22:40.714-07,2024-06-28 11:03:51.468938-07,2024-07-03 16:05:30.192251-07
NW-MX2129-1,2023-04-15 04:22:40.714-07,2024-08-28 02:22:49.609736-07,2024-09-11 15:01:47.629549-07
NW-MX2129-3,2023-04-15 04:22:40.714-07,2024-06-28 11:03:30.032692-07,2024-07-03 16:05:06.139521-07
NW-MX2129-2,2023-04-15 04:22:40.714-07,2024-06-28 11:03:22.565056-07,2024-07-03 16:04:58.499999-07
SQ_MX2023-7,2024-02-27 23:33:41.404-08,2024-11-24 05:40:34.345874-08,2025-01-08 01:33:02.398147-08
SQ_MX2023-5,2024-02-27 23:33:41.404-08,2024-11-05 14:03:02.250466-08,2024-12-09 23:06:33.544465-08
SQ_MX2023-4,2024-02-27 23:33:41.404-08,2024-11-05 13:59:44.470531-08,2024-12-09 23:05:23.265329-08
SQ_MX2023-3,2024-02-27 23:33:41.404-08,2024-10-21 18:39:25.970421-07,2024-12-09 20:55:04.494883-08
SQ_MX2023-2,2024-02-27 23:33:41.404-08,2024-11-24 03:15:01.649975-08,2024-12-09 20:53:53.446192-08
SQ_MX2023-1,2024-02-27 23:33:41.404-08,2024-10-21 22:12:04.574494-07,2024-12-09 21:49:21.65337-08
SQ_MX2023-9,2024-02-27 23:33:41.404-08,2024-11-24 05:46:55.772376-08,2025-01-08 01:37:21.293137-08
SQ_MX2023-8,2024-02-27 23:33:41.404-08,2024-11-24 05:43:45.617024-08,2025-01-08 01:35:11.834219-08
NY-AT16056-4,2024-04-23 21:30:03.613-07,2024-08-21 10:12:10.923616-07,2024-08-22 12:27:50.044207-07
NY-AT16056-5,2024-04-23 21:30:03.613-07,2024-08-22 22:18:02.667081-07,2024-08-23 13:44:25.566332-07
NY-AT16056-6,2024-04-23 21:30:03.613-07,2024-07-25 15:11:16.27072-07,2024-08-22 12:28:04.78247-07
NY-AT16056-7,2024-04-23 21:30:03.613-07,2024-08-23 08:35:09.461408-07,2024-08-23 13:44:37.09494-07
NY-AT16056-1,2024-04-23 21:30:03.613-07,2024-07-12 10:47:40.644102-07,2024-08-22 10:42:02.098243-07
NY-AT16056-2,2024-04-23 21:30:03.613-07,2024-08-23 08:34:53.891689-07,2024-08-23 13:44:09.910963-07
NY-AT16056-3,2024-04-23 21:30:03.613-07,2024-07-25 15:11:00.914037-07,2024-08-22 12:27:35.729088-07
NY-AT16056-8,2024-04-23 21:30:03.613-07,2024-08-21 10:12:25.164733-07,2024-08-22 12:28:29.00168-07
NY-AT16056-9,2024-04-23 21:30:03.613-07,2024-07-11 18:09:27.619407-07,2024-08-20 12:32:38.390051-07
SQ_AT0025-9,2024-02-23 09:00:04.063-08,2025-02-27 14:30:52.257423-08,2025-03-03 13:19:25.93999-08
SQ_AT0025-8,2024-02-23 09:00:04.063-08,2025-02-27 14:25:46.178636-08,2025-03-03 13:14:01.945363-08
SQ_MX2025-7,2024-01-11 20:49:57.864-08,2025-02-10 14:42:03.46564-08,2025-02-17 05:05:01.916863-08
NY-AT0648-1,2023-08-15 09:33:59.484-07,2024-10-01 16:12:54.059276-07,2024-12-09 18:51:48.213204-08
NY-AT0648-3,2023-08-15 09:33:59.484-07,2024-08-28 02:26:01.577405-07,2024-09-11 15:04:59.246221-07
NY-AT0648-2,2023-08-15 09:33:59.484-07,2024-10-01 16:16:09.505825-07,2024-12-09 18:53:00.322644-08
NY-AT0648-5,2023-08-15 09:33:59.484-07,2024-08-28 02:32:24.415628-07,2024-09-11 15:11:21.042632-07
NY-AT0648-4,2023-08-15 09:33:59.484-07,2024-08-28 02:29:13.591569-07,2024-09-11 15:08:10.011725-07
NY-AT0648-7,2023-08-15 09:33:59.484-07,2024-10-01 16:19:25.708957-07,2024-12-09 18:54:11.764034-08
NY-AT0648-6,2023-08-15 09:33:59.484-07,2024-08-28 02:35:35.021325-07,2024-09-11 15:14:32.170676-07
NY-AT0648-8,2023-08-15 09:33:59.484-07,2024-08-28 02:38:45.398665-07,2024-09-11 15:17:48.269241-07
NY-MX12038-8,2024-02-25 06:04:01.872-08,2024-10-21 16:09:19.532301-07,2024-10-30 10:58:41.486933-07
NW_MX2077-2,2024-02-15 04:45:27.904-08,2024-12-11 11:36:30.592606-08,2025-01-07 17:50:29.817513-08
NY-MX12038-1,2024-02-25 06:04:01.872-08,2024-11-19 09:17:42.046399-08,2024-12-10 00:56:30.428989-08
NY-MX12038-2,2024-02-25 06:04:01.872-08,2024-03-01 11:55:28.21718-08,2024-12-10 00:35:40.017824-08
NY-MX12038-3,2024-02-25 06:04:01.872-08,2024-03-01 11:55:45.580674-08,2024-12-10 00:36:51.425607-08
NY-MX12038-4,2024-02-25 06:04:01.872-08,2024-10-21 15:56:33.879827-07,2024-10-30 10:57:56.337532-07
NY-MX12038-6,2024-02-25 06:04:01.872-08,2024-10-21 16:02:55.794646-07,2024-10-30 10:58:19.58065-07
NY-MX12038-7,2024-02-25 06:04:01.872-08,2024-10-21 16:06:07.923013-07,2024-10-30 10:58:30.540709-07
SQ_AT0056-3,2024-03-21 14:52:55.919-07,2024-12-11 10:49:06.261408-08,2025-01-07 17:17:59.752998-08
NY-AT0669-2,2023-10-12 09:30:35.184-07,2024-11-24 03:52:56.693856-08,2024-12-09 23:28:56.383902-08
NY-AT0669-3,2023-10-12 09:30:35.184-07,2024-08-28 04:30:28.106012-07,2024-09-11 17:09:11.292894-07
NY-AT0669-1,2023-10-12 09:30:35.184-07,2024-10-22 08:57:08.2244-07,2024-12-09 23:27:45.207937-08
NY-AT0669-6,2023-10-12 09:30:35.184-07,2024-08-28 04:40:01.220119-07,2024-09-11 17:18:44.315087-07
NY-AT0669-7,2023-10-12 09:30:35.184-07,2024-08-28 04:43:13.575369-07,2024-09-11 17:21:55.132643-07
NY-AT0669-4,2023-10-12 09:30:35.184-07,2024-08-28 04:33:39.989255-07,2024-09-11 17:12:22.288582-07
NY-AT0669-5,2023-10-12 09:30:35.184-07,2024-08-28 04:36:50.661128-07,2024-09-11 17:15:33.400795-07
NY-AT0669-8,2023-10-12 09:30:35.184-07,2024-08-28 04:46:24.609363-07,2024-09-11 17:25:05.757923-07
NY-AT0669-9,2023-10-12 09:30:35.184-07,2025-02-11 06:19:08.867021-08,2025-02-17 08:09:01.625272-08
SQ_AT0034-9,2024-03-23 09:33:49.843-07,2024-11-05 14:31:28.113689-08,2025-01-07 22:53:39.471768-08
SQ_AT0034-8,2024-03-23 09:33:49.843-07,2024-11-05 14:28:18.665568-08,2025-01-07 22:51:29.212362-08
SQ_AT0034-5,2024-03-23 09:33:49.843-07,2025-02-11 05:02:32.159442-08,2025-02-17 07:33:14.341399-08
SQ_AT0034-4,2024-03-23 09:33:49.843-07,2024-11-24 03:18:11.192691-08,2025-01-07 16:36:55.926551-08
SQ_AT0034-7,2024-03-23 09:33:49.843-07,2025-02-11 05:21:44.496848-08,2025-02-17 07:43:27.630432-08
SQ_AT0034-6,2024-03-23 09:33:49.843-07,2025-02-11 05:19:38.549885-08,2025-02-17 07:38:20.66362-08
SQ_AT0034-3,2024-03-23 09:33:49.843-07,2024-10-21 18:52:09.528315-07,2025-01-07 16:34:46.196695-08
NY-AT16058-6,2024-05-07 05:04:00.976-07,2024-08-22 12:32:54.162007-07,2024-10-07 12:46:26.666129-07
NY-AT16058-7,2024-05-07 05:04:00.976-07,2024-07-12 10:43:37.963589-07,2024-08-19 12:27:35.998846-07
NY-AT16058-5,2024-05-07 05:04:00.976-07,2024-10-03 13:15:47.148473-07,2025-02-04 14:38:32.802488-08
NY-AT16058-2,2024-05-07 05:04:00.976-07,2024-06-28 10:59:35.471697-07,2024-07-03 16:04:17.818784-07
SQ_AT0025-3,2024-02-23 09:00:04.063-08,2024-10-21 18:29:52.74352-07,2024-12-09 20:51:30.599686-08
NY-AT16058-3,2024-05-07 05:04:00.976-07,2024-06-28 10:59:42.663615-07,2024-07-03 16:04:26.159687-07
NY-AT16058-1,2024-05-07 05:04:00.976-07,2024-06-28 10:59:28.191757-07,2024-07-03 16:04:09.626792-07
SQ_AT0059-10,2024-03-23 09:16:57.595-07,2024-12-11 11:08:05.391692-08,2025-01-07 17:30:58.574704-08
NY-AT0643-6,2024-03-05 14:26:37.636-08,2024-08-28 01:31:49.521553-07,2024-09-11 14:10:49.201756-07
SQ_AT0609-3,2024-03-06 02:54:43.87-08,2025-02-08 14:13:11.325541-08,2025-02-16 11:02:42.863495-08
SQ_AT0609-2,2024-03-06 02:54:43.87-08,2025-02-08 14:11:04.59971-08,2025-02-16 10:57:36.271376-08
SQ_AT0609-1,2024-03-06 02:54:43.87-08,2025-02-08 14:08:57.429952-08,2025-02-16 10:52:29.969386-08
NY-AT0643-9,2024-03-05 14:26:37.636-08,2024-08-28 01:51:00.802482-07,2024-09-11 14:29:55.23827-07
SQ_AT0609-7,2024-03-06 02:54:43.87-08,2025-02-08 14:21:36.555518-08,2025-02-16 11:23:08.820116-08
SQ_AT0609-6,2024-03-06 02:54:43.87-08,2025-02-08 14:19:30.558747-08,2025-02-16 11:18:02.331445-08
SQ_AT0609-5,2024-03-06 02:54:43.87-08,2025-02-08 14:17:24.462424-08,2025-02-16 11:12:55.788691-08
SQ_AT0609-4,2024-03-06 02:54:43.87-08,2025-02-08 14:15:17.895075-08,2025-02-16 11:07:49.355916-08
SQ_AT0609-9,2024-03-06 02:54:43.87-08,2024-11-24 02:52:54.141309-08,2024-12-09 09:39:11.296302-08
SQ_AT0609-8,2024-03-06 02:54:43.87-08,2024-11-24 02:49:44.533071-08,2024-12-09 09:37:56.116341-08
SQ_MX2026-8,2024-03-07 13:16:47.129-08,2024-11-05 14:15:40.237295-08,2025-01-07 22:42:49.24067-08
SQ_MX2026-9,2024-03-07 13:16:47.129-08,2024-11-05 14:18:49.919359-08,2025-01-07 22:44:59.232593-08
NY-MX12054-7,2024-04-17 02:50:03.574-07,2024-06-28 10:58:51.655498-07,2024-07-03 16:08:20.423699-07
SQ_AT0052-9,2023-11-17 20:31:36.179-08,2024-01-17 13:58:10.434485-08,2025-01-08 04:17:40.295652-08
NY-MX2156-4,2023-11-22 07:28:44.405-08,2024-08-30 01:44:29.469533-07,2024-09-10 13:58:02.819863-07
NW-MX2188-9,2024-06-18 15:30:50.537-07,2024-08-27 17:34:48.616333-07,2024-09-10 15:45:58.039986-07
NY-MX12054-8,2024-04-17 02:50:03.574-07,2024-06-28 10:58:58.593772-07,2024-07-03 16:08:28.501591-07
NY-MX12054-9,2024-04-17 02:50:03.574-07,2024-06-28 10:59:05.865074-07,2024-07-03 16:08:36.731721-07
NY-MX22006-19,2024-09-26 00:23:23.453-07,2024-09-27 10:28:58.719625-07,2024-09-30 12:23:44.329683-07
NW_TX4051-14,2024-02-29 15:50:03.882-08,2024-03-01 15:20:26.822137-08,2025-02-14 11:17:11.892658-08
NW-MX2188-2,2024-06-18 15:30:50.537-07,2024-08-28 11:28:23.324193-07,2024-09-11 22:56:22.372472-07
NW-MX2188-3,2024-06-18 15:30:50.537-07,2024-10-21 20:24:20.907084-07,2024-12-09 21:34:05.63282-08
NW_AT0606-10,2024-03-05 11:43:40.202-08,2024-11-05 13:56:35.023913-08,2024-12-09 23:04:12.377751-08
NY-MX2142-10,2023-08-30 03:39:41.236-07,2024-11-24 03:49:46.887872-08,2024-12-09 23:26:34.253475-08
NW-MX2188-6,2024-06-18 15:30:50.537-07,2024-08-27 17:25:07.715821-07,2024-09-10 15:34:21.375064-07
NW-MX2188-7,2024-06-18 15:30:50.537-07,2024-08-27 17:28:20.864891-07,2024-09-10 15:38:10.746075-07
NW-MX2188-4,2024-06-18 15:30:50.537-07,2024-10-21 20:27:34.419929-07,2024-12-09 21:35:16.070597-08
NW-MX2188-5,2024-06-18 15:30:50.537-07,2024-08-27 17:21:52.158234-07,2024-09-10 15:30:32.625728-07
SQ_AT0044-12,2023-11-17 20:46:29.201-08,2024-11-10 01:56:10.228939-08,2025-01-08 00:47:25.551949-08
SQ_AT0044-10,2023-11-17 20:46:29.201-08,2024-11-10 01:49:55.141698-08,2025-01-08 00:43:03.690199-08
SQ_AT0044-11,2023-11-17 20:46:29.201-08,2024-11-10 01:53:02.570374-08,2025-03-21 11:25:07.562809-07
NW-TX4134-2,2024-10-18 15:55:34.965-07,2024-10-21 09:05:25.228789-07,2025-01-17 14:29:21.920289-08
NW-TX4134-3,2024-10-18 15:55:34.965-07,2024-10-21 09:05:49.183608-07,2025-01-17 14:28:51.135225-08
NY-MX12060-6,2024-06-18 07:15:05.631-07,2024-05-20 11:06:49.005676-07,2024-08-19 12:30:51.581793-07
NW-TX4134-6,2024-10-18 15:55:34.965-07,2024-11-01 09:28:51.305516-07,2025-01-17 14:11:19.179301-08
NW-TX4134-4,2024-10-18 15:55:34.965-07,2024-10-21 09:06:02.405917-07,2025-01-17 14:29:01.427476-08
NY-MX22005-24,2024-09-19 20:04:15.748-07,2024-09-20 10:20:58.346954-07,2024-09-30 10:43:12.87647-07
SQ_AT0561-9,2024-01-11 20:52:55.635-08,2024-08-29 23:59:11.85657-07,2024-09-10 11:59:02.663872-07
NY-MX22005-22,2024-09-19 20:04:15.748-07,2024-09-23 11:00:17.008655-07,2024-09-27 10:24:40.894942-07
NY-MX22005-23,2024-09-19 20:04:15.748-07,2024-09-20 10:17:46.733617-07,2024-09-30 10:46:22.933599-07
NY-MX22005-20,2024-09-19 20:04:15.748-07,2024-09-20 10:08:20.349462-07,2024-09-30 10:49:32.880946-07
NY-MX22005-21,2024-09-19 20:04:15.748-07,2024-09-23 11:00:03.188678-07,2024-09-27 10:21:30.569732-07
NW-TX4134-8,2024-10-18 15:55:34.965-07,2024-11-08 08:58:50.711435-08,2025-01-17 13:55:08.367604-08
SQ_AT0579-10,2024-03-23 17:05:25.224-07,2024-12-18 15:01:07.041924-08,2025-01-08 06:23:19.697649-08
NY-AT16010-2,2023-10-12 09:56:20.898-07,2024-11-13 13:54:53.84666-08,2024-12-03 13:15:14.592122-08
NY-AT16010-3,2023-10-12 09:56:20.898-07,2024-11-13 13:58:05.999118-08,2024-12-03 13:15:33.118771-08
NY-AT16010-1,2023-10-12 09:56:20.898-07,2024-11-13 13:51:43.308994-08,2024-12-03 13:15:01.054913-08
NY-AT16010-6,2023-10-12 09:56:20.898-07,2024-11-13 14:01:17.0704-08,2024-12-03 13:15:45.883315-08
NY-AT16010-7,2023-10-12 09:56:20.898-07,2024-11-13 14:04:28.220539-08,2024-12-03 13:15:59.270624-08
NY-AT16010-4,2023-10-12 09:56:20.898-07,2024-11-15 10:15:42.195605-08,2024-12-09 22:38:32.236183-08
NY-AT16010-5,2023-10-12 09:56:20.898-07,2024-10-21 15:31:18.196953-07,2024-10-30 10:51:48.216602-07
NY-AT16010-8,2023-10-12 09:56:20.898-07,2024-11-15 10:23:38.66355-08,2024-12-03 13:16:13.71262-08
NY-AT16010-9,2023-10-12 09:56:20.898-07,2024-10-21 15:34:27.889794-07,2024-10-30 10:53:19.687852-07
SQ_AT0578-3,2024-02-15 05:11:04.412-08,2024-12-18 15:06:17.195038-08,2025-01-08 06:25:29.896559-08
NY-TX14002-1,2023-07-24 16:07:39.546-07,2023-07-26 10:38:34.807538-07,2023-12-15 03:52:22.332002-08
NY-AT16011-2,2023-10-18 21:38:26.594-07,2024-11-13 14:14:00.992604-08,2024-12-10 10:55:59.84898-08
NY-MX12082-1,2025-03-19 12:40:52.701-07,2024-08-19 12:22:41.919608-07,2024-09-06 17:07:04.316154-07
NY-TX24002-10,2024-09-21 15:48:28.51-07,2024-10-08 15:25:23.403808-07,2025-01-23 10:38:21.984779-08
NW_MX2118-8,2023-03-06 18:52:28.102-08,2024-08-27 21:30:50.066565-07,2024-09-11 10:47:23.36725-07
NW_MX2118-3,2023-03-06 18:52:28.102-08,2024-08-27 21:14:53.394009-07,2024-09-11 10:31:28.807734-07
NW_MX2118-2,2023-03-06 18:52:28.102-08,2024-08-27 21:11:40.778295-07,2024-09-11 10:28:18.058746-07
NW_MX2118-1,2023-03-06 18:52:28.102-08,2024-11-05 15:50:42.127402-08,2024-12-10 15:26:05.303382-08
NW_MX2118-7,2023-03-06 18:52:28.102-08,2024-08-27 21:27:38.279358-07,2024-09-11 10:44:13.23724-07
NW_MX2118-6,2023-03-06 18:52:28.102-08,2024-08-27 21:24:27.453696-07,2024-09-11 10:41:02.261665-07
NW_MX2118-5,2023-03-06 18:52:28.102-08,2024-08-27 21:21:16.21279-07,2024-09-11 10:37:51.537635-07
NW_MX2118-4,2023-03-06 18:52:28.102-08,2024-08-27 21:18:04.733545-07,2024-09-11 10:34:39.710883-07
SQ_AT0018-7,2024-03-07 17:17:09.063-08,2025-02-10 08:19:35.450419-08,2025-02-17 04:13:53.563693-08
SQ_AT0018-2,2024-03-07 17:17:09.063-08,2025-02-10 05:09:01.660825-08,2025-02-17 03:48:19.756342-08
SQ_AT0018-1,2024-03-07 17:17:09.063-08,2025-02-10 05:06:55.437967-08,2025-02-17 03:43:13.332146-08
SQ_AT0018-9,2024-03-07 17:17:09.063-08,2024-10-21 23:47:04.527599-07,2025-01-07 21:07:11.689558-08
SQ_AT0018-8,2024-03-07 17:17:09.063-08,2025-02-10 08:36:41.698605-08,2025-02-17 04:19:00.271592-08
NW_TX0033-4,2024-02-13 17:29:50.834-08,2024-02-14 15:34:08.673789-08,2024-02-15 09:06:07.151145-08
NW_TX0033-5,2024-02-13 17:29:50.834-08,2024-02-14 15:34:26.341474-08,2024-02-15 10:43:56.819364-08
NW_TX0033-2,2024-02-13 17:29:50.834-08,2024-02-14 15:33:54.158774-08,2024-02-15 09:05:53.832864-08
NW_TX0033-1,2024-02-13 17:29:50.834-08,2024-02-14 15:33:16.122282-08,2024-02-15 09:05:27.653304-08
NW_TX0033-9,2024-02-13 17:29:50.834-08,2024-02-14 15:35:00.413686-08,2024-02-15 09:06:21.221133-08
SQ_AT0043-1,2024-02-15 05:04:46.514-08,2024-11-24 07:13:55.348977-08,2025-01-08 02:09:56.688202-08
SQ_AT0043-7,2024-02-15 05:04:46.514-08,2024-11-10 01:37:22.328252-08,2025-01-08 00:36:30.533497-08
SQ_AT0043-6,2024-02-15 05:04:46.514-08,2024-02-20 10:25:36.025678-08,2025-01-08 04:43:39.111129-08
SQ_AT0043-5,2024-02-15 05:04:46.514-08,2024-02-15 15:12:10.236737-08,2025-01-08 04:41:29.042173-08
SQ_AT0043-4,2024-02-15 05:04:46.514-08,2024-02-15 15:11:53.051938-08,2025-01-08 04:39:19.405807-08
SQ_MX2020-7,2024-02-27 22:30:24.506-08,2024-10-21 23:05:57.340959-07,2024-12-09 21:58:45.523464-08
NW-TX4121-1,2024-08-13 23:03:57.091-07,2025-01-12 18:00:46.191189-08,2025-01-16 09:21:01.393086-08
NW-TX4121-3,2024-08-13 23:03:57.091-07,2025-01-12 18:05:10.368114-08,2025-01-16 09:21:42.180306-08
NY-AT26008-16,2024-10-12 19:51:32.328-07,2024-10-13 02:05:32.615708-07,2024-10-14 11:43:16.341194-07
SQ_AT0021-11,2023-11-17 20:28:04.872-08,2025-02-27 15:01:34.789567-08,2025-03-03 13:51:07.343939-08
SQ_AT0562-1,2023-09-12 03:16:58.633-07,2024-08-29 23:49:41.941831-07,2024-09-10 11:47:04.849695-07
SQ_AT0562-3,2023-09-12 03:16:58.633-07,2024-11-05 14:44:09.950956-08,2024-12-09 22:02:17.388233-08
SQ_AT0562-2,2023-09-12 03:16:58.633-07,2024-08-29 23:52:53.158834-07,2024-09-10 11:51:04.829078-07
SQ_AT0562-5,2023-09-12 03:16:58.633-07,2024-10-21 23:21:45.634481-07,2024-12-09 22:04:37.433838-08
SQ_AT0562-4,2023-09-12 03:16:58.633-07,2024-10-21 23:18:35.282844-07,2024-12-09 22:03:27.508799-08
SQ_AT0562-6,2023-09-12 03:16:58.633-07,2024-10-21 23:24:55.318764-07,2024-12-09 22:05:47.909958-08
SQ_AT0562-9,2023-09-12 03:16:58.633-07,2024-12-17 12:04:57.485336-08,2025-01-08 04:58:47.981961-08
SQ_AT0562-8,2023-09-12 03:16:58.633-07,2024-12-17 11:59:12.762091-08,2025-01-08 04:56:38.512535-08
SQ_AT0052-11,2023-11-17 20:31:36.179-08,2024-11-10 02:08:40.587492-08,2025-01-08 00:54:01.912801-08
SQ_AT0052-10,2023-11-17 20:31:36.179-08,2024-01-17 13:58:23.740456-08,2025-01-08 04:19:50.309951-08
SQ_AT0052-13,2023-11-17 20:31:36.179-08,2024-11-10 02:14:55.392164-08,2025-01-08 00:58:23.357811-08
SQ_AT0052-12,2023-11-17 20:31:36.179-08,2024-11-10 02:11:47.99989-08,2025-01-08 00:56:13.531282-08
SQ_MX2033-8,2024-02-15 04:59:32.99-08,2024-10-21 22:46:54.762372-07,2025-01-07 18:53:28.756661-08
SQ_MX2033-9,2024-02-15 04:59:32.99-08,2024-12-11 12:52:20.52323-08,2025-01-07 18:55:38.35245-08
NY-AT16067-4,2024-06-21 09:51:13.174-07,2024-07-09 13:45:38.350109-07,2024-08-19 11:16:13.703648-07
NY-AT16067-5,2024-06-21 09:51:13.174-07,2024-11-19 10:37:11.209525-08,2024-12-03 13:40:58.744832-08
NY-AT16067-6,2024-06-21 09:51:13.174-07,2024-11-11 15:35:14.74698-08,2025-03-21 11:31:21.611978-07
NY-AT16067-7,2024-06-21 09:51:13.174-07,2024-11-11 15:45:01.473224-08,2024-12-02 13:06:59.953959-08
NY-AT16067-1,2024-06-21 09:51:13.174-07,2024-11-19 08:30:12.212971-08,2024-12-03 13:40:25.365184-08
NY-AT16067-2,2024-06-21 09:51:13.174-07,2024-11-14 14:22:18.365317-08,2024-12-02 13:06:25.065406-08
NY-AT16067-3,2024-06-21 09:51:13.174-07,2024-11-19 10:33:59.862397-08,2024-12-03 13:40:40.233882-08
NY-TX14047-1,2024-08-16 01:18:07.843-07,2024-10-08 15:09:36.088459-07,2025-01-22 13:46:54.325433-08
NY-TX14047-3,2024-08-16 01:18:07.843-07,2024-10-08 15:10:50.600954-07,2025-01-22 13:46:43.240226-08
NY-TX14047-2,2024-08-16 01:18:07.843-07,2024-10-08 15:10:07.453466-07,2025-01-22 13:46:32.251833-08
NY-TX14047-4,2024-08-16 01:18:07.843-07,2024-10-08 15:11:05.098338-07,2025-01-22 13:46:09.250146-08
NW_MX2072-2,2024-02-15 02:31:23.833-08,2024-01-12 13:10:09.588042-08,2024-12-10 18:08:01.834669-08
NW_MX2072-3,2024-02-15 02:31:23.833-08,2024-02-14 16:25:34.685611-08,2024-12-10 19:02:48.102283-08
NW_MX2072-1,2024-02-15 02:31:23.833-08,2024-11-07 11:39:45.235713-08,2024-12-10 14:37:17.930949-08
NW_MX2072-6,2024-02-15 02:31:23.833-08,2024-12-18 15:16:38.639316-08,2025-01-08 06:29:50.02754-08
NW_MX2072-7,2024-02-15 02:31:23.833-08,2024-12-18 15:21:49.322197-08,2025-01-08 06:32:00.067766-08
NW_MX2072-4,2024-02-15 02:31:23.833-08,2024-02-15 15:05:16.125949-08,2024-12-10 19:03:58.40087-08
NW_MX2072-5,2024-02-15 02:31:23.833-08,2024-08-30 00:53:34.928462-07,2024-09-10 12:59:16.46698-07
NW_MX2072-8,2024-02-15 02:31:23.833-08,2024-12-18 15:26:59.526508-08,2025-01-08 06:34:10.303111-08
NW_MX2072-9,2024-02-15 02:31:23.833-08,2024-12-18 15:32:09.431868-08,2025-01-08 06:36:21.311094-08
NY-MX12038-5,2024-02-25 06:04:01.872-08,2024-10-21 15:59:44.818476-07,2024-10-30 10:58:07.999091-07
NW_TX4067-5,2023-03-06 21:18:51.114-08,2023-03-07 11:05:25.281948-08,2023-04-11 15:55:53.445051-07
NW_TX4067-4,2023-03-06 21:18:51.114-08,2023-03-07 11:04:48.91195-08,2023-04-11 15:55:36.993673-07
NW_TX4067-7,2023-03-06 21:18:51.114-08,2023-03-07 11:05:45.801684-08,2023-04-11 15:56:19.823653-07
NW_TX4067-6,2023-03-06 21:18:51.114-08,2023-03-07 11:05:12.370582-08,2023-04-11 15:56:06.744463-07
NW_TX4067-1,2023-03-06 21:18:51.114-08,2023-03-07 11:04:20.100281-08,2023-04-11 15:54:58.587827-07
NW_TX4067-3,2023-03-06 21:18:51.114-08,2023-03-07 11:04:37.108939-08,2023-04-11 15:55:24.284715-07
NW_TX4067-2,2023-03-06 21:18:51.114-08,2023-03-07 11:04:06.652781-08,2023-04-11 15:55:11.668146-07
NY-AT16025-6,2024-01-03 09:42:32.703-08,2024-11-22 03:07:30.606478-08,2024-12-10 10:36:10.609451-08
NY-AT16025-7,2024-01-03 09:42:32.703-08,2024-11-22 03:10:42.873558-08,2024-12-10 10:37:20.525503-08
NY-AT16025-4,2024-01-03 09:42:32.703-08,2024-11-22 03:01:10.507974-08,2024-12-10 10:33:50.498285-08
NY-AT16025-5,2024-01-03 09:42:32.703-08,2024-11-22 03:04:20.193279-08,2024-12-10 10:35:00.263874-08
NY-AT16025-2,2024-01-03 09:42:32.703-08,2024-11-22 02:54:50.197972-08,2024-12-10 10:31:29.21942-08
NY-AT16025-3,2024-01-03 09:42:32.703-08,2024-11-22 02:58:00.449367-08,2024-12-10 10:32:39.485453-08
NY-AT16025-1,2024-01-03 09:42:32.703-08,2024-11-22 02:51:39.757782-08,2024-12-10 10:30:19.909163-08
NY-AT16025-8,2024-01-03 09:42:32.703-08,2024-11-22 03:13:53.52409-08,2024-12-10 10:38:30.531066-08
NY-AT16025-9,2024-01-03 09:42:32.703-08,2024-11-22 03:17:03.84097-08,2024-12-10 10:39:40.685634-08
SQ_AT0046-8,2024-01-11 21:25:28.241-08,2024-12-11 13:33:36.088702-08,2025-01-07 19:26:19.735252-08
SQ_AT0046-9,2024-01-11 21:25:28.241-08,2024-12-11 13:36:48.643385-08,2025-01-07 19:28:30.328183-08
SQ_AT0046-2,2024-01-11 21:25:28.241-08,2024-12-11 13:27:07.616763-08,2025-01-07 19:21:55.193966-08
SQ_AT0046-3,2024-01-11 21:25:28.241-08,2024-12-11 13:30:22.381353-08,2025-01-07 19:24:07.45591-08
SQ_AT0046-6,2024-01-11 21:25:28.241-08,2024-01-17 13:53:24.66383-08,2025-01-08 03:51:40.952649-08
SQ_AT0046-4,2024-01-11 21:25:28.241-08,2024-01-17 13:52:41.308147-08,2025-01-08 03:47:22.036628-08
SQ_AT0046-5,2024-01-11 21:25:28.241-08,2024-01-17 13:53:11.58805-08,2025-01-08 03:49:31.461219-08
NY-MX12040-9,2024-03-07 18:09:50.402-08,2024-07-11 18:08:42.474907-07,2024-08-20 09:44:04.265702-07
NY-MX12040-8,2024-03-07 18:09:50.402-08,2024-10-21 16:34:50.168366-07,2024-10-30 11:00:55.558528-07
NY-MX12040-5,2024-03-07 18:09:50.402-08,2024-11-15 10:14:34.249966-08,2024-12-09 22:21:00.606215-08
NY-MX12040-4,2024-03-07 18:09:50.402-08,2024-10-21 16:22:03.995672-07,2024-10-30 11:00:01.167891-07
NY-MX12040-7,2024-03-07 18:09:50.402-08,2024-11-15 10:13:26.228478-08,2024-12-09 22:22:10.927251-08
NY-MX12040-6,2024-03-07 18:09:50.402-08,2024-10-21 16:28:26.411763-07,2024-10-30 11:00:26.145499-07
NY-MX12040-1,2024-03-07 18:09:50.402-08,2024-07-11 18:07:34.600414-07,2025-01-15 15:24:26.832505-08
NY-MX12040-3,2024-03-07 18:09:50.402-08,2024-08-23 08:37:22.019099-07,2024-08-23 13:46:14.581095-07
NY-MX12040-2,2024-03-07 18:09:50.402-08,2024-07-11 18:07:42.131801-07,2025-01-15 15:26:22.628783-08
NW_TX4041-5,2024-03-05 11:44:53.412-08,2025-02-11 14:18:31.849385-08,2025-02-17 11:02:50.916734-08
NW_TX4041-4,2024-03-05 11:44:53.412-08,2025-02-11 14:16:24.34673-08,2025-02-17 10:57:44.222285-08
NW_TX4041-7,2024-03-05 11:44:53.412-08,2025-02-11 15:37:45.173324-08,2025-02-17 11:13:04.169736-08
NW_TX4041-6,2024-03-05 11:44:53.412-08,2025-02-11 15:20:38.725216-08,2025-02-17 11:07:57.594096-08
NW_TX4041-3,2024-03-05 11:44:53.412-08,2025-02-11 13:27:08.427827-08,2025-02-17 10:47:31.16857-08
NW_TX4041-2,2024-03-05 11:44:53.412-08,2024-10-22 11:31:50.816584-07,2024-12-10 16:22:08.394411-08
NW_TX4041-9,2024-03-05 11:44:53.412-08,2025-02-11 15:57:00.737767-08,2025-02-17 11:23:19.251147-08
NW_TX4041-8,2024-03-05 11:44:53.412-08,2025-02-11 15:54:53.851145-08,2025-02-17 11:18:11.575738-08
NW_TX4049-8,2023-08-06 20:50:33.084-07,2024-08-26 12:53:34.304452-07,2024-09-10 17:34:28.300656-07
NW_TX4049-4,2023-08-06 20:50:33.084-07,2024-02-21 16:45:51.266524-08,2024-02-22 13:14:14.467923-08
NW_TX4049-7,2023-08-06 20:50:33.084-07,2024-08-26 12:48:23.844172-07,2024-09-10 17:31:17.565036-07
NW_TX4049-6,2023-08-06 20:50:33.084-07,2024-02-21 16:47:12.576356-08,2024-02-22 13:14:29.233611-08
NW_TX4049-2,2023-08-06 20:50:33.084-07,2024-08-27 15:36:24.393879-07,2024-09-05 10:36:12.977927-07
NY-AT0659-5,2024-03-05 14:33:08.657-08,2025-02-11 17:59:02.051274-08,2025-02-17 12:04:14.99134-08
NY-TX14004-4,2023-08-23 04:18:16.618-07,2023-09-01 13:25:13.594307-07,2023-12-08 01:57:09.731124-08
NY-TX14004-2,2023-08-23 04:18:16.618-07,2023-09-01 13:23:53.938781-07,2023-12-08 01:56:52.394416-08
NY-TX14004-3,2023-08-23 04:18:16.618-07,2023-09-01 13:24:37.484224-07,2023-12-08 01:57:01.631994-08
NY-TX14004-1,2023-08-23 04:18:16.618-07,2023-09-01 12:54:00.559854-07,2023-12-08 01:26:21.781903-08
NW_AT0563-7,2024-01-11 20:55:29.262-08,2024-12-17 12:27:57.490174-08,2025-01-08 05:07:27.771012-08
NW_AT0563-6,2024-01-11 20:55:29.262-08,2024-12-17 12:22:08.483533-08,2025-01-08 05:05:17.0704-08
NW_AT0563-5,2024-01-11 20:55:29.262-08,2024-12-17 12:16:25.485282-08,2025-01-08 05:03:07.006205-08
NW_AT0563-4,2024-01-11 20:55:29.262-08,2024-10-22 00:15:36.29427-07,2024-12-11 00:05:10.595705-08
NW_AT0563-3,2024-01-11 20:55:29.262-08,2024-10-22 00:12:26.728681-07,2024-12-11 00:04:01.133924-08
NW_AT0563-2,2024-01-11 20:55:29.262-08,2024-10-22 00:09:16.603169-07,2024-12-11 00:02:51.310681-08
NW_AT0563-1,2024-01-11 20:55:29.262-08,2024-12-17 07:09:39.825389-08,2025-01-08 05:00:57.493778-08
NW-MX2181-8,2024-05-13 23:56:13.283-07,2024-08-28 08:44:48.896559-07,2024-09-11 21:30:15.608834-07
NW-MX2181-7,2024-05-13 23:56:13.283-07,2024-08-28 08:41:38.576621-07,2024-09-11 21:27:03.997798-07
NW-MX2181-6,2024-05-13 23:56:13.283-07,2024-08-28 08:38:28.152354-07,2024-09-11 21:23:52.259954-07
NW-MX2181-5,2024-05-13 23:56:13.283-07,2024-08-28 08:35:17.755027-07,2024-09-11 21:20:41.075862-07
NW-MX2181-4,2024-05-13 23:56:13.283-07,2024-08-28 08:32:07.13359-07,2024-09-11 21:17:28.57485-07
NW-MX2181-3,2024-05-13 23:56:13.283-07,2024-08-27 16:52:48.675894-07,2024-09-10 14:56:09.73195-07
NW-MX2181-2,2024-05-13 23:56:13.283-07,2024-08-27 16:49:34.878924-07,2024-09-10 14:52:23.016112-07
NW_AT0563-9,2024-01-11 20:55:29.262-08,2024-10-21 20:30:44.073408-07,2024-12-09 21:36:26.93643-08
NW_AT0563-8,2024-01-11 20:55:29.262-08,2024-08-27 15:42:15.971914-07,2024-09-10 11:55:03.401575-07
SQ_AT0590-3,2024-02-28 00:03:08.072-08,2024-12-18 16:39:25.577294-08,2025-01-08 07:04:30.716385-08
SQ_AT0590-4,2024-02-28 00:03:08.072-08,2024-12-19 09:34:34.007251-08,2025-01-08 07:06:40.336152-08
SQ_AT0590-5,2024-02-28 00:03:08.072-08,2024-08-30 01:22:13.364639-07,2024-09-10 13:31:23.807023-07
SQ_AT0590-8,2024-02-28 00:03:08.072-08,2024-12-19 09:39:44.966194-08,2025-01-08 07:08:50.561956-08
SQ_MX2018-3,2024-02-27 23:36:38.136-08,2025-02-27 15:11:50.23944-08,2025-03-03 14:01:24.972284-08
SQ_MX2018-2,2024-02-27 23:36:38.136-08,2025-02-27 15:06:42.583111-08,2025-03-03 13:56:15.631507-08
SQ_MX2018-5,2024-02-27 23:36:38.136-08,2024-10-21 18:17:06.824916-07,2025-01-07 16:23:54.317649-08
SQ_MX2018-4,2024-02-27 23:36:38.136-08,2024-10-21 18:13:55.836686-07,2025-01-07 16:21:44.046506-08
SQ_MX2018-7,2024-02-27 23:36:38.136-08,2025-02-27 15:22:21.804269-08,2025-03-03 14:11:51.601238-08
SQ_MX2018-6,2024-02-27 23:36:38.136-08,2025-02-27 15:17:08.786105-08,2025-03-03 14:06:42.862436-08
NW-MX2189-7,2024-07-02 13:57:03.378-07,2024-08-27 17:57:16.47623-07,2024-09-10 16:13:27.620764-07
NW-MX2189-6,2024-07-02 13:57:03.378-07,2024-08-27 17:54:05.962373-07,2024-09-10 16:09:28.266181-07
NW-MX2189-5,2024-07-02 13:57:03.378-07,2024-08-27 17:50:54.907519-07,2024-09-10 16:05:29.506706-07
NW-MX2189-4,2024-07-02 13:57:03.378-07,2024-08-27 17:47:43.803931-07,2024-09-10 16:01:38.443098-07
NW-MX2189-3,2024-07-02 13:57:03.378-07,2024-08-27 17:44:33.04941-07,2024-09-10 15:57:40.478023-07
NW-MX2189-2,2024-07-02 13:57:03.378-07,2024-08-27 17:41:20.789531-07,2024-09-10 15:53:38.729066-07
NW-MX2189-1,2024-07-02 13:57:03.378-07,2024-08-27 17:38:05.217364-07,2024-09-10 15:49:47.396923-07
NW-MX2189-9,2024-07-02 13:57:03.378-07,2024-08-27 18:06:52.590609-07,2024-09-10 16:24:35.200442-07
NW-MX2189-8,2024-07-02 13:57:03.378-07,2024-08-27 18:03:38.54886-07,2024-09-10 16:21:24.877083-07
SQ_MX2030-1,2024-03-21 14:25:49.79-07,2024-12-24 01:30:58.219054-08,2025-01-07 18:36:06.522234-08
NW-TX4128-1,2024-09-09 17:14:42.401-07,2024-09-17 14:45:37.864016-07,2025-01-23 10:10:47.298806-08
NW-TX4128-3,2024-09-09 17:14:42.401-07,2024-09-17 14:44:11.01747-07,2025-01-23 10:11:16.324497-08
NW-TX4128-2,2024-09-09 17:14:42.401-07,2024-09-17 14:44:58.110418-07,2025-01-23 10:11:02.300815-08
NW-TX4128-5,2024-09-09 17:14:42.401-07,2024-09-16 11:15:38.225296-07,2025-01-23 10:11:43.178118-08
NW-TX4128-4,2024-09-09 17:14:42.401-07,2024-09-17 14:43:13.683572-07,2025-01-23 10:11:29.411735-08
NW-TX4080-5,2023-05-09 03:06:03.604-07,2025-02-18 09:54:11.573496-08,2025-02-27 12:21:44.879765-08
SQ_AT0614-10,2024-03-05 11:49:31.573-08,2025-02-11 04:07:42.473542-08,2025-02-17 07:12:47.28878-08
SQ_AT0614-14,2024-03-05 11:49:31.573-08,2024-10-01 12:57:18.285679-07,2024-12-09 10:00:22.945372-08
SQ_AT0618-9,2023-03-10 23:11:31.156-08,2024-10-01 14:05:09.987971-07,2024-12-09 10:26:35.662829-08
SQ_AT0618-8,2023-03-10 23:11:31.156-08,2024-10-01 14:01:59.217704-07,2024-12-09 10:25:24.164713-08
SQ_AT0618-1,2023-03-10 23:11:31.156-08,2024-12-11 12:14:26.733476-08,2025-01-07 18:16:34.717058-08
SQ_AT0618-3,2023-03-10 23:11:31.156-08,2024-10-01 13:49:14.95689-07,2024-12-09 10:20:23.106571-08
SQ_AT0618-2,2023-03-10 23:11:31.156-08,2024-10-01 13:46:01.690251-07,2024-12-09 10:19:09.690717-08
SQ_AT0618-5,2023-03-10 23:11:31.156-08,2024-10-01 13:52:26.155665-07,2024-12-09 10:21:37.868827-08
SQ_AT0618-4,2023-03-10 23:11:31.156-08,2025-02-11 04:41:55.26721-08,2025-02-17 07:23:00.759085-08
SQ_AT0618-7,2023-03-10 23:11:31.156-08,2024-10-01 13:58:48.557027-07,2024-12-09 10:24:08.156375-08
SQ_AT0618-6,2023-03-10 23:11:31.156-08,2024-10-01 13:55:36.785546-07,2024-12-09 10:22:52.989798-08
NY-MX2160-2,2023-12-20 04:25:16.944-08,2025-02-10 01:52:50.048877-08,2025-02-17 00:01:26.326006-08
NY-MX2160-3,2023-12-20 04:25:16.944-08,2024-10-22 05:22:24.975632-07,2025-01-08 08:05:05.031764-08
NY-MX2160-1,2023-12-20 04:25:16.944-08,2025-02-10 01:50:43.864392-08,2025-02-16 23:56:19.69509-08
NY-MX2160-6,2023-12-20 04:25:16.944-08,2024-12-24 02:27:43.37843-08,2025-01-08 08:11:36.144258-08
NY-MX2160-7,2023-12-20 04:25:16.944-08,2024-12-19 12:09:35.384254-08,2025-01-08 08:13:46.108092-08
NY-MX2160-4,2023-12-20 04:25:16.944-08,2024-12-19 11:54:05.287926-08,2025-01-08 08:07:15.549839-08
NY-MX2160-5,2023-12-20 04:25:16.944-08,2024-12-19 11:59:14.450699-08,2025-01-08 08:09:25.86948-08
NY-MX2160-8,2023-12-20 04:25:16.944-08,2024-12-19 12:14:45.994633-08,2025-01-08 08:15:56.13254-08
NY-MX2160-9,2023-12-20 04:25:16.944-08,2024-10-22 05:41:22.255785-07,2025-01-08 08:18:06.008164-08
NY-AT26001-15,2024-03-26 17:14:08.27-07,2024-08-26 10:12:37.177625-07,2024-09-23 16:53:38.011208-07
SQ_MX2019-7,2024-01-11 21:16:05.213-08,2024-11-24 03:11:52.226617-08,2025-01-07 16:26:05.18104-08
SQ_AT0610-12,2024-03-06 02:37:41.713-08,2024-10-21 19:43:11.694709-07,2024-12-09 21:18:36.549128-08
NW-TX4094-1,2024-01-20 16:46:04.18-08,2024-01-22 12:03:07.979822-08,2024-01-23 09:07:46.361763-08
SQ_AT0632-3,2024-03-05 11:39:17.336-08,2023-03-09 14:42:41.309912-08,2024-10-18 11:04:37.741669-07
NW-TX4125-5,2024-08-23 05:50:08.536-07,2024-08-27 12:08:02.432776-07,2025-02-13 14:31:42.991413-08
NY-MX22008-20,2024-10-12 12:58:14.639-07,2024-10-13 02:21:28.71523-07,2024-10-14 11:11:27.005143-07
SQ_AT0632-6,2024-03-05 11:39:17.336-08,2023-03-08 15:32:04.036141-08,2024-10-18 11:08:53.007628-07
NW-AT0706-8,2024-06-08 08:18:17.548-07,2024-08-28 11:06:07.115774-07,2024-09-11 22:34:04.406972-07
NW-AT0706-9,2024-06-08 08:18:17.548-07,2024-08-28 11:09:17.957877-07,2024-09-11 22:37:19.446656-07
NW-AT0706-4,2024-06-08 08:18:17.548-07,2024-09-26 10:41:30.107841-07,2024-09-30 10:20:10.762391-07
NW-AT0706-5,2024-06-08 08:18:17.548-07,2024-09-26 10:41:42.260466-07,2024-09-30 10:20:50.697633-07
NW-AT0706-6,2024-06-08 08:18:17.548-07,2024-08-28 10:59:44.658027-07,2024-09-11 22:27:38.259402-07
NW-AT0706-7,2024-06-08 08:18:17.548-07,2024-08-28 11:02:56.034525-07,2024-09-11 22:30:51.748881-07
NW-AT0706-1,2024-06-08 08:18:17.548-07,2024-08-28 10:50:12.315621-07,2024-09-11 22:18:05.46579-07
NW-AT0706-2,2024-06-08 08:18:17.548-07,2024-08-28 10:53:22.70018-07,2024-09-11 22:21:17.36149-07
NW-AT0706-3,2024-06-08 08:18:17.548-07,2024-08-28 10:56:33.749731-07,2024-09-11 22:24:27.838982-07
NW_MX2060-9,2024-03-21 14:50:06.021-07,2024-10-01 10:20:23.892437-07,2024-12-07 23:56:50.120901-08
NW_MX2060-8,2024-03-21 14:50:06.021-07,2024-12-17 13:19:51.512855-08,2025-01-08 05:26:58.609848-08
NW_MX2060-7,2024-03-21 14:50:06.021-07,2024-12-17 13:14:06.246103-08,2025-01-08 05:24:48.617528-08
NW_MX2060-6,2024-03-21 14:50:06.021-07,2024-12-17 13:08:19.551801-08,2025-01-08 05:22:38.268828-08
NW_MX2060-5,2024-03-21 14:50:06.021-07,2024-10-22 00:53:35.432925-07,2024-12-11 00:08:41.829131-08
NW_MX2060-4,2024-03-21 14:50:06.021-07,2024-12-11 11:23:53.704014-08,2025-01-07 17:41:48.636658-08
NW_MX2060-3,2024-03-21 14:50:06.021-07,2024-12-24 01:15:28.671447-08,2025-01-07 17:39:38.896334-08
NW_MX2060-2,2024-03-21 14:50:06.021-07,2024-12-17 13:02:30.587435-08,2025-01-08 05:20:27.743124-08
NW_MX2060-1,2024-03-21 14:50:06.021-07,2024-10-22 00:47:16.109355-07,2024-12-11 00:07:31.643027-08
SQ_AT0584-3,2024-02-15 04:37:53.082-08,2025-02-08 16:44:53.229066-08,2025-02-16 17:10:49.122167-08
SQ_AT0584-2,2024-02-15 04:37:53.082-08,2025-02-08 16:04:57.120055-08,2025-02-16 15:33:38.438231-08
SQ_AT0029-6,2023-11-17 20:45:39.143-08,2024-11-05 13:59:44.470531-08,2024-12-09 23:05:23.265329-08
NY-AT0677-2,2023-11-22 07:43:24.74-08,2024-08-30 01:38:08.595891-07,2024-09-10 13:50:27.860936-07
SQ_AT0029-5,2023-11-17 20:45:39.143-08,2024-10-21 18:39:25.970421-07,2024-12-09 20:55:04.494883-08
SQ_AT0029-4,2023-11-17 20:45:39.143-08,2024-11-24 03:15:01.649975-08,2024-12-09 20:53:53.446192-08
SQ_MX2027-3,2024-01-11 19:20:48.363-08,2024-11-10 01:02:56.951435-08,2025-01-08 00:12:23.073291-08
SQ_MX2027-2,2024-01-11 19:20:48.363-08,2024-01-17 13:47:58.88019-08,2025-01-08 03:14:53.827539-08
NW_MX2106-8,2024-03-05 11:52:45.884-08,2024-10-01 12:54:02.424237-07,2024-12-09 09:59:07.708743-08
NW_MX2106-9,2024-03-05 11:52:45.884-08,2025-02-11 04:07:42.473542-08,2025-02-17 07:12:47.28878-08
SQ_MX2027-7,2024-01-11 19:20:48.363-08,2024-11-05 14:21:59.17919-08,2025-01-07 22:47:09.172957-08
SQ_AT0029-11,2023-11-17 20:45:39.143-08,2024-11-24 05:46:55.772376-08,2025-01-08 01:37:21.293137-08
SQ_AT0029-10,2023-11-17 20:45:39.143-08,2024-11-24 05:43:45.617024-08,2025-01-08 01:35:11.834219-08
NW_MX2106-2,2024-03-05 11:52:45.884-08,2024-12-19 11:12:46.079801-08,2025-01-08 07:47:47.635208-08
NW_MX2106-3,2024-03-05 11:52:45.884-08,2024-10-01 12:34:37.591891-07,2024-12-09 09:51:40.388559-08
SQ_MX2027-9,2024-01-11 19:20:48.363-08,2024-11-10 01:21:44.128489-08,2025-01-08 00:25:34.050967-08
NW_MX2106-1,2024-03-05 11:52:45.884-08,2024-12-19 11:07:36.128689-08,2025-01-08 07:45:38.29043-08
NW_MX2106-6,2024-03-05 11:52:45.884-08,2024-10-01 12:47:32.464578-07,2024-12-09 09:56:35.484242-08
NW_MX2106-7,2024-03-05 11:52:45.884-08,2024-10-01 12:50:47.832274-07,2024-12-09 09:57:51.341024-08
NW_MX2106-4,2024-03-05 11:52:45.884-08,2024-11-10 00:56:43.580925-08,2024-12-10 17:52:50.410918-08
NW_MX2106-5,2024-03-05 11:52:45.884-08,2024-10-01 12:41:05.352974-07,2024-12-09 09:54:07.958844-08
NY-AT16077-6,2024-07-25 17:32:17.303-07,2024-07-26 11:03:13.391932-07,2024-09-24 15:09:26.113844-07
NY-AT16077-5,2024-07-25 17:32:17.303-07,2024-07-26 11:03:00.039097-07,2024-09-24 15:09:09.779963-07
NY-AT16077-4,2024-07-25 17:32:17.303-07,2024-10-07 12:03:30.938045-07,2024-10-08 09:57:38.080666-07
NY-AT16077-1,2024-07-25 17:32:17.303-07,2024-10-07 12:03:07.65059-07,2024-10-08 09:57:25.847124-07
NY-AT16077-9,2024-07-25 17:32:17.303-07,2024-08-15 10:06:55.01636-07,2024-08-16 09:38:05.250307-07
NY-MX2153-10,2024-03-05 09:45:47.441-08,2024-10-01 17:38:20.836164-07,2024-12-09 19:22:49.091449-08
NY-MX12013-5,2024-03-05 09:31:21.44-08,2024-09-24 15:40:25.949164-07,2024-09-25 10:02:21.870211-07
NY-MX12013-4,2024-03-05 09:31:21.44-08,2024-09-24 15:39:56.608749-07,2024-09-25 10:02:06.992638-07
NY-MX12013-7,2024-03-05 09:31:21.44-08,2024-09-24 15:41:16.200202-07,2024-09-25 10:02:50.826226-07
NY-MX12013-6,2024-03-05 09:31:21.44-08,2024-09-24 15:40:50.440507-07,2024-09-25 10:02:39.629513-07
NY-MX12013-3,2024-03-05 09:31:21.44-08,2024-09-24 15:34:42.742491-07,2024-09-25 10:01:50.111457-07
NY-MX12013-2,2024-03-05 09:31:21.44-08,2024-09-24 15:34:28.668204-07,2024-09-25 10:01:35.2638-07
NY-MX12013-9,2024-03-05 09:31:21.44-08,2024-11-21 23:53:35.186037-08,2024-12-10 01:30:05.313613-08
NY-MX12013-8,2024-03-05 09:31:21.44-08,2024-09-24 15:41:38.410969-07,2024-09-25 10:03:02.064336-07
NY-AT16072-8,2024-07-03 10:07:22.499-07,2024-11-13 16:43:13.182083-08,2024-12-10 11:27:23.788983-08
NY-AT16072-9,2024-07-03 10:07:22.499-07,2024-11-13 16:46:22.832067-08,2024-12-10 11:28:33.670323-08
NY-AT16072-6,2024-07-03 10:07:22.499-07,2024-07-17 13:00:59.230438-07,2024-12-02 13:13:34.085615-08
NY-AT16072-7,2024-07-03 10:07:22.499-07,2024-11-13 16:40:03.82245-08,2024-12-10 11:26:14.081807-08
NY-AT16072-4,2024-07-03 10:07:22.499-07,2024-07-09 11:47:58.856316-07,2024-12-10 00:51:28.66896-08
NY-AT16072-5,2024-07-03 10:07:22.499-07,2024-11-14 14:22:04.281813-08,2025-03-21 12:43:27.387646-07
NY-AT16072-2,2024-07-03 10:07:22.499-07,2024-07-09 11:47:36.00016-07,2024-12-10 00:48:59.869284-08
NY-AT16072-3,2024-07-03 10:07:22.499-07,2024-07-09 11:47:47.568773-07,2024-12-10 00:50:14.132459-08
NY-AT16072-1,2024-07-03 10:07:22.499-07,2024-11-11 17:06:32.836741-08,2025-03-21 12:40:19.318629-07
SQ_AT0561-10,2024-01-11 20:52:55.635-08,2024-08-30 00:02:22.463148-07,2024-09-10 12:03:02.742224-07
SQ_AT0561-11,2024-01-11 20:52:55.635-08,2024-08-30 00:05:33.163207-07,2024-09-10 12:07:14.141029-07
NW-TX4083-10,2024-03-05 10:11:42.289-08,2025-02-10 00:01:39.420918-08,2025-02-16 23:10:05.717721-08
NW-TX4096-7,2024-02-04 16:22:42.475-08,2024-02-04 22:53:12.126048-08,2024-02-06 15:35:47.052866-08
NW-TX4096-6,2024-02-04 16:22:42.475-08,2024-02-04 22:53:02.881819-08,2024-02-06 15:35:31.483921-08
NW-TX4096-5,2024-02-04 16:22:42.475-08,2024-02-04 22:52:53.386059-08,2024-02-06 15:35:17.600509-08
NW-TX4096-4,2024-02-04 16:22:42.475-08,2024-02-04 22:52:44.441478-08,2024-02-06 15:35:05.300663-08
NW-TX4096-3,2024-02-04 16:22:42.475-08,2024-02-04 22:52:35.165696-08,2024-02-06 15:34:53.727605-08
NW-TX4096-2,2024-02-04 16:22:42.475-08,2024-02-04 22:52:25.580136-08,2024-02-06 15:34:42.671743-08
NW-TX4096-1,2024-02-04 16:22:42.475-08,2024-02-04 22:52:15.687031-08,2024-02-06 15:34:29.960603-08
SQ_AT0605-9,2024-03-05 11:52:34.216-08,2024-11-10 00:44:07.320906-08,2025-01-08 02:55:24.880994-08
SQ_AT0605-8,2024-03-05 11:52:34.216-08,2024-11-24 06:45:31.143746-08,2024-12-10 16:37:15.242658-08
SQ_AT0605-7,2024-03-05 11:52:34.216-08,2024-11-05 13:43:56.758347-08,2024-12-09 22:59:32.091014-08
SQ_AT0605-6,2024-03-05 11:52:34.216-08,2024-11-05 13:40:47.168184-08,2025-01-07 22:34:07.851107-08
SQ_AT0605-5,2024-03-05 11:52:34.216-08,2024-11-08 11:18:59.156167-08,2025-01-07 23:41:34.981939-08
SQ_AT0605-4,2024-03-05 11:52:34.216-08,2024-11-05 13:37:36.803929-08,2025-01-07 22:31:57.433235-08
SQ_AT0605-3,2024-03-05 11:52:34.216-08,2024-11-05 13:34:27.399161-08,2025-01-07 22:29:47.605681-08
SQ_AT0605-2,2024-03-05 11:52:34.216-08,2024-11-24 02:46:35.13968-08,2024-12-09 09:31:48.024055-08
SQ_AT0605-1,2024-03-05 11:52:34.216-08,2024-11-24 02:43:25.533782-08,2024-12-09 09:30:34.631542-08
NY-MX12060-9,2024-06-18 07:15:05.631-07,2024-05-20 11:04:48.632966-07,2024-08-22 17:37:37.949838-07
NW_MX2089-10,2024-01-11 21:02:57.704-08,2025-02-09 20:26:33.792671-08,2025-02-16 20:31:45.230451-08
NW-TX4135-7,2024-10-18 16:21:27.671-07,2024-10-21 09:07:22.523224-07,2025-01-17 14:25:27.456929-08
NW-TX4135-6,2024-10-18 16:21:27.671-07,2024-10-21 09:07:09.713639-07,2025-01-17 14:25:17.030436-08
NW-TX4135-5,2024-10-18 16:21:27.671-07,2024-10-21 09:06:57.558756-07,2025-01-17 14:25:06.502073-08
NW-TX4135-4,2024-10-18 16:21:27.671-07,2024-10-21 09:06:43.539804-07,2025-01-17 14:24:55.809718-08
NW-TX4135-3,2024-10-18 16:21:27.671-07,2024-11-01 09:30:22.948881-07,2025-01-17 13:48:39.979266-08
NW-TX4135-2,2024-10-18 16:21:27.671-07,2024-11-01 09:30:07.274002-07,2025-01-17 13:45:27.148476-08
NW-TX4135-1,2024-10-18 16:21:27.671-07,2024-10-30 15:10:13.466528-07,2025-01-17 14:25:38.575568-08
NY-MX12071-9,2024-07-03 02:47:22.433-07,2024-11-11 17:00:04.633769-08,2024-12-02 13:12:47.823615-08
NY-MX12071-8,2024-07-03 02:47:22.433-07,2024-07-17 13:00:29.989781-07,2024-12-02 12:50:32.586488-08
SQ_AT0629-2,2023-03-05 23:30:24.425-08,2024-10-21 19:52:42.37693-07,2024-12-09 21:22:09.94837-08
SQ_AT0629-7,2023-03-05 23:30:24.425-08,2024-09-08 21:40:50.54023-07,2024-09-11 11:19:07.82701-07
NY-MX12071-1,2024-07-03 02:47:22.433-07,2024-11-19 08:39:41.24666-08,2024-12-03 13:43:33.830974-08
SQ_AT0629-8,2023-03-05 23:30:24.425-08,2024-09-08 21:43:59.718551-07,2024-09-11 11:22:18.147426-07
NY-MX12071-3,2024-07-03 02:47:22.433-07,2024-11-11 16:53:25.476279-08,2024-12-02 13:12:09.155606-08
NY-MX12071-2,2024-07-03 02:47:22.433-07,2024-11-11 16:47:54.448504-08,2024-12-02 13:11:53.799736-08
NY-MX12071-4,2024-07-03 02:47:22.433-07,2024-11-19 08:42:51.306156-08,2024-12-03 13:43:48.53681-08
NY-MX12071-7,2024-07-03 02:47:22.433-07,2024-07-17 13:00:22.580769-07,2024-12-02 12:50:18.76224-08
NY-MX12071-6,2024-07-03 02:47:22.433-07,2024-11-19 08:49:11.348112-08,2024-12-03 13:44:48.754442-08
NY-AT16017-5,2023-11-11 08:42:32.704-08,2024-11-22 00:31:54.150522-08,2024-12-10 01:44:08.758618-08
NY-AT16017-4,2023-11-11 08:42:32.704-08,2024-11-22 00:28:44.33891-08,2024-12-10 01:42:58.123759-08
NY-AT16017-7,2023-11-11 08:42:32.704-08,2024-09-24 15:49:52.117415-07,2024-09-25 10:22:57.965873-07
NY-AT16017-6,2023-11-11 08:42:32.704-08,2024-11-22 00:35:04.034499-08,2024-12-10 01:45:21.292231-08
NY-AT16017-1,2023-11-11 08:42:32.704-08,2024-09-24 15:48:18.736234-07,2024-09-25 10:21:58.946789-07
NY-MX12058-7,2024-05-06 21:35:06.481-07,2024-07-12 10:43:37.963589-07,2024-08-19 12:27:35.998846-07
NY-AT16017-3,2023-11-11 08:42:32.704-08,2024-11-22 00:25:34.346497-08,2024-12-10 01:41:47.721113-08
NY-AT16017-2,2023-11-11 08:42:32.704-08,2024-11-24 01:45:54.292917-08,2024-12-10 01:40:37.757525-08
NY-MX12058-8,2024-05-06 21:35:06.481-07,2024-07-12 10:43:30.708882-07,2024-08-19 12:27:48.618086-07
NY-MX12058-9,2024-05-06 21:35:06.481-07,2024-07-12 10:43:45.15199-07,2024-08-19 12:28:00.409971-07
NY-AT16017-9,2023-11-11 08:42:32.704-08,2024-09-24 15:50:45.504233-07,2024-09-25 10:23:21.764572-07
NY-AT16017-8,2023-11-11 08:42:32.704-08,2024-09-24 15:50:12.736482-07,2024-09-25 10:23:09.834797-07
NY-AT0674-8,2023-11-11 11:16:26.315-08,2024-08-28 05:56:17.843211-07,2024-09-11 18:40:58.030793-07
NY-AT0674-9,2023-11-11 11:16:26.315-08,2024-11-24 06:32:52.596378-08,2024-12-10 16:29:05.808384-08
NY-AT0674-1,2023-11-11 11:16:26.315-08,2024-08-28 05:49:56.8042-07,2024-09-11 18:34:37.03805-07
NY-AT0674-2,2023-11-11 11:16:26.315-08,2024-10-01 17:28:34.794094-07,2024-12-09 19:19:06.863375-08
NY-AT0674-3,2023-11-11 11:16:26.315-08,2024-10-01 17:31:49.10655-07,2024-12-09 19:20:18.734298-08
NY-AT0674-4,2023-11-11 11:16:26.315-08,2024-10-01 17:35:02.829842-07,2024-12-09 19:21:32.271903-08
NY-AT0674-5,2023-11-11 11:16:26.315-08,2024-10-22 09:03:27.899056-07,2024-12-09 23:30:07.248181-08
NY-AT0674-6,2023-11-11 11:16:26.315-08,2024-11-24 03:56:06.390716-08,2024-12-09 23:31:17.876177-08
NY-AT0674-7,2023-11-11 11:16:26.315-08,2024-08-28 05:53:07.546687-07,2024-09-11 18:37:47.279182-07
NW_TX0017-7,2024-02-13 17:11:08.822-08,2024-02-14 15:32:52.217976-08,2025-02-13 14:41:16.39435-08
NW-MX2173-8,2024-03-01 17:30:03.523-08,2024-10-01 20:12:39.592038-07,2024-12-09 20:21:21.41541-08
NW-MX2173-9,2024-03-01 17:30:03.523-08,2024-10-01 20:19:04.796605-07,2024-12-09 20:23:45.26931-08
NW-MX2173-4,2024-03-01 17:30:03.523-08,2024-08-27 16:36:46.841393-07,2024-09-10 14:37:02.504922-07
NW-MX2173-5,2024-03-01 17:30:03.523-08,2024-10-01 19:53:28.579962-07,2024-12-09 20:14:16.59552-08
NW-MX2173-6,2024-03-01 17:30:03.523-08,2024-10-01 19:56:40.746792-07,2024-12-09 20:15:26.338398-08
NW-MX2173-7,2024-03-01 17:30:03.523-08,2024-10-01 19:59:51.775295-07,2024-12-09 20:16:36.724309-08
NW-MX2173-1,2024-03-01 17:30:03.523-08,2024-10-01 19:50:17.309306-07,2024-12-09 20:13:04.360962-08
NW-MX2173-2,2024-03-01 17:30:03.523-08,2024-08-27 16:30:25.144001-07,2024-09-10 14:29:08.223435-07
NW-MX2173-3,2024-03-01 17:30:03.523-08,2024-08-27 16:33:35.545704-07,2024-09-10 14:33:04.747053-07
NY-AT16082-9,2024-08-16 12:36:49.677-07,2024-08-19 12:23:27.412545-07,2024-09-06 17:31:16.731547-07
NY-AT16082-8,2024-08-16 12:36:49.677-07,2024-08-19 12:23:20.315716-07,2024-09-06 17:27:03.20617-07
NY-AT16082-3,2024-08-16 12:36:49.677-07,2024-08-19 12:22:57.726078-07,2024-09-06 17:13:22.45552-07
NW-AT0712-7,2024-07-31 20:37:08.508-07,2024-08-27 18:45:02.122368-07,2024-09-10 17:02:42.628928-07
NY-AT16006-10,2023-09-08 01:19:39.522-07,2024-11-15 10:28:11.781568-08,2024-12-03 13:11:31.84416-08
NW-AT0712-6,2024-07-31 20:37:08.508-07,2024-08-27 18:41:51.569402-07,2024-09-10 16:59:31.945437-07
SQ_AT0054-7,2024-01-11 21:19:25.531-08,2024-12-11 10:01:44.09653-08,2024-12-24 01:11:28.172015-08
NW-AT0712-3,2024-07-31 20:37:08.508-07,2024-08-27 18:32:19.562674-07,2024-09-10 16:50:00.906563-07
NY-TX14046-4,2024-08-01 16:37:41.157-07,2024-10-08 15:08:48.734548-07,2025-01-22 13:47:17.484742-08
NY-TX14046-1,2024-08-01 16:37:41.157-07,2024-10-08 15:06:50.215967-07,2025-01-24 12:49:05.482621-08
NY-TX14046-2,2024-08-01 16:37:41.157-07,2024-10-08 15:07:19.654669-07,2025-01-24 12:49:24.391339-08
NY-TX14046-3,2024-08-01 16:37:41.157-07,2024-10-08 15:08:15.58308-07,2025-01-22 13:47:05.476278-08
SQ_AT0054-2,2024-01-11 21:19:25.531-08,2024-12-24 04:21:14.276371-08,2025-01-08 09:50:14.086079-08
NW-AT0712-2,2024-07-31 20:37:08.508-07,2024-08-27 18:29:08.997239-07,2024-09-10 16:46:49.790481-07
NY-MX12041-1,2024-03-07 18:13:38.312-08,2024-10-21 16:38:01.169153-07,2024-10-30 11:01:58.052229-07
NY-MX12041-2,2024-03-07 18:13:38.312-08,2024-11-15 10:12:18.048402-08,2024-12-09 22:23:21.275497-08
NY-MX12041-3,2024-03-07 18:13:38.312-08,2024-11-13 15:20:47.98094-08,2024-12-09 22:24:30.994199-08
NY-MX12041-4,2024-03-07 18:13:38.312-08,2024-07-11 18:07:56.919164-07,2024-08-20 09:56:10.722537-07
NY-MX12041-5,2024-03-07 18:13:38.312-08,2024-07-11 18:08:04.790412-07,2024-08-20 09:56:22.097568-07
NY-MX12041-6,2024-03-07 18:13:38.312-08,2024-07-11 18:07:49.369869-07,2024-08-20 09:56:33.07788-07
NY-AT16043-3,2024-03-14 06:49:03.457-07,2024-11-15 10:10:01.709876-08,2024-12-09 22:28:00.297915-08
NY-MX12041-8,2024-03-07 18:13:38.312-08,2024-08-21 15:30:50.502019-07,2024-08-22 17:42:48.074464-07
NY-MX12041-9,2024-03-07 18:13:38.312-08,2024-07-17 13:08:48.441434-07,2024-08-16 11:03:32.201719-07
SQ_MX2124-1,2024-03-05 10:46:30.282-08,2023-03-08 15:28:47.874271-08,2024-10-18 11:04:02.469255-07
SQ_MX2124-3,2024-03-05 10:46:30.282-08,2023-03-09 14:42:41.309912-08,2024-10-18 11:04:37.741669-07
SQ_MX2124-2,2024-03-05 10:46:30.282-08,2023-03-08 15:29:12.237312-08,2024-10-18 11:04:25.034953-07
SQ_MX2124-5,2024-03-05 10:46:30.282-08,2023-03-08 15:31:45.133352-08,2024-10-18 11:06:56.238481-07
SQ_MX2124-4,2024-03-05 10:46:30.282-08,2023-03-08 15:29:58.070889-08,2024-10-18 11:05:47.904324-07
SQ_AT0047-7,2023-11-17 20:28:11.655-08,2025-01-14 00:43:54.898827-08,2025-01-08 04:04:41.173094-08
NY-AT26001-20,2024-03-26 17:14:08.27-07,2024-11-19 08:01:41.80981-08,2024-12-03 13:52:01.336989-08
NY-AT26001-21,2024-03-26 17:14:08.27-07,2024-08-21 10:27:04.430245-07,2024-08-22 12:38:16.83751-07
SQ_AT0047-9,2023-11-17 20:28:11.655-08,2024-12-11 14:05:18.069189-08,2025-01-07 19:48:18.128797-08
SQ_AT0047-8,2023-11-17 20:28:11.655-08,2024-12-11 14:02:09.021759-08,2025-01-07 19:46:06.485026-08
NY-MX12068-8,2024-06-20 23:28:36.437-07,2024-10-22 12:19:31.532405-07,2024-11-07 14:26:08.330772-08
NY-MX12068-7,2024-06-20 23:28:36.437-07,2024-11-11 16:05:12.508122-08,2024-12-02 13:09:13.394307-08
NY-MX12068-6,2024-06-20 23:28:36.437-07,2024-11-19 09:33:34.087614-08,2024-12-10 01:02:59.86735-08
NY-MX12068-5,2024-06-20 23:28:36.437-07,2024-07-09 13:45:55.548712-07,2024-08-19 11:16:38.607535-07
NY-MX12068-4,2024-06-20 23:28:36.437-07,2024-07-09 13:45:47.125979-07,2024-08-19 11:16:27.629818-07
NY-MX12068-3,2024-06-20 23:28:36.437-07,2024-11-11 15:58:29.682258-08,2024-12-02 13:08:52.399727-08
NY-MX12068-2,2024-06-20 23:28:36.437-07,2024-11-19 09:30:23.385047-08,2024-12-10 01:01:39.234752-08
NY-MX12068-1,2024-06-20 23:28:36.437-07,2024-11-11 15:50:20.012881-08,2024-12-02 13:08:03.59957-08
NW-MX2179-2,2024-05-03 17:50:14.871-07,2024-09-26 10:34:21.351657-07,2024-09-30 10:11:57.187866-07
NW-MX2179-3,2024-05-03 17:50:14.871-07,2024-09-26 10:34:34.475258-07,2024-09-30 10:12:12.535134-07
NY-AT16069-4,2024-06-28 02:55:17.588-07,2024-11-13 14:23:32.074149-08,2024-12-03 13:41:51.233197-08
NW-MX2179-1,2024-05-03 17:50:14.871-07,2024-08-28 07:57:07.619992-07,2024-09-11 20:42:18.956693-07
NW-MX2179-6,2024-05-03 17:50:14.871-07,2024-08-28 08:03:33.563398-07,2024-09-11 20:48:42.658737-07
NW-MX2179-7,2024-05-03 17:50:14.871-07,2024-08-28 08:06:43.95576-07,2024-09-11 20:51:54.582471-07
NW-MX2179-4,2024-05-03 17:50:14.871-07,2024-09-26 10:34:49.998621-07,2024-09-30 10:12:26.998968-07
NW-MX2179-5,2024-05-03 17:50:14.871-07,2024-08-28 08:00:22.205691-07,2024-09-11 20:45:30.909207-07
NW-MX2179-8,2024-05-03 17:50:14.871-07,2024-08-28 08:09:54.39263-07,2024-09-11 20:55:07.304089-07
NW-MX2179-9,2024-05-03 17:50:14.871-07,2024-08-28 08:13:04.741157-07,2024-09-11 20:58:19.327308-07
NY-AT16069-8,2024-06-28 02:55:17.588-07,2025-01-16 11:19:25.419385-08,2025-01-17 05:03:15.404887-08
NY-AT16069-9,2024-06-28 02:55:17.588-07,2024-12-02 13:26:01.049442-08,2024-12-10 01:04:15.114586-08
SQ_AT0574-11,2024-03-23 21:03:30.467-07,2024-12-24 01:51:36.431052-08,2025-01-08 05:57:18.280206-08
NY-MX12004-9,2023-08-30 03:44:28.143-07,2024-11-15 10:17:58.029642-08,2024-12-09 22:33:51.032008-08
NY-MX12004-8,2023-08-30 03:44:28.143-07,2024-10-21 14:37:35.869229-07,2024-10-30 09:47:50.036121-07
NY-MX12004-5,2023-08-30 03:44:28.143-07,2024-02-21 09:18:15.469333-08,2024-08-22 15:07:07.966703-07
NY-MX12004-4,2023-08-30 03:44:28.143-07,2024-02-21 09:26:02.553624-08,2024-08-16 11:02:54.592571-07
NY-MX12004-7,2023-08-30 03:44:28.143-07,2024-10-21 14:34:26.445783-07,2024-10-30 09:47:37.055658-07
NY-MX12004-6,2023-08-30 03:44:28.143-07,2024-10-21 14:31:17.137794-07,2024-10-30 09:47:23.553957-07
NY-MX12004-1,2023-08-30 03:44:28.143-07,2024-08-21 15:34:21.894266-07,2024-08-22 10:31:59.357011-07
NY-MX12004-3,2023-08-30 03:44:28.143-07,2024-02-21 09:24:52.4522-08,2024-08-16 11:02:43.807804-07
NY-MX12004-2,2023-08-30 03:44:28.143-07,2024-08-21 15:34:39.925561-07,2024-08-22 10:32:12.35204-07
NW-AT0710-1,2024-07-23 04:46:05.68-07,2024-08-27 18:00:27.781134-07,2024-09-10 16:17:25.589873-07
NW-AT0710-5,2024-07-23 04:46:05.68-07,2024-08-28 11:41:06.048235-07,2024-09-11 23:09:06.508912-07
NW-AT0710-4,2024-07-23 04:46:05.68-07,2024-08-28 11:37:55.302265-07,2024-09-11 23:05:55.756511-07
NW-AT0710-7,2024-07-23 04:46:05.68-07,2024-08-28 11:47:28.107513-07,2024-09-11 23:15:28.255263-07
NW-AT0710-6,2024-07-23 04:46:05.68-07,2024-08-28 11:44:17.168928-07,2024-09-11 23:12:17.236437-07
NY-MX2139-7,2023-08-03 19:15:36.362-07,2024-10-01 16:06:21.266465-07,2024-12-09 18:49:26.027847-08
NW_MX2076-8,2024-02-15 02:50:17.875-08,2024-02-15 15:06:58.230623-08,2024-12-10 19:08:38.295568-08
NW_MX2076-9,2024-02-15 02:50:17.875-08,2024-02-15 15:07:22.40897-08,2024-12-10 19:09:48.016761-08
NW_MX2076-6,2024-02-15 02:50:17.875-08,2025-02-08 16:49:06.715287-08,2025-02-16 17:21:03.019855-08
NW_MX2076-7,2024-02-15 02:50:17.875-08,2025-02-08 16:51:12.694365-08,2025-02-16 17:26:09.425323-08
NW_MX2076-4,2024-02-15 02:50:17.875-08,2025-02-08 16:44:53.229066-08,2025-02-16 17:10:49.122167-08
NW_MX2076-5,2024-02-15 02:50:17.875-08,2025-02-08 16:47:00.138637-08,2025-02-16 17:15:56.214626-08
NW_MX2076-2,2024-02-15 02:50:17.875-08,2025-02-08 16:02:50.896449-08,2025-02-16 15:28:31.944418-08
NW_MX2076-3,2024-02-15 02:50:17.875-08,2025-02-08 16:04:57.120055-08,2025-02-16 15:33:38.438231-08
NW_MX2076-1,2024-02-15 02:50:17.875-08,2025-02-08 16:00:44.187648-08,2025-02-16 15:23:25.691503-08
NW_AT0628-9,2023-03-08 01:10:06.336-08,2024-08-27 23:09:46.584633-07,2024-09-11 11:51:00.520265-07
NW_AT0628-8,2023-03-08 01:10:06.336-08,2024-08-27 23:06:35.871904-07,2024-09-11 11:47:50.632224-07
NW_AT0628-7,2023-03-08 01:10:06.336-08,2024-08-27 23:03:25.601017-07,2024-09-11 11:44:40.547318-07
NW_AT0628-6,2023-03-08 01:10:06.336-08,2024-08-27 23:00:15.060716-07,2024-09-11 11:41:30.005531-07
NW_AT0628-5,2023-03-08 01:10:06.336-08,2024-09-02 20:19:03.613963-07,2024-09-11 11:38:18.491745-07
NW_AT0628-4,2023-03-08 01:10:06.336-08,2024-08-27 22:53:54.6538-07,2024-09-11 11:35:02.399255-07
NW_AT0628-3,2023-03-08 01:10:06.336-08,2024-08-27 22:50:44.438373-07,2024-09-11 11:31:51.405164-07
NW_AT0628-2,2023-03-08 01:10:06.336-08,2024-08-27 22:47:34.314051-07,2024-09-11 11:28:40.468338-07
NW_AT0628-1,2023-03-08 01:10:06.336-08,2024-08-27 22:44:23.353111-07,2024-09-11 11:25:29.331175-07
NW_TX4046-2,2024-03-06 01:46:54.798-08,2025-02-13 15:22:24.774726-08,2025-02-17 13:46:40.436037-08
NY-AT0676-7,2023-11-22 11:04:07.106-08,2024-08-28 06:31:18.240631-07,2024-09-11 19:16:00.589448-07
NY-AT0676-4,2023-11-22 11:04:07.106-08,2024-08-28 06:21:45.723791-07,2024-09-11 19:06:27.082081-07
NY-AT0676-5,2023-11-22 11:04:07.106-08,2024-08-28 06:24:56.509933-07,2024-09-11 19:09:38.979204-07
NY-AT0676-2,2023-11-22 11:04:07.106-08,2024-10-01 17:51:21.650639-07,2024-12-09 19:27:58.976887-08
NY-AT0676-3,2023-11-22 11:04:07.106-08,2024-10-01 17:54:36.329642-07,2024-12-09 19:29:14.854957-08
NW_TX4046-4,2024-03-06 01:46:54.798-08,2025-02-13 15:32:49.726659-08,2025-02-17 13:56:54.529269-08
NW_TX4046-5,2024-03-06 01:46:54.798-08,2025-02-13 15:38:01.655292-08,2025-02-17 14:02:01.145417-08
NW_TX4046-8,2024-03-06 01:46:54.798-08,2025-02-13 16:30:21.178814-08,2025-02-17 14:53:09.765701-08
NW_TX4046-9,2024-03-06 01:46:54.798-08,2025-02-09 21:15:33.854864-08,2025-02-16 21:17:49.517386-08
NY-AT0676-8,2023-11-22 11:04:07.106-08,2024-08-28 06:34:28.465497-07,2024-09-11 19:19:11.375068-07
NY-AT0676-9,2023-11-22 11:04:07.106-08,2024-08-28 06:37:38.636644-07,2024-09-11 19:22:22.514807-07
NY-AT16048-1,2024-03-30 05:32:40.729-07,2024-07-25 15:10:22.686652-07,2024-08-22 12:22:33.932793-07
NY-AT16048-3,2024-03-30 05:32:40.729-07,2024-07-11 18:08:49.796559-07,2024-08-20 11:16:29.766347-07
NY-AT16048-2,2024-03-30 05:32:40.729-07,2024-07-25 15:10:30.06223-07,2024-08-22 12:23:37.193061-07
NY-AT16048-5,2024-03-30 05:32:40.729-07,2024-08-21 10:21:47.522306-07,2024-08-22 12:23:47.341847-07
NY-AT16048-4,2024-03-30 05:32:40.729-07,2024-07-11 18:08:57.056887-07,2024-08-20 11:16:42.9468-07
NY-AT16048-7,2024-03-30 05:32:40.729-07,2024-08-26 11:56:32.333429-07,2024-09-23 16:50:47.983896-07
NY-AT16048-6,2024-03-30 05:32:40.729-07,2024-08-26 11:51:19.615626-07,2024-09-23 16:47:52.172365-07
NY-AT16048-9,2024-03-30 05:32:40.729-07,2024-08-21 12:45:21.406379-07,2024-08-22 12:15:06.537104-07
NY-AT16048-8,2024-03-30 05:32:40.729-07,2024-08-21 12:45:07.712677-07,2024-08-22 12:14:55.012965-07
NW-AT0638-2,2023-05-01 23:34:00.978-07,2024-11-24 06:26:33.03296-08,2024-12-10 16:26:46.641963-08
NW-AT0638-3,2023-05-01 23:34:00.978-07,2025-02-08 13:54:03.803648-08,2025-02-16 10:16:45.294944-08
NW-AT0638-1,2023-05-01 23:34:00.978-07,2024-06-28 11:04:28.918662-07,2024-07-03 16:06:10.706549-07
NW-AT0638-6,2023-05-01 23:34:00.978-07,2025-02-08 14:46:51.489356-08,2025-02-16 12:24:30.890021-08
NW-AT0638-7,2023-05-01 23:34:00.978-07,2025-02-08 14:48:58.084094-08,2025-02-16 12:29:37.449476-08
NW-AT0638-4,2023-05-01 23:34:00.978-07,2025-02-08 13:51:57.60684-08,2025-02-16 10:11:38.883729-08
NW-AT0638-5,2023-05-01 23:34:00.978-07,2025-02-08 14:44:44.441589-08,2025-02-16 12:19:24.234036-08
NW-AT0638-8,2023-05-01 23:34:00.978-07,2025-02-08 14:02:39.23396-08,2025-02-16 10:37:10.868977-08
NW-AT0638-9,2023-05-01 23:34:00.978-07,2025-02-08 13:58:16.433104-08,2025-02-16 10:26:58.012675-08
SQ_AT0620-8,2024-03-05 11:40:47.279-08,2024-10-01 14:33:47.33197-07,2024-12-09 10:37:39.969226-08
NY-MX12038-9,2024-02-25 06:04:01.872-08,2024-10-21 16:12:31.145518-07,2024-10-30 10:58:54.372784-07
SQ_AT007-6,2024-03-07 16:51:19.94-08,2024-11-24 03:33:59.034762-08,2025-01-07 16:47:43.683106-08
NW-MX2182-4,2024-05-17 16:57:39.588-07,2024-09-26 10:36:54.902537-07,2024-09-30 10:14:22.434718-07
NW-MX2182-5,2024-05-17 16:57:39.588-07,2024-08-28 08:47:59.553475-07,2024-09-11 21:33:26.563863-07
NW-MX2182-6,2024-05-17 16:57:39.588-07,2024-08-28 08:53:08.092437-07,2024-09-11 21:36:37.907919-07
NW-MX2182-7,2024-05-17 16:57:39.588-07,2024-08-28 09:02:04.03759-07,2024-09-11 21:39:49.880832-07
NW-MX2182-1,2024-05-17 16:57:39.588-07,2024-08-27 16:59:11.577087-07,2024-09-10 15:03:47.978285-07
NW-MX2182-2,2024-05-17 16:57:39.588-07,2024-09-26 10:36:24.595889-07,2024-09-30 10:13:43.375537-07
NW-MX2182-3,2024-05-17 16:57:39.588-07,2024-09-26 10:36:37.017091-07,2024-09-30 10:13:59.891852-07
NW-MX2182-9,2024-05-17 16:57:39.588-07,2024-09-26 10:37:33.787685-07,2024-09-30 10:14:56.794597-07
NY-AT0635-9,2023-04-05 03:37:37.676-07,2024-08-28 01:51:00.802482-07,2024-09-11 14:29:55.23827-07
NY-AT0635-8,2023-04-05 03:37:37.676-07,2024-08-28 01:44:34.882057-07,2024-09-11 14:23:34.365176-07
NW-AT0691-6,2024-01-06 10:47:25.617-08,2024-10-01 19:27:50.202518-07,2024-12-09 20:04:42.745599-08
NY-AT0635-1,2023-04-05 03:37:37.676-07,2024-09-05 10:58:08.816315-07,2024-09-11 13:39:04.51656-07
NY-MX12062-5,2024-06-18 14:11:28.506-07,2024-07-12 10:48:45.92382-07,2024-08-22 15:06:20.678248-07
NY-AT0635-3,2023-04-05 03:37:37.676-07,2024-08-28 01:12:35.981605-07,2024-09-11 13:51:46.46241-07
NY-AT0635-2,2023-04-05 03:37:37.676-07,2024-09-05 11:04:46.447333-07,2024-09-11 13:45:24.707491-07
NY-AT0635-5,2023-04-05 03:37:37.676-07,2024-08-28 01:25:26.943363-07,2024-09-11 14:04:28.788591-07
NY-AT0635-4,2023-04-05 03:37:37.676-07,2024-08-28 01:19:01.10751-07,2024-09-11 13:58:07.204667-07
NY-AT0635-7,2023-04-05 03:37:37.676-07,2024-08-28 01:38:12.088853-07,2024-09-11 14:17:10.756942-07
NY-AT0635-6,2023-04-05 03:37:37.676-07,2024-08-28 01:31:49.521553-07,2024-09-11 14:10:49.201756-07
NY-MX12062-7,2024-06-18 14:11:28.506-07,2024-07-12 10:49:00.286775-07,2024-08-22 15:06:49.021785-07
NY-MX12062-6,2024-06-18 14:11:28.506-07,2024-07-12 10:48:52.939984-07,2024-08-22 15:06:33.370413-07
NY-MX2149-1,2023-10-12 05:59:43.5-07,2025-02-11 06:21:15.503852-08,2025-02-17 08:14:09.189712-08
NY-MX2149-8,2023-10-12 05:59:43.5-07,2025-02-11 07:16:49.519229-08,2025-02-17 08:39:43.537983-08
NY-MX12051-7,2024-04-10 19:27:39.51-07,2024-11-19 08:20:43.120831-08,2024-12-10 01:14:08.433975-08
NY-MX12082-7,2025-03-19 12:40:52.701-07,2024-08-19 12:23:27.412545-07,2024-09-06 17:31:16.731547-07
NY-MX12082-6,2025-03-19 12:40:52.701-07,2024-08-19 12:23:20.315716-07,2024-09-06 17:27:03.20617-07
NY-MX12082-5,2025-03-19 12:40:52.701-07,2024-08-19 12:23:13.439546-07,2025-03-21 11:03:15.875705-07
NY-MX12082-4,2025-03-19 12:40:52.701-07,2024-08-19 12:23:05.712631-07,2024-09-06 17:17:26.567309-07
NY-MX12082-3,2025-03-19 12:40:52.701-07,2024-08-19 12:22:57.726078-07,2024-09-06 17:13:22.45552-07
NY-MX12082-2,2025-03-19 12:40:52.701-07,2024-08-19 12:22:50.247225-07,2024-09-06 17:10:13.384715-07
NY-MX12051-6,2024-04-10 19:27:39.51-07,2024-11-19 08:11:13.383286-08,2024-12-10 01:10:25.778865-08
NY-MX12082-9,2025-03-19 12:40:52.701-07,2024-08-19 12:23:42.405395-07,2025-03-21 12:49:41.448549-07
NY-MX12082-8,2025-03-19 12:40:52.701-07,2024-08-19 12:23:34.856306-07,2024-09-06 17:35:52.888258-07
NY-MX12051-5,2024-04-10 19:27:39.51-07,2024-11-19 08:17:33.144186-08,2024-12-10 01:12:54.753549-08
NW_MX2081-8,2024-01-11 20:16:57.709-08,2024-12-18 16:34:16.302956-08,2025-01-08 07:02:20.752214-08
NW_MX2081-9,2024-01-11 20:16:57.709-08,2024-10-22 03:38:10.426958-07,2024-12-11 00:28:32.109153-08
NY-MX22010-22,2024-10-19 11:30:34.066-07,2024-10-29 12:12:20.757735-07,2024-10-31 11:46:43.616183-07
NW-TX4105-6,2024-04-12 23:03:42.429-07,2024-10-22 12:07:18.488901-07,2025-01-15 09:56:33.710445-08
NW-TX4105-7,2024-04-12 23:03:42.429-07,2024-10-22 12:07:39.872914-07,2025-01-15 09:56:46.947364-08
NW-TX4105-4,2024-04-12 23:03:42.429-07,2024-04-15 09:25:34.728596-07,2025-01-15 09:56:07.170452-08
NW_MX2081-3,2024-01-11 20:16:57.709-08,2024-02-06 10:31:48.606707-08,2024-12-10 18:13:51.360086-08
NW-TX4105-2,2024-04-12 23:03:42.429-07,2024-10-22 12:06:11.807882-07,2025-01-15 09:55:40.906585-08
NW_MX2081-5,2024-01-11 20:16:57.709-08,2024-12-18 16:29:06.989188-08,2025-01-08 07:00:10.008705-08
NW_MX2081-6,2024-01-11 20:16:57.709-08,2024-10-22 03:28:42.110643-07,2024-12-11 00:26:12.440949-08
NW-TX4105-1,2024-04-12 23:03:42.429-07,2024-10-22 11:59:02.722235-07,2025-01-15 09:55:27.046948-08
NW-TX4084-6,2024-03-05 11:18:33.129-08,2025-02-10 00:03:45.378073-08,2025-02-16 23:15:28.10622-08
NW-TX4084-7,2024-03-05 11:18:33.129-08,2025-02-10 00:05:51.436065-08,2025-02-16 23:20:35.012881-08
NY-MX12051-3,2024-04-10 19:27:39.51-07,2024-11-13 16:36:54.361837-08,2024-12-10 11:25:04.598037-08
NY-MX12051-2,2024-04-10 19:27:39.51-07,2024-11-19 08:17:20.193562-08,2024-12-10 11:23:54.59565-08
NW_MX2107-7,2024-03-05 11:00:17.527-08,2024-10-01 13:13:32.074499-07,2024-12-09 10:06:39.605796-08
NW_MX2107-6,2024-03-05 11:00:17.527-08,2024-10-01 13:10:17.617631-07,2024-12-09 10:05:25.833068-08
NW_MX2107-5,2024-03-05 11:00:17.527-08,2024-10-01 13:07:03.119853-07,2024-12-09 10:04:09.524956-08
NW_MX2107-4,2024-03-05 11:00:17.527-08,2024-10-01 13:03:47.007618-07,2024-12-09 10:02:54.678194-08
NW_MX2107-3,2024-03-05 11:00:17.527-08,2024-10-01 13:00:32.847213-07,2024-12-09 10:01:38.569301-08
NW_MX2107-2,2024-03-05 11:00:17.527-08,2024-11-08 11:44:15.602329-08,2024-12-10 12:25:33.827099-08
NW_MX2107-1,2024-03-05 11:00:17.527-08,2024-10-01 12:44:19.027409-07,2024-12-09 09:55:19.716108-08
NW_MX2107-9,2024-03-05 11:00:17.527-08,2024-10-01 13:20:02.201462-07,2024-12-09 10:09:09.955438-08
NW_MX2107-8,2024-03-05 11:00:17.527-08,2024-10-01 13:16:48.575214-07,2024-12-09 10:07:54.308451-08
NY-MX2140-3,2023-08-15 05:39:03.308-07,2024-10-01 16:16:09.505825-07,2024-12-09 18:53:00.322644-08
NY-MX2140-5,2023-08-15 05:39:03.308-07,2024-08-28 02:29:13.591569-07,2024-09-11 15:08:10.011725-07
NY-MX2140-6,2023-08-15 05:39:03.308-07,2024-08-28 02:32:24.415628-07,2024-09-11 15:11:21.042632-07
NW_TX4066-1,2024-03-05 11:44:48.376-08,2023-03-07 10:52:23.588356-08,2023-03-15 13:36:13.985635-07
SQ_AT0575-5,2024-03-07 17:03:36.724-08,2024-12-24 01:56:45.891915-08,2025-01-08 05:59:27.844239-08
SQ_AT0575-7,2024-03-07 17:03:36.724-08,2024-12-24 02:07:05.668701-08,2025-01-08 06:03:47.70229-08
SQ_AT0575-6,2024-03-07 17:03:36.724-08,2024-12-24 02:01:55.31822-08,2025-01-08 06:01:37.690962-08
SQ_AT0575-1,2024-03-07 17:03:36.724-08,2024-11-05 16:19:16.386491-08,2024-12-10 11:57:42.2178-08
NW-AT0695-6,2024-03-30 11:25:48.851-07,2024-12-24 03:45:04.732442-08,2025-01-08 09:35:03.161759-08
NW_MX2063-4,2024-01-11 17:53:00.433-08,2024-10-01 10:45:47.645687-07,2024-12-03 14:58:06.982793-08
NW_MX2063-5,2024-01-11 17:53:00.433-08,2024-10-01 10:48:57.6035-07,2024-12-03 14:58:23.191424-08
NW_MX2063-6,2024-01-11 17:53:00.433-08,2024-10-01 10:52:07.971096-07,2024-12-03 14:58:51.081666-08
NW_MX2063-7,2024-01-11 17:53:00.433-08,2024-08-30 00:34:26.801295-07,2024-09-10 12:40:11.838771-07
NW_MX2063-1,2024-01-11 17:53:00.433-08,2024-10-01 10:36:16.01763-07,2024-12-03 14:57:20.228688-08
NW_MX2063-2,2024-01-11 17:53:00.433-08,2024-10-01 10:39:25.891485-07,2024-12-03 14:57:38.178898-08
NW_MX2063-3,2024-01-11 17:53:00.433-08,2024-10-01 10:42:36.800635-07,2024-12-03 14:57:53.836669-08
NW_MX2063-8,2024-01-11 17:53:00.433-08,2024-08-30 00:37:37.789594-07,2024-09-10 12:43:22.875571-07
NW_MX2063-9,2024-01-11 17:53:00.433-08,2024-01-16 09:44:49.415962-08,2024-12-10 18:05:41.997243-08
NW_MX2122-4,2023-03-06 02:40:21.207-08,2024-08-27 23:32:08.024034-07,2024-09-11 12:13:17.040923-07
NW_MX2122-5,2023-03-06 02:40:21.207-08,2024-08-27 23:35:20.167472-07,2024-09-11 12:16:27.740593-07
NW_MX2122-6,2023-03-06 02:40:21.207-08,2024-08-27 23:38:36.718135-07,2024-09-11 12:19:38.300057-07
NW_MX2122-7,2023-03-06 02:40:21.207-08,2024-08-27 23:41:48.037967-07,2024-09-11 12:22:48.796325-07
NW_MX2122-1,2023-03-06 02:40:21.207-08,2024-08-27 23:22:34.48216-07,2024-09-11 12:03:43.435102-07
NW_MX2122-2,2023-03-06 02:40:21.207-08,2024-08-27 23:25:45.165501-07,2024-09-11 12:06:54.033338-07
NW_MX2122-3,2023-03-06 02:40:21.207-08,2024-08-27 23:28:56.259008-07,2024-09-11 12:10:05.671938-07
NW_MX2122-8,2023-03-06 02:40:21.207-08,2024-11-24 06:17:02.490679-08,2024-12-10 16:23:18.33378-08
NW_MX2122-9,2023-03-06 02:40:21.207-08,2024-11-26 10:20:35.777356-08,2024-12-10 16:24:27.640747-08
SQ_AT0566-10,2024-01-11 21:07:17.379-08,2024-12-17 12:50:53.59139-08,2025-01-08 05:16:08.219773-08
SQ_AT0566-12,2024-01-11 21:07:17.379-08,2024-11-05 14:47:19.241729-08,2024-12-09 22:06:58.37437-08
NY-TX24005-10,2024-10-12 11:07:58.207-07,2024-10-14 12:48:08.825803-07,2025-01-23 10:43:29.448535-08
NY-MX2153-8,2024-03-05 09:45:47.441-08,2024-08-28 05:56:17.843211-07,2024-09-11 18:40:58.030793-07
NY-MX2153-9,2024-03-05 09:45:47.441-08,2024-11-24 06:32:52.596378-08,2024-12-10 16:29:05.808384-08
NY-MX2153-1,2024-03-05 09:45:47.441-08,2024-08-28 05:49:56.8042-07,2024-09-11 18:34:37.03805-07
NY-MX2153-2,2024-03-05 09:45:47.441-08,2024-10-01 17:28:34.794094-07,2024-12-09 19:19:06.863375-08
NY-MX2153-3,2024-03-05 09:45:47.441-08,2024-10-01 17:31:49.10655-07,2024-12-09 19:20:18.734298-08
NY-MX2153-4,2024-03-05 09:45:47.441-08,2024-10-01 17:35:02.829842-07,2024-12-09 19:21:32.271903-08
NY-MX2153-5,2024-03-05 09:45:47.441-08,2024-10-22 09:03:27.899056-07,2024-12-09 23:30:07.248181-08
NY-MX2153-6,2024-03-05 09:45:47.441-08,2024-11-24 03:56:06.390716-08,2024-12-09 23:31:17.876177-08
NY-MX2153-7,2024-03-05 09:45:47.441-08,2024-08-28 05:53:07.546687-07,2024-09-11 18:37:47.279182-07
SQ_MX2024-8,2024-01-11 21:05:05.938-08,2025-02-08 13:49:51.592405-08,2025-02-16 10:06:32.510078-08
SQ_MX2024-9,2024-01-11 21:05:05.938-08,2024-10-21 18:42:36.665908-07,2025-01-07 16:28:15.325692-08
SQ_MX2024-1,2024-01-11 21:05:05.938-08,2024-01-17 13:47:15.741457-08,2025-01-08 03:10:34.48626-08
SQ_MX2024-2,2024-01-11 21:05:05.938-08,2025-02-10 11:19:59.877861-08,2025-02-17 04:49:41.249557-08
SQ_MX2024-3,2024-01-11 21:05:05.938-08,2024-11-10 00:56:40.814425-08,2025-01-08 00:07:48.983457-08
SQ_MX2024-4,2024-01-11 21:05:05.938-08,2024-11-10 00:59:49.383656-08,2025-01-08 00:10:01.898359-08
SQ_MX2024-5,2024-01-11 21:05:05.938-08,2024-11-24 05:50:06.859798-08,2025-01-08 01:39:31.405147-08
SQ_MX2024-6,2024-01-11 21:05:05.938-08,2024-11-24 05:53:18.3163-08,2025-01-08 01:41:41.98362-08
SQ_MX2024-7,2024-01-11 21:05:05.938-08,2025-02-08 13:47:44.133586-08,2025-02-16 10:01:25.907945-08
NW_MX2102-6,2024-03-05 10:44:05.506-08,2025-02-08 14:34:13.59058-08,2025-02-16 11:53:50.610938-08
NW_MX2102-7,2024-03-05 10:44:05.506-08,2024-11-08 11:34:47.221394-08,2024-12-10 12:22:04.10686-08
NW_MX2102-4,2024-03-05 10:44:05.506-08,2025-02-08 14:30:00.60309-08,2025-02-16 11:43:36.197169-08
NW_MX2102-5,2024-03-05 10:44:05.506-08,2025-02-08 14:32:07.246386-08,2025-02-16 11:48:43.675367-08
NW_MX2102-2,2024-03-05 10:44:05.506-08,2025-02-08 14:25:48.627164-08,2025-02-16 11:33:22.875569-08
NW_MX2102-3,2024-03-05 10:44:05.506-08,2025-02-08 14:27:54.623083-08,2025-02-16 11:38:29.539829-08
NW_MX2102-1,2024-03-05 10:44:05.506-08,2025-02-08 14:23:42.425229-08,2025-02-16 11:28:15.942909-08
NY-AT16054-2,2024-04-18 13:34:34.09-07,2024-07-12 10:46:14.499322-07,2024-08-22 17:35:08.643597-07
NY-AT16054-3,2024-04-18 13:34:34.09-07,2024-07-12 10:46:21.725154-07,2024-08-22 10:40:37.086226-07
SQ_AT0057-6,2024-01-11 20:38:59.907-08,2024-01-21 10:53:27.039389-08,2025-01-08 02:12:07.588375-08
NY-AT16054-1,2024-04-18 13:34:34.09-07,2024-07-12 10:46:07.187487-07,2024-08-22 17:34:40.5267-07
NY-AT16054-6,2024-04-18 13:34:34.09-07,2024-07-12 10:46:43.171287-07,2024-08-22 17:35:48.627565-07
NY-AT16054-7,2024-04-18 13:34:34.09-07,2024-06-28 10:58:51.655498-07,2024-07-03 16:08:20.423699-07
NW_MX2102-8,2024-03-05 10:44:05.506-08,2024-10-21 19:43:11.694709-07,2024-12-09 21:18:36.549128-08
NY-AT16054-5,2024-04-18 13:34:34.09-07,2024-07-12 10:46:36.103783-07,2024-08-22 17:35:37.278737-07
NY-AT16059-3,2024-05-07 07:47:28.009-07,2024-07-12 10:44:09.308958-07,2024-08-19 12:28:59.762512-07
NY-AT16059-2,2024-05-07 07:47:28.009-07,2024-07-12 10:44:00.829946-07,2024-08-19 12:28:47.901442-07
NY-AT16059-1,2024-05-07 07:47:28.009-07,2024-07-12 10:43:53.092874-07,2024-08-19 12:28:34.9064-07
NY-AT16059-7,2024-05-07 07:47:28.009-07,2024-07-12 10:48:24.048177-07,2024-08-22 17:36:53.198467-07
NY-AT16059-6,2024-05-07 07:47:28.009-07,2024-07-12 10:48:17.071771-07,2024-08-22 17:36:41.074093-07
NY-AT16059-5,2024-05-07 07:47:28.009-07,2024-07-12 10:48:09.917644-07,2024-08-22 10:42:51.041992-07
NY-AT16059-4,2024-05-07 07:47:28.009-07,2024-07-12 10:48:02.641035-07,2024-08-22 10:42:37.34668-07
NY-AT16059-9,2024-05-07 07:47:28.009-07,2024-07-12 10:48:38.466868-07,2024-08-22 10:43:13.715223-07
NY-AT16059-8,2024-05-07 07:47:28.009-07,2024-07-12 10:48:31.210246-07,2024-08-22 10:43:03.438931-07
NY-MX12055-9,2024-04-23 14:22:29.749-07,2024-07-12 10:47:26.467641-07,2024-08-22 10:41:48.991476-07
NY-MX12055-8,2024-04-23 14:22:29.749-07,2024-07-12 10:43:23.468613-07,2024-08-19 12:27:17.011886-07
NY-MX12055-4,2024-04-23 14:22:29.749-07,2024-07-12 10:47:12.411474-07,2024-08-22 17:36:23.776297-07
NY-AT0665-1,2024-03-05 14:31:57.029-08,2024-12-25 11:39:37.061197-08,2025-01-07 22:08:01.31051-08
NW_MX2083-6,2024-03-07 16:57:28.577-08,2024-11-05 13:02:48.131398-08,2024-12-09 22:44:21.768479-08
NW_MX2083-4,2024-03-07 16:57:28.577-08,2025-02-11 03:57:10.453738-08,2025-02-17 06:47:14.81984-08
NW_MX2083-5,2024-03-07 16:57:28.577-08,2025-02-11 03:59:17.583433-08,2025-02-17 06:52:21.126013-08
NW_MX2083-2,2024-03-07 16:57:28.577-08,2024-11-05 12:56:29.527045-08,2024-12-09 22:42:01.881342-08
NW_MX2083-3,2024-03-07 16:57:28.577-08,2024-11-05 12:59:38.849451-08,2024-12-09 22:43:11.742191-08
NW_MX2083-1,2024-03-07 16:57:28.577-08,2024-12-19 09:44:55.384882-08,2025-01-08 07:11:00.924859-08
NW_MX2083-8,2024-03-07 16:57:28.577-08,2024-11-05 13:09:06.671016-08,2024-12-09 22:46:41.421452-08
NW_MX2083-9,2024-03-07 16:57:28.577-08,2024-11-05 13:12:16.615757-08,2024-12-09 22:47:51.249933-08
NW-AT0712-1,2024-07-31 20:37:08.508-07,2024-08-27 18:25:58.787547-07,2024-09-10 16:43:39.418483-07
SQ_AT0585-5,2024-02-15 04:57:43.355-08,2024-08-30 00:56:45.698307-07,2024-09-10 13:02:27.296901-07
SQ_AT0585-6,2024-02-15 04:57:43.355-08,2024-08-30 00:59:57.141081-07,2024-09-10 13:05:45.290698-07
SQ_AT0585-7,2024-02-15 04:57:43.355-08,2024-08-30 01:03:07.394491-07,2024-09-10 13:09:10.540557-07
SQ_AT0585-8,2024-02-15 04:57:43.355-08,2024-08-30 01:06:18.495028-07,2024-09-10 13:12:43.912808-07
SQ_AT0585-9,2024-02-15 04:57:43.355-08,2024-08-30 01:09:29.7256-07,2024-09-10 13:16:32.909175-07
NW-TX4098-9,2024-02-12 13:28:39.274-08,2024-02-12 13:47:34.805725-08,2024-02-13 09:23:39.460825-08
NW-TX4098-8,2024-02-12 13:28:39.274-08,2024-02-12 13:47:22.117028-08,2024-02-13 09:23:21.594063-08
NW-TX4098-5,2024-02-12 13:28:39.274-08,2024-02-12 13:46:45.158185-08,2024-02-13 09:22:42.181925-08
NW-TX4098-4,2024-02-12 13:28:39.274-08,2024-02-12 13:46:33.83108-08,2024-02-13 09:22:29.31412-08
NW-TX4098-7,2024-02-12 13:28:39.274-08,2024-02-12 13:47:11.370677-08,2024-02-13 09:23:07.776236-08
NW-TX4098-6,2024-02-12 13:28:39.274-08,2024-02-12 13:46:58.65653-08,2024-02-13 09:22:54.862918-08
NW-TX4098-1,2024-02-12 13:28:39.274-08,2024-02-12 13:45:10.293313-08,2024-02-13 09:21:40.285917-08
NW-TX4098-3,2024-02-12 13:28:39.274-08,2024-02-12 13:46:21.860437-08,2024-02-13 09:22:13.799723-08
NW-TX4098-2,2024-02-12 13:28:39.274-08,2024-02-12 13:45:26.43651-08,2024-02-13 09:21:55.786452-08
NW-TX4095-4,2024-02-01 14:48:06.999-08,2024-02-02 08:43:47.841982-08,2024-02-06 15:33:15.399013-08
NW-TX4095-5,2024-02-01 14:48:06.999-08,2024-02-02 08:43:57.115213-08,2024-02-06 15:33:27.429036-08
NW-TX4095-6,2024-02-01 14:48:06.999-08,2024-02-02 10:59:23.310334-08,2024-02-06 15:33:39.909134-08
NW-TX4095-7,2024-02-01 14:48:06.999-08,2024-02-02 08:44:14.644678-08,2024-02-06 15:33:51.791366-08
NY-MX12070-8,2024-06-27 20:57:18.333-07,2024-11-19 08:33:21.719015-08,2024-12-03 13:43:04.397298-08
NW-TX4095-1,2024-02-01 14:48:06.999-08,2024-02-02 08:40:31.010059-08,2024-02-06 15:32:35.516666-08
NW-TX4095-2,2024-02-01 14:48:06.999-08,2024-02-02 08:41:14.121757-08,2024-02-06 15:32:51.869161-08
NW-TX4095-3,2024-02-01 14:48:06.999-08,2024-02-02 08:43:36.886542-08,2024-02-06 15:33:03.23714-08
NY-MX12070-4,2024-06-27 20:57:18.333-07,2024-07-08 14:31:30.628626-07,2024-12-10 00:47:44.885165-08
NY-MX12070-5,2024-06-27 20:57:18.333-07,2024-11-11 16:34:21.131848-08,2024-12-02 13:11:14.328185-08
NY-MX12070-6,2024-06-27 20:57:18.333-07,2024-11-11 16:40:45.012181-08,2025-03-21 11:34:28.859181-07
NY-MX12070-7,2024-06-27 20:57:18.333-07,2024-07-17 13:00:00.160488-07,2024-12-02 12:50:00.917092-08
NW-TX4095-8,2024-02-01 14:48:06.999-08,2024-02-02 08:44:23.402385-08,2024-02-06 15:34:03.459661-08
NW-TX4095-9,2024-02-01 14:48:06.999-08,2024-02-02 11:07:40.990402-08,2024-02-06 15:34:15.725919-08
NY-MX12070-2,2024-06-27 20:57:18.333-07,2024-07-08 14:31:14.247355-07,2024-12-10 00:45:16.124292-08
NY-MX12070-3,2024-06-27 20:57:18.333-07,2024-07-08 14:31:22.38963-07,2024-12-10 00:46:30.054552-08
SQ_MX2026-6,2024-03-07 13:16:47.129-08,2024-11-10 01:15:28.376774-08,2025-01-08 00:21:10.646751-08
SQ_AT0032-7,2024-03-23 13:04:22.165-07,2024-10-21 18:48:58.423868-07,2025-01-07 16:32:36.17536-08
SQ_MX2026-4,2024-03-07 13:16:47.129-08,2024-11-19 09:16:21.057349-08,2025-01-08 00:16:45.752219-08
SQ_MX2026-5,2024-03-07 13:16:47.129-08,2024-11-05 14:12:30.71821-08,2025-01-07 22:40:38.554421-08
SQ_MX2026-2,2024-03-07 13:16:47.129-08,2024-11-05 14:09:21.05352-08,2025-01-07 22:38:27.874451-08
SQ_MX2026-3,2024-03-07 13:16:47.129-08,2024-11-10 01:06:04.915579-08,2025-01-08 00:14:34.775445-08
SQ_AT0032-6,2024-03-23 13:04:22.165-07,2024-11-10 01:12:20.666973-08,2025-01-08 00:18:58.760823-08
SQ_MX2026-1,2024-03-07 13:16:47.129-08,2024-11-05 14:06:11.731541-08,2025-01-07 22:36:17.949024-08
NY-MX12014-2,2023-11-02 08:17:47.706-07,2024-11-21 23:59:55.183094-08,2024-12-10 01:32:26.331888-08
NY-MX12014-3,2023-11-02 08:17:47.706-07,2024-11-24 01:39:35.035719-08,2024-12-10 01:33:36.91572-08
NY-MX12014-1,2023-11-02 08:17:47.706-07,2024-11-21 23:56:45.383822-08,2024-12-10 01:31:16.232992-08
NY-MX12014-6,2023-11-02 08:17:47.706-07,2024-02-26 15:42:17.934607-08,2024-12-10 00:11:34.308717-08
NY-MX12014-7,2023-11-02 08:17:47.706-07,2024-02-26 15:42:34.930899-08,2024-12-10 00:12:48.20122-08
NY-MX12014-4,2023-11-02 08:17:47.706-07,2024-11-24 01:42:44.563314-08,2024-12-10 01:34:47.798978-08
NY-MX12014-5,2023-11-02 08:17:47.706-07,2024-11-22 00:09:40.213976-08,2024-12-10 01:35:58.057153-08
NY-MX12014-8,2023-11-02 08:17:47.706-07,2024-09-24 15:42:35.520999-07,2024-09-25 10:03:50.543437-07
NY-MX12014-9,2023-11-02 08:17:47.706-07,2024-09-24 15:43:15.558786-07,2024-09-25 10:04:02.730861-07
NY-AT26010-16,2024-10-20 10:25:26.02-07,2024-10-29 11:59:45.108699-07,2024-10-31 11:54:48.6031-07
SQ_AT0058-10,2024-01-11 20:57:57.467-08,2024-12-11 10:58:35.811776-08,2025-01-07 17:24:30.068973-08
NW-AT0699-3,2024-05-04 10:43:11.536-07,2024-09-26 10:34:34.475258-07,2024-09-30 10:12:12.535134-07
NY-MX2151-6,2023-10-25 04:28:03.43-07,2024-10-01 17:15:23.665802-07,2024-12-09 19:14:23.353602-08
NY-MX2151-7,2023-10-25 04:28:03.43-07,2024-10-01 17:18:40.429626-07,2024-12-09 19:15:34.440936-08
NY-MX2151-4,2023-10-25 04:28:03.43-07,2024-08-28 05:14:57.5114-07,2024-09-11 17:54:58.05185-07
NY-MX2151-5,2023-10-25 04:28:03.43-07,2024-08-28 05:18:09.24665-07,2024-09-11 17:58:11.853796-07
NW-AT0699-2,2024-05-04 10:43:11.536-07,2024-09-26 10:34:21.351657-07,2024-09-30 10:11:57.187866-07
NY-MX2151-3,2023-10-25 04:28:03.43-07,2024-08-28 05:11:47.445883-07,2024-09-11 17:51:45.735444-07
NY-MX2151-1,2023-10-25 04:28:03.43-07,2024-10-01 17:08:48.971034-07,2024-12-09 19:12:01.534138-08
NY-MX2151-8,2023-10-25 04:28:03.43-07,2024-10-01 17:22:00.26237-07,2024-12-09 19:16:45.506943-08
NY-MX2151-9,2023-10-25 04:28:03.43-07,2024-10-01 17:25:20.599709-07,2024-12-09 19:17:56.308903-08
NY-AT16013-9,2023-10-25 15:47:53.61-07,2024-11-21 23:53:35.186037-08,2024-12-10 01:30:05.313613-08
NY-AT16013-8,2023-10-25 15:47:53.61-07,2024-09-24 15:41:38.410969-07,2024-09-25 10:03:02.064336-07
SQ_AT0020-12,2023-11-17 20:19:02.047-08,2024-11-24 05:34:12.497461-08,2024-12-10 15:48:13.310325-08
NY-AT16013-1,2023-10-25 15:47:53.61-07,2024-09-24 15:34:14.862287-07,2024-09-25 10:00:06.412446-07
NY-AT16013-3,2023-10-25 15:47:53.61-07,2024-09-24 15:34:42.742491-07,2024-09-25 10:01:50.111457-07
NY-AT16013-2,2023-10-25 15:47:53.61-07,2024-09-24 15:34:28.668204-07,2024-09-25 10:01:35.2638-07
NY-AT16013-5,2023-10-25 15:47:53.61-07,2024-09-24 15:40:25.949164-07,2024-09-25 10:02:21.870211-07
NY-AT16013-4,2023-10-25 15:47:53.61-07,2024-09-24 15:39:56.608749-07,2024-09-25 10:02:06.992638-07
NY-AT16013-7,2023-10-25 15:47:53.61-07,2024-09-24 15:41:16.200202-07,2024-09-25 10:02:50.826226-07
NY-AT16013-6,2023-10-25 15:47:53.61-07,2024-09-24 15:40:50.440507-07,2024-09-25 10:02:39.629513-07
NY-AT0659-4,2024-03-05 14:33:08.657-08,2025-02-11 16:56:54.640399-08,2025-02-17 11:59:06.785325-08
SQ_AT012-12,2024-03-23 20:55:54.831-07,2025-02-10 03:43:46.913585-08,2025-02-17 02:46:57.668419-08
SQ_AT012-13,2024-03-23 20:55:54.831-07,2025-02-10 03:45:52.721136-08,2025-02-17 02:52:05.353565-08
SQ_AT012-10,2024-03-23 20:55:54.831-07,2025-02-10 03:09:34.018361-08,2025-02-17 02:36:43.709288-08
SQ_AT012-11,2024-03-23 20:55:54.831-07,2025-02-10 03:41:40.57235-08,2025-02-17 02:41:50.920825-08
SQ_AT015-12,2024-03-23 03:58:52.632-07,2024-11-24 06:09:13.156091-08,2025-01-08 01:48:13.362124-08
SQ_AT015-11,2024-03-23 03:58:52.632-07,2024-11-26 10:17:26.841888-08,2024-12-10 15:59:55.120328-08
SQ_AT015-10,2024-03-23 03:58:52.632-07,2024-11-24 05:18:17.196476-08,2025-01-08 01:24:24.735942-08
NY-MX12012-10,2023-10-24 22:28:17.874-07,2024-01-24 08:57:56.144048-08,2024-12-10 00:10:23.433937-08
NY-AT0677-3,2023-11-22 07:43:24.74-08,2024-08-30 01:41:19.040897-07,2024-09-10 13:54:15.990376-07
NY-AT0677-1,2023-11-22 07:43:24.74-08,2024-08-28 06:40:49.282908-07,2024-09-11 19:25:33.553663-07
NY-AT0677-7,2023-11-22 07:43:24.74-08,2024-08-28 06:47:09.710688-07,2024-09-11 19:31:55.909099-07
NY-AT0677-6,2023-11-22 07:43:24.74-08,2024-08-28 06:43:59.43825-07,2024-09-11 19:28:44.417334-07
NY-AT0677-5,2023-11-22 07:43:24.74-08,2024-08-27 16:08:06.847632-07,2024-09-10 14:01:50.697699-07
NY-AT0677-4,2023-11-22 07:43:24.74-08,2024-08-30 01:44:29.469533-07,2024-09-10 13:58:02.819863-07
NY-AT0677-9,2023-11-22 07:43:24.74-08,2025-02-10 00:40:03.671736-08,2025-02-16 23:30:47.902492-08
NY-AT0677-8,2023-11-22 07:43:24.74-08,2025-02-10 00:22:57.465977-08,2025-02-16 23:25:41.447019-08
SQ_AT0052-8,2023-11-17 20:31:36.179-08,2024-12-17 11:13:28.7786-08,2025-01-07 20:34:15.857904-08
NW_MX2117-8,2023-03-06 15:06:27.488-08,2024-08-27 21:05:10.53939-07,2024-09-11 10:21:57.108255-07
NW_MX2117-9,2023-03-06 15:06:27.488-08,2024-08-27 21:08:27.662202-07,2024-09-11 10:25:07.529182-07
NY-MX12005-6,2024-03-05 07:24:24.364-08,2024-11-13 14:52:07.440433-08,2024-12-09 22:35:01.752027-08
NW_MX2117-4,2023-03-06 15:06:27.488-08,2025-02-08 15:45:43.330809-08,2025-02-16 14:47:39.914059-08
NW_MX2117-5,2023-03-06 15:06:27.488-08,2025-02-08 15:47:49.335444-08,2025-02-16 14:52:46.431961-08
NW_MX2117-6,2023-03-06 15:06:27.488-08,2025-02-08 15:49:56.142489-08,2025-02-16 14:57:52.924951-08
NW_MX2117-7,2023-03-06 15:06:27.488-08,2024-09-02 11:01:45.75596-07,2024-09-11 10:18:45.694123-07
NW_MX2117-1,2023-03-06 15:06:27.488-08,2025-02-08 15:39:24.352593-08,2025-02-16 14:32:20.011396-08
NW_MX2117-2,2023-03-06 15:06:27.488-08,2025-02-08 15:41:31.076675-08,2025-02-16 14:37:27.164068-08
NW_MX2117-3,2023-03-06 15:06:27.488-08,2025-02-08 15:43:37.112481-08,2025-02-16 14:42:33.529666-08
NW_MX2077-9,2024-02-15 04:45:27.904-08,2024-08-30 01:09:29.7256-07,2024-09-10 13:16:32.909175-07
NW_MX2077-8,2024-02-15 04:45:27.904-08,2024-08-30 01:06:18.495028-07,2024-09-10 13:12:43.912808-07
NW-AT0698-9,2024-04-30 04:06:27.043-07,2024-08-28 07:53:55.880953-07,2024-09-11 20:39:06.481045-07
NW_MX0001-11,2024-03-07 16:05:00.997-08,2025-02-10 03:45:52.721136-08,2025-02-17 02:52:05.353565-08
NW_MX2077-1,2024-02-15 04:45:27.904-08,2024-12-11 11:33:21.146079-08,2025-01-07 17:48:19.826607-08
NW_MX2077-7,2024-02-15 04:45:27.904-08,2024-08-30 01:03:07.394491-07,2024-09-10 13:09:10.540557-07
NW_MX2077-6,2024-02-15 04:45:27.904-08,2024-08-30 00:59:57.141081-07,2024-09-10 13:05:45.290698-07
NW_MX2077-5,2024-02-15 04:45:27.904-08,2024-08-30 00:56:45.698307-07,2024-09-10 13:02:27.296901-07
NW_MX2077-4,2024-02-15 04:45:27.904-08,2024-02-15 15:07:43.312209-08,2024-12-10 19:10:59.033444-08
NY-MX2138-10,2023-07-19 15:21:19.346-07,2024-10-01 15:46:58.021348-07,2024-12-09 11:06:22.39642-08
NY-MX12064-3,2024-06-18 16:09:18.785-07,2024-06-10 13:08:17.849187-07,2025-01-29 14:06:50.141688-08
NY-MX12064-2,2024-06-18 16:09:18.785-07,2024-11-11 14:44:58.844019-08,2024-12-02 13:00:34.545172-08
NY-MX12064-1,2024-06-18 16:09:18.785-07,2024-11-11 14:41:48.311559-08,2025-03-21 10:50:48.181949-07
NY-MX12064-7,2024-06-18 16:09:18.785-07,2024-11-11 14:54:32.125501-08,2024-12-02 13:01:07.265069-08
NY-MX12064-6,2024-06-18 16:09:18.785-07,2024-11-11 14:51:20.481893-08,2024-12-02 13:00:50.421575-08
NY-MX12064-5,2024-06-18 16:09:18.785-07,2024-06-10 13:09:57.512219-07,2025-01-29 16:02:35.47711-08
NY-MX12064-4,2024-06-18 16:09:18.785-07,2024-06-10 13:08:54.605458-07,2025-01-29 16:02:20.622618-08
NY-MX12064-8,2024-06-18 16:09:18.785-07,2024-11-11 14:48:09.384442-08,2024-12-02 13:01:29.390571-08
NY-MX12021-6,2024-03-05 10:40:51.517-08,2024-07-17 12:54:52.947875-07,2024-12-02 12:49:11.66273-08
NY-MX12021-7,2024-03-05 10:40:51.517-08,2024-07-17 12:55:01.115354-07,2024-12-02 12:49:25.405915-08
NY-MX12021-4,2024-03-05 10:40:51.517-08,2023-12-12 09:30:32.74674-08,2024-12-10 00:17:29.52573-08
NY-MX12021-5,2024-03-05 10:40:51.517-08,2024-11-22 01:32:10.856629-08,2024-12-10 02:07:29.856528-08
NY-MX12021-2,2024-03-05 10:40:51.517-08,2024-11-22 01:29:01.436155-08,2024-12-10 02:06:20.513223-08
NY-MX12021-3,2024-03-05 10:40:51.517-08,2024-02-26 15:43:52.812291-08,2024-12-10 00:16:19.724429-08
NY-MX12021-1,2024-03-05 10:40:51.517-08,2024-11-22 01:25:51.515703-08,2024-12-10 02:05:11.145999-08
NY-MX12021-8,2024-03-05 10:40:51.517-08,2024-11-22 01:35:21.323958-08,2024-12-10 02:08:39.623128-08
NY-MX12021-9,2024-03-05 10:40:51.517-08,2024-11-22 01:38:33.336573-08,2024-12-10 02:09:49.114805-08
NY-AT16049-4,2024-03-30 05:22:51.571-07,2024-07-11 18:09:04.843651-07,2024-08-20 11:17:47.803497-07
NY-AT16049-5,2024-03-30 05:22:51.571-07,2024-08-21 10:22:44.31456-07,2024-08-22 12:25:34.34455-07
NY-AT16049-6,2024-03-30 05:22:51.571-07,2024-07-11 18:09:12.450949-07,2024-08-20 11:17:58.245004-07
NY-AT16049-7,2024-03-30 05:22:51.571-07,2024-07-11 18:09:19.982228-07,2024-08-20 11:18:08.990515-07
NY-AT16049-1,2024-03-30 05:22:51.571-07,2024-08-21 12:45:40.282001-07,2024-08-22 12:15:35.458029-07
NY-AT16049-2,2024-03-30 05:22:51.571-07,2024-08-21 12:46:00.462183-07,2024-08-22 12:15:49.565545-07
NY-AT16049-3,2024-03-30 05:22:51.571-07,2024-07-17 13:13:16.953663-07,2024-08-22 12:16:02.716186-07
NY-TX14002-4,2023-07-24 16:07:39.546-07,2023-07-26 10:41:33.023798-07,2023-12-15 03:51:47.963089-08
NY-AT16049-8,2024-03-30 05:22:51.571-07,2024-11-19 08:04:52.85992-08,2024-12-10 01:06:43.301423-08
NY-AT16049-9,2024-03-30 05:22:51.571-07,2024-08-14 15:16:56.081049-07,2024-12-10 01:07:59.484531-08
NY-TX14002-2,2023-07-24 16:07:39.546-07,2023-07-26 10:39:09.292541-07,2023-12-15 03:52:11.862508-08
NY-TX14002-3,2023-07-24 16:07:39.546-07,2023-07-26 10:39:30.792078-07,2023-12-15 03:51:59.547805-08
SQ_AT0050-11,2024-03-21 14:48:59.736-07,2024-12-17 05:31:55.107977-08,2025-01-07 20:16:41.585007-08
SQ_AT0050-10,2024-03-21 14:48:59.736-07,2024-12-17 05:26:38.518842-08,2025-01-07 20:14:30.714246-08
NY-TX4091-4,2023-10-03 22:14:49.954-07,2024-08-02 13:40:24.996063-07,2023-12-08 02:06:11.183-08
NY-TX4091-5,2023-10-03 22:14:49.954-07,2023-10-10 13:50:50.741302-07,2023-12-08 02:06:19.671678-08
NW-TX4121-2,2024-08-13 23:03:57.091-07,2025-01-12 18:02:57.776793-08,2025-01-16 09:21:29.794945-08
NW_TX4051-10,2024-02-29 15:50:03.882-08,2024-03-14 16:00:36.060513-07,2025-02-13 14:18:48.258734-08
NW_TX4051-11,2024-02-29 15:50:03.882-08,2024-03-14 16:00:49.036102-07,2025-02-13 14:19:02.472605-08
NW_TX4051-12,2024-02-29 15:50:03.882-08,2024-03-14 16:01:04.002331-07,2025-02-13 14:19:16.793002-08
NW_TX4051-13,2024-02-29 15:50:03.882-08,2024-03-14 16:01:17.544143-07,2025-02-13 14:19:32.971438-08
NW_TX4051-15,2024-02-29 15:50:03.882-08,2024-03-06 14:34:47.132752-08,2025-02-14 11:17:27.087012-08
NW_TX4051-16,2024-02-29 15:50:03.882-08,2024-03-14 16:01:29.878648-07,2025-02-14 11:17:43.072865-08
SQ_AT0621-1,2024-02-29 11:05:34.583-08,2024-10-01 12:37:51.97948-07,2024-12-09 09:52:54.917695-08
SQ_AT0054-14,2024-01-11 21:19:25.531-08,2024-12-11 10:11:11.911032-08,2025-01-07 16:52:02.679956-08
SQ_AT0621-2,2024-02-29 11:05:34.583-08,2024-11-10 00:50:25.288108-08,2024-12-10 14:44:16.804595-08
NY-TX14022-2,2023-11-22 03:53:22.937-08,2023-11-22 09:26:52.675914-08,2023-12-08 02:09:11.817016-08
NY-TX14022-3,2023-11-22 03:53:22.937-08,2023-11-22 09:27:11.021592-08,2023-12-08 02:09:19.983275-08
NY-TX14022-1,2023-11-22 03:53:22.937-08,2023-11-22 09:26:16.967164-08,2023-12-08 02:09:03.545584-08
NY-TX14022-4,2023-11-22 03:53:22.937-08,2023-11-22 09:27:35.346138-08,2023-12-08 02:09:28.238308-08
NY-AT16026-9,2024-01-17 00:53:12.442-08,2024-07-25 14:58:30.23291-07,2024-08-16 11:59:41.844483-07
NY-AT16026-8,2024-01-17 00:53:12.442-08,2024-07-17 13:09:42.401211-07,2024-08-16 10:53:20.742009-07
NY-AT16026-5,2024-01-17 00:53:12.442-08,2024-07-17 13:09:19.92477-07,2024-08-16 10:52:46.056156-07
NY-AT16026-4,2024-01-17 00:53:12.442-08,2024-07-17 13:09:11.674493-07,2024-08-16 10:52:33.768972-07
NY-AT16026-7,2024-01-17 00:53:12.442-08,2024-07-17 13:09:34.676208-07,2024-08-16 10:53:09.146266-07
NY-AT16026-6,2024-01-17 00:53:12.442-08,2024-07-17 13:09:27.283165-07,2024-08-16 10:52:58.657851-07
NY-AT16026-1,2024-01-17 00:53:12.442-08,2024-11-22 03:20:14.519403-08,2024-12-10 10:40:51.314391-08
NY-AT16026-3,2024-01-17 00:53:12.442-08,2024-11-22 03:26:35.789946-08,2024-12-10 10:43:11.050271-08
NY-AT16026-2,2024-01-17 00:53:12.442-08,2024-11-22 03:23:24.796174-08,2024-12-10 10:42:01.288501-08
NY-AT0645-12,2024-03-05 11:59:44.687-08,2024-02-21 09:32:05.089068-08,2024-08-22 12:37:03.817801-07
NY-AT0645-10,2024-03-05 11:59:44.687-08,2024-02-21 09:32:34.230872-08,2024-08-23 12:45:20.857546-07
NY-AT0645-11,2024-03-05 11:59:44.687-08,2024-02-21 09:31:49.989145-08,2024-08-22 12:36:51.947598-07
NY-AT16069-1,2024-06-28 02:55:17.588-07,2024-11-11 16:14:59.386554-08,2024-12-02 13:09:50.427074-08
NW_TX4042-4,2024-03-05 11:17:46.559-08,2025-02-17 11:43:46.39764-08,2025-02-18 09:48:28.512018-08
NW_TX4042-5,2024-03-05 11:17:46.559-08,2025-02-11 16:37:42.058654-08,2025-02-17 11:48:53.125376-08
NW_TX4042-2,2024-03-05 11:17:46.559-08,2025-02-11 16:01:14.287018-08,2025-02-17 11:33:33.694556-08
NW_TX4042-3,2024-03-05 11:17:46.559-08,2025-02-11 16:03:20.376433-08,2025-02-17 11:38:40.351199-08
NW_TX4042-1,2024-03-05 11:17:46.559-08,2025-02-11 15:59:07.876577-08,2025-02-17 11:28:26.784998-08
NY-AT0658-10,2024-03-05 15:01:02.497-08,2025-02-12 08:26:00.134105-08,2025-02-17 13:31:19.495454-08
NY-AT0658-11,2024-03-05 15:01:02.497-08,2025-02-12 07:23:34.844775-08,2025-02-17 13:26:12.801195-08
NW-TX4104-8,2024-04-09 00:25:52.591-07,2024-04-11 09:25:36.274314-07,2024-04-11 10:55:40.818989-07
NW-TX4104-3,2024-04-09 00:25:52.591-07,2024-04-09 09:23:42.983998-07,2024-04-10 11:09:00.313056-07
NW-TX4104-2,2024-04-09 00:25:52.591-07,2024-04-09 09:23:29.421021-07,2024-04-10 11:08:48.252842-07
NW-TX4104-1,2024-04-09 00:25:52.591-07,2024-04-09 09:23:15.321258-07,2024-04-10 11:08:34.894275-07
NW-TX4104-7,2024-04-09 00:25:52.591-07,2024-04-09 09:24:34.176284-07,2024-04-10 11:09:55.180832-07
NW-TX4104-6,2024-04-09 00:25:52.591-07,2024-04-09 09:24:22.001763-07,2024-04-10 11:09:42.555156-07
NW-TX4104-5,2024-04-09 00:25:52.591-07,2024-04-09 09:24:07.041666-07,2024-04-10 11:09:29.414984-07
NW-TX4104-4,2024-04-09 00:25:52.591-07,2024-04-09 09:23:54.531395-07,2024-04-10 11:09:17.575902-07
NW-MX2186-1,2024-06-08 02:01:44.394-07,2024-08-28 10:50:12.315621-07,2024-09-11 22:18:05.46579-07
NW-MX2186-2,2024-06-08 02:01:44.394-07,2024-08-28 10:53:22.70018-07,2024-09-11 22:21:17.36149-07
NW-MX2186-3,2024-06-08 02:01:44.394-07,2024-08-28 10:56:33.749731-07,2024-09-11 22:24:27.838982-07
NW-MX2186-4,2024-06-08 02:01:44.394-07,2024-09-26 10:41:30.107841-07,2024-09-30 10:20:10.762391-07
NW-MX2186-5,2024-06-08 02:01:44.394-07,2024-09-26 10:41:42.260466-07,2024-09-30 10:20:50.697633-07
NW-MX2186-6,2024-06-08 02:01:44.394-07,2024-08-28 10:59:44.658027-07,2024-09-11 22:27:38.259402-07
NW-MX2186-7,2024-06-08 02:01:44.394-07,2024-08-28 11:02:56.034525-07,2024-09-11 22:30:51.748881-07
NW-MX2186-8,2024-06-08 02:01:44.394-07,2024-08-28 11:06:07.115774-07,2024-09-11 22:34:04.406972-07
NW-MX2186-9,2024-06-08 02:01:44.394-07,2024-08-28 11:09:17.957877-07,2024-09-11 22:37:19.446656-07
NY-AT26003-9,2024-08-31 19:19:23.43-07,2024-09-04 10:23:44.994909-07,2024-09-08 21:27:35.256344-07
NY-AT26003-8,2024-08-31 19:19:23.43-07,2024-09-04 10:19:43.422425-07,2024-09-08 21:30:46.597912-07
NY-AT26003-1,2024-08-31 19:19:23.43-07,2024-09-04 09:06:34.14159-07,2024-09-08 22:27:57.876535-07
NY-AT26003-3,2024-08-31 19:19:23.43-07,2024-09-04 09:59:17.769595-07,2024-09-08 21:46:39.833489-07
NY-AT26003-2,2024-08-31 19:19:23.43-07,2024-09-04 09:51:09.052618-07,2024-09-08 21:53:01.393818-07
NY-AT26003-5,2024-08-31 19:19:23.43-07,2024-09-04 10:07:22.560865-07,2024-09-08 21:40:18.48471-07
NY-AT26003-4,2024-08-31 19:19:23.43-07,2024-09-04 10:03:19.051871-07,2024-09-08 21:43:29.400719-07
NY-AT26003-7,2024-08-31 19:19:23.43-07,2024-09-04 10:15:39.937634-07,2024-09-08 21:33:57.156709-07
NY-AT26003-6,2024-08-31 19:19:23.43-07,2024-09-04 10:11:29.720797-07,2024-09-08 21:37:07.996099-07
SQ_AT0619-7,2024-03-05 08:47:05.568-08,2024-10-01 14:21:04.229742-07,2024-12-09 10:32:47.621566-08
SQ_AT0619-2,2024-03-05 08:47:05.568-08,2024-10-01 14:08:19.970828-07,2024-12-09 10:27:50.800239-08
NW-MX2164-8,2023-12-11 20:53:50.544-08,2025-02-10 02:50:26.047234-08,2025-02-17 00:32:06.987118-08
NW-MX2164-9,2023-12-11 20:53:50.544-08,2025-02-10 02:52:32.073875-08,2025-02-17 00:37:13.666799-08
NW-MX2164-1,2023-12-11 20:53:50.544-08,2024-12-19 13:22:02.121045-08,2025-01-08 08:57:01.997665-08
NW-MX2164-2,2023-12-11 20:53:50.544-08,2024-10-22 06:41:24.235186-07,2024-12-11 00:49:26.765418-08
NW-MX2164-3,2023-12-11 20:53:50.544-08,2024-10-22 06:44:35.688346-07,2024-12-11 00:50:36.639686-08
NW-MX2164-4,2023-12-11 20:53:50.544-08,2024-10-22 06:47:44.906981-07,2024-12-11 00:51:46.088063-08
NW-MX2164-5,2023-12-11 20:53:50.544-08,2024-10-22 06:50:54.268368-07,2024-12-11 00:52:56.318625-08
NW-MX2164-6,2023-12-11 20:53:50.544-08,2024-10-22 06:54:04.323607-07,2024-12-11 00:54:06.170012-08
NW-MX2164-7,2023-12-11 20:53:50.544-08,2025-02-10 02:33:20.035072-08,2025-02-17 00:27:00.495103-08
NY-MX2149-5,2023-10-12 05:59:43.5-07,2025-02-11 06:23:21.800571-08,2025-02-17 08:19:16.277765-08
NY-MX2149-4,2023-10-12 05:59:43.5-07,2024-08-28 04:55:56.484662-07,2024-09-11 17:35:34.295112-07
NY-MX2149-7,2023-10-12 05:59:43.5-07,2025-02-11 06:59:42.799185-08,2025-02-17 08:34:36.603257-08
NY-MX2149-6,2023-10-12 05:59:43.5-07,2025-02-11 06:57:35.641477-08,2025-02-17 08:29:29.419322-08
NY-AT26001-9,2024-03-26 17:14:08.27-07,2024-08-26 09:57:03.533751-07,2024-09-23 16:56:02.036534-07
NY-MX2149-3,2023-10-12 05:59:43.5-07,2024-08-28 04:52:46.215021-07,2024-09-11 17:31:42.258353-07
NY-MX2149-2,2023-10-12 05:59:43.5-07,2024-08-28 04:49:35.969071-07,2024-09-11 17:28:16.203078-07
NY-MX2149-9,2023-10-12 05:59:43.5-07,2025-02-11 08:04:08.258585-08,2025-02-17 08:44:50.117118-08
NW_AT0600-9,2024-02-15 05:09:40.084-08,2024-01-12 13:19:59.541115-08,2024-12-10 17:40:00.236822-08
NW_AT0600-8,2024-02-15 05:09:40.084-08,2024-11-05 15:34:52.098921-08,2024-12-10 15:20:16.583116-08
NW_AT0600-1,2024-02-15 05:09:40.084-08,2024-08-27 15:51:56.748029-07,2024-09-10 13:35:11.481479-07
NW_AT0600-3,2024-02-15 05:09:40.084-08,2024-02-15 15:09:36.208745-08,2024-12-10 23:44:08.028165-08
NW_AT0600-2,2024-02-15 05:09:40.084-08,2024-08-27 15:55:11.976886-07,2024-09-10 13:42:48.999129-07
NW_AT0600-5,2024-02-15 05:09:40.084-08,2024-11-26 10:23:44.645643-08,2024-12-10 16:36:06.014706-08
NW_AT0600-4,2024-02-15 05:09:40.084-08,2024-02-20 10:28:07.278074-08,2024-12-10 23:45:17.268073-08
NW_AT0600-7,2024-02-15 05:09:40.084-08,2024-10-22 04:16:02.96232-07,2024-12-11 00:34:20.059226-08
NW_AT0600-6,2024-02-15 05:09:40.084-08,2024-12-19 10:00:26.554665-08,2025-01-08 07:17:30.575386-08
SQ_MX2019-8,2024-01-11 21:16:05.213-08,2024-10-21 18:23:29.159688-07,2024-12-09 20:49:08.599001-08
SQ_MX2019-9,2024-01-11 21:16:05.213-08,2024-10-21 18:26:40.5203-07,2024-12-09 20:50:19.940986-08
SQ_MX2019-4,2024-01-11 21:16:05.213-08,2025-02-27 14:20:34.264442-08,2025-03-03 13:08:53.552426-08
SQ_MX2019-5,2024-01-11 21:16:05.213-08,2024-01-17 13:43:44.661523-08,2025-01-08 03:01:53.987228-08
SQ_MX2019-6,2024-01-11 21:16:05.213-08,2024-01-17 13:44:29.144002-08,2025-01-08 03:04:04.467485-08
NW_MX2077-10,2024-02-15 04:45:27.904-08,2024-08-30 01:12:40.833081-07,2024-09-10 13:19:44.172862-07
NW-AT0695-1,2024-03-30 11:25:48.851-07,2024-10-01 20:22:15.175121-07,2024-12-09 20:24:58.217235-08
NW-AT0695-3,2024-03-30 11:25:48.851-07,2024-10-01 20:28:39.201152-07,2024-12-09 20:27:23.476963-08
NW-AT0695-2,2024-03-30 11:25:48.851-07,2024-10-01 20:25:26.30237-07,2024-12-09 20:26:11.150494-08
NW-AT0695-5,2024-03-30 11:25:48.851-07,2024-10-01 20:35:11.618442-07,2024-12-09 20:29:48.411596-08
NW-AT0695-4,2024-03-30 11:25:48.851-07,2024-10-01 20:31:57.696141-07,2024-12-09 20:28:35.996572-08
NW-AT0695-7,2024-03-30 11:25:48.851-07,2024-12-24 03:50:13.889838-08,2025-01-08 09:37:13.279387-08
NW-AT0695-9,2024-03-30 11:25:48.851-07,2024-09-26 10:27:37.871269-07,2024-09-30 10:00:36.0879-07
NW-AT0695-8,2024-03-30 11:25:48.851-07,2024-11-24 04:40:20.209068-08,2024-12-09 23:59:42.532571-08
SQ_MX2019-1,2024-01-11 21:16:05.213-08,2025-02-10 10:15:20.911756-08,2025-02-17 04:39:27.825214-08
SQ_MX2019-2,2024-01-11 21:16:05.213-08,2025-02-10 11:02:30.817059-08,2025-02-17 04:44:34.216079-08
SQ_AT0564-13,2024-01-11 21:26:17.48-08,2024-08-30 00:21:28.486862-07,2024-09-10 12:27:20.819963-07
SQ_MX2019-3,2024-01-11 21:16:05.213-08,2025-02-27 14:15:06.581536-08,2025-03-03 13:03:44.660563-08
SQ_AT0564-12,2024-01-11 21:26:17.48-08,2024-08-30 00:18:17.852603-07,2024-09-10 12:23:14.204597-07
SQ_AT0620-10,2024-03-05 11:40:47.279-08,2024-10-01 14:40:10.180582-07,2024-12-09 10:40:08.256573-08
NY-AT16061-2,2024-06-18 22:30:38.636-07,2024-05-24 10:43:55.226455-07,2024-08-22 17:38:08.684801-07
NW_MX2082-3,2024-02-27 23:45:03.859-08,2024-12-18 16:39:25.577294-08,2025-01-08 07:04:30.716385-08
NW_MX2082-2,2024-02-27 23:45:03.859-08,2024-10-22 03:41:19.735982-07,2024-12-11 00:29:41.581054-08
NW_MX2082-1,2024-02-27 23:45:03.859-08,2024-11-07 11:42:58.270012-08,2024-12-10 14:38:28.026962-08
NW_MX2082-7,2024-02-27 23:45:03.859-08,2024-10-22 03:53:57.766852-07,2024-12-11 00:32:00.513847-08
NW_MX2082-6,2024-02-27 23:45:03.859-08,2024-10-22 03:50:47.707608-07,2024-12-11 00:30:51.126874-08
NW_MX2082-5,2024-02-27 23:45:03.859-08,2024-08-30 01:22:13.364639-07,2024-09-10 13:31:23.807023-07
NW_MX2082-4,2024-02-27 23:45:03.859-08,2024-12-19 09:34:34.007251-08,2025-01-08 07:06:40.336152-08
NW_MX2082-9,2024-02-27 23:45:03.859-08,2024-10-22 04:00:16.782958-07,2024-12-11 00:33:10.553901-08
NW_MX2082-8,2024-02-27 23:45:03.859-08,2024-12-19 09:39:44.966194-08,2025-01-08 07:08:50.561956-08
NY-MX12060-5,2024-06-18 07:15:05.631-07,2024-05-20 11:06:58.039712-07,2024-08-19 12:30:39.508163-07
NW_MX2103-3,2024-02-29 10:56:27.868-08,2024-10-21 19:46:22.295394-07,2024-12-09 21:19:47.667651-08
NW_MX2103-2,2024-02-29 10:56:27.868-08,2024-11-08 11:37:56.750973-08,2024-12-10 12:23:13.662233-08
NW_MX2103-1,2024-02-29 10:56:27.868-08,2024-10-09 08:49:12.858279-07,2024-10-10 09:30:27.335077-07
NY-AT16061-3,2024-06-18 22:30:38.636-07,2024-05-24 10:44:16.617171-07,2024-08-19 12:23:02.685579-07
NW_MX2103-7,2024-02-29 10:56:27.868-08,2024-11-10 21:30:48.702542-08,2024-12-10 12:24:23.777061-08
NW_MX2103-6,2024-02-29 10:56:27.868-08,2024-10-22 09:57:07.339135-07,2024-12-10 16:47:39.735125-08
NW_MX2103-5,2024-02-29 10:56:27.868-08,2024-10-22 09:53:58.256826-07,2024-12-10 16:46:29.550694-08
NW_MX2103-4,2024-02-29 10:56:27.868-08,2024-10-01 12:05:35.857967-07,2024-12-09 09:40:22.314067-08
NY-MX12060-3,2024-06-18 07:15:05.631-07,2024-06-28 10:59:49.9273-07,2024-07-03 16:04:33.903974-07
NW_MX2103-9,2024-02-29 10:56:27.868-08,2024-10-01 12:11:56.891648-07,2024-12-09 09:42:51.580597-08
NW_MX2103-8,2024-02-29 10:56:27.868-08,2024-10-01 12:08:46.052303-07,2024-12-09 09:41:36.926092-08
NY-MX12060-2,2024-06-18 07:15:05.631-07,2024-06-28 11:00:04.584237-07,2024-07-03 16:04:50.074447-07
NY-MX12060-1,2024-06-18 07:15:05.631-07,2024-06-28 10:59:57.014741-07,2024-07-03 16:04:41.559966-07
NY-AT16078-2,2024-08-03 09:50:19.483-07,2024-08-14 15:43:58.218971-07,2024-12-10 11:40:13.241419-08
NY-MX12049-6,2024-03-29 22:35:12.762-07,2024-07-11 18:09:12.450949-07,2024-08-20 11:17:58.245004-07
NY-MX12049-7,2024-03-29 22:35:12.762-07,2024-07-11 18:09:19.982228-07,2024-08-20 11:18:08.990515-07
NY-AT16012-10,2023-10-25 11:16:51.925-07,2024-01-24 08:57:56.144048-08,2024-12-10 00:10:23.433937-08
NW-MX2154-5,2023-11-15 16:54:14.957-08,2024-08-28 06:12:14.661684-07,2024-09-11 18:56:52.332293-07
NW-MX2154-4,2023-11-15 16:54:14.957-08,2024-08-28 06:09:04.04281-07,2024-09-11 18:53:41.442225-07
NW-TX4129-6,2024-09-16 17:10:09.301-07,2024-09-18 10:14:30.673779-07,2025-01-22 15:20:47.161403-08
NW-MX2154-6,2023-11-15 16:54:14.957-08,2024-09-03 12:27:32.769875-07,2024-09-11 19:00:03.159128-07
NW-MX2154-1,2023-11-15 16:54:14.957-08,2024-08-28 05:59:27.946541-07,2024-09-11 18:44:09.015828-07
NW-TX4129-1,2024-09-16 17:10:09.301-07,2025-01-12 18:33:45.486608-08,2025-01-17 13:16:35.704074-08
NY-AT26012-1,2024-10-28 16:29:40.529-07,2024-10-29 15:10:28.849371-07,2024-10-31 11:25:52.204242-07
NY-AT26012-10,2024-10-28 16:29:40.529-07,2024-10-29 15:13:37.656434-07,2024-10-31 11:24:42.871655-07
NY-AT26012-11,2024-10-28 16:29:40.529-07,2024-10-29 15:16:45.902214-07,2024-10-31 11:23:32.291169-07
NY-AT26012-12,2024-10-28 16:29:40.529-07,2024-10-29 15:19:53.714844-07,2024-10-31 11:22:22.73204-07
NY-AT26012-13,2024-10-28 16:29:40.529-07,2024-10-29 15:23:01.499428-07,2025-03-21 11:56:22.624722-07
NY-AT26012-14,2024-10-28 16:29:40.529-07,2024-10-29 15:26:09.413425-07,2024-10-31 11:20:04.121192-07
NY-AT26012-15,2024-10-28 16:29:40.529-07,2024-10-29 15:29:17.112144-07,2025-03-21 11:15:44.8389-07
NY-AT26012-16,2024-10-28 16:29:40.529-07,2024-10-29 15:32:24.759947-07,2024-10-31 11:17:45.8328-07
NY-AT26012-17,2024-10-28 16:29:40.529-07,2024-10-29 15:35:32.721125-07,2024-10-31 11:16:36.167215-07
NY-AT26012-18,2024-10-28 16:29:40.529-07,2024-10-29 15:38:40.51247-07,2024-10-31 11:15:26.699297-07
NY-AT26012-19,2024-10-28 16:29:40.529-07,2024-10-29 15:41:47.981367-07,2024-10-31 11:14:17.223871-07
NY-AT26012-2,2024-10-28 16:29:40.529-07,2024-10-29 15:44:55.612596-07,2024-10-31 11:13:08.14614-07
NY-AT26012-20,2024-10-28 16:29:40.529-07,2024-10-29 15:48:13.353098-07,2024-10-31 11:11:58.843935-07
NY-AT26012-21,2024-10-28 16:29:40.529-07,2024-10-29 15:51:20.917653-07,2024-10-31 11:10:49.441764-07
NY-AT26012-3,2024-10-28 16:29:40.529-07,2024-10-29 15:54:29.236334-07,2024-10-31 11:09:39.414324-07
NY-AT26012-4,2024-10-28 16:29:40.529-07,2024-10-29 15:57:37.440061-07,2024-10-31 11:08:30.052775-07
NY-AT26012-5,2024-10-28 16:29:40.529-07,2024-10-29 16:00:45.24309-07,2024-10-31 11:07:20.835642-07
NY-AT26012-6,2024-10-28 16:29:40.529-07,2024-10-29 16:03:53.020825-07,2024-10-31 11:06:11.664497-07
NY-AT26012-7,2024-10-28 16:29:40.529-07,2024-10-29 16:07:01.644144-07,2024-10-31 11:05:02.567184-07
NY-AT26012-8,2024-10-28 16:29:40.529-07,2024-10-29 16:10:09.292103-07,2024-10-31 11:03:52.573046-07
NY-AT26012-9,2024-10-28 16:29:40.529-07,2024-10-29 16:13:16.983797-07,2024-10-31 11:02:42.182532-07
NW-TX4136-1,2024-10-27 06:39:05.655-07,2024-10-28 11:44:35.317119-07,2025-01-17 14:18:18.129646-08
NW-TX4136-2,2024-10-27 06:39:05.655-07,2024-10-28 11:44:49.167337-07,2025-01-17 14:21:31.258176-08
NW-TX4136-3,2024-10-27 06:39:05.655-07,2024-10-28 11:45:33.379043-07,2025-01-17 14:24:44.337511-08
NW-TX4136-4,2024-10-27 06:39:05.655-07,2024-10-28 11:45:47.477718-07,2025-01-17 14:17:46.642995-08
NW-TX4136-5,2024-10-27 06:39:05.655-07,2024-10-28 11:46:00.244883-07,2025-01-17 14:17:57.287192-08
NW-TX4136-6,2024-10-27 06:39:05.655-07,2024-10-28 11:46:12.82062-07,2025-01-17 14:18:07.593014-08
NY-TX24007-1,2024-10-27 20:50:29.873-07,2024-10-28 13:42:03.045518-07,2025-01-23 10:46:46.193465-08
NY-TX24007-10,2024-10-27 20:50:29.873-07,2024-10-28 13:44:54.89895-07,2025-01-23 10:46:12.908203-08
NY-TX24007-2,2024-10-27 20:50:29.873-07,2024-10-28 13:42:18.798798-07,2025-01-23 13:14:42.933472-08
NY-TX24007-3,2024-10-27 20:50:29.873-07,2024-10-28 13:42:34.539808-07,2025-01-23 10:46:36.112452-08
NY-TX24007-4,2024-10-27 20:50:29.873-07,2024-11-05 09:24:32.838116-08,2025-01-23 10:45:33.540461-08
NY-TX24007-5,2024-10-27 20:50:29.873-07,2024-11-05 09:24:57.145931-08,2025-01-23 10:45:43.707164-08
NY-TX24007-6,2024-10-27 20:50:29.873-07,2024-10-28 13:43:21.143208-07,2025-01-23 10:45:53.378857-08
NY-TX24007-7,2024-10-27 20:50:29.873-07,2024-10-28 13:43:42.414212-07,2025-01-23 10:46:03.133623-08
NY-TX24007-8,2024-10-27 20:50:29.873-07,2024-10-28 13:44:08.079258-07,2025-01-23 10:45:11.386832-08
NY-TX24007-9,2024-10-27 20:50:29.873-07,2024-10-28 13:44:21.58898-07,2025-01-23 10:45:21.399857-08
NY-AT26011-1,2024-10-27 23:03:50.34-07,2024-10-29 12:01:59.237974-07,2024-10-31 11:53:38.467838-07
NY-AT26011-10,2024-10-27 23:03:50.34-07,2024-10-29 12:05:10.037739-07,2024-10-31 11:52:29.516551-07
NY-AT26011-11,2024-10-27 23:03:50.34-07,2024-10-29 12:08:20.172661-07,2024-10-31 11:50:11.487517-07
NY-AT26011-12,2024-10-27 23:03:50.34-07,2024-10-29 12:11:28.649826-07,2024-10-31 11:47:52.92787-07
NY-AT26011-13,2024-10-27 23:03:50.34-07,2024-10-29 12:14:37.343631-07,2024-10-31 11:45:29.5878-07
NY-AT26011-14,2024-10-27 23:03:50.34-07,2024-10-29 12:17:47.449448-07,2024-10-31 11:44:20.461393-07
NY-AT26011-15,2024-10-27 23:03:50.34-07,2024-10-29 12:20:57.545754-07,2024-10-31 11:43:10.734662-07
NY-AT26011-16,2024-10-27 23:03:50.34-07,2024-10-29 12:24:07.531519-07,2024-10-31 11:42:01.255269-07
NY-AT26011-17,2024-10-27 23:03:50.34-07,2024-10-29 12:27:17.248714-07,2024-10-31 11:40:52.027779-07
NY-AT26011-18,2024-10-27 23:03:50.34-07,2024-11-05 09:42:12.639857-08,2024-11-08 09:55:44.184935-08
NY-AT26011-19,2024-10-27 23:03:50.34-07,2024-10-29 12:33:37.340647-07,2024-10-31 11:38:35.094779-07
NY-AT26011-2,2024-10-27 23:03:50.34-07,2024-10-29 12:36:47.768267-07,2024-10-31 11:37:23.894953-07
NY-AT26011-20,2024-10-27 23:03:50.34-07,2024-10-29 12:39:58.235052-07,2024-10-31 11:36:14.693475-07
NY-AT26011-21,2024-10-27 23:03:50.34-07,2024-10-29 12:43:07.880631-07,2024-10-31 11:35:05.496642-07
NY-AT26011-3,2024-10-27 23:03:50.34-07,2024-10-29 12:46:16.839089-07,2024-10-31 11:33:56.442113-07
NY-AT26011-4,2024-10-27 23:03:50.34-07,2024-10-29 12:49:26.118602-07,2024-10-31 11:32:47.482728-07
NY-AT26011-5,2024-10-27 23:03:50.34-07,2024-10-29 12:52:36.69366-07,2024-10-31 11:31:38.314611-07
NY-AT26011-6,2024-10-27 23:03:50.34-07,2024-10-29 12:55:47.659718-07,2025-03-21 11:53:16.044427-07
NY-AT26011-7,2024-10-27 23:03:50.34-07,2024-10-29 12:58:59.414216-07,2024-10-31 11:29:20.235311-07
NY-AT26011-8,2024-10-27 23:03:50.34-07,2024-10-29 13:02:11.352533-07,2024-10-31 11:28:11.14657-07
NY-AT26011-9,2024-10-27 23:03:50.34-07,2024-10-29 13:05:23.061389-07,2024-10-31 11:27:01.79209-07
NY-MX22011-1,2024-10-27 20:54:56.388-07,2024-10-29 12:01:59.237974-07,2024-10-31 11:53:38.467838-07
NY-MX22011-10,2024-10-27 20:54:56.388-07,2024-10-29 12:05:10.037739-07,2024-10-31 11:52:29.516551-07
NY-MX22011-11,2024-10-27 20:54:56.388-07,2024-10-29 12:08:20.172661-07,2024-10-31 11:50:11.487517-07
NY-MX22011-12,2024-10-27 20:54:56.388-07,2024-10-29 12:11:28.649826-07,2024-10-31 11:47:52.92787-07
NY-MX22011-13,2024-10-27 20:54:56.388-07,2024-10-29 12:14:37.343631-07,2024-10-31 11:45:29.5878-07
NY-MX22011-14,2024-10-27 20:54:56.388-07,2024-10-29 12:17:47.449448-07,2024-10-31 11:44:20.461393-07
NY-MX22011-15,2024-10-27 20:54:56.388-07,2024-10-29 12:20:57.545754-07,2024-10-31 11:43:10.734662-07
NY-MX22011-16,2024-10-27 20:54:56.388-07,2024-10-29 12:27:17.248714-07,2024-10-31 11:40:52.027779-07
NY-MX22011-18,2024-10-27 20:54:56.388-07,2024-11-05 09:42:12.639857-08,2024-11-08 09:55:44.184935-08
NY-MX22011-19,2024-10-27 20:54:56.388-07,2024-10-29 12:33:37.340647-07,2024-10-31 11:38:35.094779-07
NY-MX22011-2,2024-10-27 20:54:56.388-07,2024-10-29 12:36:47.768267-07,2024-10-31 11:37:23.894953-07
NY-MX22011-20,2024-10-27 20:54:56.388-07,2024-10-29 12:39:58.235052-07,2024-10-31 11:36:14.693475-07
NY-MX22011-21,2024-10-27 20:54:56.388-07,2024-10-29 12:43:07.880631-07,2024-10-31 11:35:05.496642-07
NY-MX22011-3,2024-10-27 20:54:56.388-07,2024-10-29 12:46:16.839089-07,2024-10-31 11:33:56.442113-07
NY-MX22011-4,2024-10-27 20:54:56.388-07,2024-10-29 12:49:26.118602-07,2024-10-31 11:32:47.482728-07
NY-MX22011-5,2024-10-27 20:54:56.388-07,2024-10-29 12:52:36.69366-07,2024-10-31 11:31:38.314611-07
NY-MX22011-6,2024-10-27 20:54:56.388-07,2024-10-29 12:55:47.659718-07,2025-03-21 11:53:16.044427-07
NY-MX22011-7,2024-10-27 20:54:56.388-07,2024-10-29 12:58:59.414216-07,2024-10-31 11:29:20.235311-07
NY-MX22011-8,2024-10-27 20:54:56.388-07,2024-10-29 13:02:11.352533-07,2024-10-31 11:28:11.14657-07
NY-MX22011-9,2024-10-27 20:54:56.388-07,2024-10-29 13:05:23.061389-07,2024-10-31 11:27:01.79209-07
NY-MX22012-1,2024-10-27 14:35:26.969-07,2024-10-29 15:10:28.849371-07,2024-10-31 11:25:52.204242-07
NY-MX22012-10,2024-10-27 14:35:26.969-07,2024-10-29 15:13:37.656434-07,2024-10-31 11:24:42.871655-07
NY-MX22012-11,2024-10-27 14:35:26.969-07,2024-10-29 15:16:45.902214-07,2024-10-31 11:23:32.291169-07
NY-MX22012-12,2024-10-27 14:35:26.969-07,2024-10-29 15:19:53.714844-07,2024-10-31 11:22:22.73204-07
NY-MX22012-13,2024-10-27 14:35:26.969-07,2024-10-29 15:23:01.499428-07,2025-03-21 11:56:22.624722-07
NY-MX22012-14,2024-10-27 14:35:26.969-07,2024-10-29 15:26:09.413425-07,2024-10-31 11:20:04.121192-07
NY-MX22012-15,2024-10-27 14:35:26.969-07,2024-10-29 15:29:17.112144-07,2025-03-21 11:15:44.8389-07
NY-MX22012-16,2024-10-27 14:35:26.969-07,2024-10-29 15:32:24.759947-07,2024-10-31 11:17:45.8328-07
SQ_MX2037-4,2024-02-23 07:56:18.939-08,2024-11-10 01:49:55.141698-08,2025-01-08 00:43:03.690199-08
SQ_MX2037-5,2024-02-23 07:56:18.939-08,2024-11-10 01:53:02.570374-08,2025-03-21 11:25:07.562809-07
SQ_MX2037-6,2024-02-23 07:56:18.939-08,2024-11-10 01:56:10.228939-08,2025-01-08 00:47:25.551949-08
SQ_MX2037-7,2024-02-23 07:56:18.939-08,2024-12-11 13:27:07.616763-08,2025-01-07 19:21:55.193966-08
SQ_MX2037-8,2024-02-23 07:56:18.939-08,2024-12-11 13:30:22.381353-08,2025-01-07 19:24:07.45591-08
SQ_MX2037-9,2024-02-23 07:56:18.939-08,2025-02-11 08:41:27.132322-08,2025-02-17 09:00:09.762021-08
SQ_MX2038-1,2024-01-11 21:08:58.176-08,2024-01-17 13:52:41.308147-08,2025-01-08 03:47:22.036628-08
SQ_MX2038-2,2024-01-11 21:08:58.176-08,2024-01-17 13:53:11.58805-08,2025-01-08 03:49:31.461219-08
SQ_MX2038-3,2024-01-11 21:08:58.176-08,2024-01-17 13:53:24.66383-08,2025-01-08 03:51:40.952649-08
SQ_MX2038-4,2024-01-11 21:08:58.176-08,2024-01-17 13:53:43.517201-08,2025-01-08 03:53:50.375346-08
SQ_MX2038-5,2024-01-11 21:08:58.176-08,2024-12-11 13:33:36.088702-08,2025-01-07 19:26:19.735252-08
SQ_MX2038-6,2024-01-11 21:08:58.176-08,2024-12-11 13:36:48.643385-08,2025-01-07 19:28:30.328183-08
SQ_MX2038-7,2024-01-11 21:08:58.176-08,2024-12-11 13:40:01.195889-08,2025-01-07 19:30:41.124731-08
SQ_MX2038-8,2024-01-11 21:08:58.176-08,2024-12-24 04:00:31.630231-08,2025-01-08 09:41:32.846443-08
SQ_MX2038-9,2024-01-11 21:08:58.176-08,2024-01-17 13:54:10.519363-08,2025-01-08 03:56:00.353642-08
SQ_MX2039-1,2024-02-15 04:54:52.977-08,2024-12-24 03:55:22.645189-08,2025-01-08 09:39:23.117014-08
SQ_MX2039-10,2024-02-15 04:54:52.977-08,2024-12-11 13:58:59.809172-08,2025-01-07 19:43:54.946375-08
SQ_MX2039-2,2024-02-15 04:54:52.977-08,2025-01-14 00:37:22.938419-08,2025-01-08 03:58:10.371111-08
SQ_MX2039-3,2024-02-15 04:54:52.977-08,2024-02-15 15:12:55.513754-08,2025-01-08 04:45:49.722708-08
SQ_MX2039-4,2024-02-15 04:54:52.977-08,2024-02-15 15:13:09.49728-08,2025-01-08 04:48:00.018398-08
SQ_MX2039-5,2024-02-15 04:54:52.977-08,2025-01-14 00:54:47.240492-08,2025-01-08 04:50:10.015178-08
SQ_MX2039-6,2024-02-15 04:54:52.977-08,2024-12-11 13:46:22.870609-08,2025-01-07 19:35:07.493996-08
SQ_MX2039-7,2024-02-15 04:54:52.977-08,2024-12-11 13:49:31.985997-08,2025-01-07 19:37:19.81477-08
SQ_MX2039-8,2024-02-15 04:54:52.977-08,2024-12-11 13:52:41.379894-08,2025-01-07 19:39:31.206679-08
SQ_MX2039-9,2024-02-15 04:54:52.977-08,2024-12-11 13:55:50.682384-08,2025-01-07 19:41:43.223538-08
SQ_MX2040-1,2024-02-15 04:35:42.684-08,2024-02-15 15:14:03.966767-08,2025-01-08 04:52:19.491535-08
SQ_MX2040-2,2024-02-15 04:35:42.684-08,2025-01-14 00:39:33.679012-08,2025-01-08 04:00:20.508429-08
SQ_MX2040-3,2024-02-15 04:35:42.684-08,2025-01-14 00:41:44.498101-08,2025-01-08 04:02:30.900954-08
SQ_MX2040-4,2024-02-15 04:35:42.684-08,2025-01-14 00:43:54.898827-08,2025-01-08 04:04:41.173094-08
SQ_MX2040-5,2024-02-15 04:35:42.684-08,2024-12-11 14:02:09.021759-08,2025-01-07 19:46:06.485026-08
SQ_MX2040-6,2024-02-15 04:35:42.684-08,2024-12-11 14:05:18.069189-08,2025-01-07 19:48:18.128797-08
SQ_MX2040-7,2024-02-15 04:35:42.684-08,2024-12-11 14:08:27.375642-08,2025-01-07 19:50:30.084267-08
SQ_MX2040-8,2024-02-15 04:35:42.684-08,2024-12-11 14:11:36.396-08,2025-01-07 19:52:41.427245-08
SQ_MX2040-9,2024-02-15 04:35:42.684-08,2025-01-14 00:46:05.490631-08,2025-01-08 04:06:51.654974-08
SQ_MX2041-1,2024-02-15 04:32:42.384-08,2025-01-14 00:48:15.786877-08,2025-01-08 04:09:01.436586-08
SQ_MX2041-2,2024-02-15 04:32:42.384-08,2025-01-14 00:50:26.166549-08,2025-01-08 04:11:11.093805-08
SQ_MX2041-3,2024-02-15 04:32:42.384-08,2024-02-15 15:14:26.426082-08,2025-01-08 04:54:29.022818-08
SQ_MX2041-4,2024-02-15 04:32:42.384-08,2024-12-11 14:14:45.537713-08,2025-01-07 19:54:53.195174-08
SQ_MX2041-5,2024-02-15 04:32:42.384-08,2024-12-11 14:17:56.529375-08,2025-01-07 19:57:04.593168-08
SQ_MX2041-6,2024-02-15 04:32:42.384-08,2024-12-11 14:21:05.939056-08,2025-01-07 19:59:15.217017-08
SQ_MX2041-7,2024-02-15 04:32:42.384-08,2024-12-11 14:24:23.795613-08,2025-01-07 20:01:26.33765-08
SQ_MX2041-8,2024-02-15 04:32:42.384-08,2025-02-11 05:38:52.905795-08,2025-02-17 07:48:34.664519-08
SQ_MX2041-9,2024-02-15 04:32:42.384-08,2024-11-10 01:59:17.832766-08,2025-01-08 00:49:36.642402-08
SQ_MX2042-1,2024-03-22 19:41:28.646-07,2024-12-11 13:43:13.131227-08,2025-01-07 19:32:52.542225-08
SQ_MX2042-2,2024-03-22 19:41:28.646-07,2024-12-11 14:27:50.725138-08,2025-01-07 20:03:37.753345-08
SQ_MX2042-3,2024-03-22 19:41:28.646-07,2024-12-11 14:31:00.678814-08,2025-01-07 20:05:49.244238-08
SQ_MX2079-5,2024-01-11 21:06:48.344-08,2024-12-18 15:52:50.679777-08,2025-01-08 06:45:01.599046-08
SQ_MX2079-6,2024-01-11 21:06:48.344-08,2024-12-18 15:58:01.0693-08,2025-01-08 06:47:11.372073-08
SQ_MX2079-7,2024-01-11 21:06:48.344-08,2024-12-18 16:03:12.212525-08,2025-01-08 06:49:21.193071-08
SQ_MX2079-8,2024-01-11 21:06:48.344-08,2024-12-18 16:08:25.124331-08,2025-01-08 06:51:31.189507-08
SQ_MX2079-9,2024-01-11 21:06:48.344-08,2024-01-12 13:13:59.973826-08,2025-01-08 02:35:57.460819-08
SQ_MX2085-1,2024-03-23 21:07:07.443-07,2024-11-05 16:50:54.057539-08,2025-01-07 23:32:50.307563-08
SQ_MX2085-2,2024-03-23 21:07:07.443-07,2024-11-24 06:54:59.673741-08,2025-01-08 01:56:53.386695-08
SQ_MX2085-3,2024-03-23 21:07:07.443-07,2025-02-08 16:53:18.60492-08,2025-02-16 17:31:15.910354-08
SQ_MX2085-4,2024-03-23 21:07:07.443-07,2025-02-08 16:55:24.39552-08,2025-02-16 17:36:22.223052-08
SQ_MX2085-5,2024-03-23 21:07:07.443-07,2025-02-08 16:57:30.835524-08,2025-02-16 17:41:28.828466-08
SQ_MX2085-6,2024-03-23 21:07:07.443-07,2025-02-08 16:59:37.422378-08,2025-02-16 17:46:35.199845-08
SQ_MX2085-7,2024-03-23 21:07:07.443-07,2024-11-05 16:54:03.452417-08,2025-01-07 23:35:00.958829-08
SQ_MX2085-8,2024-03-23 21:07:07.443-07,2025-02-08 17:01:43.885371-08,2025-02-16 17:51:41.898744-08
SQ_MX2085-9,2024-03-23 21:07:07.443-07,2025-02-08 17:03:50.533927-08,2025-02-16 17:56:48.104188-08
SQ_MX2086-1,2024-03-07 17:22:36.703-08,2025-02-08 17:05:56.419024-08,2025-02-16 18:01:54.637689-08
SQ_MX2086-2,2024-03-07 17:22:36.703-08,2025-02-08 17:08:02.546979-08,2025-02-16 18:07:00.945499-08
SQ_MX2086-3,2024-03-07 17:22:36.703-08,2025-02-08 17:10:08.387859-08,2025-02-16 18:12:07.434469-08
SQ_MX2086-4,2024-03-07 17:22:36.703-08,2025-02-08 17:12:14.226885-08,2025-02-16 18:17:13.98871-08
SQ_MX2086-5,2024-03-07 17:22:36.703-08,2025-02-08 17:14:20.003396-08,2025-02-16 18:22:20.366651-08
SQ_MX2086-6,2024-03-07 17:22:36.703-08,2025-02-08 17:16:25.785777-08,2025-02-16 18:27:27.306823-08
SQ_MX2086-7,2024-03-07 17:22:36.703-08,2025-02-08 17:18:31.606407-08,2025-02-16 18:32:34.243595-08
SQ_MX2086-8,2024-03-07 17:22:36.703-08,2025-02-09 13:50:39.27424-08,2025-02-16 18:37:40.565808-08
SQ_MX2086-9,2024-03-07 17:22:36.703-08,2025-02-09 14:52:46.410127-08,2025-02-16 18:42:46.868055-08
SQ_MX2090-6,2024-01-11 19:56:21.502-08,2024-11-24 06:58:08.966103-08,2025-01-08 01:59:03.044519-08
SQ_MX2090-7,2024-01-11 19:56:21.502-08,2024-11-24 07:01:18.188859-08,2025-01-08 02:01:13.204639-08
SQ_MX2090-8,2024-01-11 19:56:21.502-08,2024-01-12 13:18:28.18561-08,2025-01-08 02:46:46.61196-08
SQ_MX2090-9,2024-01-11 19:56:21.502-08,2024-02-06 10:32:44.915407-08,2025-01-08 02:48:56.450023-08
SQ_MX2094-1,2024-01-11 20:12:58.398-08,2024-12-19 10:05:36.77732-08,2025-01-08 07:19:40.44504-08
SQ_MX2094-3,2024-01-11 20:12:58.398-08,2024-12-19 10:15:57.82323-08,2025-01-08 07:23:59.940389-08
SQ_MX2094-4,2024-01-11 20:12:58.398-08,2024-12-19 10:21:07.679737-08,2025-01-08 07:26:09.92753-08
SQ_MX2094-5,2024-01-11 20:12:58.398-08,2024-11-05 14:53:41.464946-08,2025-01-07 20:54:01.074489-08
SQ_MX2094-6,2024-01-11 20:12:58.398-08,2024-11-05 14:56:51.052787-08,2025-01-07 20:56:12.289581-08
SQ_MX2094-7,2024-01-11 20:12:58.398-08,2024-12-19 10:26:17.033116-08,2025-01-08 07:28:19.317061-08
SQ_MX2094-8,2024-01-11 20:12:58.398-08,2024-12-19 10:31:26.436599-08,2025-01-08 07:30:28.74911-08
SQ_MX2094-9,2024-01-11 20:12:58.398-08,2024-02-06 10:33:12.681517-08,2025-01-08 02:53:15.323309-08
SQ_MX2097-2,2024-03-05 11:39:53.967-08,2024-11-24 02:46:35.13968-08,2024-12-09 09:31:48.024055-08
SQ_MX2097-3,2024-03-05 11:39:53.967-08,2024-11-05 13:34:27.399161-08,2025-01-07 22:29:47.605681-08
SQ_MX2097-4,2024-03-05 11:39:53.967-08,2024-11-05 13:37:36.803929-08,2025-01-07 22:31:57.433235-08
SQ_MX2097-5,2024-03-05 11:39:53.967-08,2024-11-08 11:18:59.156167-08,2025-01-07 23:41:34.981939-08
SQ_MX2097-6,2024-03-05 11:39:53.967-08,2024-11-05 13:40:47.168184-08,2025-01-07 22:34:07.851107-08
SQ_MX2097-8,2024-03-05 11:39:53.967-08,2024-11-24 06:45:31.143746-08,2024-12-10 16:37:15.242658-08
SQ_MX2097-9,2024-03-05 11:39:53.967-08,2024-11-10 00:44:07.320906-08,2025-01-08 02:55:24.880994-08
SQ_MX2101-1,2024-03-05 09:30:07.264-08,2025-02-08 14:08:57.429952-08,2025-02-16 10:52:29.969386-08
SQ_MX2101-2,2024-03-05 09:30:07.264-08,2025-02-08 14:11:04.59971-08,2025-02-16 10:57:36.271376-08
SQ_MX2101-3,2024-03-05 09:30:07.264-08,2025-02-08 14:13:11.325541-08,2025-02-16 11:02:42.863495-08
SQ_MX2101-4,2024-03-05 09:30:07.264-08,2025-02-08 14:15:17.895075-08,2025-02-16 11:07:49.355916-08
SQ_MX2101-5,2024-03-05 09:30:07.264-08,2025-02-08 14:17:24.462424-08,2025-02-16 11:12:55.788691-08
SQ_MX2101-6,2024-03-05 09:30:07.264-08,2025-02-08 14:19:30.558747-08,2025-02-16 11:18:02.331445-08
SQ_MX2101-7,2024-03-05 09:30:07.264-08,2025-02-08 14:21:36.555518-08,2025-02-16 11:23:08.820116-08
SQ_MX2101-9,2024-03-05 09:30:07.264-08,2024-11-24 02:52:54.141309-08,2024-12-09 09:39:11.296302-08
SQ_TX4038-1,2024-03-05 08:32:52.573-08,2025-02-11 10:13:20.600757-08,2025-02-17 09:41:02.532181-08
SQ_TX4038-2,2024-03-05 08:32:52.573-08,2025-02-11 10:16:03.370734-08,2025-02-17 09:46:09.631878-08
NY-AT26013-1,2024-11-15 17:26:44.234-08,2024-11-07 11:45:15.169487-08,2024-11-10 00:46:14.136589-08
NY-AT26013-10,2024-11-15 17:26:44.234-08,2024-11-08 11:45:26.661212-08,2024-11-10 00:43:54.532921-08
NY-AT26013-11,2024-11-15 17:26:44.234-08,2024-11-07 10:59:19.027426-08,2024-11-10 01:01:19.833377-08
NY-AT26013-12,2024-11-15 17:26:44.234-08,2024-11-07 11:02:34.0279-08,2024-11-10 01:00:08.291493-08
NY-AT26013-13,2024-11-15 17:26:44.234-08,2024-11-07 11:05:45.375326-08,2024-11-10 00:58:58.528281-08
NY-AT26013-14,2024-11-15 17:26:44.234-08,2024-11-07 11:08:56.302217-08,2024-11-10 00:57:48.216279-08
NY-AT26013-15,2024-11-15 17:26:44.234-08,2024-11-07 11:12:07.299937-08,2024-11-10 00:56:38.93081-08
NY-AT26013-16,2024-11-15 17:26:44.234-08,2024-11-07 11:15:18.36845-08,2024-11-10 00:55:29.487753-08
NY-AT26013-17,2024-11-15 17:26:44.234-08,2024-11-07 11:18:36.185427-08,2024-11-10 00:54:20.188887-08
NY-AT26013-18,2024-11-15 17:26:44.234-08,2024-11-07 11:21:48.075901-08,2024-11-10 00:53:10.936222-08
NY-AT26013-19,2024-11-15 17:26:44.234-08,2024-11-07 11:24:59.190464-08,2025-03-21 13:02:09.26321-07
NY-AT26013-2,2024-11-15 17:26:44.234-08,2024-11-10 01:02:29.230927-08,2024-11-10 21:59:25.307455-08
NY-AT26013-20,2024-11-15 17:26:44.234-08,2024-11-10 01:05:39.59978-08,2024-11-10 21:58:15.807097-08
NY-AT26013-21,2024-11-15 17:26:44.234-08,2024-11-07 11:34:39.326021-08,2024-11-10 00:50:50.512471-08
NY-AT26013-3,2024-11-15 17:26:44.234-08,2024-11-07 11:37:52.501074-08,2024-11-10 00:49:40.800691-08
NY-AT26013-4,2024-11-15 17:26:44.234-08,2024-11-07 11:41:04.610705-08,2024-11-10 00:48:31.338678-08
NY-AT26013-5,2024-11-15 17:26:44.234-08,2024-11-07 11:44:21.688133-08,2024-11-10 00:47:21.752444-08
NY-AT26013-6,2024-11-15 17:26:44.234-08,2024-11-08 11:45:26.816837-08,2024-11-10 00:45:04.384991-08
NY-AT26013-7,2024-11-15 17:26:44.234-08,2024-11-10 01:08:48.955435-08,2024-11-10 21:57:06.230824-08
NY-AT26013-8,2024-11-15 17:26:44.234-08,2024-11-10 01:11:58.262578-08,2024-11-10 21:55:56.724747-08
NY-AT26013-9,2024-11-15 17:26:44.234-08,2024-11-10 01:15:07.705857-08,2024-11-10 21:54:46.295884-08
NY-MX22013-1,2024-11-06 14:24:51.701-08,2024-11-07 11:45:15.169487-08,2024-11-10 00:46:14.136589-08
NY-MX22013-10,2024-11-06 14:24:51.701-08,2024-11-08 11:45:26.661212-08,2024-11-10 00:43:54.532921-08
NY-MX22013-11,2024-11-06 14:24:51.701-08,2024-11-07 10:59:19.027426-08,2024-11-10 01:01:19.833377-08
NY-MX22013-12,2024-11-06 14:24:51.701-08,2024-11-07 11:02:34.0279-08,2024-11-10 01:00:08.291493-08
NY-MX22013-13,2024-11-06 14:24:51.701-08,2024-11-07 11:05:45.375326-08,2024-11-10 00:58:58.528281-08
NY-MX22013-14,2024-11-06 14:24:51.701-08,2024-11-07 11:08:56.302217-08,2024-11-10 00:57:48.216279-08
NY-MX22013-15,2024-11-06 14:24:51.701-08,2024-11-07 11:12:07.299937-08,2024-11-10 00:56:38.93081-08
NY-MX22013-16,2024-11-06 14:24:51.701-08,2024-11-07 11:15:18.36845-08,2024-11-10 00:55:29.487753-08
NY-MX22013-17,2024-11-06 14:24:51.701-08,2024-11-07 11:18:36.185427-08,2024-11-10 00:54:20.188887-08
NY-MX22013-18,2024-11-06 14:24:51.701-08,2024-11-07 11:21:48.075901-08,2024-11-10 00:53:10.936222-08
NY-MX22013-19,2024-11-06 14:24:51.701-08,2024-11-07 11:24:59.190464-08,2025-03-21 13:02:09.26321-07
NY-MX22013-2,2024-11-06 14:24:51.701-08,2024-11-10 01:02:29.230927-08,2024-11-10 21:59:25.307455-08
NY-MX22013-20,2024-11-06 14:24:51.701-08,2024-11-10 01:05:39.59978-08,2024-11-10 21:58:15.807097-08
NY-MX22013-21,2024-11-06 14:24:51.701-08,2024-11-07 11:34:39.326021-08,2024-11-10 00:50:50.512471-08
NY-MX22013-3,2024-11-06 14:24:51.701-08,2024-11-07 11:37:52.501074-08,2024-11-10 00:49:40.800691-08
NY-MX22013-4,2024-11-06 14:24:51.701-08,2024-11-07 11:41:04.610705-08,2024-11-10 00:48:31.338678-08
NY-MX22013-5,2024-11-06 14:24:51.701-08,2024-11-07 11:44:21.688133-08,2024-11-10 00:47:21.752444-08
NY-MX22013-6,2024-11-06 14:24:51.701-08,2024-11-08 11:45:26.816837-08,2024-11-10 00:45:04.384991-08
NY-MX22013-7,2024-11-06 14:24:51.701-08,2024-11-10 01:08:48.955435-08,2024-11-10 21:57:06.230824-08
NY-MX22013-8,2024-11-06 14:24:51.701-08,2024-11-10 01:11:58.262578-08,2024-11-10 21:55:56.724747-08
NY-MX22013-9,2024-11-06 14:24:51.701-08,2024-11-10 01:15:07.705857-08,2024-11-10 21:54:46.295884-08
NY-TX24008-1,2024-11-15 10:54:41.394-08,2025-01-12 16:56:59.236618-08,2025-01-23 10:35:39.966959-08
NY-TX24008-10,2024-11-15 10:54:41.394-08,2025-01-12 16:59:10.937602-08,2025-01-23 10:35:29.965351-08
NY-TX24008-2,2024-11-15 10:54:41.394-08,2025-01-12 17:01:22.326591-08,2025-01-23 10:35:19.336384-08
NY-TX24008-3,2024-11-15 10:54:41.394-08,2025-01-12 17:03:34.545871-08,2025-01-23 10:35:09.264687-08
NY-TX24008-4,2024-11-15 10:54:41.394-08,2025-01-12 17:05:46.432296-08,2025-01-23 10:34:56.684831-08
NY-TX24008-5,2024-11-15 10:54:41.394-08,2025-01-12 17:08:07.058043-08,2025-01-23 10:34:46.229234-08
NY-TX24008-6,2024-11-15 10:54:41.394-08,2025-01-12 17:10:17.682169-08,2025-01-23 10:34:35.782818-08
NY-TX24008-7,2024-11-15 10:54:41.394-08,2025-01-12 17:12:29.045623-08,2025-01-23 10:34:25.306633-08
NY-TX24008-8,2024-11-15 10:54:41.394-08,2025-01-12 17:14:40.624679-08,2025-01-23 10:34:14.227259-08
NY-TX24008-9,2024-11-15 10:54:41.394-08,2025-01-12 17:16:52.245346-08,2025-01-23 10:34:03.531925-08
NY-TX24009-1,2024-11-16 01:16:08.442-08,2024-11-18 09:06:12.115259-08,2025-01-23 10:37:48.636408-08
NY-TX24009-10,2024-11-16 01:16:08.442-08,2024-11-18 09:06:24.880442-08,2025-01-23 10:37:05.47854-08
NY-TX24009-2,2024-11-16 01:16:08.442-08,2024-11-18 09:06:37.711978-08,2025-01-23 10:37:17.862706-08
NY-TX24009-3,2024-11-16 01:16:08.442-08,2024-11-18 09:06:50.50776-08,2025-01-23 10:37:27.905639-08
NY-TX24009-4,2024-11-16 01:16:08.442-08,2024-11-18 09:07:03.511273-08,2025-01-23 13:02:11.33071-08
NY-TX24009-5,2024-11-16 01:16:08.442-08,2024-11-18 09:07:16.807655-08,2025-01-23 10:36:12.776178-08
NY-TX24009-6,2024-11-16 01:16:08.442-08,2024-11-18 09:07:32.440769-08,2025-01-23 10:36:24.295886-08
NY-TX24009-7,2024-11-16 01:16:08.442-08,2024-11-18 09:07:52.049274-08,2025-01-23 10:36:34.4102-08
NY-TX24009-8,2024-11-16 01:16:08.442-08,2024-11-18 09:08:05.095029-08,2025-01-23 10:36:44.728129-08
NY-TX24009-9,2024-11-16 01:16:08.442-08,2024-11-18 09:08:18.104499-08,2025-01-23 10:36:55.012594-08
NY-MX22015-16,2024-11-22 03:14:29.512-08,2024-11-24 01:52:12.819483-08,2024-11-29 17:15:35.668337-08
NY-MX22015-17,2024-11-22 03:14:29.512-08,2024-11-26 10:04:49.924396-08,2024-11-29 17:00:33.547535-08
NY-MX22015-18,2024-11-22 03:14:29.512-08,2024-11-24 01:58:30.92106-08,2024-11-29 17:14:26.46498-08
NY-MX22015-19,2024-11-22 03:14:29.512-08,2024-11-24 02:01:39.641643-08,2024-11-29 17:13:17.322762-08
NY-MX22015-2,2024-11-22 03:14:29.512-08,2024-11-24 02:04:49.315566-08,2024-11-29 17:12:08.051095-08
NY-MX22015-20,2024-11-22 03:14:29.512-08,2024-11-24 02:07:59.031183-08,2024-11-29 17:10:58.61893-08
NY-MX22015-21,2024-11-22 03:14:29.512-08,2024-11-24 02:11:08.532097-08,2024-11-29 17:09:48.540269-08
NY-MX22015-22,2024-11-22 03:14:29.512-08,2024-11-24 02:14:18.03576-08,2024-11-29 17:08:39.369785-08
NY-MX22015-3,2024-11-22 03:14:29.512-08,2024-11-24 02:17:27.686688-08,2024-11-29 17:07:30.335567-08
NY-MX22015-4,2024-11-22 03:14:29.512-08,2024-11-24 02:20:37.057754-08,2024-11-29 17:06:21.17093-08
NY-MX22015-5,2024-11-22 03:14:29.512-08,2024-11-24 02:23:46.698777-08,2025-03-21 11:59:29.204687-07
NY-MX22015-6,2024-11-22 03:14:29.512-08,2024-11-24 02:26:56.276252-08,2024-11-29 17:04:01.85697-08
NY-MX22015-7,2024-11-22 03:14:29.512-08,2024-11-24 02:30:05.91396-08,2024-11-29 17:02:52.682113-08
NY-MX22015-8,2024-11-22 03:14:29.512-08,2024-11-26 10:14:17.811896-08,2024-12-01 10:26:17.80337-08
NY-MX22015-9,2024-11-22 03:14:29.512-08,2024-11-24 02:36:24.942228-08,2024-11-29 17:01:43.379352-08
NY-AT26015-1,2024-11-23 02:03:12.323-08,2024-11-24 01:30:04.633117-08,2024-11-29 17:22:33.640148-08
NY-AT26015-10,2024-11-23 02:03:12.323-08,2024-11-26 10:07:59.033494-08,2024-11-29 16:59:23.765278-08
NY-AT26015-11,2024-11-23 02:03:12.323-08,2024-11-24 01:36:25.185064-08,2024-11-29 17:21:23.616157-08
NY-AT26015-12,2024-11-23 02:03:12.323-08,2024-11-24 01:39:38.713696-08,2024-11-29 17:20:13.749085-08
NY-AT26015-13,2024-11-23 02:03:12.323-08,2024-11-24 01:42:46.500247-08,2024-11-29 17:19:04.346383-08
NY-AT26015-14,2024-11-23 02:03:12.323-08,2024-11-24 01:45:54.35931-08,2024-11-29 17:17:54.147853-08
NY-AT26015-15,2024-11-23 02:03:12.323-08,2024-11-24 01:49:03.660273-08,2024-11-29 17:16:44.968096-08
NY-AT26015-16,2024-11-23 02:03:12.323-08,2024-11-24 01:52:12.819483-08,2024-11-29 17:15:35.668337-08
NY-AT26015-17,2024-11-23 02:03:12.323-08,2024-11-26 10:04:49.924396-08,2024-11-29 17:00:33.547535-08
NY-AT26015-18,2024-11-23 02:03:12.323-08,2024-11-24 01:58:30.92106-08,2024-11-29 17:14:26.46498-08
NY-AT26015-19,2024-11-23 02:03:12.323-08,2024-11-24 02:01:39.641643-08,2024-11-29 17:13:17.322762-08
NY-AT26015-2,2024-11-23 02:03:12.323-08,2024-11-24 02:04:49.315566-08,2024-11-29 17:12:08.051095-08
NY-AT26015-20,2024-11-23 02:03:12.323-08,2024-11-24 02:07:59.031183-08,2024-11-29 17:10:58.61893-08
NY-AT26015-21,2024-11-23 02:03:12.323-08,2024-11-24 02:11:08.532097-08,2024-11-29 17:09:48.540269-08
NW-MX2194-10,2024-11-26 00:13:49.853-08,2025-02-11 14:34:04.597837-08,2025-02-13 09:29:03.015949-08
NW-MX2194-2,2024-11-26 00:13:49.853-08,2024-12-11 16:24:22.4704-08,2024-12-13 09:31:26.615123-08
NW-MX2194-4,2024-11-26 00:13:49.853-08,2024-12-11 01:26:53.837319-08,2024-12-13 09:31:50.612404-08
NW-MX2194-5,2024-11-26 00:13:49.853-08,2024-12-11 01:20:33.424947-08,2024-12-13 09:32:01.722797-08
NW-MX2194-6,2024-11-26 00:13:49.853-08,2024-12-11 01:17:22.580183-08,2024-12-13 09:32:20.524316-08
NW-MX2194-7,2024-11-26 00:13:49.853-08,2025-02-11 14:32:44.791798-08,2025-02-13 09:28:25.922905-08
NW-MX2194-8,2024-11-26 00:13:49.853-08,2025-02-11 14:33:01.263451-08,2025-02-13 09:28:38.399929-08
NW-MX2194-9,2024-11-26 00:13:49.853-08,2025-02-11 14:33:38.888838-08,2025-02-13 09:28:50.077747-08
NW-AT0714-1,2024-12-06 04:08:41.462-08,2024-12-11 16:24:00.852041-08,2024-12-13 09:31:04.975437-08
NW-AT0714-10,2024-12-06 04:08:41.462-08,2025-02-11 14:34:04.597837-08,2025-02-13 09:29:03.015949-08
NW-AT0714-2,2024-12-06 04:08:41.462-08,2024-12-11 16:24:22.4704-08,2024-12-13 09:31:26.615123-08
NW-AT0714-4,2024-12-06 04:08:41.462-08,2024-12-11 01:26:53.837319-08,2024-12-13 09:31:50.612404-08
NW-AT0714-5,2024-12-06 04:08:41.462-08,2024-12-11 01:20:33.424947-08,2024-12-13 09:32:01.722797-08
NW-AT0714-6,2024-12-06 04:08:41.462-08,2024-12-11 01:17:22.580183-08,2024-12-13 09:32:20.524316-08
NW-AT0714-7,2024-12-06 04:08:41.462-08,2025-02-11 14:32:44.791798-08,2025-02-13 09:28:25.922905-08
NW-AT0714-8,2024-12-06 04:08:41.462-08,2025-02-11 14:33:01.263451-08,2025-02-13 09:28:38.399929-08
NW-AT0714-9,2024-12-06 04:08:41.462-08,2025-02-11 14:33:38.888838-08,2025-02-13 09:28:50.077747-08
NW-AT0715-1,2024-12-09 18:38:32.748-08,2024-12-12 11:11:29.411141-08,2024-12-13 09:35:39.831606-08
NW-AT0715-2,2024-12-09 18:38:32.748-08,2024-12-12 11:14:39.739731-08,2024-12-13 09:35:50.226324-08
NW-AT0715-3,2024-12-09 18:38:32.748-08,2024-12-12 11:17:49.935236-08,2024-12-13 09:36:00.771739-08
NW-AT0715-4,2024-12-09 18:38:32.748-08,2024-12-12 11:20:59.941158-08,2024-12-13 09:36:13.957496-08
NW-AT0715-5,2024-12-09 18:38:32.748-08,2024-12-16 09:17:23.623049-08,2024-12-17 17:40:56.144552-08
NW-AT0715-6,2024-12-09 18:38:32.748-08,2024-12-16 09:17:37.718012-08,2024-12-17 17:43:09.288243-08
NW-AT0715-7,2024-12-09 18:38:32.748-08,2024-12-16 09:17:58.601925-08,2024-12-17 17:45:22.121232-08
NW-AT0715-8,2024-12-09 18:38:32.748-08,2024-12-16 09:18:24.547115-08,2024-12-17 17:47:34.813156-08
NW-AT0716-1,2024-12-09 19:38:51.314-08,2024-12-13 09:41:47.349808-08,2024-12-16 09:19:47.772678-08
NW-AT0716-2,2024-12-09 19:38:51.314-08,2024-12-13 09:42:03.337668-08,2024-12-16 09:19:57.885867-08
NW-AT0716-3,2024-12-09 19:38:51.314-08,2024-12-13 09:42:15.261042-08,2024-12-16 09:20:09.017912-08
NW-AT0716-4,2024-12-09 19:38:51.314-08,2024-12-13 09:42:41.386751-08,2024-12-16 09:20:20.015803-08
NW-AT0716-5,2024-12-09 19:38:51.314-08,2024-12-13 09:42:55.00887-08,2024-12-16 09:20:30.402169-08
NW-AT0716-6,2024-12-09 19:38:51.314-08,2024-12-13 09:43:09.650182-08,2024-12-16 09:20:41.256366-08
NW-AT0716-7,2024-12-09 19:38:51.314-08,2024-12-13 09:43:27.940229-08,2024-12-16 09:20:52.265932-08
NW-AT0716-8,2024-12-09 19:38:51.314-08,2024-12-13 09:44:27.159836-08,2024-12-16 09:21:03.272849-08
NW-MX2195-1,2024-12-09 15:51:56.887-08,2024-12-12 11:11:29.411141-08,2024-12-13 09:35:39.831606-08
NW-MX2195-2,2024-12-09 15:51:56.887-08,2024-12-12 11:14:39.739731-08,2024-12-13 09:35:50.226324-08
NW-MX2195-3,2024-12-09 15:51:56.887-08,2024-12-12 11:17:49.935236-08,2024-12-13 09:36:00.771739-08
NW-MX2195-4,2024-12-09 15:51:56.887-08,2024-12-12 11:20:59.941158-08,2024-12-13 09:36:13.957496-08
NW-MX2195-5,2024-12-09 15:51:56.887-08,2024-12-16 09:17:23.623049-08,2024-12-17 17:40:56.144552-08
NW-MX2195-6,2024-12-09 15:51:56.887-08,2024-12-16 09:17:37.718012-08,2024-12-17 17:43:09.288243-08
NW-MX2195-7,2024-12-09 15:51:56.887-08,2024-12-16 09:17:58.601925-08,2024-12-17 17:45:22.121232-08
NW-MX2195-8,2024-12-09 15:51:56.887-08,2024-12-16 09:18:24.547115-08,2024-12-17 17:47:34.813156-08
NW-MX2196-1,2024-12-09 16:15:59.858-08,2024-12-13 09:41:47.349808-08,2024-12-16 09:19:47.772678-08
NW-MX2196-2,2024-12-09 16:15:59.858-08,2024-12-13 09:42:03.337668-08,2024-12-16 09:19:57.885867-08
NW-MX2196-3,2024-12-09 16:15:59.858-08,2024-12-13 09:42:15.261042-08,2024-12-16 09:20:09.017912-08
NW-MX2196-4,2024-12-09 16:15:59.858-08,2024-12-13 09:42:41.386751-08,2024-12-16 09:20:20.015803-08
NW-MX2196-5,2024-12-09 16:15:59.858-08,2024-12-13 09:42:55.00887-08,2024-12-16 09:20:30.402169-08
NW-MX2196-6,2024-12-09 16:15:59.858-08,2024-12-13 09:43:09.650182-08,2024-12-16 09:20:41.256366-08
NW-MX2196-7,2024-12-09 16:15:59.858-08,2024-12-13 09:43:27.940229-08,2024-12-16 09:20:52.265932-08
NW-MX2196-8,2024-12-09 16:15:59.858-08,2024-12-13 09:44:27.159836-08,2024-12-16 09:21:03.272849-08
NY-AT26016-1,2024-12-11 07:52:00.628-08,2024-12-12 09:53:27.370166-08,2024-12-13 09:18:08.985782-08
NY-AT26016-10,2024-12-11 07:52:00.628-08,2024-12-12 09:56:37.838058-08,2024-12-13 09:20:46.098054-08
NY-AT26016-11,2024-12-11 07:52:00.628-08,2024-12-12 09:59:48.592092-08,2024-12-13 09:20:56.407382-08
NY-AT26016-12,2024-12-11 07:52:00.628-08,2024-12-12 10:03:00.164732-08,2024-12-13 09:21:17.062335-08
NY-AT26016-13,2024-12-11 07:52:00.628-08,2024-12-12 10:06:10.048609-08,2024-12-13 09:21:55.814134-08
NY-AT26016-14,2024-12-11 07:52:00.628-08,2024-12-12 10:09:20.578688-08,2024-12-13 09:22:06.904811-08
NY-AT26016-15,2024-12-11 07:52:00.628-08,2024-12-12 10:12:30.808951-08,2024-12-13 09:22:46.027244-08
NY-AT26016-16,2024-12-11 07:52:00.628-08,2024-12-12 10:15:40.870156-08,2024-12-13 09:23:28.270717-08
NY-AT26016-17,2024-12-11 07:52:00.628-08,2024-12-12 10:18:50.618481-08,2024-12-13 09:23:39.972723-08
NY-AT26016-18,2024-12-11 07:52:00.628-08,2024-12-12 10:22:01.367533-08,2024-12-13 09:24:01.995716-08
NY-AT26016-19,2024-12-11 07:52:00.628-08,2024-12-16 09:25:27.338802-08,2024-12-18 14:18:14.623727-08
NY-AT26016-2,2024-12-11 07:52:00.628-08,2024-12-16 09:28:37.044114-08,2024-12-18 14:20:30.257245-08
NY-AT26016-20,2024-12-11 07:52:00.628-08,2024-12-12 10:31:32.780158-08,2024-12-13 09:24:18.279431-08
NY-AT26016-21,2024-12-11 07:52:00.628-08,2024-12-16 09:24:47.805291-08,2024-12-18 14:22:42.178065-08
NY-AT26016-22,2024-12-11 07:52:00.628-08,2024-12-12 10:37:52.908608-08,2024-12-13 09:24:56.899502-08
NY-AT26016-3,2024-12-11 07:52:00.628-08,2024-12-12 10:41:02.443615-08,2024-12-13 09:19:22.4377-08
NY-AT26016-4,2024-12-11 07:52:00.628-08,2024-12-12 10:44:12.172814-08,2024-12-13 09:19:34.89803-08
NY-AT26016-5,2024-12-11 07:52:00.628-08,2024-12-12 10:47:22.364601-08,2024-12-13 09:19:48.39573-08
NY-AT26016-6,2024-12-11 07:52:00.628-08,2024-12-12 10:50:32.884874-08,2024-12-13 21:21:29.170609-08
NY-AT26016-7,2024-12-11 07:52:00.628-08,2024-12-12 10:53:42.414336-08,2024-12-13 09:20:12.042175-08
NY-AT26016-8,2024-12-11 07:52:00.628-08,2024-12-12 10:56:52.494996-08,2024-12-13 09:20:24.10227-08
NY-AT26016-9,2024-12-11 07:52:00.628-08,2024-12-12 11:00:02.763339-08,2024-12-13 09:20:35.034569-08
NY-TX24011-7,2024-12-19 06:55:06.184-08,2024-12-19 09:46:54.723832-08,2025-01-14 15:03:41.387169-08
NY-TX34001-4,2024-12-19 05:20:42.123-08,2024-12-19 10:21:31.63062-08,2024-12-21 10:53:14.198996-08
NY-MX22016-15,2024-12-11 01:27:01.314-08,2024-12-12 10:12:30.808951-08,2024-12-13 09:22:46.027244-08
NY-AT26018-2,2024-12-22 14:12:30.611-08,2024-12-25 17:22:03.147676-08,2024-12-27 17:06:00.726712-08
NY-MX22018-13,2024-12-22 10:53:07.585-08,2024-12-26 14:37:22.554945-08,2024-12-27 16:46:48.130476-08
NY-MX22016-3,2024-12-11 01:27:01.314-08,2024-12-12 10:41:02.443615-08,2024-12-13 09:19:22.4377-08
NY-MX22016-17,2024-12-11 01:27:01.314-08,2024-12-12 10:18:50.618481-08,2024-12-13 09:23:39.972723-08
NY-AT26017-9,2024-12-22 03:26:10.962-08,2024-12-24 23:24:30.844734-08,2024-12-27 12:52:39.784206-08
NY-MX22016-22,2024-12-11 01:27:01.314-08,2024-12-12 10:37:52.908608-08,2024-12-13 09:24:56.899502-08
NY-AT26017-16,2024-12-22 03:26:10.962-08,2024-12-24 22:17:12.773766-08,2024-12-27 13:20:01.457087-08
NY-TX24011-10,2024-12-19 06:55:06.184-08,2024-12-19 09:45:46.234649-08,2025-01-14 15:02:17.684549-08
NY-MX22017-2,2024-12-22 05:18:21.665-08,2024-12-24 22:37:53.604599-08,2024-12-27 13:11:28.785543-08
NY-AT26018-4,2024-12-22 14:12:30.611-08,2024-12-25 17:42:36.59058-08,2024-12-27 16:59:37.232679-08
NY-AT26018-20,2024-12-22 14:12:30.611-08,2024-12-26 14:43:28.088235-08,2024-12-27 16:44:39.981391-08
NY-TX34002-9,2024-12-18 23:01:27.538-08,2024-12-22 09:46:08.392452-08,2025-01-14 14:59:12.032682-08
NY-TX24011-8,2024-12-19 06:55:06.184-08,2024-12-19 09:47:05.133407-08,2025-01-14 15:03:54.886798-08
NY-TX34001-10,2024-12-19 05:20:42.123-08,2024-12-19 10:20:53.914504-08,2024-12-21 10:56:16.347226-08
NY-MX22016-11,2024-12-11 01:27:01.314-08,2024-12-12 09:59:48.592092-08,2024-12-13 09:20:56.407382-08
NY-MX22016-2,2024-12-11 01:27:01.314-08,2024-12-16 09:28:37.044114-08,2024-12-18 14:20:30.257245-08
NY-MX22017-17,2024-12-22 05:18:21.665-08,2024-12-24 22:22:22.159521-08,2024-12-27 13:17:53.83829-08
NY-MX22016-9,2024-12-11 01:27:01.314-08,2024-12-12 11:00:02.763339-08,2024-12-13 09:20:35.034569-08
NY-AT26018-13,2024-12-22 14:12:30.611-08,2024-12-26 14:37:22.554945-08,2024-12-27 16:46:48.130476-08
NY-TX34001-3,2024-12-19 05:20:42.123-08,2024-12-19 10:21:19.696913-08,2024-12-21 10:52:36.101582-08
NY-MX22018-18,2024-12-22 10:53:07.585-08,2024-12-25 17:11:45.73292-08,2024-12-27 17:10:16.089024-08
NY-MX22016-5,2024-12-11 01:27:01.314-08,2024-12-12 10:47:22.364601-08,2024-12-13 09:19:48.39573-08
NY-TX24012-4,2024-12-22 16:25:10.554-08,2025-01-04 11:01:55.929019-08,2025-01-14 14:41:38.96616-08
NY-AT26017-20,2024-12-22 03:26:10.962-08,2024-12-24 22:43:03.909391-08,2024-12-27 13:09:19.809391-08
NY-MX22017-12,2024-12-22 05:18:21.665-08,2024-12-24 21:56:32.848496-08,2024-12-27 13:28:31.963596-08
NY-TX34001-5,2024-12-19 05:20:42.123-08,2024-12-19 10:21:45.08273-08,2024-12-21 10:53:46.406144-08
NY-TX34002-2,2024-12-18 23:01:27.538-08,2024-12-19 10:23:55.543676-08,2025-01-14 14:57:42.842253-08
NY-MX22017-8,2024-12-22 05:18:21.665-08,2024-12-26 01:27:12.906386-08,2024-12-27 12:28:19.698467-08
NY-TX24012-8,2024-12-22 16:25:10.554-08,2025-01-04 11:10:44.289236-08,2025-01-14 14:40:41.947152-08
NY-AT26017-14,2024-12-22 03:26:10.962-08,2024-12-24 22:06:53.211028-08,2024-12-27 13:24:16.683144-08
NY-AT26017-12,2024-12-22 03:26:10.962-08,2024-12-24 21:56:32.848496-08,2024-12-27 13:28:31.963596-08
NY-TX24011-9,2024-12-19 06:55:06.184-08,2024-12-22 09:48:28.075248-08,2025-01-14 15:04:08.389668-08
NY-AT26017-17,2024-12-22 03:26:10.962-08,2024-12-24 22:22:22.159521-08,2024-12-27 13:17:53.83829-08
NY-AT26017-18,2024-12-22 03:26:10.962-08,2024-12-24 22:27:32.037069-08,2024-12-27 13:15:46.081954-08
NY-AT26017-3,2024-12-22 03:26:10.962-08,2024-12-24 22:53:25.31093-08,2024-12-27 13:05:03.701863-08
NY-AT26017-8,2024-12-22 03:26:10.962-08,2024-12-26 01:27:12.906386-08,2024-12-27 12:28:19.698467-08
NY-MX22017-4,2024-12-22 05:18:21.665-08,2024-12-24 22:58:36.131038-08,2024-12-27 13:02:55.842746-08
NY-MX22016-7,2024-12-11 01:27:01.314-08,2024-12-12 10:53:42.414336-08,2024-12-13 09:20:12.042175-08
NY-MX22017-21,2024-12-22 05:18:21.665-08,2024-12-24 22:48:13.903813-08,2024-12-27 13:07:11.451312-08
NY-MX22016-12,2024-12-11 01:27:01.314-08,2024-12-12 10:03:00.164732-08,2024-12-13 09:21:17.062335-08
NY-TX34002-3,2024-12-18 23:01:27.538-08,2024-12-19 10:24:09.089631-08,2025-01-14 14:57:56.969724-08
NY-TX24011-5,2024-12-19 06:55:06.184-08,2024-12-19 09:46:32.921824-08,2025-01-14 15:03:12.949339-08
NY-MX22017-10,2024-12-22 05:18:21.665-08,2024-12-24 21:46:13.001426-08,2024-12-27 13:32:48.885069-08
NY-MX22018-15,2024-12-22 10:53:07.585-08,2024-12-27 17:27:18.793099-08,2024-12-28 15:41:15.311637-08
NY-MX22017-5,2024-12-22 05:18:21.665-08,2024-12-24 23:03:47.103946-08,2024-12-27 13:00:48.247273-08
NY-MX22018-19,2024-12-22 10:53:07.585-08,2024-12-25 17:16:54.243342-08,2024-12-27 17:08:08.257426-08
NY-TX34001-8,2024-12-19 05:20:42.123-08,2024-12-19 10:22:33.511111-08,2024-12-21 10:54:35.598499-08
NY-AT26018-11,2024-12-22 14:12:30.611-08,2024-12-25 16:35:47.506244-08,2024-12-27 17:20:54.761711-08
NY-MX22016-20,2024-12-11 01:27:01.314-08,2024-12-12 10:31:32.780158-08,2024-12-13 09:24:18.279431-08
NY-MX22016-1,2024-12-11 01:27:01.314-08,2024-12-12 09:53:27.370166-08,2024-12-13 09:18:08.985782-08
NY-MX22017-1,2024-12-22 05:18:21.665-08,2024-12-24 21:41:02.827711-08,2024-12-27 13:34:57.294328-08
NY-AT26018-6,2024-12-22 14:12:30.611-08,2024-12-25 17:52:52.39904-08,2024-12-27 16:55:19.984563-08
NY-AT26018-3,2024-12-22 14:12:30.611-08,2024-12-25 17:37:28.594095-08,2024-12-27 17:01:45.342634-08
NY-TX24011-6,2024-12-19 06:55:06.184-08,2024-12-19 09:46:44.341359-08,2025-01-14 15:03:28.45823-08
NY-TX34002-5,2024-12-18 23:01:27.538-08,2024-12-19 10:24:45.460619-08,2025-01-14 14:58:22.695659-08
NY-TX24012-1,2024-12-22 16:25:10.554-08,2025-01-04 10:53:03.397616-08,2025-01-14 14:42:24.979131-08
NY-MX22018-5,2024-12-22 10:53:07.585-08,2024-12-25 17:47:44.676668-08,2024-12-27 16:57:28.612039-08
NY-MX22018-3,2024-12-22 10:53:07.585-08,2024-12-25 17:37:28.594095-08,2024-12-27 17:01:45.342634-08
NY-MX22018-17,2024-12-22 10:53:07.585-08,2024-12-25 17:06:37.698735-08,2024-12-27 17:12:23.763667-08
NY-AT26018-21,2024-12-22 14:12:30.611-08,2024-12-25 17:32:20.381804-08,2024-12-27 17:03:52.958907-08
NY-AT26018-18,2024-12-22 14:12:30.611-08,2024-12-25 17:11:45.73292-08,2024-12-27 17:10:16.089024-08
NY-AT26018-7,2024-12-22 14:12:30.611-08,2024-12-25 17:57:59.820931-08,2024-12-27 16:53:11.707872-08
NY-TX24012-5,2024-12-22 16:25:10.554-08,2025-01-04 11:04:07.59223-08,2025-01-14 14:41:24.944284-08
NY-AT26017-19,2024-12-22 03:26:10.962-08,2024-12-24 22:32:43.547759-08,2024-12-27 13:13:37.278957-08
NY-MX22016-18,2024-12-11 01:27:01.314-08,2024-12-12 10:22:01.367533-08,2024-12-13 09:24:01.995716-08
NY-MX22016-13,2024-12-11 01:27:01.314-08,2024-12-12 10:06:10.048609-08,2024-12-13 09:21:55.814134-08
NY-TX24010-1,2024-12-10 13:50:38.115-08,2024-12-10 14:27:13.768907-08,2025-01-14 15:04:27.311938-08
NY-MX22016-19,2024-12-11 01:27:01.314-08,2024-12-16 09:25:27.338802-08,2024-12-18 14:18:14.623727-08
NY-AT26018-16,2024-12-22 14:12:30.611-08,2024-12-25 17:01:29.898758-08,2024-12-27 17:14:31.573289-08
NY-MX22017-6,2024-12-22 05:18:21.665-08,2024-12-24 23:08:57.734865-08,2024-12-27 12:58:40.603516-08
NY-MX22016-6,2024-12-11 01:27:01.314-08,2024-12-12 10:50:32.884874-08,2024-12-13 21:21:29.170609-08
NY-MX22016-10,2024-12-11 01:27:01.314-08,2024-12-12 09:56:37.838058-08,2024-12-13 09:20:46.098054-08
NY-MX22018-21,2024-12-22 10:53:07.585-08,2024-12-25 17:32:20.381804-08,2024-12-27 17:03:52.958907-08
NY-MX22018-1,2024-12-22 10:53:07.585-08,2024-12-27 17:25:11.398218-08,2024-12-28 15:40:34.105359-08
NY-AT26017-1,2024-12-22 03:26:10.962-08,2024-12-24 21:41:02.827711-08,2024-12-27 13:34:57.294328-08
NY-MX22016-14,2024-12-11 01:27:01.314-08,2024-12-12 10:09:20.578688-08,2024-12-13 09:22:06.904811-08
NY-AT26017-11,2024-12-22 03:26:10.962-08,2024-12-24 21:51:23.068873-08,2024-12-27 13:30:40.362998-08
NY-MX22018-14,2024-12-22 10:53:07.585-08,2024-12-25 16:51:13.75175-08,2024-12-27 17:16:39.357663-08
NY-TX34002-10,2024-12-18 23:01:27.538-08,2024-12-22 09:47:25.350641-08,2025-01-14 14:57:29.867512-08
NY-MX22017-20,2024-12-22 05:18:21.665-08,2024-12-24 22:43:03.909391-08,2024-12-27 13:09:19.809391-08
NY-AT26018-8,2024-12-22 14:12:30.611-08,2024-12-25 18:03:13.028666-08,2024-12-27 16:51:03.922099-08
NY-AT26018-17,2024-12-22 14:12:30.611-08,2024-12-25 17:06:37.698735-08,2024-12-27 17:12:23.763667-08
NY-TX34001-7,2024-12-19 05:20:42.123-08,2024-12-19 10:22:21.758285-08,2024-12-21 10:54:22.219061-08
NY-MX22017-9,2024-12-22 05:18:21.665-08,2024-12-24 23:24:30.844734-08,2024-12-27 12:52:39.784206-08
NY-MX22018-7,2024-12-22 10:53:07.585-08,2024-12-25 17:57:59.820931-08,2024-12-27 16:53:11.707872-08
NY-AT26018-5,2024-12-22 14:12:30.611-08,2024-12-25 17:47:44.676668-08,2024-12-27 16:57:28.612039-08
NY-AT26017-13,2024-12-22 03:26:10.962-08,2024-12-24 22:01:42.979979-08,2024-12-27 13:26:24.308556-08
NY-TX24012-10,2024-12-22 16:25:10.554-08,2025-01-04 10:55:16.383545-08,2025-01-14 14:40:30.053765-08
NY-TX24012-6,2024-12-22 16:25:10.554-08,2025-01-04 11:06:19.838116-08,2025-01-14 14:41:13.090776-08
NY-AT26017-2,2024-12-22 03:26:10.962-08,2024-12-24 22:37:53.604599-08,2024-12-27 13:11:28.785543-08
NY-MX22016-4,2024-12-11 01:27:01.314-08,2024-12-12 10:44:12.172814-08,2024-12-13 09:19:34.89803-08
NY-MX22017-16,2024-12-22 05:18:21.665-08,2024-12-24 22:17:12.773766-08,2024-12-27 13:20:01.457087-08
NY-AT26017-21,2024-12-22 03:26:10.962-08,2024-12-24 22:48:13.903813-08,2024-12-27 13:07:11.451312-08
NY-AT26018-1,2024-12-22 14:12:30.611-08,2024-12-27 17:25:11.398218-08,2024-12-28 15:40:34.105359-08
NY-MX22018-12,2024-12-22 10:53:07.585-08,2024-12-25 16:40:56.76301-08,2024-12-27 17:18:46.886226-08
NY-MX22017-13,2024-12-22 05:18:21.665-08,2024-12-24 22:01:42.979979-08,2024-12-27 13:26:24.308556-08
NY-TX34002-7,2024-12-18 23:01:27.538-08,2024-12-22 09:46:19.088001-08,2025-01-14 14:58:47.557664-08
NY-AT26018-15,2024-12-22 14:12:30.611-08,2024-12-27 17:27:18.793099-08,2024-12-28 15:41:15.311637-08
NY-TX34002-4,2024-12-18 23:01:27.538-08,2024-12-19 10:24:30.731053-08,2025-01-14 14:58:09.607525-08
NY-AT26017-7,2024-12-22 03:26:10.962-08,2024-12-24 23:14:09.044343-08,2024-12-27 12:54:47.986702-08
NY-MX22018-8,2024-12-22 10:53:07.585-08,2024-12-25 18:03:13.028666-08,2024-12-27 16:51:03.922099-08
NY-TX34001-9,2024-12-19 05:20:42.123-08,2024-12-19 10:22:46.93481-08,2024-12-21 10:55:10.221124-08
NY-MX22017-19,2024-12-22 05:18:21.665-08,2024-12-24 22:32:43.547759-08,2024-12-27 13:13:37.278957-08
NY-MX22018-16,2024-12-22 10:53:07.585-08,2024-12-25 17:01:29.898758-08,2024-12-27 17:14:31.573289-08
NY-TX34002-8,2024-12-18 23:01:27.538-08,2024-12-19 10:25:22.428818-08,2025-01-14 14:58:59.67228-08
NY-TX34002-6,2024-12-18 23:01:27.538-08,2024-12-19 10:24:58.267606-08,2025-01-14 14:58:34.922493-08
NY-MX22017-15,2024-12-22 05:18:21.665-08,2024-12-24 22:12:03.339354-08,2024-12-27 13:22:09.146082-08
NY-AT26018-12,2024-12-22 14:12:30.611-08,2024-12-25 16:40:56.76301-08,2024-12-27 17:18:46.886226-08
NY-MX22018-20,2024-12-22 10:53:07.585-08,2024-12-26 14:43:28.088235-08,2024-12-27 16:44:39.981391-08
NY-MX22016-21,2024-12-11 01:27:01.314-08,2024-12-16 09:24:47.805291-08,2024-12-18 14:22:42.178065-08
NY-AT26017-4,2024-12-22 03:26:10.962-08,2024-12-24 22:58:36.131038-08,2024-12-27 13:02:55.842746-08
NY-TX24012-2,2024-12-22 16:25:10.554-08,2025-01-04 10:57:29.081805-08,2025-01-14 14:42:09.568352-08
NY-TX24012-3,2024-12-22 16:25:10.554-08,2025-01-04 10:59:42.579682-08,2025-01-14 14:41:57.704406-08
NY-MX22018-6,2024-12-22 10:53:07.585-08,2024-12-25 17:52:52.39904-08,2024-12-27 16:55:19.984563-08
NY-MX22016-16,2024-12-11 01:27:01.314-08,2024-12-12 10:15:40.870156-08,2024-12-13 09:23:28.270717-08
NY-MX22018-2,2024-12-22 10:53:07.585-08,2024-12-25 17:22:03.147676-08,2024-12-27 17:06:00.726712-08
NY-MX22017-7,2024-12-22 05:18:21.665-08,2024-12-24 23:14:09.044343-08,2024-12-27 12:54:47.986702-08
NY-TX24012-7,2024-12-22 16:25:10.554-08,2025-01-04 11:08:31.98584-08,2025-01-14 14:41:00.608266-08
NY-MX22017-14,2024-12-22 05:18:21.665-08,2024-12-24 22:06:53.211028-08,2024-12-27 13:24:16.683144-08
NY-AT26018-10,2024-12-22 14:12:30.611-08,2024-12-25 16:30:39.047492-08,2024-12-27 17:23:03.050416-08
NY-MX22018-11,2024-12-22 10:53:07.585-08,2024-12-25 16:35:47.506244-08,2024-12-27 17:20:54.761711-08
NY-TX34001-2,2024-12-19 05:20:42.123-08,2024-12-19 10:21:07.560972-08,2024-12-21 10:52:21.757942-08
NY-TX24011-2,2024-12-19 06:55:06.184-08,2024-12-22 09:49:45.116234-08,2025-01-14 15:02:32.102302-08
NY-MX22018-9,2024-12-22 10:53:07.585-08,2024-12-25 18:08:21.692148-08,2024-12-27 16:48:55.861004-08
NY-TX34002-1,2024-12-18 23:01:27.538-08,2024-12-22 09:47:15.956323-08,2025-01-14 14:57:17.87446-08
NY-MX22018-10,2024-12-22 10:53:07.585-08,2024-12-25 16:30:39.047492-08,2024-12-27 17:23:03.050416-08
NY-AT26017-6,2024-12-22 03:26:10.962-08,2024-12-24 23:08:57.734865-08,2024-12-27 12:58:40.603516-08
NY-AT26018-14,2024-12-22 14:12:30.611-08,2024-12-25 16:51:13.75175-08,2024-12-27 17:16:39.357663-08
NY-TX24011-1,2024-12-19 06:55:06.184-08,2024-12-19 09:45:35.282361-08,2025-01-14 15:01:42.940204-08
NY-AT26018-19,2024-12-22 14:12:30.611-08,2024-12-25 17:16:54.243342-08,2024-12-27 17:08:08.257426-08
NY-AT26017-15,2024-12-22 03:26:10.962-08,2024-12-24 22:12:03.339354-08,2024-12-27 13:22:09.146082-08
NY-AT26017-10,2024-12-22 03:26:10.962-08,2024-12-24 21:46:13.001426-08,2024-12-27 13:32:48.885069-08
NY-MX22018-4,2024-12-22 10:53:07.585-08,2024-12-25 17:42:36.59058-08,2024-12-27 16:59:37.232679-08
NY-AT26017-5,2024-12-22 03:26:10.962-08,2024-12-24 23:03:47.103946-08,2024-12-27 13:00:48.247273-08
NY-MX22017-11,2024-12-22 05:18:21.665-08,2024-12-24 21:51:23.068873-08,2024-12-27 13:30:40.362998-08
NY-MX22017-18,2024-12-22 05:18:21.665-08,2024-12-24 22:27:32.037069-08,2024-12-27 13:15:46.081954-08
NY-TX24011-3,2024-12-19 06:55:06.184-08,2024-12-19 09:46:11.327895-08,2025-01-14 15:02:46.146711-08
NY-AT26018-9,2024-12-22 14:12:30.611-08,2024-12-25 18:08:21.692148-08,2024-12-27 16:48:55.861004-08
NY-TX34001-1,2024-12-19 05:20:42.123-08,2024-12-19 10:20:38.392523-08,2024-12-21 10:52:06.790939-08
NY-TX24011-4,2024-12-19 06:55:06.184-08,2024-12-22 09:49:59.441271-08,2025-01-14 15:02:58.860139-08
NY-MX22017-3,2024-12-22 05:18:21.665-08,2024-12-24 22:53:25.31093-08,2024-12-27 13:05:03.701863-08
NY-MX22016-8,2024-12-11 01:27:01.314-08,2024-12-12 10:56:52.494996-08,2024-12-13 09:20:24.10227-08
NY-TX24012-9,2024-12-22 16:25:10.554-08,2025-01-04 11:12:56.671407-08,2025-01-14 14:40:14.377714-08
NY-TX34001-6,2024-12-19 05:20:42.123-08,2024-12-19 10:22:08.977558-08,2024-12-21 10:53:59.125604-08
NY-TX24010-8,2024-12-10 13:50:38.115-08,2024-12-10 14:28:25.31506-08,2025-01-14 15:07:16.433741-08
NY-TX24010-9,2024-12-10 13:50:38.115-08,2024-12-10 14:28:34.155647-08,2025-01-14 15:07:29.260701-08
NY-TX24010-5,2024-12-10 13:50:38.115-08,2024-12-10 14:27:54.701078-08,2025-01-14 15:06:26.767917-08
NY-TX24010-2,2024-12-10 13:50:38.115-08,2024-12-10 14:27:24.93085-08,2025-01-14 15:05:58.711391-08
NY-TX24010-7,2024-12-10 13:50:38.115-08,2024-12-10 14:28:16.892006-08,2025-01-14 15:06:54.306949-08
NY-TX24010-4,2024-12-10 13:50:38.115-08,2024-12-10 14:27:45.508584-08,2025-02-13 14:23:39.377375-08
NY-TX24010-3,2024-12-10 13:50:38.115-08,2024-12-10 14:27:33.83596-08,2025-01-14 15:06:11.488644-08
NY-TX24010-10,2024-12-10 13:50:38.115-08,2024-12-10 14:28:44.480333-08,2025-01-14 15:04:40.328407-08
NY-TX24010-6,2024-12-10 13:50:38.115-08,2024-12-10 14:28:04.446328-08,2025-01-14 15:06:39.666319-08
NY-MX22019-20,2025-01-04 10:04:07.193-08,2025-01-06 14:14:39.310959-08,2025-01-07 15:00:00.440494-08
NY-AT26019-7,2025-01-04 10:49:24.397-08,2025-01-06 12:00:10.716667-08,2025-01-07 15:04:25.458073-08
NY-MX22019-3,2025-01-04 10:04:07.193-08,2025-01-06 10:01:17.014018-08,2025-01-07 15:15:34.808057-08
NY-MX22019-14,2025-01-04 10:04:07.193-08,2025-01-06 09:35:03.481331-08,2025-01-07 15:26:56.378573-08
NY-AT26019-3,2025-01-04 10:49:24.397-08,2025-01-06 10:01:17.014018-08,2025-01-07 15:15:34.808057-08
NY-MX22019-10,2025-01-04 10:04:07.193-08,2025-01-06 14:12:27.99537-08,2025-01-07 15:02:13.098052-08
NY-AT26019-5,2025-01-04 10:49:24.397-08,2025-01-07 15:46:41.18777-08,2025-01-08 10:42:07.406549-08
NY-AT26019-13,2025-01-04 10:49:24.397-08,2025-01-06 09:32:52.343869-08,2025-01-07 15:29:07.478064-08
NY-AT26019-20,2025-01-04 10:49:24.397-08,2025-01-06 14:14:39.310959-08,2025-01-07 15:00:00.440494-08
NY-MX22019-23,2025-01-04 10:04:07.193-08,2025-01-07 15:44:30.256624-08,2025-01-08 10:39:57.439701-08
NY-AT26019-16,2025-01-04 10:49:24.397-08,2025-01-06 09:39:26.151056-08,2025-01-07 15:22:30.809837-08
NY-AT26019-12,2025-01-04 10:49:24.397-08,2025-01-06 09:30:41.658677-08,2025-01-07 15:31:19.609917-08
NY-AT26019-21,2025-01-04 10:49:24.397-08,2025-01-06 14:16:50.619231-08,2025-01-07 14:57:48.134226-08
NY-MX22019-9,2025-01-04 10:04:07.193-08,2025-01-06 10:14:30.808657-08,2025-01-07 15:06:37.072042-08
NY-MX22019-2,2025-01-04 10:04:07.193-08,2025-01-07 15:42:19.283737-08,2025-01-08 10:46:32.222951-08
NY-MX22019-16,2025-01-04 10:04:07.193-08,2025-01-06 09:39:26.151056-08,2025-01-07 15:22:30.809837-08
NY-AT26019-19,2025-01-04 10:49:24.397-08,2025-01-07 15:40:07.790287-08,2025-01-08 10:37:46.820668-08
NY-AT26019-1,2025-01-04 10:49:24.397-08,2025-01-07 15:35:43.828225-08,2025-01-08 10:44:17.777261-08
NY-AT26019-22,2025-01-04 10:49:24.397-08,2025-01-06 14:19:02.539707-08,2025-01-07 14:55:35.177032-08
NY-MX22019-6,2025-01-04 10:04:07.193-08,2025-01-06 10:07:54.337865-08,2025-01-07 15:11:01.553228-08
NY-MX22019-4,2025-01-04 10:04:07.193-08,2025-01-06 10:03:28.969097-08,2025-03-27 16:23:25.65484-07
NY-MX22019-11,2025-01-04 10:04:07.193-08,2025-01-06 09:28:29.984553-08,2025-01-07 15:33:32.208133-08
NY-AT26019-18,2025-01-04 10:49:24.397-08,2025-01-06 09:43:50.300881-08,2025-01-07 15:20:18.841795-08
NY-MX22019-22,2025-01-04 10:04:07.193-08,2025-01-06 14:19:02.539707-08,2025-01-07 14:55:35.177032-08
NY-MX22019-21,2025-01-04 10:04:07.193-08,2025-01-06 14:16:50.619231-08,2025-01-07 14:57:48.134226-08
NY-AT26019-24,2025-01-04 10:49:24.397-08,2025-01-06 09:59:04.935405-08,2025-01-07 15:18:06.894549-08
NY-AT26019-10,2025-01-04 10:49:24.397-08,2025-01-06 14:12:27.99537-08,2025-01-07 15:02:13.098052-08
NY-AT26019-6,2025-01-04 10:49:24.397-08,2025-01-06 10:07:54.337865-08,2025-01-07 15:11:01.553228-08
NY-MX22019-18,2025-01-04 10:04:07.193-08,2025-01-06 09:43:50.300881-08,2025-01-07 15:20:18.841795-08
NY-MX22019-12,2025-01-04 10:04:07.193-08,2025-01-06 09:30:41.658677-08,2025-01-07 15:31:19.609917-08
NY-MX22019-13,2025-01-04 10:04:07.193-08,2025-01-06 09:32:52.343869-08,2025-01-07 15:29:07.478064-08
NY-MX22019-17,2025-01-04 10:04:07.193-08,2025-01-07 15:37:55.790794-08,2025-01-08 10:35:36.046134-08
NY-AT26019-9,2025-01-04 10:49:24.397-08,2025-01-06 10:14:30.808657-08,2025-01-07 15:06:37.072042-08
NY-AT26019-17,2025-01-04 10:49:24.397-08,2025-01-07 15:37:55.790794-08,2025-01-08 10:35:36.046134-08
NY-AT26019-2,2025-01-04 10:49:24.397-08,2025-01-07 15:42:19.283737-08,2025-01-08 10:46:32.222951-08
NY-AT26019-11,2025-01-04 10:49:24.397-08,2025-01-06 09:28:29.984553-08,2025-01-07 15:33:32.208133-08
NY-MX22019-7,2025-01-04 10:04:07.193-08,2025-01-06 12:00:10.716667-08,2025-01-07 15:04:25.458073-08
NY-AT26019-14,2025-01-04 10:49:24.397-08,2025-01-06 09:35:03.481331-08,2025-01-07 15:26:56.378573-08
NY-AT26019-8,2025-01-04 10:49:24.397-08,2025-01-06 10:12:18.905631-08,2025-01-07 15:08:49.642424-08
NY-MX22019-15,2025-01-04 10:04:07.193-08,2025-01-06 09:37:14.322355-08,2025-01-07 15:24:43.529235-08
NY-AT26019-4,2025-01-04 10:49:24.397-08,2025-01-06 10:03:28.969097-08,2025-03-27 16:23:25.65484-07
NY-MX22019-19,2025-01-04 10:04:07.193-08,2025-01-07 15:40:07.790287-08,2025-01-08 10:37:46.820668-08
NY-AT26019-15,2025-01-04 10:49:24.397-08,2025-01-06 09:37:14.322355-08,2025-01-07 15:24:43.529235-08
NY-MX22019-5,2025-01-04 10:04:07.193-08,2025-01-07 15:46:41.18777-08,2025-01-08 10:42:07.406549-08
NY-AT26019-23,2025-01-04 10:49:24.397-08,2025-01-07 15:44:30.256624-08,2025-01-08 10:39:57.439701-08
NY-MX22019-8,2025-01-04 10:04:07.193-08,2025-01-06 10:12:18.905631-08,2025-01-07 15:08:49.642424-08
NY-MX22019-24,2025-01-04 10:04:07.193-08,2025-01-06 09:59:04.935405-08,2025-01-07 15:18:06.894549-08
NY-MX22019-1,2025-01-04 10:04:07.193-08,2025-01-07 15:35:43.828225-08,2025-01-08 10:44:17.777261-08
NY-AT26020-5,2025-01-17 08:01:53.428-08,2025-01-21 10:39:50.242919-08,2025-01-22 12:29:33.390511-08
NW-TX34003-4,2025-01-17 02:04:18.902-08,2025-01-21 09:53:33.627124-08,2025-01-22 09:11:44.911521-08
NW-TX34003-3,2025-01-17 02:04:18.902-08,2025-01-17 10:58:12.053822-08,2025-01-21 11:25:15.341424-08
NY-AT26020-11,2025-01-17 08:01:53.428-08,2025-01-22 12:58:42.325269-08,2025-01-23 08:03:37.252031-08
NY-AT26020-18,2025-01-17 08:01:53.428-08,2025-01-21 10:24:43.816395-08,2025-01-22 12:44:59.610104-08
NY-AT26020-19,2025-01-17 08:01:53.428-08,2025-01-21 10:26:53.233749-08,2025-01-22 12:42:44.784986-08
NY-AT26020-13,2025-01-17 08:01:53.428-08,2025-01-21 10:13:55.793074-08,2025-01-22 12:51:38.268992-08
NY-AT26020-6,2025-01-17 08:01:53.428-08,2025-01-21 10:41:59.63217-08,2025-01-22 12:27:22.008471-08
NW-TX34003-10,2025-01-17 02:04:18.902-08,2025-01-17 10:47:51.137037-08,2025-01-21 11:24:45.775441-08
NY-AT26020-17,2025-01-17 08:01:53.428-08,2025-01-21 10:22:34.015418-08,2025-01-22 12:47:12.189922-08
NY-AT26020-3,2025-01-17 08:01:53.428-08,2025-01-21 10:35:31.271343-08,2025-01-22 12:33:57.761102-08
NY-AT26020-12,2025-01-17 08:01:53.428-08,2025-01-22 13:00:58.618478-08,2025-01-23 08:01:25.556216-08
NW-TX34003-2,2025-01-17 02:04:18.902-08,2025-01-17 10:53:01.531284-08,2025-01-21 11:25:02.005086-08
NY-AT26020-15,2025-01-17 08:01:53.428-08,2025-01-22 13:03:14.171718-08,2025-01-23 07:59:11.929044-08
NY-AT26020-7,2025-01-17 08:01:53.428-08,2025-01-21 10:44:09.205127-08,2025-01-22 12:25:11.332168-08
NW-TX34003-7,2025-01-17 02:04:18.902-08,2025-01-17 11:18:57.975942-08,2025-01-21 11:25:56.201451-08
NW-TX34003-1,2025-01-17 02:04:18.902-08,2025-01-17 10:42:40.796981-08,2025-01-21 11:24:31.423931-08
NW-TX34003-6,2025-01-17 02:04:18.902-08,2025-01-17 11:13:47.759045-08,2025-01-21 11:25:42.133914-08
NY-AT26020-2,2025-01-17 08:01:53.428-08,2025-01-21 10:29:02.763571-08,2025-01-22 12:40:31.167723-08
NY-AT26020-21,2025-01-17 08:01:53.428-08,2025-01-21 10:33:22.121061-08,2025-01-22 12:36:07.531386-08
NY-AT26020-10,2025-01-17 08:01:53.428-08,2025-01-21 10:07:26.523473-08,2025-01-22 12:53:54.64839-08
NY-AT26020-8,2025-01-17 08:01:53.428-08,2025-01-21 10:46:19.149408-08,2025-01-22 12:23:00.754131-08
NY-AT26020-20,2025-01-17 08:01:53.428-08,2025-01-21 10:31:12.735502-08,2025-01-22 12:38:17.354668-08
NY-AT26020-1,2025-01-17 08:01:53.428-08,2025-01-21 10:05:15.366658-08,2025-01-22 12:56:10.235735-08
NY-AT26020-14,2025-01-17 08:01:53.428-08,2025-01-21 10:16:05.41274-08,2025-01-22 12:49:25.050753-08
NY-AT26020-9,2025-01-17 08:01:53.428-08,2025-01-21 10:48:28.844262-08,2025-01-22 12:20:49.685984-08
NW-TX34003-9,2025-01-17 02:04:18.902-08,2025-01-17 11:29:25.821715-08,2025-01-21 11:27:37.41333-08
NW-TX34003-5,2025-01-17 02:04:18.902-08,2025-01-17 11:08:37.599168-08,2025-01-21 11:25:27.80131-08
NW-TX34003-8,2025-01-17 02:04:18.902-08,2025-01-17 11:24:08.390124-08,2025-01-21 11:27:24.8315-08
NY-AT26020-16,2025-01-17 08:01:53.428-08,2025-01-22 13:06:10.189677-08,2025-01-23 07:56:58.860075-08
NY-AT26020-4,2025-01-17 08:01:53.428-08,2025-01-21 10:37:40.632358-08,2025-01-22 12:31:44.111798-08
NY-AT26021-3,2025-01-17 18:46:56.559-08,2025-01-22 12:05:35.318132-08,2025-01-23 08:16:47.550803-08
NY-AT26021-2,2025-01-17 18:46:56.559-08,2025-01-22 11:58:56.515566-08,2025-01-23 08:23:22.83215-08
NY-AT26021-17,2025-01-17 18:46:56.559-08,2025-01-22 11:52:18.384735-08,2025-01-23 08:29:57.945084-08
NY-AT26021-10,2025-01-17 18:46:56.559-08,2025-01-22 11:36:43.994441-08,2025-01-23 08:41:11.335891-08
NY-AT26021-15,2025-01-17 18:46:56.559-08,2025-01-22 11:47:51.912342-08,2025-01-23 08:32:12.702681-08
NY-AT26021-12,2025-01-17 18:46:56.559-08,2025-01-22 11:41:12.037984-08,2025-01-23 08:36:40.922832-08
NY-AT26021-19,2025-01-17 18:46:56.559-08,2025-01-22 11:56:42.413969-08,2025-01-23 08:25:33.957554-08
NY-AT26021-11,2025-01-17 18:46:56.559-08,2025-01-22 11:38:58.474339-08,2025-01-23 08:38:56.988595-08
NY-AT26021-5,2025-01-17 18:46:56.559-08,2025-01-22 12:09:57.392972-08,2025-01-23 08:12:25.134289-08
NY-AT26021-4,2025-01-17 18:46:56.559-08,2025-01-22 12:07:46.582768-08,2025-01-23 08:14:36.330211-08
NY-AT26021-14,2025-01-17 18:46:56.559-08,2025-01-22 11:45:40.729344-08,2025-01-23 08:34:27.070089-08
NY-AT26021-6,2025-01-17 18:46:56.559-08,2025-01-23 08:50:05.547252-08,2025-01-24 09:31:47.87078-08
NY-AT26021-8,2025-01-17 18:46:56.559-08,2025-01-22 12:16:27.796911-08,2025-01-23 08:08:01.439988-08
NY-AT26021-1,2025-01-17 18:46:56.559-08,2025-01-22 11:34:32.771916-08,2025-01-23 08:43:22.67493-08
NY-AT26021-21,2025-01-17 18:46:56.559-08,2025-01-22 12:03:23.319298-08,2025-01-23 08:18:59.107864-08
NY-AT26021-16,2025-01-17 18:46:56.559-08,2025-01-23 08:47:50.658022-08,2025-01-24 09:34:05.143951-08
NY-AT26021-7,2025-01-17 18:46:56.559-08,2025-01-22 12:14:17.454251-08,2025-01-23 08:10:13.279531-08
NY-AT26021-18,2025-01-17 18:46:56.559-08,2025-01-22 11:54:30.52247-08,2025-01-23 08:27:45.302872-08
NY-AT26021-9,2025-01-17 18:46:56.559-08,2025-01-22 12:18:38.352454-08,2025-01-23 08:05:49.877014-08
NY-AT26021-13,2025-01-17 18:46:56.559-08,2025-01-23 08:45:36.375064-08,2025-01-24 09:36:20.756066-08
NY-AT26021-20,2025-01-17 18:46:56.559-08,2025-01-22 12:01:10.549249-08,2025-01-23 08:21:10.903926-08
NY-MX22020-13,2025-01-17 23:43:16.842-08,2025-01-21 10:13:55.793074-08,2025-01-22 12:51:38.268992-08
NY-MX22020-4,2025-01-17 23:43:16.842-08,2025-01-21 10:37:40.632358-08,2025-01-22 12:31:44.111798-08
NY-MX22020-19,2025-01-17 23:43:16.842-08,2025-01-21 10:26:53.233749-08,2025-01-22 12:42:44.784986-08
NY-MX22020-7,2025-01-17 23:43:16.842-08,2025-01-21 10:44:09.205127-08,2025-01-22 12:25:11.332168-08
NY-MX22020-3,2025-01-17 23:43:16.842-08,2025-01-21 10:35:31.271343-08,2025-01-22 12:33:57.761102-08
NY-MX22020-15,2025-01-17 23:43:16.842-08,2025-01-22 13:03:14.171718-08,2025-01-23 07:59:11.929044-08
NY-MX22020-14,2025-01-17 23:43:16.842-08,2025-01-21 10:16:05.41274-08,2025-01-22 12:49:25.050753-08
NY-MX22020-17,2025-01-17 23:43:16.842-08,2025-01-21 10:22:34.015418-08,2025-01-22 12:47:12.189922-08
NY-MX22020-20,2025-01-17 23:43:16.842-08,2025-01-21 10:31:12.735502-08,2025-01-22 12:38:17.354668-08
NY-MX22020-10,2025-01-17 23:43:16.842-08,2025-01-21 10:07:26.523473-08,2025-01-22 12:53:54.64839-08
NY-MX22020-5,2025-01-17 23:43:16.842-08,2025-01-21 10:39:50.242919-08,2025-01-22 12:29:33.390511-08
NY-MX22020-18,2025-01-17 23:43:16.842-08,2025-01-21 10:24:43.816395-08,2025-01-22 12:44:59.610104-08
NY-MX22020-6,2025-01-17 23:43:16.842-08,2025-01-21 10:41:59.63217-08,2025-01-22 12:27:22.008471-08
NY-MX22020-11,2025-01-17 23:43:16.842-08,2025-01-22 12:58:42.325269-08,2025-01-23 08:03:37.252031-08
NY-MX22020-16,2025-01-17 23:43:16.842-08,2025-01-22 13:06:10.189677-08,2025-01-23 07:56:58.860075-08
NY-MX22020-2,2025-01-17 23:43:16.842-08,2025-01-21 10:29:02.763571-08,2025-01-22 12:40:31.167723-08
NY-MX22020-9,2025-01-17 23:43:16.842-08,2025-01-21 10:48:28.844262-08,2025-01-22 12:20:49.685984-08
NY-MX22020-21,2025-01-17 23:43:16.842-08,2025-01-21 10:33:22.121061-08,2025-01-22 12:36:07.531386-08
NY-MX22020-12,2025-01-17 23:43:16.842-08,2025-01-22 13:00:58.618478-08,2025-01-23 08:01:25.556216-08
NY-MX22020-8,2025-01-17 23:43:16.842-08,2025-01-21 10:46:19.149408-08,2025-01-22 12:23:00.754131-08
NY-MX22020-1,2025-01-17 23:43:16.842-08,2025-01-21 10:05:15.366658-08,2025-01-22 12:56:10.235735-08
NY-MX22021-12,2025-01-22 04:14:47.551-08,2025-01-22 11:41:12.037984-08,2025-01-23 08:36:40.922832-08
NY-MX22021-14,2025-01-22 04:14:47.551-08,2025-01-22 11:45:40.729344-08,2025-01-23 08:34:27.070089-08
NY-MX22021-13,2025-01-22 04:14:47.551-08,2025-01-23 08:45:36.375064-08,2025-01-24 09:36:20.756066-08
NY-MX22021-10,2025-01-22 04:14:47.551-08,2025-01-22 11:36:43.994441-08,2025-01-23 08:41:11.335891-08
NY-MX22021-9,2025-01-22 04:14:47.551-08,2025-01-22 12:18:38.352454-08,2025-01-23 08:05:49.877014-08
NY-MX22021-21,2025-01-22 04:14:47.551-08,2025-01-22 12:03:23.319298-08,2025-01-23 08:18:59.107864-08
NY-MX22021-4,2025-01-22 04:14:47.551-08,2025-01-22 12:07:46.582768-08,2025-01-23 08:14:36.330211-08
NY-MX22021-17,2025-01-22 04:14:47.551-08,2025-01-22 11:52:18.384735-08,2025-01-23 08:29:57.945084-08
NY-MX22021-11,2025-01-22 04:14:47.551-08,2025-01-22 11:38:58.474339-08,2025-01-23 08:38:56.988595-08
NY-MX22021-8,2025-01-22 04:14:47.551-08,2025-01-22 12:16:27.796911-08,2025-01-23 08:08:01.439988-08
NY-MX22021-2,2025-01-22 04:14:47.551-08,2025-01-22 11:58:56.515566-08,2025-01-23 08:23:22.83215-08
NY-MX22021-20,2025-01-22 04:14:47.551-08,2025-01-22 12:01:10.549249-08,2025-01-23 08:21:10.903926-08
NY-MX22021-3,2025-01-22 04:14:47.551-08,2025-01-22 12:05:35.318132-08,2025-01-23 08:16:47.550803-08
NY-MX22021-15,2025-01-22 04:14:47.551-08,2025-01-22 11:47:51.912342-08,2025-01-23 08:32:12.702681-08
NY-MX22021-1,2025-01-22 04:14:47.551-08,2025-01-22 11:34:32.771916-08,2025-01-23 08:43:22.67493-08
NY-MX22021-6,2025-01-22 04:14:47.551-08,2025-01-23 08:50:05.547252-08,2025-01-24 09:31:47.87078-08
NY-MX22021-5,2025-01-22 04:14:47.551-08,2025-01-22 12:09:57.392972-08,2025-01-23 08:12:25.134289-08
NY-MX22021-19,2025-01-22 04:14:47.551-08,2025-01-22 11:56:42.413969-08,2025-01-23 08:25:33.957554-08
NY-MX22021-16,2025-01-22 04:14:47.551-08,2025-01-23 08:47:50.658022-08,2025-01-24 09:34:05.143951-08
NY-MX22021-7,2025-01-22 04:14:47.551-08,2025-01-22 12:14:17.454251-08,2025-01-23 08:10:13.279531-08
NY-MX22021-18,2025-01-22 04:14:47.551-08,2025-01-22 11:54:30.52247-08,2025-01-23 08:27:45.302872-08
NY-AT26022-14,2025-01-26 10:23:07.003-08,2025-01-27 12:40:39.708996-08,2025-01-28 11:36:21.069203-08
NY-AT26022-7,2025-01-26 10:23:07.003-08,2025-01-27 13:21:02.696476-08,2025-01-28 11:03:58.302583-08
NY-AT26022-3,2025-01-26 10:23:07.003-08,2025-01-27 13:09:02.912258-08,2025-01-28 11:13:41.473829-08
NY-AT26022-19,2025-01-26 10:23:07.003-08,2025-01-27 12:56:14.278904-08,2025-01-28 11:23:55.717168-08
NY-AT26022-9,2025-01-26 10:23:07.003-08,2025-01-27 13:26:52.016488-08,2025-01-28 10:58:52.679197-08
NY-AT26022-5,2025-01-26 10:23:07.003-08,2025-01-27 13:15:20.984295-08,2025-01-28 11:08:54.145487-08
NY-AT26022-4,2025-01-26 10:23:07.003-08,2025-01-27 13:12:14.491809-08,2025-01-28 11:11:15.573105-08
NY-AT26022-1,2025-01-26 10:23:07.003-08,2025-01-27 12:25:51.801476-08,2025-01-28 11:48:25.298706-08
NY-AT26022-20,2025-01-26 10:23:07.003-08,2025-01-27 13:02:41.426215-08,2025-01-28 11:18:59.373251-08
NY-AT26022-18,2025-01-26 10:23:07.003-08,2025-01-27 12:53:16.775558-08,2025-03-28 10:09:45.765487-07
NY-AT26022-17,2025-01-26 10:23:07.003-08,2025-01-27 12:49:58.012612-08,2025-03-28 10:09:33.99667-07
NY-AT26022-10,2025-01-26 10:23:07.003-08,2025-01-27 12:28:51.82582-08,2025-01-28 11:45:55.342006-08
NY-AT26022-8,2025-01-26 10:23:07.003-08,2025-01-27 13:23:51.137635-08,2025-01-28 11:01:28.297575-08
NY-AT26022-2,2025-01-26 10:23:07.003-08,2025-01-27 12:59:26.484743-08,2025-01-28 11:21:29.215729-08
NY-AT26022-15,2025-01-26 10:23:07.003-08,2025-01-27 12:43:58.835652-08,2025-03-28 10:09:10.084053-07
NY-AT26022-13,2025-01-26 10:23:07.003-08,2025-01-27 12:37:42.519366-08,2025-01-28 11:38:44.29686-08
NY-AT26022-16,2025-01-26 10:23:07.003-08,2025-01-27 12:46:53.130498-08,2025-03-28 10:09:22.40938-07
NY-AT26022-11,2025-01-26 10:23:07.003-08,2025-01-27 12:32:01.001436-08,2025-01-28 11:43:29.703892-08
NY-AT26022-6,2025-01-26 10:23:07.003-08,2025-01-27 13:18:02.576047-08,2025-01-28 11:06:25.634066-08
NY-AT26022-21,2025-01-26 10:23:07.003-08,2025-01-27 13:05:48.587296-08,2025-01-28 11:16:13.268098-08
NY-AT26022-12,2025-01-26 10:23:07.003-08,2025-01-27 12:34:40.000707-08,2025-01-28 11:41:05.663242-08
NY-MX22022-10,2025-01-26 15:03:47.698-08,2025-01-27 12:28:51.82582-08,2025-01-28 11:45:55.342006-08
NY-MX22022-8,2025-01-26 15:03:47.698-08,2025-01-27 13:23:51.137635-08,2025-01-28 11:01:28.297575-08
NY-MX22022-3,2025-01-26 15:03:47.698-08,2025-01-27 13:09:02.912258-08,2025-01-28 11:13:41.473829-08
NY-MX22022-4,2025-01-26 15:03:47.698-08,2025-01-27 13:12:14.491809-08,2025-01-28 11:11:15.573105-08
NY-MX22022-21,2025-01-26 15:03:47.698-08,2025-01-27 13:05:48.587296-08,2025-01-28 11:16:13.268098-08
NY-MX22022-19,2025-01-26 15:03:47.698-08,2025-01-27 12:56:14.278904-08,2025-01-28 11:23:55.717168-08
NY-MX22022-15,2025-01-26 15:03:47.698-08,2025-01-27 12:43:58.835652-08,2025-03-28 10:09:10.084053-07
NY-MX22022-5,2025-01-26 15:03:47.698-08,2025-01-27 13:15:20.984295-08,2025-01-28 11:08:54.145487-08
NY-MX22022-9,2025-01-26 15:03:47.698-08,2025-01-27 13:26:52.016488-08,2025-01-28 10:58:52.679197-08
NY-MX22022-11,2025-01-26 15:03:47.698-08,2025-01-27 12:32:01.001436-08,2025-01-28 11:43:29.703892-08
NY-MX22022-16,2025-01-26 15:03:47.698-08,2025-01-27 12:46:53.130498-08,2025-03-28 10:09:22.40938-07
NY-MX22022-20,2025-01-26 15:03:47.698-08,2025-01-27 13:02:41.426215-08,2025-01-28 11:18:59.373251-08
NY-MX22022-18,2025-01-26 15:03:47.698-08,2025-01-27 12:53:16.775558-08,2025-03-28 10:09:45.765487-07
NY-MX22022-6,2025-01-26 15:03:47.698-08,2025-01-27 13:18:02.576047-08,2025-01-28 11:06:25.634066-08
NY-MX22022-12,2025-01-26 15:03:47.698-08,2025-01-27 12:34:40.000707-08,2025-01-28 11:41:05.663242-08
NY-MX22022-1,2025-01-26 15:03:47.698-08,2025-01-27 12:25:51.801476-08,2025-01-28 11:48:25.298706-08
NY-MX22022-14,2025-01-26 15:03:47.698-08,2025-01-27 12:40:39.708996-08,2025-01-28 11:36:21.069203-08
NY-MX22022-13,2025-01-26 15:03:47.698-08,2025-01-27 12:37:42.519366-08,2025-01-28 11:38:44.29686-08
NY-MX22022-17,2025-01-26 15:03:47.698-08,2025-01-27 12:49:58.012612-08,2025-03-28 10:09:33.99667-07
NY-MX22022-7,2025-01-26 15:03:47.698-08,2025-01-27 13:21:02.696476-08,2025-01-28 11:03:58.302583-08
NY-MX22022-2,2025-01-26 15:03:47.698-08,2025-01-27 12:59:26.484743-08,2025-01-28 11:21:29.215729-08
NY-AT26023-7,2025-01-26 19:39:36.346-08,2025-01-27 12:16:31.175404-08,2025-01-28 11:53:08.040089-08
NY-AT26023-2,2025-01-26 19:39:36.346-08,2025-01-27 11:54:15.007217-08,2025-01-28 12:07:53.327704-08
NY-AT26023-11,2025-01-26 19:39:36.346-08,2025-01-27 11:26:24.619905-08,2025-01-28 12:29:27.996683-08
NY-AT26023-21,2025-01-26 19:39:36.346-08,2025-01-27 12:00:40.610732-08,2025-01-28 12:05:30.818206-08
NY-AT26023-20,2025-01-26 19:39:36.346-08,2025-01-28 12:39:05.249167-08,2025-01-29 12:06:04.765599-08
NY-AT26023-12,2025-01-26 19:39:36.346-08,2025-01-28 12:36:37.250088-08,2025-01-29 10:52:06.741811-08
NY-AT26023-8,2025-01-26 19:39:36.346-08,2025-01-27 12:19:37.892812-08,2025-01-28 11:50:47.258897-08
NY-AT26023-5,2025-01-26 19:39:36.346-08,2025-01-27 12:10:20.585584-08,2025-01-28 11:57:49.563909-08
NY-AT26023-6,2025-01-26 19:39:36.346-08,2025-01-27 12:13:34.295034-08,2025-01-28 11:55:28.037951-08
NY-AT26023-18,2025-01-26 19:39:36.346-08,2025-01-27 11:48:03.549879-08,2025-01-28 12:12:40.202579-08
NY-AT26023-15,2025-01-26 19:39:36.346-08,2025-01-27 11:38:48.394925-08,2025-01-28 12:22:19.643201-08
NY-AT26023-16,2025-01-26 19:39:36.346-08,2025-01-27 11:41:50.315217-08,2025-01-28 12:20:02.452201-08
NY-AT26023-13,2025-01-26 19:39:36.346-08,2025-01-27 11:32:22.639353-08,2025-01-28 12:27:04.278515-08
NY-AT26023-19,2025-01-26 19:39:36.346-08,2025-01-27 11:51:06.489318-08,2025-01-28 12:10:15.91056-08
NY-AT26023-17,2025-01-26 19:39:36.346-08,2025-01-27 11:44:56.567873-08,2025-01-28 12:16:53.152126-08
NY-AT26023-10,2025-01-26 19:39:36.346-08,2025-01-27 11:23:23.088838-08,2025-01-28 12:31:53.01496-08
NY-AT26023-3,2025-01-26 19:39:36.346-08,2025-01-27 12:03:57.254395-08,2025-01-28 12:03:08.377662-08
NY-AT26023-4,2025-01-26 19:39:36.346-08,2025-01-27 12:07:07.575113-08,2025-01-28 12:00:12.252821-08
NY-AT26023-14,2025-01-26 19:39:36.346-08,2025-01-27 11:35:32.036179-08,2025-01-28 12:24:40.30863-08
NY-MX22023-13,2025-01-26 20:04:08.586-08,2025-01-27 11:32:22.639353-08,2025-01-28 12:27:04.278515-08
NY-MX22023-11,2025-01-26 20:04:08.586-08,2025-01-27 11:26:24.619905-08,2025-01-28 12:29:27.996683-08
NY-MX22023-20,2025-01-26 20:04:08.586-08,2025-01-28 12:39:05.249167-08,2025-01-29 12:06:04.765599-08
NY-MX22023-16,2025-01-26 20:04:08.586-08,2025-01-27 11:41:50.315217-08,2025-01-28 12:20:02.452201-08
NY-MX22023-12,2025-01-26 20:04:08.586-08,2025-01-28 12:36:37.250088-08,2025-01-29 10:52:06.741811-08
NY-MX22023-7,2025-01-26 20:04:08.586-08,2025-01-27 12:16:31.175404-08,2025-01-28 11:53:08.040089-08
NY-MX22023-1,2025-01-26 20:04:08.586-08,2025-01-27 11:20:12.430911-08,2025-01-28 12:34:16.007854-08
NY-MX22023-14,2025-01-26 20:04:08.586-08,2025-01-27 11:35:32.036179-08,2025-01-28 12:24:40.30863-08
NY-MX22023-9,2025-01-26 20:04:08.586-08,2025-01-28 12:41:30.330814-08,2025-01-29 12:03:52.09829-08
NY-MX22023-3,2025-01-26 20:04:08.586-08,2025-01-27 12:03:57.254395-08,2025-01-28 12:03:08.377662-08
NY-MX22023-17,2025-01-26 20:04:08.586-08,2025-01-27 11:44:56.567873-08,2025-01-28 12:16:53.152126-08
NY-MX22023-15,2025-01-26 20:04:08.586-08,2025-01-27 11:38:48.394925-08,2025-01-28 12:22:19.643201-08
NY-MX22023-4,2025-01-26 20:04:08.586-08,2025-01-27 12:07:07.575113-08,2025-01-28 12:00:12.252821-08
NY-MX22023-19,2025-01-26 20:04:08.586-08,2025-01-27 11:51:06.489318-08,2025-01-28 12:10:15.91056-08
NY-MX22023-2,2025-01-26 20:04:08.586-08,2025-01-27 11:54:15.007217-08,2025-01-28 12:07:53.327704-08
NY-MX22023-21,2025-01-26 20:04:08.586-08,2025-01-27 12:00:40.610732-08,2025-01-28 12:05:30.818206-08
NY-MX22023-8,2025-01-26 20:04:08.586-08,2025-01-27 12:19:37.892812-08,2025-01-28 11:50:47.258897-08
NY-MX22023-6,2025-01-26 20:04:08.586-08,2025-01-27 12:13:34.295034-08,2025-01-28 11:55:28.037951-08
NY-MX22023-10,2025-01-26 20:04:08.586-08,2025-01-27 11:23:23.088838-08,2025-01-28 12:31:53.01496-08
NY-MX22023-5,2025-01-26 20:04:08.586-08,2025-01-27 12:10:20.585584-08,2025-01-28 11:57:49.563909-08
NY-MX22023-18,2025-01-26 20:04:08.586-08,2025-01-27 11:48:03.549879-08,2025-01-28 12:12:40.202579-08
NW-TX34004-8,2025-01-28 13:54:58.39-08,2025-01-29 13:02:30.185154-08,2025-01-31 09:13:14.995949-08
NW-TX34004-2,2025-01-28 13:54:58.39-08,2025-01-28 17:46:21.607143-08,2025-01-30 10:42:18.447906-08
NW-TX34004-6,2025-01-28 13:54:58.39-08,2025-01-28 18:08:53.018666-08,2025-01-30 10:44:05.062046-08
NW-TX34004-11,2025-01-28 13:54:58.39-08,2025-01-28 17:38:33.504903-08,2025-01-30 10:42:41.959567-08
NW-TX34004-7,2025-01-28 13:54:58.39-08,2025-01-28 18:19:13.834857-08,2025-01-30 10:44:21.20289-08
NW-TX34004-5,2025-01-28 13:54:58.39-08,2025-01-28 18:02:02.710195-08,2025-01-30 10:43:36.859405-08
NW-TX34004-3,2025-01-28 13:54:58.39-08,2025-01-28 17:51:34.158475-08,2025-01-30 10:43:01.547164-08
NW-TX34004-1,2025-01-28 13:54:58.39-08,2025-01-28 17:19:19.783546-08,2025-01-30 10:42:03.487875-08
NW-TX34004-4,2025-01-28 13:54:58.39-08,2025-01-28 17:56:50.321421-08,2025-01-30 10:43:21.129589-08
NW-TX34004-10,2025-01-28 13:54:58.39-08,2025-01-29 13:02:42.869869-08,2025-01-30 10:29:15.812249-08
NW-TX34004-9,2025-01-28 13:54:58.39-08,2025-01-28 18:49:58.99579-08,2025-01-30 10:44:35.282162-08
NW-AT0717-6,2025-01-31 22:48:23.103-08,2025-02-14 10:51:18.348363-08,2025-02-16 09:30:45.339416-08
NW-AT0717-2,2025-01-31 22:48:23.103-08,2025-02-05 16:11:21.230521-08,2025-02-06 10:47:43.282566-08
NW-AT0717-5,2025-01-31 22:48:23.103-08,2025-02-12 10:20:30.172662-08,2025-02-16 09:46:05.769197-08
NW-AT0717-8,2025-01-31 22:48:23.103-08,2025-02-12 12:27:37.083999-08,2025-02-16 09:35:52.404937-08
NW-AT0717-7,2025-01-31 22:48:23.103-08,2025-02-12 11:09:56.504827-08,2025-02-16 09:40:58.895171-08
NW-AT0717-4,2025-01-31 22:48:23.103-08,2025-02-12 09:33:09.261814-08,2025-02-16 09:51:12.774728-08
NW-AT0717-1,2025-01-31 22:48:23.103-08,2025-02-05 16:05:22.442563-08,2025-02-06 10:52:10.637987-08
NW-AT0717-9,2025-01-31 22:48:23.103-08,2025-02-05 16:33:24.259666-08,2025-02-06 10:45:27.807174-08
NW-AT0717-3,2025-01-31 22:48:23.103-08,2025-02-12 09:30:58.913557-08,2025-02-16 09:56:19.519042-08
NW-AT0717-10,2025-01-31 22:48:23.103-08,2025-02-05 16:08:16.465036-08,2025-02-06 10:49:52.78171-08
NW-TX34005-10,2025-02-04 03:37:58.668-08,2025-02-04 12:24:23.615885-08,2025-02-05 09:30:18.802943-08
NW-TX34005-2,2025-02-04 03:37:58.668-08,2025-02-04 12:29:49.784852-08,2025-02-05 09:30:07.858947-08
NW-TX34005-9,2025-02-04 03:37:58.668-08,2025-02-04 13:06:34.512771-08,2025-02-05 09:28:15.463434-08
NW-TX34005-7,2025-02-04 03:37:58.668-08,2025-02-04 12:55:58.535342-08,2025-02-05 09:29:09.35494-08
NW-TX34005-6,2025-02-04 03:37:58.668-08,2025-02-04 12:50:40.49604-08,2025-02-05 09:29:22.456519-08
NW-TX34005-5,2025-02-04 03:37:58.668-08,2025-02-04 12:45:27.052319-08,2025-02-05 09:29:33.66271-08
NW-TX34005-1,2025-02-04 03:37:58.668-08,2025-02-05 09:27:07.971159-08,2025-02-05 09:30:31.719716-08
NW-TX34005-8,2025-02-04 03:37:58.668-08,2025-02-04 13:01:10.869345-08,2025-02-05 09:28:26.87553-08
NW-TX34005-3,2025-02-04 03:37:58.668-08,2025-02-04 12:35:02.385811-08,2025-02-05 09:29:56.793495-08
NW-TX34005-4,2025-02-04 03:37:58.668-08,2025-02-04 12:40:14.430258-08,2025-02-05 09:29:44.703594-08
NW-MX2197-4,2025-02-04 15:30:08.049-08,2025-02-12 09:33:09.261814-08,2025-02-16 09:51:12.774728-08
NW-MX2197-5,2025-02-04 15:30:08.049-08,2025-02-12 10:20:30.172662-08,2025-02-16 09:46:05.769197-08
NW-MX2197-1,2025-02-04 15:30:08.049-08,2025-02-05 16:05:22.442563-08,2025-02-06 10:52:10.637987-08
NW-MX2197-3,2025-02-04 15:30:08.049-08,2025-02-12 09:30:58.913557-08,2025-02-16 09:56:19.519042-08
NW-MX2197-9,2025-02-04 15:30:08.049-08,2025-02-05 16:33:24.259666-08,2025-02-06 10:45:27.807174-08
NW-MX2197-2,2025-02-04 15:30:08.049-08,2025-02-05 16:11:21.230521-08,2025-02-06 10:47:43.282566-08
NW-MX2197-7,2025-02-04 15:30:08.049-08,2025-02-12 11:09:56.504827-08,2025-02-16 09:40:58.895171-08
NW-MX2197-10,2025-02-04 15:30:08.049-08,2025-02-05 16:08:16.465036-08,2025-02-06 10:49:52.78171-08
NW-MX2197-8,2025-02-04 15:30:08.049-08,2025-02-12 12:27:37.083999-08,2025-02-16 09:35:52.404937-08
NW-MX2197-6,2025-02-04 15:30:08.049-08,2025-02-14 10:51:18.348363-08,2025-02-16 09:30:45.339416-08
NY-MX22024-13,2025-02-05 21:48:23.029-08,2025-02-13 00:23:19.670473-08,2025-02-15 22:10:31.955819-08
NY-MX22024-20,2025-02-05 21:48:23.029-08,2025-02-06 11:34:53.901371-08,2025-02-12 23:39:41.519894-08
NY-MX22024-16,2025-02-05 21:48:23.029-08,2025-02-06 11:22:59.00082-08,2025-02-12 23:51:54.550942-08
NY-MX22024-12,2025-02-05 21:48:23.029-08,2025-02-13 00:21:10.910383-08,2025-02-15 22:15:39.174355-08
NY-MX22024-6,2025-02-05 21:48:23.029-08,2025-02-06 11:46:00.21412-08,2025-02-12 22:11:48.391452-08
NY-MX22024-17,2025-02-05 21:48:23.029-08,2025-02-06 11:25:59.00855-08,2025-02-12 23:49:29.402624-08
NY-MX22024-18,2025-02-05 21:48:23.029-08,2025-02-06 11:27:22.42747-08,2025-02-12 23:46:54.427051-08
NY-MX22024-21,2025-02-05 21:48:23.029-08,2025-02-06 11:36:14.286238-08,2025-02-12 23:37:09.221822-08
NY-MX22024-8,2025-02-05 21:48:23.029-08,2025-02-06 11:50:26.572223-08,2025-02-12 22:07:14.460057-08
NY-MX22024-15,2025-02-05 21:48:23.029-08,2025-02-06 11:20:46.92137-08,2025-02-12 23:54:07.391367-08
NY-MX22024-4,2025-02-05 21:48:23.029-08,2025-02-06 11:40:39.210812-08,2025-02-12 22:32:26.239922-08
NY-MX22024-10,2025-02-05 21:48:23.029-08,2025-02-06 11:09:48.584794-08,2025-02-13 00:01:30.918047-08
NY-MX22024-19,2025-02-05 21:48:23.029-08,2025-02-06 11:30:27.089906-08,2025-02-12 23:44:29.468776-08
NY-MX22024-11,2025-02-05 21:48:23.029-08,2025-02-06 11:12:26.818385-08,2025-02-12 23:59:13.08233-08
NY-MX22024-7,2025-02-05 21:48:23.029-08,2025-02-06 11:48:13.257486-08,2025-02-12 22:09:24.885779-08
NY-MX22024-2,2025-02-05 21:48:23.029-08,2025-02-06 11:31:49.223319-08,2025-02-12 23:42:16.674298-08
NY-MX22024-1,2025-02-05 21:48:23.029-08,2025-02-06 11:07:49.43896-08,2025-02-13 00:03:48.458996-08
NY-MX22024-14,2025-02-05 21:48:23.029-08,2025-02-06 11:18:34.659163-08,2025-02-12 23:56:49.17389-08
NY-MX22024-5,2025-02-05 21:48:23.029-08,2025-02-06 11:43:46.571312-08,2025-02-12 22:29:32.288296-08
NY-MX22024-9,2025-02-05 21:48:23.029-08,2025-02-06 11:52:40.556809-08,2025-02-12 22:04:29.584674-08
NY-MX22024-3,2025-02-05 21:48:23.029-08,2025-02-06 11:38:26.598317-08,2025-02-12 22:35:00.67069-08
NY-AT26024-12,2025-02-06 03:43:16.171-08,2025-02-13 00:21:10.910383-08,2025-02-15 22:15:39.174355-08
NY-AT26024-8,2025-02-06 03:43:16.171-08,2025-02-06 11:50:26.572223-08,2025-02-12 22:07:14.460057-08
NY-AT26024-10,2025-02-06 03:43:16.171-08,2025-02-06 11:09:48.584794-08,2025-02-13 00:01:30.918047-08
NY-AT26024-5,2025-02-06 03:43:16.171-08,2025-02-06 11:43:46.571312-08,2025-02-12 22:29:32.288296-08
NY-AT26024-2,2025-02-06 03:43:16.171-08,2025-02-06 11:31:49.223319-08,2025-02-12 23:42:16.674298-08
NY-AT26024-4,2025-02-06 03:43:16.171-08,2025-02-06 11:40:39.210812-08,2025-02-12 22:32:26.239922-08
NY-AT26024-9,2025-02-06 03:43:16.171-08,2025-02-06 11:52:40.556809-08,2025-02-12 22:04:29.584674-08
NY-AT26024-14,2025-02-06 03:43:16.171-08,2025-02-06 11:18:34.659163-08,2025-02-12 23:56:49.17389-08
NY-AT26024-7,2025-02-06 03:43:16.171-08,2025-02-06 11:48:13.257486-08,2025-02-12 22:09:24.885779-08
NY-AT26024-19,2025-02-06 03:43:16.171-08,2025-02-06 11:30:27.089906-08,2025-02-12 23:44:29.468776-08
NY-AT26024-13,2025-02-06 03:43:16.171-08,2025-02-13 00:23:19.670473-08,2025-02-15 22:10:31.955819-08
NY-AT26024-11,2025-02-06 03:43:16.171-08,2025-02-06 11:12:26.818385-08,2025-02-12 23:59:13.08233-08
NY-AT26024-15,2025-02-06 03:43:16.171-08,2025-02-06 11:20:46.92137-08,2025-02-12 23:54:07.391367-08
NY-AT26024-6,2025-02-06 03:43:16.171-08,2025-02-06 11:46:00.21412-08,2025-02-12 22:11:48.391452-08
NY-AT26024-20,2025-02-06 03:43:16.171-08,2025-02-06 11:34:53.901371-08,2025-02-12 23:39:41.519894-08
NY-AT26024-21,2025-02-06 03:43:16.171-08,2025-02-06 11:36:14.286238-08,2025-02-12 23:37:09.221822-08
NY-AT26024-3,2025-02-06 03:43:16.171-08,2025-02-06 11:38:26.598317-08,2025-02-12 22:35:00.67069-08
NY-AT26024-17,2025-02-06 03:43:16.171-08,2025-02-06 11:25:59.00855-08,2025-02-12 23:49:29.402624-08
NY-AT26024-18,2025-02-06 03:43:16.171-08,2025-02-06 11:27:22.42747-08,2025-02-12 23:46:54.427051-08
NY-AT26024-1,2025-02-06 03:43:16.171-08,2025-02-06 11:07:49.43896-08,2025-02-13 00:03:48.458996-08
NY-AT26024-16,2025-02-06 03:43:16.171-08,2025-02-06 11:22:59.00082-08,2025-02-12 23:51:54.550942-08
SQ_MX2011-1,2025-03-07 12:52:37.242-08,2025-03-08 23:35:15.146588-08,2025-03-10 22:08:07.909413-07
SQ_MX2011-2,2025-03-07 12:52:37.242-08,2025-03-08 23:55:50.200898-08,2025-03-10 22:28:46.712133-07
SQ_MX2011-3,2025-03-07 12:52:37.242-08,2025-03-09 00:00:56.219442-08,2025-03-10 22:34:01.653824-07
SQ_MX2011-4,2025-03-07 12:52:37.242-08,2025-03-08 23:40:27.503515-08,2025-03-10 22:13:18.382358-07
SQ_MX2011-5,2025-03-07 12:52:37.242-08,2025-03-08 23:45:35.412572-08,2025-03-10 22:18:27.47825-07
SQ_MX2011-6,2025-03-07 12:52:37.242-08,2025-03-08 23:50:42.830116-08,2025-03-10 22:23:37.394544-07
SQ_MX2011-7,2025-03-07 12:52:37.242-08,2025-03-09 00:16:15.512634-08,2025-03-10 22:49:42.058377-07
SQ_MX2011-8,2025-03-07 12:52:37.242-08,2025-03-09 00:21:21.826885-08,2025-03-10 22:54:51.609252-07
SQ_MX2021-45,2024-02-24 15:21:57.106-08,2025-02-27 15:27:29.98089-08,2025-03-03 14:17:00.67035-08
SQ_MX2021-46,2024-02-24 15:21:57.106-08,2025-02-27 15:32:37.657806-08,2025-03-03 14:22:09.054727-08
SQ_MX2021-47,2024-02-24 15:21:57.106-08,2025-02-27 15:37:45.321603-08,2025-03-03 14:27:32.042846-08
SQ_MX2021-48,2024-02-24 15:21:57.106-08,2025-02-27 15:43:07.771696-08,2025-03-03 14:32:50.816965-08
SQ_MX2093-3,2023-09-12 01:53:06.578-07,2025-02-27 13:47:48.928728-08,2025-03-03 12:37:32.699193-08
SQ_MX2093-4,2023-09-12 01:53:06.578-07,2025-02-27 13:53:16.051321-08,2025-03-03 12:42:41.132776-08
SQ_MX2093-5,2023-09-12 01:53:06.578-07,2025-02-27 13:58:43.135686-08,2025-03-03 12:47:49.492479-08
SQ_MX2093-6,2023-09-12 01:53:06.578-07,2025-02-27 14:04:09.656294-08,2025-03-03 12:53:02.302469-08
SQ_MX2093-7,2023-09-12 01:53:06.578-07,2025-02-27 14:09:37.585831-08,2025-03-03 12:58:31.027669-08
SQ_MX2093-8,2023-09-12 01:53:06.578-07,2025-02-27 13:20:30.933057-08,2025-03-03 11:40:51.861936-08
SQ_MX2093-1,2023-09-12 01:53:06.578-07,2025-02-27 13:36:53.79836-08,2025-03-03 12:27:14.936922-08
SQ_MX2093-2,2023-09-12 01:53:06.578-07,2025-02-27 13:42:21.703917-08,2025-03-03 12:32:24.319064-08
NY-MX12008-2,2023-09-28 12:26:39.215-07,2025-03-18 12:52:48.014456-07,2025-03-21 13:49:00.00109-07
NY-MX12008-3,2023-09-28 12:26:39.215-07,2025-03-18 12:58:00.515529-07,2025-03-21 13:52:08.973115-07
NY-MX12008-4,2023-09-28 12:26:39.215-07,2025-02-27 13:04:36.141138-08,2025-03-03 11:25:25.763214-08
NY-MX12008-5,2023-09-28 12:26:39.215-07,2025-02-27 13:09:57.636686-08,2025-03-03 11:30:34.812451-08
NY-MX12008-6,2023-09-28 12:26:39.215-07,2025-03-18 13:03:08.391774-07,2025-03-21 13:55:18.036525-07
NY-MX12008-7,2023-09-28 12:26:39.215-07,2025-03-18 13:08:15.524502-07,2025-03-21 13:58:27.167317-07
NY-MX12008-8,2023-09-28 12:26:39.215-07,2025-03-18 13:13:22.381421-07,2025-03-21 14:01:37.325582-07
NY-TX24013-5,2025-02-07 01:40:47.615-08,2025-02-12 15:11:53.018287-08,2025-02-14 10:42:09.549723-08
NY-TX24013-6,2025-02-07 01:40:47.615-08,2025-02-12 15:14:11.249383-08,2025-02-14 10:41:59.636694-08
NY-TX24013-7,2025-02-07 01:40:47.615-08,2025-02-12 15:16:26.021069-08,2025-02-14 10:41:49.703713-08
NY-TX24013-8,2025-02-07 01:40:47.615-08,2025-02-12 15:18:46.307349-08,2025-02-14 10:41:37.832234-08
NY-TX24013-9,2025-02-07 01:40:47.615-08,2025-02-12 15:20:58.044274-08,2025-02-14 10:41:28.181262-08
NY-AT26025-1,2025-02-06 18:38:07.901-08,2025-02-12 18:29:21.117922-08,2025-02-14 13:44:08.93694-08
NY-AT26025-2,2025-02-06 18:38:07.901-08,2025-02-12 19:56:02.852989-08,2025-02-14 13:49:16.997156-08
NY-AT26025-3,2025-02-06 18:38:07.901-08,2025-02-12 20:32:54.148002-08,2025-02-14 13:54:24.276725-08
NY-AT26025-4,2025-02-06 18:38:07.901-08,2025-02-12 20:35:02.78395-08,2025-02-14 13:59:31.092389-08
NY-AT26025-5,2025-02-06 18:38:07.901-08,2025-02-12 20:37:10.996219-08,2025-02-14 14:04:37.836398-08
NY-MX22025-1,2025-02-07 11:15:13.536-08,2025-02-12 18:29:21.117922-08,2025-02-14 13:44:08.93694-08
NY-MX22025-2,2025-02-07 11:15:13.536-08,2025-02-12 19:56:02.852989-08,2025-02-14 13:49:16.997156-08
NY-MX22025-3,2025-02-07 11:15:13.536-08,2025-02-12 20:32:54.148002-08,2025-02-14 13:54:24.276725-08
NY-MX22025-4,2025-02-07 11:15:13.536-08,2025-02-12 20:35:02.78395-08,2025-02-14 13:59:31.092389-08
NY-MX22025-5,2025-02-07 11:15:13.536-08,2025-02-12 20:37:10.996219-08,2025-02-14 14:04:37.836398-08
NY-AT26025-6,2025-02-06 18:38:07.901-08,2025-02-12 21:39:29.804953-08,2025-02-14 14:09:44.34218-08
NY-AT26025-7,2025-02-06 18:38:07.901-08,2025-02-12 21:56:51.519694-08,2025-02-14 14:14:51.098908-08
NY-AT26025-8,2025-02-06 18:38:07.901-08,2025-02-12 21:59:15.364221-08,2025-02-15 22:25:52.301889-08
NY-AT26025-9,2025-02-06 18:38:07.901-08,2025-02-12 22:01:53.506792-08,2025-02-15 22:20:45.713854-08
NY-MX22025-6,2025-02-07 11:15:13.536-08,2025-02-12 21:39:29.804953-08,2025-02-14 14:09:44.34218-08
NY-MX22025-7,2025-02-07 11:15:13.536-08,2025-02-12 21:56:51.519694-08,2025-02-14 14:14:51.098908-08
NY-MX22025-8,2025-02-07 11:15:13.536-08,2025-02-12 21:59:15.364221-08,2025-02-15 22:25:52.301889-08
NY-MX22025-9,2025-02-07 11:15:13.536-08,2025-02-12 22:01:53.506792-08,2025-02-15 22:20:45.713854-08
NY-MX22025-10,2025-02-07 11:15:13.536-08,2025-02-12 18:31:33.74856-08,2025-02-15 23:22:17.437472-08
NY-MX22025-11,2025-02-07 11:15:13.536-08,2025-02-12 18:34:05.359406-08,2025-02-15 23:17:01.269677-08
NY-MX22025-12,2025-02-07 11:15:13.536-08,2025-02-12 18:36:35.619424-08,2025-02-15 23:11:54.361126-08
NY-MX22025-13,2025-02-07 11:15:13.536-08,2025-02-12 18:53:53.457651-08,2025-02-15 23:06:46.886891-08
NY-MX22025-14,2025-02-07 11:15:13.536-08,2025-02-12 18:56:13.131493-08,2025-02-15 23:01:40.343248-08
NY-MX22025-15,2025-02-07 11:15:13.536-08,2025-02-12 18:58:29.606348-08,2025-02-15 22:56:33.69562-08
NY-MX22025-16,2025-02-07 11:15:13.536-08,2025-02-12 19:00:37.79515-08,2025-02-15 22:51:27.14686-08
NY-MX22025-17,2025-02-07 11:15:13.536-08,2025-02-12 19:03:19.831398-08,2025-02-15 22:46:19.772493-08
NY-MX22025-18,2025-02-07 11:15:13.536-08,2025-02-12 19:21:11.151946-08,2025-02-15 22:41:12.767874-08
NY-MX22025-19,2025-02-07 11:15:13.536-08,2025-02-12 19:23:25.895507-08,2025-02-15 22:36:05.634015-08
NY-MX22025-20,2025-02-07 11:15:13.536-08,2025-02-15 23:27:23.989365-08,2025-02-17 01:20:18.938575-08
NY-MX22025-21,2025-02-07 11:15:13.536-08,2025-02-12 20:30:21.308208-08,2025-02-15 22:30:58.946642-08
NW-TX34006-10,2025-02-08 06:23:44.05-08,2025-02-12 15:40:33.828514-08,2025-02-14 10:41:18.519332-08
10X221-3,2024-03-06 07:19:11.662-08,2024-10-18 09:21:10.831715-07,2025-02-13 14:51:42.499456-08
NW-TX34006-11,2025-02-08 06:23:44.05-08,2025-02-12 16:27:46.257513-08,2025-02-14 10:41:08.708278-08
NY-AT26025-15,2025-02-06 18:38:07.901-08,2025-02-12 18:58:29.606348-08,2025-02-15 22:56:33.69562-08
10X221-6,2024-03-06 07:19:11.662-08,2024-10-18 09:22:12.614627-07,2025-02-13 14:52:51.72028-08
NW-TX34006-9,2025-02-08 06:23:44.05-08,2025-02-12 18:26:40.090241-08,2025-02-14 10:40:48.479973-08
NY-AT26025-11,2025-02-06 18:38:07.901-08,2025-02-12 18:34:05.359406-08,2025-02-15 23:17:01.269677-08
10X221-4,2024-03-06 07:19:11.662-08,2024-10-18 09:21:22.35939-07,2025-02-13 14:52:05.443179-08
10X221-7,2024-03-06 07:19:11.662-08,2024-10-18 09:22:25.912165-07,2025-02-13 14:53:21.004887-08
10X221-8,2024-03-06 07:19:11.662-08,2024-10-18 09:22:37.196273-07,2025-02-13 14:53:38.913225-08
NY-AT26025-13,2025-02-06 18:38:07.901-08,2025-02-12 18:53:53.457651-08,2025-02-15 23:06:46.886891-08
10X221-5,2024-03-06 07:19:11.662-08,2024-10-18 09:21:40.028941-07,2025-02-13 14:52:20.620376-08
NY-AT26025-14,2025-02-06 18:38:07.901-08,2025-02-12 18:56:13.131493-08,2025-02-15 23:01:40.343248-08
NY-AT26025-12,2025-02-06 18:38:07.901-08,2025-02-12 18:36:35.619424-08,2025-02-15 23:11:54.361126-08
NW-TX34006-4,2025-02-08 06:23:44.05-08,2025-02-14 10:58:44.893169-08,2025-02-17 09:51:56.95808-08
NW-TX34006-5,2025-02-08 06:23:44.05-08,2025-02-12 17:07:10.44623-08,2025-02-14 10:40:58.495823-08
NY-AT26025-16,2025-02-06 18:38:07.901-08,2025-02-12 19:00:37.79515-08,2025-02-15 22:51:27.14686-08
NY-AT26025-21,2025-02-06 18:38:07.901-08,2025-02-12 20:30:21.308208-08,2025-02-15 22:30:58.946642-08
NY-AT26025-10,2025-02-06 18:38:07.901-08,2025-02-12 18:31:33.74856-08,2025-02-15 23:22:17.437472-08
NY-AT26025-17,2025-02-06 18:38:07.901-08,2025-02-12 19:03:19.831398-08,2025-02-15 22:46:19.772493-08
NY-AT26025-18,2025-02-06 18:38:07.901-08,2025-02-12 19:21:11.151946-08,2025-02-15 22:41:12.767874-08
NW-TX34006-3,2025-02-08 06:23:44.05-08,2025-02-14 10:53:33.356271-08,2025-02-17 09:51:43.106765-08
NY-TX24013-10,2025-02-07 01:40:47.615-08,2025-02-14 11:09:05.313147-08,2025-02-17 09:49:21.317028-08
NW-TX34006-2,2025-02-08 06:23:44.05-08,2025-02-14 10:48:13.083434-08,2025-02-17 09:51:29.43048-08
NW-TX34006-1,2025-02-08 06:23:44.05-08,2025-02-14 10:42:59.843542-08,2025-02-17 09:51:15.340647-08
NY-AT26025-19,2025-02-06 18:38:07.901-08,2025-02-12 19:23:25.895507-08,2025-02-15 22:36:05.634015-08
NW-TX34006-6,2025-02-08 06:23:44.05-08,2025-02-14 11:03:55.074292-08,2025-02-17 09:52:12.468987-08
NY-AT26025-20,2025-02-06 18:38:07.901-08,2025-02-15 23:27:23.989365-08,2025-02-17 01:20:18.938575-08
NY-MX22026-9,2025-02-17 06:07:26.317-08,2025-02-18 04:14:49.516349-08,2025-02-19 09:22:12.544371-08
NY-MX22026-17,2025-02-17 06:07:26.317-08,2025-02-18 03:13:34.223308-08,2025-02-19 10:23:39.711821-08
NY-MX22026-12,2025-02-17 06:07:26.317-08,2025-02-18 02:48:03.341734-08,2025-02-19 10:42:46.591462-08
NY-MX22026-4,2025-02-17 06:07:26.317-08,2025-02-18 03:49:18.011712-08,2025-02-19 09:47:49.372786-08
NY-TX24014-5,2025-02-17 01:47:08.148-08,2025-02-17 11:21:31.787364-08,2025-02-19 10:34:36.952555-08
NY-MX22026-18,2025-02-17 06:07:26.317-08,2025-02-18 03:18:40.56792-08,2025-02-19 10:18:32.750698-08
NY-MX22026-3,2025-02-17 06:07:26.317-08,2025-02-18 03:44:11.640823-08,2025-02-19 09:52:57.458569-08
NY-MX22026-1,2025-02-17 06:07:26.317-08,2025-02-18 02:32:44.48942-08,2025-02-19 10:58:07.281082-08
NY-TX24014-7,2025-02-17 01:47:08.148-08,2025-02-17 11:31:52.761262-08,2025-02-19 10:34:15.965183-08
NY-MX22026-20,2025-02-17 06:07:26.317-08,2025-02-18 03:33:59.753289-08,2025-02-19 10:03:11.669674-08
NY-MX22026-13,2025-02-17 06:07:26.317-08,2025-02-18 02:53:09.419149-08,2025-02-19 10:37:39.675513-08
NY-TX24014-6,2025-02-17 01:47:08.148-08,2025-02-17 11:26:42.32242-08,2025-02-19 10:34:26.416307-08
NY-MX22026-19,2025-02-17 06:07:26.317-08,2025-02-18 03:23:47.237735-08,2025-02-19 10:13:25.936411-08
NY-MX22026-11,2025-02-17 06:07:26.317-08,2025-02-18 02:42:57.472796-08,2025-02-19 10:47:53.322612-08
NY-TX24014-9,2025-02-17 01:47:08.148-08,2025-02-17 11:42:13.994003-08,2025-02-19 10:33:53.681721-08
NY-MX22026-6,2025-02-17 06:07:26.317-08,2025-02-18 03:59:30.018546-08,2025-02-19 09:37:34.477233-08
NY-TX24014-1,2025-02-17 01:47:08.148-08,2025-02-17 10:55:37.169355-08,2025-02-19 10:35:31.318348-08
NY-MX22026-21,2025-02-17 06:07:26.317-08,2025-02-18 03:39:05.665203-08,2025-02-19 09:58:04.540644-08
NY-MX22026-10,2025-02-17 06:07:26.317-08,2025-02-18 02:37:51.27045-08,2025-02-19 10:53:00.090347-08
NY-TX24014-2,2025-02-17 01:47:08.148-08,2025-02-17 11:05:58.318443-08,2025-02-19 10:35:08.107152-08
NY-MX22026-5,2025-02-17 06:07:26.317-08,2025-02-18 03:54:24.25566-08,2025-02-19 09:42:41.525331-08
NY-MX22026-8,2025-02-17 06:07:26.317-08,2025-02-18 04:09:43.273578-08,2025-02-19 09:27:19.99452-08
NY-TX24014-3,2025-02-17 01:47:08.148-08,2025-02-17 11:11:09.043556-08,2025-02-19 10:34:57.515342-08
NY-MX22026-2,2025-02-17 06:07:26.317-08,2025-02-18 03:28:53.753629-08,2025-02-19 10:08:18.91191-08
NY-MX22026-14,2025-02-17 06:07:26.317-08,2025-02-18 02:58:15.262751-08,2025-02-19 10:32:32.670576-08
NY-MX22026-16,2025-02-17 06:07:26.317-08,2025-02-18 03:08:27.258366-08,2025-02-19 10:27:25.64093-08
NY-MX22026-7,2025-02-17 06:07:26.317-08,2025-02-18 04:04:36.946779-08,2025-02-19 09:32:27.522474-08
NY-TX24014-10,2025-02-17 01:47:08.148-08,2025-02-17 11:00:47.633031-08,2025-02-19 10:35:20.855241-08
NY-MX22026-15,2025-02-17 06:07:26.317-08,2025-02-19 11:03:13.490242-08,2025-02-27 12:53:31.124841-08
NY-TX24014-8,2025-02-17 01:47:08.148-08,2025-02-17 11:37:03.245142-08,2025-02-19 10:34:03.885579-08
NY-TX24014-4,2025-02-17 01:47:08.148-08,2025-02-17 11:16:20.760342-08,2025-02-19 10:34:47.230225-08
NY-TX24015-5,2025-02-17 11:44:22.854-08,2025-02-18 10:55:21.483888-08,2025-02-19 10:33:43.334687-08
NY-AT26026-6,2025-02-17 15:07:45.965-08,2025-02-18 03:59:30.018546-08,2025-02-19 09:37:34.477233-08
NY-TX24015-7,2025-02-17 11:44:22.854-08,2025-02-18 11:05:43.797187-08,2025-02-19 10:32:28.641119-08
NY-AT26026-3,2025-02-17 15:07:45.965-08,2025-02-18 03:44:11.640823-08,2025-02-19 09:52:57.458569-08
NY-TX24015-2,2025-02-17 11:44:22.854-08,2025-02-18 10:39:49.759889-08,2025-02-19 10:33:33.152081-08
NY-AT26026-5,2025-02-17 15:07:45.965-08,2025-02-18 03:54:24.25566-08,2025-02-19 09:42:41.525331-08
NY-AT26026-10,2025-02-17 15:07:45.965-08,2025-02-18 02:37:51.27045-08,2025-02-19 10:53:00.090347-08
NY-AT26026-17,2025-02-17 15:07:45.965-08,2025-02-18 03:13:34.223308-08,2025-02-19 10:23:39.711821-08
NY-TX24015-3,2025-02-17 11:44:22.854-08,2025-02-18 10:44:59.940398-08,2025-02-19 10:32:59.932579-08
NY-AT26026-4,2025-02-17 15:07:45.965-08,2025-02-18 03:49:18.011712-08,2025-02-19 09:47:49.372786-08
NY-AT26026-16,2025-02-17 15:07:45.965-08,2025-02-18 03:08:27.258366-08,2025-02-19 10:27:25.64093-08
NY-TX24015-8,2025-02-17 11:44:22.854-08,2025-02-18 11:10:54.773696-08,2025-02-19 10:32:18.12059-08
NY-AT26026-13,2025-02-17 15:07:45.965-08,2025-02-18 02:53:09.419149-08,2025-02-19 10:37:39.675513-08
NY-TX24015-6,2025-02-17 11:44:22.854-08,2025-02-18 11:00:32.765934-08,2025-02-19 10:32:38.857923-08
NY-AT26026-14,2025-02-17 15:07:45.965-08,2025-02-18 02:58:15.262751-08,2025-02-19 10:32:32.670576-08
NY-TX24015-10,2025-02-17 11:44:22.854-08,2025-02-18 10:34:39.001982-08,2025-02-19 10:33:12.507036-08
NY-AT26026-8,2025-02-17 15:07:45.965-08,2025-02-18 04:09:43.273578-08,2025-02-19 09:27:19.99452-08
NY-TX24015-1,2025-02-17 11:44:22.854-08,2025-02-18 10:29:22.878913-08,2025-02-19 10:33:22.876527-08
NY-TX24015-4,2025-02-17 11:44:22.854-08,2025-02-18 10:50:10.348149-08,2025-02-19 10:32:49.438682-08
NY-AT26026-2,2025-02-17 15:07:45.965-08,2025-02-18 03:28:53.753629-08,2025-02-19 10:08:18.91191-08
NY-AT26026-7,2025-02-17 15:07:45.965-08,2025-02-18 04:04:36.946779-08,2025-02-19 09:32:27.522474-08
NY-AT26026-11,2025-02-17 15:07:45.965-08,2025-02-18 02:42:57.472796-08,2025-02-19 10:47:53.322612-08
NY-AT26026-19,2025-02-17 15:07:45.965-08,2025-02-18 03:23:47.237735-08,2025-02-19 10:13:25.936411-08
NY-AT26026-9,2025-02-17 15:07:45.965-08,2025-02-18 04:14:49.516349-08,2025-02-19 09:22:12.544371-08
NY-TX24015-9,2025-02-17 11:44:22.854-08,2025-02-18 11:16:06.27468-08,2025-02-19 10:32:07.010708-08
NY-AT26026-20,2025-02-17 15:07:45.965-08,2025-02-18 03:33:59.753289-08,2025-02-19 10:03:11.669674-08
NY-AT26026-21,2025-02-17 15:07:45.965-08,2025-02-18 03:39:05.665203-08,2025-02-19 09:58:04.540644-08
NY-AT26026-15,2025-02-17 15:07:45.965-08,2025-02-19 11:03:13.490242-08,2025-02-27 12:53:31.124841-08
NY-AT26026-12,2025-02-17 15:07:45.965-08,2025-02-18 02:48:03.341734-08,2025-02-19 10:42:46.591462-08
NY-AT26026-18,2025-02-17 15:07:45.965-08,2025-02-18 03:18:40.56792-08,2025-02-19 10:18:32.750698-08
NY-AT26026-1,2025-02-17 15:07:45.965-08,2025-02-18 02:32:44.48942-08,2025-02-19 10:58:07.281082-08
NW-TX34007-6,2025-02-24 01:50:06.998-08,2025-02-24 11:34:22.285422-08,2025-02-25 11:16:02.344449-08
NW-TX34007-7,2025-02-24 01:50:06.998-08,2025-02-24 11:39:28.274403-08,2025-02-25 11:15:49.694854-08
NW-TX34007-5,2025-02-24 01:50:06.998-08,2025-02-24 11:29:15.606569-08,2025-02-25 11:16:13.873496-08
NW-TX34007-4,2025-02-24 01:50:06.998-08,2025-02-24 11:24:09.006551-08,2025-02-25 11:16:27.021455-08
NW-TX34007-1,2025-02-24 01:50:06.998-08,2025-02-24 10:53:30.048264-08,2025-02-25 11:25:06.05495-08
NW-TX34007-2,2025-02-24 01:50:06.998-08,2025-02-24 11:13:56.838317-08,2025-02-25 11:16:49.480249-08
NW-TX34007-11,2025-02-24 01:50:06.998-08,2025-02-24 11:03:43.772121-08,2025-02-25 11:20:14.61215-08
NW-TX34007-8,2025-02-24 01:50:06.998-08,2025-02-24 11:44:34.34848-08,2025-02-25 11:15:36.078162-08
NW-TX34007-9,2025-02-24 01:50:06.998-08,2025-02-24 11:49:41.837952-08,2025-02-25 11:15:22.201512-08
NW-TX34007-3,2025-02-24 01:50:06.998-08,2025-02-24 11:19:03.015846-08,2025-02-25 11:16:38.214615-08
NW-TX34007-12,2025-02-24 01:50:06.998-08,2025-02-24 11:08:50.545278-08,2025-02-25 11:16:59.938064-08
NW-TX34007-10,2025-02-24 01:50:06.998-08,2025-02-24 10:58:37.544639-08,2025-02-25 11:24:37.900456-08
NY-MX22027-16,2025-02-26 18:27:12.343-08,2025-03-03 09:56:05.287281-08,2025-03-04 11:03:39.370061-08
NY-MX22027-14,2025-02-26 18:27:12.343-08,2025-03-03 09:45:52.39068-08,2025-03-04 11:13:53.942171-08
NY-MX22027-3,2025-02-26 18:27:12.343-08,2025-03-03 10:01:25.70609-08,2025-03-04 10:58:31.340069-08
NY-MX22027-8,2025-02-26 18:27:12.343-08,2025-03-03 10:26:56.918189-08,2025-03-04 10:38:02.457112-08
NY-MX22027-10,2025-02-26 18:27:12.343-08,2025-03-03 09:35:38.186307-08,2025-03-04 11:24:08.749702-08
NY-MX22027-15,2025-02-26 18:27:12.343-08,2025-03-03 09:50:58.452357-08,2025-03-04 11:08:46.837643-08
NY-MX22027-12,2025-02-26 18:27:12.343-08,2025-02-27 10:35:15.735809-08,2025-03-04 12:05:32.178388-08
NY-MX22027-13,2025-02-26 18:27:12.343-08,2025-02-27 10:40:41.923952-08,2025-03-04 12:00:23.724353-08
NY-MX22027-11,2025-02-26 18:27:12.343-08,2025-03-03 09:40:44.917446-08,2025-03-04 11:19:01.237521-08
NY-MX22027-17,2025-02-26 18:27:12.343-08,2025-02-27 11:02:37.210524-08,2025-03-04 11:55:15.110897-08
NY-MX22027-9,2025-02-26 18:27:12.343-08,2025-03-03 10:32:20.299927-08,2025-03-04 10:32:55.188596-08
NY-MX22027-7,2025-02-26 18:27:12.343-08,2025-03-03 10:21:50.801301-08,2025-03-04 10:43:09.572353-08
NY-MX22027-2,2025-02-26 18:27:12.343-08,2025-02-27 11:18:55.946953-08,2025-03-04 11:39:34.351344-08
NY-MX22027-21,2025-02-26 18:27:12.343-08,2025-02-27 11:29:48.670864-08,2025-03-04 11:29:17.201691-08
NY-MX22027-4,2025-02-26 18:27:12.343-08,2025-03-05 09:23:50.003286-08,2025-03-06 07:50:18.720098-08
NY-MX22027-20,2025-02-26 18:27:12.343-08,2025-02-27 11:24:22.595441-08,2025-03-04 11:34:25.746452-08
NY-MX22027-1,2025-02-26 18:27:12.343-08,2025-02-27 10:18:55.495437-08,2025-03-04 12:10:41.048394-08
NY-MX22027-18,2025-02-26 18:27:12.343-08,2025-02-27 11:08:03.561903-08,2025-03-07 10:34:58.603674-08
NY-MX22027-5,2025-02-26 18:27:12.343-08,2025-03-03 10:11:38.112254-08,2025-03-04 10:53:24.026682-08
NY-MX22028-20,2025-03-05 22:40:38.392-08,2025-03-07 11:56:17.192115-08,2025-03-08 22:54:04.494306-08
NY-MX22028-14,2025-03-05 22:40:38.392-08,2025-03-06 11:28:59.364595-08,2025-03-07 10:18:56.661462-08
NY-MX22028-13,2025-03-05 22:40:38.392-08,2025-03-06 11:23:53.356591-08,2025-03-07 11:51:09.115103-08
NY-MX22028-5,2025-03-05 22:40:38.392-08,2025-03-07 11:10:06.386654-08,2025-03-08 23:09:29.488572-08
NY-TX24016-6,2025-03-09 07:53:58.643-07,2025-03-10 13:08:17.344588-07,2025-03-11 08:59:00.546019-07
NY-TX24016-8,2025-03-09 07:53:58.643-07,2025-03-10 13:08:38.747884-07,2025-03-11 08:59:26.057721-07
NY-TX24016-10,2025-03-09 07:53:58.643-07,2025-03-10 13:07:05.168314-07,2025-03-11 08:57:30.095904-07
NY-MX22029-15,2025-03-10 00:48:57.87-07,2025-03-11 19:11:16.755211-07,2025-03-12 16:45:10.152431-07
NY-AT26029-12,2025-03-10 07:41:05.693-07,2025-03-10 10:59:19.547006-07,2025-03-11 12:11:04.29189-07
NY-AT26029-19,2025-03-10 07:41:05.693-07,2025-03-10 23:02:17.863991-07,2025-03-11 12:36:43.278078-07
NY-MX22029-3,2025-03-10 00:48:57.87-07,2025-03-10 12:05:42.87157-07,2025-03-11 11:14:44.247582-07
NY-AT26029-14,2025-03-10 07:41:05.693-07,2025-03-10 11:09:32.735171-07,2025-03-11 12:00:50.485082-07
NY-MX22029-20,2025-03-10 00:48:57.87-07,2025-03-10 11:45:16.737854-07,2025-03-11 11:35:13.586251-07
NY-AT26029-9,2025-03-10 07:41:05.693-07,2025-03-10 12:36:36.25898-07,2025-03-11 10:48:57.304202-07
NY-AT26029-21,2025-03-10 07:41:05.693-07,2025-03-10 11:50:22.653149-07,2025-03-11 11:30:05.90115-07
NY-MX22029-8,2025-03-10 00:48:57.87-07,2025-03-11 19:16:26.393334-07,2025-03-12 16:48:05.006177-07
NY-MX22029-2,2025-03-10 00:48:57.87-07,2025-03-10 11:40:10.342802-07,2025-03-11 11:40:20.580384-07
NY-AT26029-22,2025-03-10 07:41:05.693-07,2025-03-10 11:55:29.621993-07,2025-03-11 11:24:58.592897-07
NY-MX22029-16,2025-03-10 00:48:57.87-07,2025-03-10 11:19:45.010679-07,2025-03-11 11:55:42.626752-07
NY-MX22029-5,2025-03-10 00:48:57.87-07,2025-03-10 12:15:56.193798-07,2025-03-11 11:04:29.617063-07
NY-AT26029-18,2025-03-10 07:41:05.693-07,2025-03-10 11:29:57.81156-07,2025-03-11 11:45:27.896883-07
NY-MX22029-17,2025-03-10 00:48:57.87-07,2025-03-10 11:24:51.024978-07,2025-03-11 11:50:34.872322-07
NY-MX22029-14,2025-03-10 00:48:57.87-07,2025-03-10 11:09:32.735171-07,2025-03-11 12:00:50.485082-07
NY-MX22029-13,2025-03-10 00:48:57.87-07,2025-03-10 11:04:26.193279-07,2025-03-11 12:05:57.316906-07
NY-MX22029-22,2025-03-10 00:48:57.87-07,2025-03-10 11:55:29.621993-07,2025-03-11 11:24:58.592897-07
NY-AT26029-2,2025-03-10 07:41:05.693-07,2025-03-10 11:40:10.342802-07,2025-03-11 11:40:20.580384-07
NY-MX22029-18,2025-03-10 00:48:57.87-07,2025-03-10 11:29:57.81156-07,2025-03-11 11:45:27.896883-07
NY-MX22029-23,2025-03-10 00:48:57.87-07,2025-03-10 12:00:36.113944-07,2025-03-11 11:19:51.22244-07
NY-AT26029-4,2025-03-10 07:41:05.693-07,2025-03-10 12:10:49.179949-07,2025-03-11 11:09:36.856012-07
NY-MX22029-9,2025-03-10 00:48:57.87-07,2025-03-10 12:36:36.25898-07,2025-03-11 10:48:57.304202-07
NY-AT26029-20,2025-03-10 07:41:05.693-07,2025-03-10 11:45:16.737854-07,2025-03-11 11:35:13.586251-07
NY-MX22029-12,2025-03-10 00:48:57.87-07,2025-03-10 10:59:19.547006-07,2025-03-11 12:11:04.29189-07
NY-AT26029-3,2025-03-10 07:41:05.693-07,2025-03-10 12:05:42.87157-07,2025-03-11 11:14:44.247582-07
NY-MX22029-1,2025-03-10 00:48:57.87-07,2025-03-10 10:44:00.557903-07,2025-03-11 12:26:28.480422-07
NY-AT26029-5,2025-03-10 07:41:05.693-07,2025-03-10 12:15:56.193798-07,2025-03-11 11:04:29.617063-07
NY-AT26029-17,2025-03-10 07:41:05.693-07,2025-03-10 11:24:51.024978-07,2025-03-11 11:50:34.872322-07
NY-AT26029-11,2025-03-10 07:41:05.693-07,2025-03-10 10:54:13.67329-07,2025-03-11 12:16:11.033501-07
NY-AT26029-7,2025-03-10 07:41:05.693-07,2025-03-10 12:26:16.026888-07,2025-03-11 10:54:14.0585-07
NY-AT26029-16,2025-03-10 07:41:05.693-07,2025-03-10 11:19:45.010679-07,2025-03-11 11:55:42.626752-07
NY-MX22029-7,2025-03-10 00:48:57.87-07,2025-03-10 12:26:16.026888-07,2025-03-11 10:54:14.0585-07
NY-AT26029-13,2025-03-10 07:41:05.693-07,2025-03-10 11:04:26.193279-07,2025-03-11 12:05:57.316906-07
NY-MX22029-21,2025-03-10 00:48:57.87-07,2025-03-10 11:50:22.653149-07,2025-03-11 11:30:05.90115-07
NY-MX22029-11,2025-03-10 00:48:57.87-07,2025-03-10 10:54:13.67329-07,2025-03-11 12:16:11.033501-07
NY-AT26029-6,2025-03-10 07:41:05.693-07,2025-03-10 12:21:03.482665-07,2025-03-11 10:59:22.073914-07
NY-AT26029-10,2025-03-10 07:41:05.693-07,2025-03-10 10:49:07.108476-07,2025-03-11 12:21:19.486935-07
NY-AT26029-23,2025-03-10 07:41:05.693-07,2025-03-10 12:00:36.113944-07,2025-03-11 11:19:51.22244-07
NY-AT26029-15,2025-03-10 07:41:05.693-07,2025-03-11 19:11:16.755211-07,2025-03-12 16:45:10.152431-07
NY-MX22029-10,2025-03-10 00:48:57.87-07,2025-03-10 10:49:07.108476-07,2025-03-11 12:21:19.486935-07
NY-AT26029-1,2025-03-10 07:41:05.693-07,2025-03-10 10:44:00.557903-07,2025-03-11 12:26:28.480422-07
NY-AT26029-8,2025-03-10 07:41:05.693-07,2025-03-11 19:16:26.393334-07,2025-03-12 16:48:05.006177-07
NY-MX22029-6,2025-03-10 00:48:57.87-07,2025-03-10 12:21:03.482665-07,2025-03-11 10:59:22.073914-07
NY-MX22029-19,2025-03-10 00:48:57.87-07,2025-03-10 23:02:17.863991-07,2025-03-11 12:36:43.278078-07
NY-MX22029-4,2025-03-10 00:48:57.87-07,2025-03-10 12:10:49.179949-07,2025-03-11 11:09:36.856012-07
NW-TX34008-1,2025-03-11 08:23:51.122-07,2025-03-11 09:04:16.42703-07,2025-03-12 09:35:24.419926-07
NW-TX34008-4,2025-03-11 08:23:51.122-07,2025-03-11 09:05:30.150564-07,2025-03-12 09:33:41.321257-07
NW-TX34008-10,2025-03-11 08:23:51.122-07,2025-03-11 09:04:28.185566-07,2025-03-12 09:35:38.665091-07
NW-TX34008-8,2025-03-11 08:23:51.122-07,2025-03-13 09:21:48.673565-07,2025-03-14 09:20:49.452475-07
NW-TX34008-7,2025-03-11 08:23:51.122-07,2025-03-11 09:05:51.929056-07,2025-03-12 09:34:08.876397-07
NW-TX34008-3,2025-03-11 08:23:51.122-07,2025-03-11 09:05:18.538075-07,2025-03-12 09:36:32.151381-07
NW-TX34008-6,2025-03-11 08:23:51.122-07,2025-03-11 09:05:41.585525-07,2025-03-12 09:33:56.137476-07
NW-TX34008-5,2025-03-11 08:23:51.122-07,2025-03-12 09:31:23.060688-07,2025-03-13 09:24:25.030175-07
NW-TX34008-11,2025-03-11 08:23:51.122-07,2025-03-13 09:22:00.869226-07,2025-03-14 09:20:02.599636-07
NW-TX34008-2,2025-03-11 08:23:51.122-07,2025-03-11 09:05:08.309796-07,2025-03-12 09:36:14.489889-07
NW-TX34008-9,2025-03-11 08:23:51.122-07,2025-03-11 09:06:14.884938-07,2025-03-12 09:34:23.935866-07
NW-TX34008-12,2025-03-11 08:23:51.122-07,2025-03-11 09:04:49.786048-07,2025-03-12 09:35:53.141708-07
NY-AT26030-1,2025-03-20 00:26:54.653-07,2025-03-21 09:56:13.912235-07,2025-03-23 23:44:42.812065-07
NY-AT26030-10,2025-03-20 00:26:54.653-07,2025-03-21 10:01:20.820606-07,2025-03-23 23:41:35.438731-07
NY-AT26030-11,2025-03-20 00:26:54.653-07,2025-03-21 10:06:27.268195-07,2025-03-23 23:38:28.029715-07
NY-AT26028-4,2025-03-06 10:01:10.324-08,2025-03-07 11:05:00.058284-08,2025-03-08 23:14:37.918658-08
NY-AT26028-9,2025-03-06 10:01:10.324-08,2025-03-06 12:46:30.170182-08,2025-03-07 11:35:44.891591-08
NY-AT26028-17,2025-03-06 10:01:10.324-08,2025-03-06 11:44:19.988121-08,2025-03-07 10:34:17.740985-08
NY-AT26028-8,2025-03-06 10:01:10.324-08,2025-03-07 11:30:36.487879-08,2025-03-08 23:04:20.86026-08
NY-AT26028-2,2025-03-06 10:01:10.324-08,2025-03-07 10:54:46.219553-08,2025-03-08 23:24:54.595724-08
NY-AT26028-13,2025-03-06 10:01:10.324-08,2025-03-06 11:23:53.356591-08,2025-03-07 11:51:09.115103-08
NY-AT26030-12,2025-03-20 00:26:54.653-07,2025-03-21 10:11:32.957009-07,2025-03-23 23:35:20.700834-07
NY-AT26030-13,2025-03-20 00:26:54.653-07,2025-03-21 10:16:38.528992-07,2025-03-23 23:32:13.352101-07
NY-AT26030-14,2025-03-20 00:26:54.653-07,2025-03-21 10:21:44.404446-07,2025-03-23 23:29:06.236101-07
NY-AT26030-15,2025-03-20 00:26:54.653-07,2025-03-21 10:26:50.665703-07,2025-03-23 23:25:58.778412-07
NY-AT26030-16,2025-03-20 00:26:54.653-07,2025-03-24 13:45:16.836665-07,
NY-AT26030-20,2025-03-20 00:26:54.653-07,2025-03-21 13:14:34.295297-07,2025-03-23 23:10:21.690227-07
NY-AT26030-21,2025-03-20 00:26:54.653-07,2025-03-21 13:17:40.281904-07,2025-03-23 23:07:14.30822-07
NY-AT26030-22,2025-03-20 00:26:54.653-07,2025-03-21 13:20:48.983337-07,2025-03-23 23:04:07.128922-07
NY-AT26030-23,2025-03-20 00:26:54.653-07,2025-03-21 13:23:56.62222-07,2025-03-23 23:00:59.657421-07
NY-AT26030-3,2025-03-20 00:26:54.653-07,2025-03-21 13:27:04.341502-07,2025-03-23 22:57:52.200757-07
NY-AT26030-4,2025-03-20 00:26:54.653-07,2025-03-21 13:30:12.473471-07,2025-03-23 22:54:44.965109-07
NY-AT26030-5,2025-03-20 00:26:54.653-07,2025-03-21 13:33:20.084897-07,2025-03-23 22:51:38.304463-07
NY-AT26030-6,2025-03-20 00:26:54.653-07,2025-03-21 13:36:27.726825-07,2025-03-23 22:48:32.138505-07
NY-AT26030-7,2025-03-20 00:26:54.653-07,2025-03-21 13:39:35.421481-07,2025-03-23 22:45:26.068622-07
NY-AT26030-8,2025-03-20 00:26:54.653-07,2025-03-21 13:42:43.299609-07,2025-03-23 22:42:19.788378-07
NY-AT26030-9,2025-03-20 00:26:54.653-07,2025-03-21 13:45:51.046531-07,2025-03-23 22:39:12.698991-07
NY-MX22030-1,2025-03-19 19:01:15.066-07,2025-03-21 09:56:13.912235-07,2025-03-23 23:44:42.812065-07
NY-MX22030-10,2025-03-19 19:01:15.066-07,2025-03-21 10:01:20.820606-07,2025-03-23 23:41:35.438731-07
NY-MX22030-11,2025-03-19 19:01:15.066-07,2025-03-21 10:06:27.268195-07,2025-03-23 23:38:28.029715-07
NY-MX22030-12,2025-03-19 19:01:15.066-07,2025-03-21 10:11:32.957009-07,2025-03-23 23:35:20.700834-07
NY-MX22030-13,2025-03-19 19:01:15.066-07,2025-03-21 10:16:38.528992-07,2025-03-23 23:32:13.352101-07
NY-MX22030-14,2025-03-19 19:01:15.066-07,2025-03-21 10:21:44.404446-07,2025-03-23 23:29:06.236101-07
NY-MX22030-15,2025-03-19 19:01:15.066-07,2025-03-21 10:26:50.665703-07,2025-03-23 23:25:58.778412-07
NY-MX22030-16,2025-03-19 19:01:15.066-07,2025-03-24 13:45:16.836665-07,
NY-MX22030-17,2025-03-19 19:01:15.066-07,2025-03-21 10:37:02.783928-07,2025-03-23 23:22:51.555706-07
NY-MX22030-18,2025-03-19 19:01:15.066-07,2025-03-21 10:42:08.414251-07,2025-03-23 23:19:44.171067-07
NY-MX22030-19,2025-03-19 19:01:15.066-07,2025-03-21 10:47:13.958838-07,2025-03-23 23:16:36.509135-07
NY-MX22030-2,2025-03-19 19:01:15.066-07,2025-03-21 13:11:28.315435-07,2025-03-23 23:13:29.107794-07
NY-MX22030-20,2025-03-19 19:01:15.066-07,2025-03-21 13:14:34.295297-07,2025-03-23 23:10:21.690227-07
NY-MX22030-21,2025-03-19 19:01:15.066-07,2025-03-21 13:17:40.281904-07,2025-03-23 23:07:14.30822-07
NY-MX22030-22,2025-03-19 19:01:15.066-07,2025-03-21 13:20:48.983337-07,2025-03-23 23:04:07.128922-07
NY-MX22030-23,2025-03-19 19:01:15.066-07,2025-03-21 13:23:56.62222-07,2025-03-23 23:00:59.657421-07
NY-MX22030-3,2025-03-19 19:01:15.066-07,2025-03-21 13:27:04.341502-07,2025-03-23 22:57:52.200757-07
NY-MX22030-4,2025-03-19 19:01:15.066-07,2025-03-21 13:30:12.473471-07,2025-03-23 22:54:44.965109-07
NY-MX22030-5,2025-03-19 19:01:15.066-07,2025-03-21 13:33:20.084897-07,2025-03-23 22:51:38.304463-07
NY-MX22030-6,2025-03-19 19:01:15.066-07,2025-03-21 13:36:27.726825-07,2025-03-23 22:48:32.138505-07
NY-MX22028-2,2025-03-05 22:40:38.392-08,2025-03-07 10:54:46.219553-08,2025-03-08 23:24:54.595724-08
NY-MX22028-8,2025-03-05 22:40:38.392-08,2025-03-07 11:30:36.487879-08,2025-03-08 23:04:20.86026-08
NY-MX22028-18,2025-03-05 22:40:38.392-08,2025-03-06 11:49:31.814505-08,2025-03-07 10:39:25.846493-08
NY-MX22028-21,2025-03-05 22:40:38.392-08,2025-03-07 12:01:25.369631-08,2025-03-08 22:48:55.237867-08
NY-MX22028-15,2025-03-05 22:40:38.392-08,2025-03-06 11:34:06.128894-08,2025-03-07 10:24:03.755402-08
NY-MX22028-9,2025-03-05 22:40:38.392-08,2025-03-06 12:46:30.170182-08,2025-03-07 11:35:44.891591-08
NY-MX22028-12,2025-03-05 22:40:38.392-08,2025-03-06 11:18:46.944353-08,2025-03-07 11:46:00.966848-08
NY-MX22028-6,2025-03-05 22:40:38.392-08,2025-03-06 12:30:48.998153-08,2025-03-07 11:15:13.536426-08
NY-MX22028-7,2025-03-05 22:40:38.392-08,2025-03-06 12:35:57.582735-08,2025-03-07 11:20:20.501836-08
NY-AT26028-12,2025-03-06 10:01:10.324-08,2025-03-06 11:18:46.944353-08,2025-03-07 11:46:00.966848-08
NY-AT26028-5,2025-03-06 10:01:10.324-08,2025-03-07 11:10:06.386654-08,2025-03-08 23:09:29.488572-08
NY-AT26028-15,2025-03-06 10:01:10.324-08,2025-03-06 11:34:06.128894-08,2025-03-07 10:24:03.755402-08
NY-AT26028-6,2025-03-06 10:01:10.324-08,2025-03-06 12:30:48.998153-08,2025-03-07 11:15:13.536426-08
NY-AT26028-16,2025-03-06 10:01:10.324-08,2025-03-06 11:39:12.54115-08,2025-03-07 10:29:10.948092-08
NY-AT26028-3,2025-03-06 10:01:10.324-08,2025-03-07 10:59:53.601568-08,2025-03-08 23:19:46.243738-08
NY-AT26028-10,2025-03-06 10:01:10.324-08,2025-03-06 11:08:34.087916-08,2025-03-07 11:25:28.830806-08
NY-AT26028-18,2025-03-06 10:01:10.324-08,2025-03-06 11:49:31.814505-08,2025-03-07 10:39:25.846493-08
NY-AT26028-19,2025-03-06 10:01:10.324-08,2025-03-06 11:54:39.371195-08,2025-03-07 10:44:33.4656-08
NY-AT26028-20,2025-03-06 10:01:10.324-08,2025-03-07 11:56:17.192115-08,2025-03-08 22:54:04.494306-08
NY-AT26028-1,2025-03-06 10:01:10.324-08,2025-03-07 10:49:39.537755-08,2025-03-08 23:30:02.802554-08
NY-AT26028-21,2025-03-06 10:01:10.324-08,2025-03-07 12:01:25.369631-08,2025-03-08 22:48:55.237867-08
NY-AT26028-11,2025-03-06 10:01:10.324-08,2025-03-07 11:40:52.605025-08,2025-03-08 22:59:12.496463-08
NY-AT26028-14,2025-03-06 10:01:10.324-08,2025-03-06 11:28:59.364595-08,2025-03-07 10:18:56.661462-08
NY-AT26028-7,2025-03-06 10:01:10.324-08,2025-03-06 12:35:57.582735-08,2025-03-07 11:20:20.501836-08
NY-TX24016-3,2025-03-09 07:53:58.643-07,2025-03-10 13:07:34.38808-07,2025-03-11 08:58:00.519749-07
NY-TX24016-5,2025-03-09 07:53:58.643-07,2025-03-12 09:27:59.775919-07,2025-03-13 10:56:07.501474-07
NY-TX24016-7,2025-03-09 07:53:58.643-07,2025-03-10 13:08:28.452312-07,2025-03-11 08:59:13.302748-07
NY-TX24016-9,2025-03-09 07:53:58.643-07,2025-03-10 13:08:50.066233-07,2025-03-11 08:59:39.602831-07
NY-TX24016-2,2025-03-09 07:53:58.643-07,2025-03-10 13:07:18.389166-07,2025-03-11 08:57:46.287072-07
NY-TX24016-4,2025-03-09 07:53:58.643-07,2025-03-10 13:07:46.374941-07,2025-03-11 08:58:13.435312-07
NY-TX24016-1,2025-03-09 07:53:58.643-07,2025-03-10 13:06:53.425223-07,2025-03-11 08:56:52.051216-07
NY-AT26030-17,2025-03-20 00:26:54.653-07,2025-03-21 10:37:02.783928-07,2025-03-23 23:22:51.555706-07
NY-AT26030-18,2025-03-20 00:26:54.653-07,2025-03-21 10:42:08.414251-07,2025-03-23 23:19:44.171067-07
NY-AT26030-19,2025-03-20 00:26:54.653-07,2025-03-21 10:47:13.958838-07,2025-03-23 23:16:36.509135-07
NY-AT26030-2,2025-03-20 00:26:54.653-07,2025-03-21 13:11:28.315435-07,2025-03-23 23:13:29.107794-07
NY-MX22030-7,2025-03-19 19:01:15.066-07,2025-03-21 13:39:35.421481-07,2025-03-23 22:45:26.068622-07
NY-MX22030-8,2025-03-19 19:01:15.066-07,2025-03-21 13:42:43.299609-07,2025-03-23 22:42:19.788378-07
NY-MX22027-19,2025-02-26 18:27:12.343-08,2025-02-27 11:13:29.838398-08,2025-03-04 11:44:42.87437-08
NY-MX22027-6,2025-02-26 18:27:12.343-08,2025-03-03 10:16:44.178304-08,2025-03-04 10:48:16.446568-08
NY-AT26027-11,2025-02-27 05:28:07.548-08,2025-03-03 09:40:44.917446-08,2025-03-04 11:19:01.237521-08
NY-AT26027-12,2025-02-27 05:28:07.548-08,2025-02-27 10:35:15.735809-08,2025-03-04 12:05:32.178388-08
NY-AT26027-16,2025-02-27 05:28:07.548-08,2025-03-03 09:56:05.287281-08,2025-03-04 11:03:39.370061-08
NY-AT26027-18,2025-02-27 05:28:07.548-08,2025-02-27 11:08:03.561903-08,2025-03-07 10:34:58.603674-08
NY-AT26027-4,2025-02-27 05:28:07.548-08,2025-03-05 09:23:50.003286-08,2025-03-06 07:50:18.720098-08
NY-AT26027-9,2025-02-27 05:28:07.548-08,2025-03-03 10:32:20.299927-08,2025-03-04 10:32:55.188596-08
NY-AT26027-5,2025-02-27 05:28:07.548-08,2025-03-03 10:11:38.112254-08,2025-03-04 10:53:24.026682-08
NY-AT26027-15,2025-02-27 05:28:07.548-08,2025-03-03 09:50:58.452357-08,2025-03-04 11:08:46.837643-08
NY-AT26027-8,2025-02-27 05:28:07.548-08,2025-03-03 10:26:56.918189-08,2025-03-04 10:38:02.457112-08
NY-AT26027-7,2025-02-27 05:28:07.548-08,2025-03-03 10:21:50.801301-08,2025-03-04 10:43:09.572353-08
NY-AT26027-17,2025-02-27 05:28:07.548-08,2025-02-27 11:02:37.210524-08,2025-03-04 11:55:15.110897-08
NY-AT26027-1,2025-02-27 05:28:07.548-08,2025-02-27 10:18:55.495437-08,2025-03-04 12:10:41.048394-08
NY-AT26027-19,2025-02-27 05:28:07.548-08,2025-02-27 11:13:29.838398-08,2025-03-04 11:44:42.87437-08
NY-AT26027-6,2025-02-27 05:28:07.548-08,2025-03-03 10:16:44.178304-08,2025-03-04 10:48:16.446568-08
NY-AT26027-10,2025-02-27 05:28:07.548-08,2025-03-03 09:35:38.186307-08,2025-03-04 11:24:08.749702-08
NY-AT26027-14,2025-02-27 05:28:07.548-08,2025-03-03 09:45:52.39068-08,2025-03-04 11:13:53.942171-08
NY-AT26027-20,2025-02-27 05:28:07.548-08,2025-02-27 11:24:22.595441-08,2025-03-04 11:34:25.746452-08
NY-AT26027-3,2025-02-27 05:28:07.548-08,2025-03-03 10:01:25.70609-08,2025-03-04 10:58:31.340069-08
NY-AT26027-13,2025-02-27 05:28:07.548-08,2025-02-27 10:40:41.923952-08,2025-03-04 12:00:23.724353-08
NY-AT26027-21,2025-02-27 05:28:07.548-08,2025-02-27 11:29:48.670864-08,2025-03-04 11:29:17.201691-08
NY-AT26027-2,2025-02-27 05:28:07.548-08,2025-02-27 11:18:55.946953-08,2025-03-04 11:39:34.351344-08
NY-MX22028-17,2025-03-05 22:40:38.392-08,2025-03-06 11:44:19.988121-08,2025-03-07 10:34:17.740985-08
NY-MX22028-16,2025-03-05 22:40:38.392-08,2025-03-06 11:39:12.54115-08,2025-03-07 10:29:10.948092-08
NY-MX22028-4,2025-03-05 22:40:38.392-08,2025-03-07 11:05:00.058284-08,2025-03-08 23:14:37.918658-08
NY-MX22028-19,2025-03-05 22:40:38.392-08,2025-03-06 11:54:39.371195-08,2025-03-07 10:44:33.4656-08
NY-MX22028-11,2025-03-05 22:40:38.392-08,2025-03-07 11:40:52.605025-08,2025-03-08 22:59:12.496463-08
NY-MX22028-3,2025-03-05 22:40:38.392-08,2025-03-07 10:59:53.601568-08,2025-03-08 23:19:46.243738-08
NY-MX22028-10,2025-03-05 22:40:38.392-08,2025-03-06 11:08:34.087916-08,2025-03-07 11:25:28.830806-08
NY-MX22028-1,2025-03-05 22:40:38.392-08,2025-03-07 10:49:39.537755-08,2025-03-08 23:30:02.802554-08
NY-MX22030-9,2025-03-19 19:01:15.066-07,2025-03-21 13:45:51.046531-07,2025-03-23 22:39:12.698991-07
