Fastq Name,Library Prep Method,Study Set,Alignment Method,Amplification ID,Amplification,Batch Name,Batch Name From Vendor,Cell Capture,Cell Prep Type,Library Prep Method ID,Library Prep Name,Load Name,Organism Common Name,Organism Name,Sample ID,Sequencing Vendor
NW-AT0675-1,10xATAC_Mult,AD_Center_Grant,ARC-ATAC,1306838070,B8XM_231024_01_B01,R8XA-23110705,ATX-675,10000,Nuclei,1061736689,L8XA_231024_01_C03,1928_B10,human,Homo Sapiens,1305739908,NWGC
NW-AT0675-2,10xATAC_Mult,AD_Center_Grant,ARC-ATAC,1306838072,B8XM_231024_01_C01,R8XA-23110705,ATX-675,10000,Nuclei,1061736689,L8XA_231024_01_D03,1928_C10,human,Homo Sapiens,1305739969,NWGC
NW-AT0675-3,10xATAC_Mult,SCORCH,ARC-ATAC,1308442201,B8XM_231031_01_F01,R8XA-23110705,ATX-675,10000,Nuclei,1061736689,L8XA_231031_01_D05,1933_F02,mouse,Mus musculus,1306576979,NWGC
NW-AT0675-4,10xATAC_Mult,SCORCH,ARC-ATAC,1308442211,B8XM_231031_01_B02,R8XA-23110705,ATX-675,10000,Nuclei,1061736689,L8XA_231031_01_E05,1934_A03,mouse,Mus musculus,1306543432,NWGC
NW-AT0675-5,10xATAC_Mult,SCORCH,ARC-ATAC,1308442213,B8XM_231031_01_C02,R8XA-23110705,ATX-675,10000,Nuclei,1061736689,L8XA_231031_01_F05,1934_B03,mouse,Mus musculus,1306543433,NWGC
NW-AT0675-6,10xATAC_Mult,SCORCH,ARC-ATAC,1308442215,B8XM_231031_01_D02,R8XA-23110705,ATX-675,9658,Nuclei,1061736689,L8XA_231031_01_G05,1934_C03,mouse,Mus musculus,1307727295,NWGC
NW-AT0675-7,10xATAC_Mult,SCORCH,ARC-ATAC,1308442217,B8XM_231031_01_E02,R8XA-23110705,ATX-675,10000,Nuclei,1061736689,L8XA_231031_01_H05,1934_D03,mouse,Mus musculus,1307727297,NWGC
NW-AT0675-8,10xATAC_Mult,SCORCH,ARC-ATAC,1308442219,B8XM_231031_01_F02,R8XA-23110705,ATX-675,10000,Nuclei,1061736689,L8XA_231031_01_A06,1934_E03,mouse,Mus musculus,1306537286,NWGC
NW-AT0675-9,10xATAC_Mult,SCORCH,ARC-ATAC,1308442222,B8XM_231031_01_G02,R8XA-23110705,ATX-675,10000,Nuclei,1061736689,L8XA_231031_01_C04,1934_F03,mouse,Mus musculus,1306537287,NWGC
NW-AT0678-1,10xATAC_Mult,HEAD_Network,ARC-ATAC,1309857178,B8XM_231107_02_C02,R8XA-23112102,ATX-678,10000,Nuclei,1061736689,L8XA_231107_02_G09,1950_C01,mouse,Mus musculus,1308995692,NWGC
NW-AT0678-2,10xATAC_Mult,HEAD_Network,ARC-ATAC,1309857180,B8XM_231107_02_D02,R8XA-23112102,ATX-678,10000,Nuclei,1061736689,L8XA_231107_02_H09,1950_D01,mouse,Mus musculus,1308965576,NWGC
NW-AT0678-3,10xATAC_Mult,SCORCH,ARC-ATAC,1309857182,B8XM_231107_02_E02,R8XA-23112102,ATX-678,10000,Nuclei,1061736689,L8XA_231107_02_A10,1950_E01,mouse,Mus musculus,1308965577,NWGC
NW-AT0678-4,10xATAC_Mult,SCORCH,ARC-ATAC,1309857184,B8XM_231107_02_F02,R8XA-23112102,ATX-678,10000,Nuclei,1061736689,L8XA_231107_02_B10,1950_F01,mouse,Mus musculus,1308965578,NWGC
NW-AT0678-5,10xATAC_Mult,SCORCH,ARC-ATAC,1310901021,B8XM_231110_01_A01,R8XA-23112102,ATX-678,10000,Nuclei,1061736689,L8XA_231110_01_C10,1952_A03,mouse,Mus musculus,1309823757,NWGC
NW-AT0678-6,10xATAC_Mult,SCORCH,ARC-ATAC,1310901023,B8XM_231110_01_B01,R8XA-23112102,ATX-678,10000,Nuclei,1061736689,L8XA_231110_01_D10,1952_B03,mouse,Mus musculus,1309823758,NWGC
NW-AT0678-7,10xATAC_Mult,SCORCH,ARC-ATAC,1310901025,B8XM_231110_01_C01,R8XA-23112102,ATX-678,10000,Nuclei,1061736689,L8XA_231110_01_E10,1952_C03,mouse,Mus musculus,1309818366,NWGC
NW-AT0678-8,10xATAC_Mult,SCORCH,ARC-ATAC,1310901028,B8XM_231110_01_D01,R8XA-23112102,ATX-678,10000,Nuclei,1061736689,L8XA_231110_01_F10,1952_D03,mouse,Mus musculus,1309818367,NWGC
NW-AT0678-9,10xATAC_Mult,SCORCH,ARC-ATAC,1310901030,B8XM_231110_01_E01,R8XA-23112102,ATX-678,10000,Nuclei,1061736689,L8XA_231110_01_G10,1952_E03,mouse,Mus musculus,1309236266,NWGC
NW-AT0680-1,10xATAC_Mult,P56_Unbiased_Sampling,ARC-ATAC,1310901054,B8XM_231110_01_G02,R8XA-23112806,ATX-680,9720,Nuclei,1061736689,L8XA_231110_01_A12,1953_H04,mouse,Mus musculus,1310854222,NWGC
NW-AT0680-2,10xATAC_Mult,AD_Center_Grant,ARC-ATAC,1311479627,B8XM_231114_01_A01,R8XA-23112806,ATX-680,10000,Nuclei,1061736689,L8XA_231114_01_C12,1954_A05,human,Homo Sapiens,1309836354,NWGC
NW-AT0680-3,10xATAC_Mult,AD_Center_Grant,ARC-ATAC,1311479629,B8XM_231114_01_B01,R8XA-23112806,ATX-680,10000,Nuclei,1061736689,L8XA_231114_01_D12,1954_B05,human,Homo Sapiens,1309836518,NWGC
NW-AT0680-4,10xATAC_Mult,AD_Center_Grant,ARC-ATAC,1311479631,B8XM_231114_01_C01,R8XA-23112806,ATX-680,10000,Nuclei,1061736689,L8XA_231114_01_E12,1954.1_D05,human,Homo Sapiens,1309836596,NWGC
NW-AT0680-5,10xATAC_Mult,AD_Center_Grant,ARC-ATAC,1311479650,B8XM_231114_01_B02,R8XA-23112806,ATX-680,10000,Nuclei,1061736689,L8XA_231114_01_F12,1957_A08,human,Homo Sapiens,1311273381,NWGC
NW-AT0680-6,10xATAC_Mult,AD_Center_Grant,ARC-ATAC,1311479652,B8XM_231114_01_C02,R8XA-23112806,ATX-680,10000,Nuclei,1061736689,L8XA_231114_01_G12,1957_B08,human,Homo Sapiens,1311273627,NWGC
NW-AT0680-7,10xATAC_Mult,AD_Center_Grant,ARC-ATAC,1311479654,B8XM_231114_01_D02,R8XA-23112806,ATX-680,10000,Nuclei,1061736689,L8XA_231114_01_H12,1957_C08,human,Homo Sapiens,1311274061,NWGC
NW-AT0680-8,10xATAC_Mult,HEAD_Network,ARC-ATAC,1311479656,B8XM_231114_01_E02,R8XA-23112806,ATX-680,8323,Nuclei,1061736689,L8XA_231114_01_E01,1958_A01,mouse,Mus musculus,1311440505,NWGC
NW-AT0680-9,10xATAC_Mult,HEAD_Network,ARC-ATAC,1311479659,B8XM_231114_01_F02,R8XA-23112806,ATX-680,9937,Nuclei,1061736689,L8XA_231114_01_F01,1958_B01,mouse,Mus musculus,1311440507,NWGC
NW-AT0685-1,10xATAC_Mult,P56_Unbiased_Sampling,ARC-ATAC,1314536393,B8XM_231128_01_C01,R8XA-23120514,ATX-685,10000,Nuclei,1061736689,L8XA_231128_01_D08,1968_C01,mouse,Mus musculus,1313923104,NWGC
NW-AT0685-2,10xATAC_Mult,P56_Unbiased_Sampling,ARC-ATAC,1314536395,B8XM_231128_01_D01,R8XA-23120514,ATX-685,10000,Nuclei,1061736689,L8XA_231128_01_E08,1968_D01,mouse,Mus musculus,1313923105,NWGC
NW-AT0685-3,10xATAC_Mult,P56_Unbiased_Sampling,ARC-ATAC,1314536397,B8XM_231128_01_E01,R8XA-23120514,ATX-685,10000,Nuclei,1061736689,L8XA_231128_01_F08,1968_E01,mouse,Mus musculus,1314254639,NWGC
NW-AT0685-4,10xATAC_Mult,P56_Unbiased_Sampling,ARC-ATAC,1314536399,B8XM_231128_01_F01,R8XA-23120514,ATX-685,10000,Nuclei,1061736689,L8XA_231128_01_G08,1968_F01,mouse,Mus musculus,1314254641,NWGC
NW-AT0685-5,10xATAC_Mult,P56_Unbiased_Sampling,ARC-ATAC,1314536401,B8XM_231128_01_G01,R8XA-23120514,ATX-685,10000,Nuclei,1061736689,L8XA_231128_01_H08,1968_G01,mouse,Mus musculus,1314254642,NWGC
NW-AT0685-6,10xATAC_Mult,P56_Unbiased_Sampling,ARC-ATAC,1314536403,B8XM_231128_01_H01,R8XA-23120514,ATX-685,10000,Nuclei,1061736689,L8XA_231128_01_A09,1968_H01,mouse,Mus musculus,1314254643,NWGC
NW-AT0685-7,10xATAC_Mult,HEAD_Network,ARC-ATAC,1314536412,B8XM_231128_01_D02,R8XA-23120514,ATX-685,10000,Nuclei,1061736689,L8XA_231128_01_B09,1970_A03,mouse,Mus musculus,1313725950,NWGC
NW-AT0685-8,10xATAC_Mult,HEAD_Network,ARC-ATAC,1314536416,B8XM_231128_01_E02,R8XA-23120514,ATX-685,7577,Nuclei,1061736689,L8XA_231128_01_C09,1970_C03,mouse,Mus musculus,1313725953,NWGC
NW-AT0685-9,10xATAC_Mult,HEAD_Network,ARC-ATAC,1314536418,B8XM_231128_01_F02,R8XA-23120514,ATX-685,10000,Nuclei,1061736689,L8XA_231128_01_D09,1970_D03,mouse,Mus musculus,1313729828,NWGC
NW-AT0686-1,10xATAC_Mult,P56_Unbiased_Sampling,ARC-ATAC,1314536420,B8XM_231128_01_G02,R8XA-23120515,ATX-686,10000,Nuclei,1061736689,L8XA_231128_01_E09,1970_E03,mouse,Mus musculus,1313729829,NWGC
NW-AT0686-2,10xATAC_Mult,P56_Unbiased_Sampling,ARC-ATAC,1314536422,B8XM_231128_01_H02,R8XA-23120515,ATX-686,10000,Nuclei,1061736689,L8XA_231128_01_F09,1970_F03,mouse,Mus musculus,1313729830,NWGC
NW-AT0686-3,10xATAC_Mult,P56_Unbiased_Sampling,ARC-ATAC,1314536424,B8XM_231128_01_A03,R8XA-23120515,ATX-686,10000,Nuclei,1061736689,L8XA_231128_01_G09,1970_G03,mouse,Mus musculus,1313729831,NWGC
NW-AT0686-4,10xATAC_Mult,P56_Unbiased_Sampling,ARC-ATAC,1314536426,B8XM_231128_01_B03,R8XA-23120515,ATX-686,10000,Nuclei,1061736689,L8XA_231128_01_H09,1970_H03,mouse,Mus musculus,1313729832,NWGC
NW-AT0686-5,10xATAC_Mult,AD_Center_Grant,ARC-ATAC,1314536428,B8XM_231128_01_C03,R8XA-23120515,ATX-686,10000,Nuclei,1061736689,L8XA_231128_01_H10,1971_A04,human,Homo Sapiens,1312901520,NWGC
NW-AT0686-6,10xATAC_Mult,AD_Center_Grant,ARC-ATAC,1314536430,B8XM_231128_01_D03,R8XA-23120515,ATX-686,10000,Nuclei,1061736689,L8XA_231128_01_A11,1971_B04,human,Homo Sapiens,1312901574,NWGC
NW-AT0686-7,10xATAC_Mult,AD_Center_Grant,ARC-ATAC,1314536432,B8XM_231128_01_E03,R8XA-23120515,ATX-686,10000,Nuclei,1061736689,L8XA_231128_01_B11,1971_C04,human,Homo Sapiens,1312901679,NWGC
NW-AT0686-8,10xATAC_Mult,P56_Unbiased_Sampling,ARC-ATAC,1314536435,B8XM_231128_01_F03,R8XA-23120515,ATX-686,10000,Nuclei,1061736689,L8XA_231128_01_A10,1972_A01,mouse,Mus musculus,1313670446,NWGC
NW-AT0686-9,10xATAC_Mult,P56_Unbiased_Sampling,ARC-ATAC,1314536439,B8XM_231128_01_G03,R8XA-23120515,ATX-686,10000,Nuclei,1061736689,L8XA_231128_01_B10,1972_B01,mouse,Mus musculus,1313670447,NWGC
NW-AT0687-1,10xATAC_Mult,P56_Unbiased_Sampling,ARC-ATAC,1314536441,B8XM_231128_01_H03,R8XA-23121206,ATX-687,10000,Nuclei,1061736689,L8XA_231128_01_C10,1972_C01,mouse,Mus musculus,1313670448,NWGC
NW-AT0687-2,10xATAC_Mult,P56_Unbiased_Sampling,ARC-ATAC,1314536443,B8XM_231128_01_A04,R8XA-23121206,ATX-687,10000,Nuclei,1061736689,L8XA_231128_01_D10,1972_D01,mouse,Mus musculus,1313670449,NWGC
NW-AT0687-3,10xATAC_Mult,P56_Unbiased_Sampling,ARC-ATAC,1314536445,B8XM_231128_01_B04,R8XA-23121206,ATX-687,10000,Nuclei,1061736689,L8XA_231128_01_E10,1972_E01,mouse,Mus musculus,1313670450,NWGC
NW-AT0687-4,10xATAC_Mult,P56_Unbiased_Sampling,ARC-ATAC,1314536447,B8XM_231128_01_C04,R8XA-23121206,ATX-687,10000,Nuclei,1061736689,L8XA_231128_01_F10,1972_F01,mouse,Mus musculus,1313670451,NWGC
NW-AT0687-5,10xATAC_Mult,P56_Unbiased_Sampling,ARC-ATAC,1314536537,B8XM_231128_02_A01,R8XA-23121206,ATX-687,10000,Nuclei,1061736689,L8XA_231128_02_C11,1974_A03,mouse,Mus musculus,1313931143,NWGC
NW-AT0687-6,10xATAC_Mult,P56_Unbiased_Sampling,ARC-ATAC,1314536539,B8XM_231128_02_B01,R8XA-23121206,ATX-687,10000,Nuclei,1061736689,L8XA_231128_02_D11,1974_B03,mouse,Mus musculus,1313931144,NWGC
NW-AT0687-7,10xATAC_Mult,P56_Unbiased_Sampling,ARC-ATAC,1316208176,B8XM_231205_01_B02,R8XA-23121206,ATX-687,10000,Nuclei,1061736689,L8XA_231205_01_B02,1979_A07,mouse,Mus musculus,1314672782,NWGC
NW-AT0687-8,10xATAC_Mult,P56_Unbiased_Sampling,ARC-ATAC,1316208188,B8XM_231205_01_C02,R8XA-23121206,ATX-687,10000,Nuclei,1061736689,L8XA_231205_01_C02,1979_C07,mouse,Mus musculus,1314672785,NWGC
NW-AT0687-9,10xATAC_Mult,SCORCH,ARC-ATAC,1316208300,B8XM_231205_01_F03,R8XA-23121206,ATX-687,10000,Nuclei,1061736689,L8XA_231205_01_C03,1983_E01,mouse,Mus musculus,1315970375,NWGC
NW-AT0688-1,10xATAC_Mult,P56_Unbiased_Sampling,ARC-ATAC,1316208198,B8XM_231205_01_D02,R8XA-23121207,ATX-688,10000,Nuclei,1061736689,L8XA_231205_01_D02,1979_D07,mouse,Mus musculus,1314672786,NWGC
NW-AT0688-2,10xATAC_Mult,P56_Unbiased_Sampling,ARC-ATAC,1316208220,B8XM_231205_01_F02,R8XA-23121207,ATX-688,10000,Nuclei,1061736689,L8XA_231205_01_F02,1979.1_F07,mouse,Mus musculus,1314672788,NWGC
NW-AT0688-3,10xATAC_Mult,AD_Center_Grant,ARC-ATAC,1316208231,B8XM_231205_01_G02,R8XA-23121207,ATX-688,10000,Nuclei,1061736689,L8XA_231205_01_E03,1981_A09,human,Homo Sapiens,1316034024,NWGC
NW-AT0688-4,10xATAC_Mult,AD_Center_Grant,ARC-ATAC,1316208241,B8XM_231205_01_H02,R8XA-23121207,ATX-688,10000,Nuclei,1061736689,L8XA_231205_01_F03,1981_B09,human,Homo Sapiens,1316034126,NWGC
NW-AT0688-5,10xATAC_Mult,AD_Center_Grant,ARC-ATAC,1316208251,B8XM_231205_01_A03,R8XA-23121207,ATX-688,10000,Nuclei,1061736689,L8XA_231205_01_G03,1981_C09,human,Homo Sapiens,1316034263,NWGC
NW-AT0688-6,10xATAC_Mult,SCORCH,ARC-ATAC,1316208261,B8XM_231205_01_B03,R8XA-23121207,ATX-688,10000,Nuclei,1061736689,L8XA_231205_01_G02,1983_A01,mouse,Mus musculus,1315617983,NWGC
NW-AT0688-7,10xATAC_Mult,SCORCH,ARC-ATAC,1316208268,B8XM_231205_01_C03,R8XA-23121207,ATX-688,10000,Nuclei,1061736689,L8XA_231205_01_H02,1983_B01,mouse,Mus musculus,1315617985,NWGC
NW-AT0688-8,10xATAC_Mult,SCORCH,ARC-ATAC,1316208280,B8XM_231205_01_D03,R8XA-23121207,ATX-688,10000,Nuclei,1061736689,L8XA_231205_01_A03,1983_C01,mouse,Mus musculus,1315617986,NWGC
NW-AT0688-9,10xATAC_Mult,SCORCH,ARC-ATAC,1316208290,B8XM_231205_01_E03,R8XA-23121207,ATX-688,10000,Nuclei,1061736689,L8XA_231205_01_B03,1983_D01,mouse,Mus musculus,1315970374,NWGC
NW-AT0689-1,10xATAC_Mult,SCORCH,ARC-ATAC,1316208311,B8XM_231205_01_G03,R8XA-23121908,ATX-689,10000,Nuclei,1061736689,L8XA_231205_01_D03,1983_F01,mouse,Mus musculus,1315970376,NWGC
NW-AT0689-2,10xATAC_Mult,AD_Center_Grant,ARC-ATAC,1317851941,B8XM_231208_01_A01,R8XA-23121908,ATX-689,10000,Nuclei,1061736689,L8XA_231208_01_C04,1987_A05,human,Homo Sapiens,1316998099,NWGC
NW-AT0689-3,10xATAC_Mult,AD_Center_Grant,ARC-ATAC,1317851943,B8XM_231208_01_B01,R8XA-23121908,ATX-689,10000,Nuclei,1061736689,L8XA_231208_01_D04,1987_B05,human,Homo Sapiens,1316998177,NWGC
NW-AT0689-4,10xATAC_Mult,AD_Center_Grant,ARC-ATAC,1317851947,B8XM_231208_01_D01,R8XA-23121908,ATX-689,10000,Nuclei,1061736689,L8XA_231208_01_E04,1987_C05,human,Homo Sapiens,1316998241,NWGC
NW-AT0689-5,10xATAC_Mult,P56_Unbiased_Sampling,ARC-ATAC,1317694430,B8XM_231212_01_D01,R8XA-23121908,ATX-689,9627,Nuclei,1061736689,L8XA_231212_01_A05,1989_A07,mouse,Mus musculus,1317678537,NWGC
NW-AT0689-6,10xATAC_Mult,P56_Unbiased_Sampling,ARC-ATAC,1317694432,B8XM_231212_01_E01,R8XA-23121908,ATX-689,9627,Nuclei,1061736689,L8XA_231212_01_B05,1989_B07,mouse,Mus musculus,1317678538,NWGC
NW-AT0689-7,10xATAC_Mult,P56_Unbiased_Sampling,ARC-ATAC,1317694435,B8XM_231212_01_F01,R8XA-23121908,ATX-689,10000,Nuclei,1061736689,L8XA_231212_01_C05,1989_C07,mouse,Mus musculus,1317678539,NWGC
NW-AT0689-8,10xATAC_Mult,P56_Unbiased_Sampling,ARC-ATAC,1317694438,B8XM_231212_01_G01,R8XA-23121908,ATX-689,10000,Nuclei,1061736689,L8XA_231212_01_D05,1989_D07,mouse,Mus musculus,1317678540,NWGC
NW-AT0689-9,10xATAC_Mult,P56_Unbiased_Sampling,ARC-ATAC,1317694440,B8XM_231212_01_H01,R8XA-23121908,ATX-689,10000,Nuclei,1061736689,L8XA_231212_01_E05,1989_E07,mouse,Mus musculus,1317678541,NWGC
NW-AT0690-1,10xATAC_Mult,P56_Unbiased_Sampling,ARC-ATAC,1317694442,B8XM_231212_01_A02,R8XA-23121909,ATX-690,10000,Nuclei,1061736689,L8XA_231212_01_F05,1989_F07,mouse,Mus musculus,1317678542,NWGC
NW-AT0690-2,10xATAC_Mult,AD_Center_Grant,ARC-ATAC,1317694444,B8XM_231212_01_B02,R8XA-23121909,ATX-690,10000,Nuclei,1061736689,L8XA_231212_01_G05,1991_A09,human,Homo Sapiens,1316999222,NWGC
NW-AT0690-3,10xATAC_Mult,AD_Center_Grant,ARC-ATAC,1317694447,B8XM_231212_01_C02,R8XA-23121909,ATX-690,10000,Nuclei,1061736689,L8XA_231212_01_H05,1991_B09,human,Homo Sapiens,1316999277,NWGC
NW-AT0690-4,10xATAC_Mult,P56_Unbiased_Sampling,ARC-ATAC,1317852141,B8XM_231212_02_D01,R8XA-23121909,ATX-690,10000,Nuclei,1061736689,L8XA_231212_02_H06,1992_A01,mouse,Mus musculus,1317644841,NWGC
NW-AT0690-5,10xATAC_Mult,P56_Unbiased_Sampling,ARC-ATAC,1317852144,B8XM_231212_02_E01,R8XA-23121909,ATX-690,10000,Nuclei,1061736689,L8XA_231212_02_A07,1992_B01,mouse,Mus musculus,1317644842,NWGC
NW-AT0690-6,10xATAC_Mult,P56_Unbiased_Sampling,ARC-ATAC,1317852146,B8XM_231212_02_F01,R8XA-23121909,ATX-690,10000,Nuclei,1061736689,L8XA_231212_02_B07,1992_C01,mouse,Mus musculus,1317644843,NWGC
NW-AT0690-7,10xATAC_Mult,P56_Unbiased_Sampling,ARC-ATAC,1317852148,B8XM_231212_02_G01,R8XA-23121909,ATX-690,10000,Nuclei,1061736689,L8XA_231212_02_C07,1992_D01,mouse,Mus musculus,1317644844,NWGC
NW-AT0690-8,10xATAC_Mult,P56_Unbiased_Sampling,ARC-ATAC,1317852150,B8XM_231212_02_H01,R8XA-23121909,ATX-690,10000,Nuclei,1061736689,L8XA_231212_02_D07,1992_E01,mouse,Mus musculus,1317644845,NWGC
NW-AT0690-9,10xATAC_Mult,P56_Unbiased_Sampling,ARC-ATAC,1317852152,B8XM_231212_02_A02,R8XA-23121909,ATX-690,10000,Nuclei,1061736689,L8XA_231212_02_E07,1992_F01,mouse,Mus musculus,1317644846,NWGC
NW-AT0691-1,10xATAC_Mult,AD_Center_Grant,ARC-ATAC,1317694449,B8XM_231212_01_D02,R8XA-24010303,ATX-691,10000,Nuclei,1061736689,L8XA_231212_01_A06,1991_C09,human,Homo Sapiens,1316999338,NWGC
NW-AT0691-2,10xATAC_Mult,AD_Center_Grant,ARC-ATAC,1319228718,B8XM_231215_01_B01,R8XA-24010303,ATX-691,10000,Nuclei,1061736689,L8XA_231215_01_C08,1997_A05,human,Homo Sapiens,1318952287,NWGC
NW-AT0691-3,10xATAC_Mult,AD_Center_Grant,ARC-ATAC,1319228721,B8XM_231215_01_C01,R8XA-24010303,ATX-691,10000,Nuclei,1061736689,L8XA_231215_01_D08,1997_B05,human,Homo Sapiens,1318952354,NWGC
NW-AT0691-4,10xATAC_Mult,AD_Center_Grant,ARC-ATAC,1319228724,B8XM_231215_01_D01,R8XA-24010303,ATX-691,10000,Nuclei,1061736689,L8XA_231215_01_E08,1997_C05,human,Homo Sapiens,1318952444,NWGC
NW-AT0691-5,10xATAC_Mult,AD_Center_Grant,ARC-ATAC,1319228933,B8XM_231219_01_C01,R8XA-24010303,ATX-691,10000,Nuclei,1061736689,L8XA_231219_01_A10,2001_A08,human,Homo Sapiens,1318952631,NWGC
NW-AT0691-6,10xATAC_Mult,AD_Center_Grant,ARC-ATAC,1319228936,B8XM_231219_01_D01,R8XA-24010303,ATX-691,10000,Nuclei,1061736689,L8XA_231219_01_B10,2001_B08,human,Homo Sapiens,1318952727,NWGC
NW-AT0691-7,10xATAC_Mult,AD_Center_Grant,ARC-ATAC,1319228939,B8XM_231219_01_E01,R8XA-24010303,ATX-691,10000,Nuclei,1061736689,L8XA_231219_01_C10,2001_C08,human,Homo Sapiens,1318952785,NWGC
NW-AT0691-8,10xATAC_Mult,Geriatric_Mouse,ARC-ATAC,1319228941,B8XM_231219_01_F01,R8XA-24010303,ATX-691,10000,Nuclei,1061736689,L8XA_231219_01_H08,2002_A01,mouse,Mus musculus,1319211714,NWGC
NW-AT0691-9,10xATAC_Mult,Geriatric_Mouse,ARC-ATAC,1319228943,B8XM_231219_01_G01,R8XA-24010303,ATX-691,10000,Nuclei,1061736689,L8XA_231219_01_A09,2002_C01,mouse,Mus musculus,1319211716,NWGC
NW-AT0692-1,10xATAC_Mult,Geriatric_Mouse,ARC-ATAC,1319228945,B8XM_231219_01_H01,R8XA-24012306,ATX-692,10000,Nuclei,1061736689,L8XA_231219_01_B09,2002_D01,mouse,Mus musculus,1318582599,NWGC
NW-AT0692-2,10xATAC_Mult,Geriatric_Mouse,ARC-ATAC,1319228947,B8XM_231219_01_A02,R8XA-24012306,ATX-692,10000,Nuclei,1061736689,L8XA_231219_01_C09,2002_E01,mouse,Mus musculus,1318582600,NWGC
NW-AT0692-3,10xATAC_Mult,Geriatric_Mouse,ARC-ATAC,1319228949,B8XM_231219_01_B02,R8XA-24012306,ATX-692,10000,Nuclei,1061736689,L8XA_231219_01_D09,2002_F01,mouse,Mus musculus,1318582601,NWGC
NW-AT0692-4,10xATAC_Mult,Geriatric_Mouse,ARC-ATAC,1319228951,B8XM_231219_01_C02,R8XA-24012306,ATX-692,10000,Nuclei,1061736689,L8XA_231219_01_E09,2002.1_G01,mouse,Mus musculus,1319211720,NWGC
NW-AT0692-5,10xATAC_Mult,AD_Center_Grant,ARC-ATAC,1321454583,B8XM_231222_01_C02,R8XA-24012306,ATX-692,10000,Nuclei,1061736689,L8XA_231222_01_B12,2007_A06,human,Homo Sapiens,1321240609,NWGC
NW-AT0692-6,10xATAC_Mult,AD_Center_Grant,ARC-ATAC,1321454585,B8XM_231222_01_D02,R8XA-24012306,ATX-692,10000,Nuclei,1061736689,L8XA_231222_01_C12,2007_B06,human,Homo Sapiens,1321243511,NWGC
NW-AT0692-7,10xATAC_Mult,AD_Center_Grant,ARC-ATAC,1324765175,B8XM_240112_01_C02,R8XA-24012306,ATX-692,10000,Nuclei,1061736689,L8XA_240112_01_D06,2022_A05,human,Homo Sapiens,1324748797,NWGC
NW-AT0692-8,10xATAC_Mult,AD_Center_Grant,ARC-ATAC,1324765177,B8XM_240112_01_D02,R8XA-24012306,ATX-692,10000,Nuclei,1061736689,L8XA_240112_01_E06,2022_B05,human,Homo Sapiens,1324748858,NWGC
NW-AT0692-9,10xATAC_Mult,AD_Center_Grant,ARC-ATAC,1324979819,B8XM_240116_01_D01,R8XA-24012306,ATX-692,10000,Nuclei,1061736689,L8XA_240116_01_A07,2027_A09,human,Homo Sapiens,1324749982,NWGC
NW-AT0693-1,10xATAC_Mult,AD_Center_Grant,ARC-ATAC,1324979821,B8XM_240116_01_E01,R8XA-24022711,ATX-693,10000,Nuclei,1061736689,L8XA_240116_01_B07,2027_B09,human,Homo Sapiens,1324750055,NWGC
NW-AT0693-2,10xATAC_Mult,Geriatric_Mouse,ARC-ATAC,1327377490,B8XM_240130_01_A01,R8XA-24022711,ATX-693,9627,Nuclei,1061736689,L8XA_240130_01_H01,2044_A07,mouse,Mus musculus,1327367538,NWGC
NW-AT0693-3,10xATAC_Mult,Geriatric_Mouse,ARC-ATAC,1327377492,B8XM_240130_01_B01,R8XA-24022711,ATX-693,10000,Nuclei,1061736689,L8XA_240130_01_A02,2044_B07,mouse,Mus musculus,1327367539,NWGC
NW-AT0693-4,10xATAC_Mult,Geriatric_Mouse,ARC-ATAC,1327377498,B8XM_240130_01_D01,R8XA-24022711,ATX-693,10000,Nuclei,1061736689,L8XA_240130_01_C02,2044_D07,mouse,Mus musculus,1326436713,NWGC
NW-AT0693-5,10xATAC_Mult,AD_Center_Grant,ARC-ATAC,1331168320,B8XM_240213_01_D02,R8XA-24022711,ATX-693,10000,Nuclei,1061736689,L8XA_240213_01_A11,2065_A09,human,Homo Sapiens,1330757690,NWGC
NW-AT0693-6,10xATAC_Mult,AD_Center_Grant,ARC-ATAC,1331168322,B8XM_240213_01_E02,R8XA-24022711,ATX-693,10000,Nuclei,1061736689,L8XA_240213_01_B11,2065_B09,human,Homo Sapiens,1330757835,NWGC
NW-AT0693-7,10xATAC_Mult,AD_Center_Grant,ARC-ATAC,1331168324,B8XM_240213_01_F02,R8XA-24022711,ATX-693,10000,Nuclei,1061736689,L8XA_240213_01_C11,2065_C09,human,Homo Sapiens,1330757965,NWGC
NW-AT0693-8,10xATAC_Mult,AD_Center_Grant,ARC-ATAC,1332505722,B8XM_240220_01_D01,R8XA-24022711,ATX-693,10000,Nuclei,1061736689,L8XA_240220_01_E03,2075_A10,human,Homo Sapiens,1332462053,NWGC
NW-AT0693-9,10xATAC_Mult,AD_Center_Grant,ARC-ATAC,1332505733,B8XM_240220_01_F01,R8XA-24022711,ATX-693,10000,Nuclei,1061736689,L8XA_240220_01_G03,2075_C10,human,Homo Sapiens,1332462251,NWGC
NW-AT0694-1,10xATAC_Mult,AD_Center_Grant,ARC-ATAC,1332505015,B8XM_240216_01_C02,R8XA-24030510,ATX-694,10000,Nuclei,1061736689,L8XA_240216_01_F11,2070_A05,human,Homo Sapiens,1332158609,NWGC
NW-AT0694-10,10xATAC_Mult,RetroSeq+Synthetic_Constructs,ARC-ATAC,1334574374,B8XM_240227_01_F01,R8XA-24030510,ATX-694,3198,Nuclei,1061736689,L8XA_240227_01_G08,2088_A01,mouse,Mus musculus,1334404237,NWGC
NW-AT0694-2,10xATAC_Mult,AD_Center_Grant,ARC-ATAC,1332505019,B8XM_240216_01_D02,R8XA-24030510,ATX-694,10000,Nuclei,1061736689,L8XA_240216_01_G11,2070_B05,human,Homo Sapiens,1332461769,NWGC
NW-AT0694-3,10xATAC_Mult,AD_Center_Grant,ARC-ATAC,1332505023,B8XM_240216_01_E02,R8XA-24030510,ATX-694,10000,Nuclei,1061736689,L8XA_240216_01_H11,2070_C05,human,Homo Sapiens,1332461911,NWGC
NW-AT0694-4,10xATAC_Mult,AD_Center_Grant,ARC-ATAC,1332505727,B8XM_240220_01_E01,R8XA-24030510,ATX-694,10000,Nuclei,1061736689,L8XA_240220_01_F03,2075_B10,human,Homo Sapiens,1332462140,NWGC
NW-AT0694-5,10xATAC_Mult,P56_Unbiased_Sampling,ARC-ATAC,1332505737,B8XM_240220_01_G01,R8XA-24030510,ATX-694,10000,Nuclei,1061736689,L8XA_240220_01_H03,2073_A08,mouse,Mus musculus,1331829739,NWGC
NW-AT0694-6,10xATAC_Mult,P56_Unbiased_Sampling,ARC-ATAC,1332505741,B8XM_240220_01_H01,R8XA-24030510,ATX-694,10000,Nuclei,1061736689,L8XA_240220_01_A04,2073_B08,mouse,Mus musculus,1331829741,NWGC
NW-AT0694-7,10xATAC_Mult,Geriatric_Mouse,ARC-ATAC,1332505745,B8XM_240220_01_A02,R8XA-24030510,ATX-694,10000,Nuclei,1061736689,L8XA_240220_01_B04,2073_C08,mouse,Mus musculus,1331829742,NWGC
NW-AT0694-8,10xATAC_Mult,Dissectate_handling+MG_MethDev,ARC-ATAC,1334360604,B8XM_240223_01_G03,R8XA-24030510,ATX-694,10000,Nuclei,1061736689,L8XA_240227_01_D10,2083_G07,mouse,Mus musculus,1333379756,NWGC
NW-AT0694-9,10xATAC_Mult,Dissectate_handling+MG_MethDev,ARC-ATAC,1334360607,B8XM_240223_01_H03,R8XA-24030510,ATX-694,10000,Nuclei,1061736689,L8XA_240223_01_B06,2083_H07,mouse,Mus musculus,1333379757,NWGC
NW-AT0695-1,10xATAC_Mult,AD_Center_Grant,ARC-ATAC,1336382924,B8XM_240301_01_B03,R8XA-24031907,ATX-695,10000,Nuclei,1061736689,L8XA_240301_01_F12,2094_A07,human,Homo Sapiens,1335544562,NWGC
NW-AT0695-10,10xATAC_Mult,MY-retroseq,ARC-ATAC,1337744852,B8XM_240308_01_D02,R8XA-24031907,ATX-695,4521,Nuclei,1061736689,L8XA_240308_01_H04,2107_A06,mouse,Mus musculus,1337250075,NWGC
NW-AT0695-11,10xATAC_Mult,MY-retroseq,ARC-ATAC,1337744856,B8XM_240308_01_E02,R8XA-24031907,ATX-695,4298,Nuclei,1061736689,L8XA_240308_01_A05,2107_B06,mouse,Mus musculus,1337250074,NWGC
NW-AT0695-2,10xATAC_Mult,AD_Center_Grant,ARC-ATAC,1336382927,B8XM_240301_01_C03,R8XA-24031907,ATX-695,10000,Nuclei,1061736689,L8XA_240301_01_G12,2094_B07,human,Homo Sapiens,1335544737,NWGC
NW-AT0695-3,10xATAC_Mult,AD_Center_Grant,ARC-ATAC,1336382929,B8XM_240301_01_D03,R8XA-24031907,ATX-695,10000,Nuclei,1061736689,L8XA_240301_01_H12,2094_C07,human,Homo Sapiens,1335544844,NWGC
NW-AT0695-4,10xATAC_Mult,AD_Center_Grant,ARC-ATAC,1336386147,B8XM_240305_01_A02,R8XA-24031907,ATX-695,10000,Nuclei,1061736689,L8XA_240305_01_B03,2100_A11,human,Homo Sapiens,1335545101,NWGC
NW-AT0695-5,10xATAC_Mult,AD_Center_Grant,ARC-ATAC,1336386150,B8XM_240305_01_B02,R8XA-24031907,ATX-695,10000,Nuclei,1061736689,L8XA_240305_01_C03,2100_B11,human,Homo Sapiens,1335548442,NWGC
NW-AT0695-6,10xATAC_Mult,P56_Unbiased_Sampling,ARC-ATAC,1337744832,B8XM_240308_01_C01,R8XA-24031907,ATX-695,10000,Nuclei,1061736689,L8XA_240308_01_G05,2104_C03,mouse,Mus musculus,1336030034,NWGC
NW-AT0695-7,10xATAC_Mult,P56_Unbiased_Sampling,ARC-ATAC,1337744834,B8XM_240308_01_D01,R8XA-24031907,ATX-695,10000,Nuclei,1061736689,L8XA_240308_01_H05,2104_D03,mouse,Mus musculus,1336030035,NWGC
NW-AT0695-8,10xATAC_Mult,Histaminergic_cell_diversity,ARC-ATAC,1337744842,B8XM_240308_01_H01,R8XA-24031907,ATX-695,1264,Nuclei,1061736689,L8XA_240308_01_E04,2106_A05,mouse,Mus musculus,1336969478,NWGC
NW-AT0695-9,10xATAC_Mult,AD_Center_Grant,ARC-ATAC,1337744844,B8XM_240308_01_A02,R8XA-24031907,ATX-695,10000,Nuclei,1061736689,L8XA_240308_01_A06,2109_A08,human,Homo Sapiens,1336929368,NWGC
NW-AT0696-1,10xATAC_Mult,AD_Center_Grant,ARC-ATAC,1337744846,B8XM_240308_01_B02,R8XA-24040208,ATX-696,10000,Nuclei,1061736689,L8XA_240308_01_B06,2109_B08,human,Homo Sapiens,1336929453,NWGC
NW-AT0696-2,10xATAC_Mult,AD_Center_Grant,ARC-ATAC,1337744849,B8XM_240308_01_C02,R8XA-24040208,ATX-696,10000,Nuclei,1061736689,L8XA_240308_01_C06,2109_C08,human,Homo Sapiens,1336929524,NWGC
NW-AT0696-3,10xATAC_Mult,AD_Center_Grant,ARC-ATAC,1337744610,B8XM_240312_01_D01,R8XA-24040208,ATX-696,10000,Nuclei,1061736689,L8XA_240312_01_B07,2117_A11,human,Homo Sapiens,1336929593,NWGC
NW-AT0696-4,10xATAC_Mult,AD_Center_Grant,ARC-ATAC,1337744613,B8XM_240312_01_E01,R8XA-24040208,ATX-696,10000,Nuclei,1061736689,L8XA_240312_01_C07,2117_B11,human,Homo Sapiens,1336929657,NWGC
NW-AT0696-5,10xATAC_Mult,AD_Center_Grant,ARC-ATAC,1337744615,B8XM_240312_01_F01,R8XA-24040208,ATX-696,10000,Nuclei,1061736689,L8XA_240312_01_D07,2117_C11,human,Homo Sapiens,1336929724,NWGC
NW-AT0696-6,10xATAC_Mult,AD_Center_Grant,ARC-ATAC,1339410616,B8XM_240315_01_F01,R8XA-24040208,ATX-696,10000,Nuclei,1061736689,L8XA_240315_01_G08,2121_A04,human,Homo Sapiens,1339196175,NWGC
NW-AT0696-7,10xATAC_Mult,AD_Center_Grant,ARC-ATAC,1339410618,B8XM_240315_01_G01,R8XA-24040208,ATX-696,10000,Nuclei,1061736689,L8XA_240315_01_H08,2121_B04,human,Homo Sapiens,1339196265,NWGC
NW-AT0696-8,10xATAC_Mult,AD_Center_Grant,ARC-ATAC,1339410620,B8XM_240315_01_H01,R8XA-24040208,ATX-696,10000,Nuclei,1061736689,L8XA_240315_01_A09,2121_C04,human,Homo Sapiens,1339196481,NWGC
NW-AT0696-9,10xATAC_Mult,AD_Center_Grant,ARC-ATAC,1341233065,B8XM_240322_01_D01,R8XA-24040208,ATX-696,10000,Nuclei,1061736689,L8XA_240322_01_F10,2134_A05,human,Homo Sapiens,1340665074,NWGC
NW-AT0697-1,10xATAC_Mult,AD_Center_Grant,ARC-ATAC,1341233068,B8XM_240322_01_E01,R8XA-24041608,ATX-697,10000,Nuclei,1061736689,L8XA_240322_01_G10,2134_B05,human,Homo Sapiens,1340665174,NWGC
NW-AT0697-2,10xATAC_Mult,AD_Center_Grant,ARC-ATAC,1341233070,B8XM_240322_01_F01,R8XA-24041608,ATX-697,10000,Nuclei,1061736689,L8XA_240322_01_H10,2134_C05,human,Homo Sapiens,1340665256,NWGC
NW-AT0697-3,10xATAC_Mult,SCORCH,ARC-ATAC,1342506685,B8XM_240329_01_G01,R8XA-24041608,ATX-697,10000,Nuclei,1061736689,L8XA_240329_01_F02,2148_A05,mouse,Mus musculus,1340883420,NWGC
NW-AT0697-4,10xATAC_Mult,SCORCH,ARC-ATAC,1342506688,B8XM_240329_01_H01,R8XA-24041608,ATX-697,10000,Nuclei,1061736689,L8XA_240329_01_G02,2148_B05,mouse,Mus musculus,1340883421,NWGC
NW-AT0697-5,10xATAC_Mult,SCORCH,ARC-ATAC,1342506690,B8XM_240329_01_A02,R8XA-24041608,ATX-697,10000,Nuclei,1061736689,L8XA_240329_01_H02,2148_C05,mouse,Mus musculus,1340883423,NWGC
NW-AT0697-6,10xATAC_Mult,AD_Center_Grant,ARC-ATAC,1342506703,B8XM_240329_01_E02,R8XA-24041608,ATX-697,10000,Nuclei,1061736689,L8XA_240329_01_F12,2150_A07,human,Homo Sapiens,1342302417,NWGC
NW-AT0697-7,10xATAC_Mult,AD_Center_Grant,ARC-ATAC,1342506705,B8XM_240329_01_F02,R8XA-24041608,ATX-697,10000,Nuclei,1061736689,L8XA_240329_01_G12,2150_B07,human,Homo Sapiens,1342302598,NWGC
NW-AT0697-8,10xATAC_Mult,AD_Center_Grant,ARC-ATAC,1342506708,B8XM_240329_01_G02,R8XA-24041608,ATX-697,10000,Nuclei,1061736689,L8XA_240329_01_H12,2150_C07,human,Homo Sapiens,1342302815,NWGC
NW-AT0697-9,10xATAC_Mult,AD_Center_Grant,ARC-ATAC,1344106326,B8XM_240405_01_G01,R8XA-24041608,ATX-697,10000,Nuclei,1061736689,L8XA_240405_01_B05,2169_A06,human,Homo Sapiens,1343940606,NWGC
NW-AT0698-1,10xATAC_Mult,AD_Center_Grant,ARC-ATAC,1344106329,B8XM_240405_01_H01,R8XA-24042305,ATX-698,10000,Nuclei,1061736689,L8XA_240405_01_C05,2169_B06,human,Homo Sapiens,1343940692,NWGC
NW-AT0698-2,10xATAC_Mult,AD_Center_Grant,ARC-ATAC,1344106331,B8XM_240405_01_A02,R8XA-24042305,ATX-698,10000,Nuclei,1061736689,L8XA_240405_01_D05,2169_C06,human,Homo Sapiens,1343940759,NWGC
NW-AT0698-3,10xATAC_Mult,AD_Center_Grant,ARC-ATAC,1344106406,B8XM_240409_01_A01,R8XA-24042305,ATX-698,10000,Nuclei,1061736689,L8XA_240409_01_E06,2175_A09,human,Homo Sapiens,1343940850,NWGC
NW-AT0698-4,10xATAC_Mult,AD_Center_Grant,ARC-ATAC,1344106409,B8XM_240409_01_B01,R8XA-24042305,ATX-698,10000,Nuclei,1061736689,L8XA_240409_01_F06,2175_B09,human,Homo Sapiens,1343940919,NWGC
NW-AT0698-5,10xATAC_Mult,SCORCH,ARC-ATAC,1346355691,B8XM_240412_01_D01,R8XA-24042305,ATX-698,10000,Nuclei,1061736689,L8XA_240412_01_A08,2180_A02,mouse,Mus musculus,1344710367,NWGC
NW-AT0698-6,10xATAC_Mult,SCORCH,ARC-ATAC,1346355694,B8XM_240412_01_E01,R8XA-24042305,ATX-698,10000,Nuclei,1061736689,L8XA_240412_01_B08,2180_B02,mouse,Mus musculus,1344710368,NWGC
NW-AT0698-7,10xATAC_Mult,SCORCH,ARC-ATAC,1346355698,B8XM_240412_01_F01,R8XA-24042305,ATX-698,10000,Nuclei,1061736689,L8XA_240412_01_C08,2180_C02,mouse,Mus musculus,1344710369,NWGC
NW-AT0698-8,10xATAC_Mult,SCORCH,ARC-ATAC,1346355701,B8XM_240412_01_G01,R8XA-24042305,ATX-698,10000,Nuclei,1061736689,L8XA_240412_01_E08,2182_A04,mouse,Mus musculus,1344126303,NWGC
NW-AT0698-9,10xATAC_Mult,SCORCH,ARC-ATAC,1346355703,B8XM_240412_01_H01,R8XA-24042305,ATX-698,10000,Nuclei,1061736689,L8XA_240412_01_F08,2182_B04,mouse,Mus musculus,1344126304,NWGC
NW-AT0699-1,10xATAC_Mult,SCORCH,ARC-ATAC,1346355705,B8XM_240412_01_A02,R8XA-24043007,ATX-699,10000,Nuclei,1061736689,L8XA_240412_01_G08,2182_C04,mouse,Mus musculus,1344132524,NWGC
NW-AT0699-2,10xATAC_Mult,AD_Center_Grant,ARC-ATAC,1346355707,B8XM_240412_01_B02,R8XA-24043007,ATX-699,10000,Nuclei,1061736689,L8XA_240412_01_H08,2184_A06,human,Homo Sapiens,1345701567,NWGC
NW-AT0699-3,10xATAC_Mult,AD_Center_Grant,ARC-ATAC,1346355709,B8XM_240412_01_C02,R8XA-24043007,ATX-699,10000,Nuclei,1061736689,L8XA_240412_01_A09,2184_B06,human,Homo Sapiens,1345701663,NWGC
NW-AT0699-4,10xATAC_Mult,AD_Center_Grant,ARC-ATAC,1346355713,B8XM_240412_01_D02,R8XA-24043007,ATX-699,10000,Nuclei,1061736689,L8XA_240412_01_B09,2184_C06,human,Homo Sapiens,1345701775,NWGC
NW-AT0699-5,10xATAC_Mult,SCORCH,ARC-ATAC,1346355904,B8XM_240416_01_A01,R8XA-24043007,ATX-699,10000,Nuclei,1061736689,L8XA_240416_01_A10,2189_A09,mouse,Mus musculus,1344814085,NWGC
NW-AT0699-6,10xATAC_Mult,SCORCH,ARC-ATAC,1346355907,B8XM_240416_01_B01,R8XA-24043007,ATX-699,10000,Nuclei,1061736689,L8XA_240416_01_B10,2189_B09,mouse,Mus musculus,1345721736,NWGC
NW-AT0699-7,10xATAC_Mult,SCORCH,ARC-ATAC,1346355909,B8XM_240416_01_C01,R8XA-24043007,ATX-699,10000,Nuclei,1061736689,L8XA_240416_01_C10,2189_C09,mouse,Mus musculus,1345721740,NWGC
NW-AT0699-8,10xATAC_Mult,SCORCH,ARC-ATAC,1347816130,B8XM_240419_01_H01,R8XA-24043007,ATX-699,10000,Nuclei,1061736689,L8XA_240419_01_H11,2193_A03,mouse,Mus musculus,1347806575,NWGC
NW-AT0699-9,10xATAC_Mult,SCORCH,ARC-ATAC,1347816132,B8XM_240419_01_A02,R8XA-24043007,ATX-699,10000,Nuclei,1061736689,L8XA_240419_01_A12,2193_B03,mouse,Mus musculus,1346005865,NWGC
NW-AT0700-1,10xATAC_Mult,SCORCH,ARC-ATAC,1347816134,B8XM_240419_01_B02,R8XA-24043008,ATX-700,9534,Nuclei,1061736689,L8XA_240419_01_B12,2193_C03,mouse,Mus musculus,1346005866,NWGC
NW-AT0700-2,10xATAC_Mult,AD_Center_Grant,ARC-ATAC,1347816118,B8XM_240419_01_E01,R8XA-24043008,ATX-700,10000,Nuclei,1061736689,L8XA_240419_01_F12,2196_A05,human,Homo Sapiens,1347614746,NWGC
NW-AT0700-3,10xATAC_Mult,AD_Center_Grant,ARC-ATAC,1347816120,B8XM_240419_01_F01,R8XA-24043008,ATX-700,10000,Nuclei,1061736689,L8XA_240419_01_G12,2196_B05,human,Homo Sapiens,1347614842,NWGC
NW-AT0700-4,10xATAC_Mult,AD_Center_Grant,ARC-ATAC,1347816122,B8XM_240419_01_G01,R8XA-24043008,ATX-700,10000,Nuclei,1061736689,L8XA_240419_01_H12,2196_C05,human,Homo Sapiens,1347615007,NWGC
NW-AT0700-5,10xATAC_Mult,SCORCH,ARC-ATAC,1347816147,B8XM_240419_01_F02,R8XA-24043008,ATX-700,10000,Nuclei,1061736689,L8XA_240419_01_C12,2197_A06,mouse,Mus musculus,1347811676,NWGC
NW-AT0700-6,10xATAC_Mult,SCORCH,ARC-ATAC,1347816150,B8XM_240419_01_G02,R8XA-24043008,ATX-700,10000,Nuclei,1061736689,L8XA_240419_01_D12,2197_B06,mouse,Mus musculus,1347810138,NWGC
NW-AT0700-7,10xATAC_Mult,Geriatric_Mouse,ARC-ATAC,1347816152,B8XM_240419_01_H02,R8XA-24043008,ATX-700,9254,Nuclei,1061736689,L8XA_240419_01_E12,2197_C06,mouse,Mus musculus,1347810140,NWGC
NW-AT0700-8,10xATAC_Mult,Geriatric_Mouse,ARC-ATAC,1347816154,B8XM_240419_01_A03,R8XA-24043008,ATX-700,4968,Nuclei,1061736689,L8XA_240419_01_G11,2197_D06,mouse,Mus musculus,1347811679,NWGC
NW-AT0700-9,10xATAC_Mult,SCORCH,ARC-ATAC,1347816191,B8XM_240423_01_A01,R8XA-24043008,ATX-700,10000,Nuclei,1061736689,L8XA_240423_01_G01,2199_A07,mouse,Mus musculus,1347034865,NWGC
NW-AT0701-1,10xATAC_Mult,SCORCH,ARC-ATAC,1347816193,B8XM_240423_01_B01,R8XA-24050706,ATX-701,10000,Nuclei,1061736689,L8XA_240423_01_H01,2199_B07,mouse,Mus musculus,1347034866,NWGC
NW-AT0701-2,10xATAC_Mult,Geriatric_Mouse,ARC-ATAC,1347816195,B8XM_240423_01_C01,R8XA-24050706,ATX-701,10000,Nuclei,1061736689,L8XA_240423_01_A02,2199_C07,mouse,Mus musculus,1347814846,NWGC
NW-AT0701-3,10xATAC_Mult,Geriatric_Mouse,ARC-ATAC,1347816197,B8XM_240423_01_D01,R8XA-24050706,ATX-701,10000,Nuclei,1061736689,L8XA_240423_01_B02,2199_D07,mouse,Mus musculus,1347814847,NWGC
NW-AT0701-4,10xATAC_Mult,SCORCH,ARC-ATAC,1363748103,B8XM_240426_01_A01,R8XA-24050706,ATX-701,10000,Nuclei,1061736689,L8XA_240426_01_D03,2203_A02,mouse,Mus musculus,1347448316,NWGC
NW-AT0701-5,10xATAC_Mult,SCORCH,ARC-ATAC,1363748105,B8XM_240426_01_B01,R8XA-24050706,ATX-701,10000,Nuclei,1061736689,L8XA_240426_01_E03,2203_B02,mouse,Mus musculus,1347448317,NWGC
NW-AT0701-6,10xATAC_Mult,SCORCH,ARC-ATAC,1363748108,B8XM_240426_01_C01,R8XA-24050706,ATX-701,10000,Nuclei,1061736689,L8XA_240426_01_F03,2203_C02,mouse,Mus musculus,1347448319,NWGC
NW-AT0701-7,10xATAC_Mult,SCORCH,ARC-ATAC,1363748123,B8XM_240426_01_B02,R8XA-24050706,ATX-701,10000,Nuclei,1061736689,L8XA_240426_01_G03,2209_A07,mouse,Mus musculus,1363746327,NWGC
NW-AT0701-8,10xATAC_Mult,SCORCH,ARC-ATAC,1363748126,B8XM_240426_01_C02,R8XA-24050706,ATX-701,10000,Nuclei,1061736689,L8XA_240426_01_H03,2209_B07,mouse,Mus musculus,1363746329,NWGC
NW-AT0701-9,10xATAC_Mult,Geriatric_Mouse,ARC-ATAC,1363748128,B8XM_240426_01_D02,R8XA-24050706,ATX-701,10000,Nuclei,1061736689,L8XA_240426_01_A04,2209_C07,mouse,Mus musculus,1347807129,NWGC
NW-AT0702-1,10xATAC_Mult,Geriatric_Mouse,ARC-ATAC,1363748131,B8XM_240426_01_E02,R8XA-24051408,ATX-702,10000,Nuclei,1061736689,L8XA_240426_01_B04,2209_D07,mouse,Mus musculus,1347807130,NWGC
NW-AT0702-2,10xATAC_Mult,AD_Center_Grant,ARC-ATAC,1363881730,B8XM_240430_01_A01,R8XA-24051408,ATX-702,10000,Nuclei,1061736689,L8XA_240430_01_D05,2211_A09,human,Homo Sapiens,1363121076,NWGC
NW-AT0702-3,10xATAC_Mult,AD_Center_Grant,ARC-ATAC,1363881733,B8XM_240430_01_B01,R8XA-24051408,ATX-702,10000,Nuclei,1061736689,L8XA_240430_01_E05,2211_B09,human,Homo Sapiens,1363121258,NWGC
NW-AT0702-4,10xATAC_Mult,AD_Center_Grant,ARC-ATAC,1363881735,B8XM_240430_01_C01,R8XA-24051408,ATX-702,10000,Nuclei,1061736689,L8XA_240430_01_F05,2211_C09,human,Homo Sapiens,1363121431,NWGC
NW-AT0702-5,10xATAC_Mult,SCORCH,ARC-ATAC,1363881744,B8XM_240430_01_G01,R8XA-24051408,ATX-702,10000,Nuclei,1061736689,L8XA_240430_01_A05,2212_A01,mouse,Mus musculus,1363054042,NWGC
NW-AT0702-6,10xATAC_Mult,SCORCH,ARC-ATAC,1363881746,B8XM_240430_01_H01,R8XA-24051408,ATX-702,10000,Nuclei,1061736689,L8XA_240430_01_B05,2212_B01,mouse,Mus musculus,1363054043,NWGC
NW-AT0702-7,10xATAC_Mult,SCORCH,ARC-ATAC,1363881749,B8XM_240430_01_A02,R8XA-24051408,ATX-702,10000,Nuclei,1061736689,L8XA_240430_01_C05,2212_C01,mouse,Mus musculus,1363054044,NWGC
NW-AT0702-8,10xATAC_Mult,AD_Center_Grant,ARC-ATAC,1365234910,B8XM_240503_01_G01,R8XA-24051408,ATX-702,10000,Nuclei,1061736689,L8XA_240503_01_D07,2217_A04,human,Homo Sapiens,1364450098,NWGC
NW-AT0702-9,10xATAC_Mult,AD_Center_Grant,ARC-ATAC,1365234912,B8XM_240503_01_H01,R8XA-24051408,ATX-702,10000,Nuclei,1061736689,L8XA_240503_01_E07,2217_B04,human,Homo Sapiens,1364450172,NWGC
NW-AT0703-1,10xATAC_Mult,AD_Center_Grant,ARC-ATAC,1365234914,B8XM_240503_01_A02,R8XA-24051409,ATX-703,10000,Nuclei,1061736689,L8XA_240503_01_F07,2217_C04,human,Homo Sapiens,1364450240,NWGC
NW-AT0703-2,10xATAC_Mult,SCORCH,ARC-ATAC,1365234916,B8XM_240503_01_B02,R8XA-24051409,ATX-703,10000,Nuclei,1061736689,L8XA_240503_01_F06,2218_A05,mouse,Mus musculus,1363711095,NWGC
NW-AT0703-3,10xATAC_Mult,Geriatric_Mouse,ARC-ATAC,1365234918,B8XM_240503_01_C02,R8XA-24051409,ATX-703,10000,Nuclei,1061736689,L8XA_240503_01_G06,2218_B05,mouse,Mus musculus,1363711096,NWGC
NW-AT0703-4,10xATAC_Mult,Geriatric_Mouse,ARC-ATAC,1365234921,B8XM_240503_01_D02,R8XA-24051409,ATX-703,10000,Nuclei,1061736689,L8XA_240503_01_H06,2218_C05,mouse,Mus musculus,1363711097,NWGC
NW-AT0703-5,10xATAC_Mult,SCORCH,ARC-ATAC,1365234926,B8XM_240503_01_E02,R8XA-24051409,ATX-703,10000,Nuclei,1061736689,L8XA_240503_01_A07,2221_A06,mouse,Mus musculus,1363715126,NWGC
NW-AT0703-6,10xATAC_Mult,Geriatric_Mouse,ARC-ATAC,1365234928,B8XM_240503_01_F02,R8XA-24051409,ATX-703,10000,Nuclei,1061736689,L8XA_240503_01_B07,2221_B06,mouse,Mus musculus,1363715127,NWGC
NW-AT0703-7,10xATAC_Mult,Geriatric_Mouse,ARC-ATAC,1365234931,B8XM_240503_01_G02,R8XA-24051409,ATX-703,10000,Nuclei,1061736689,L8XA_240503_01_C07,2221_C06,mouse,Mus musculus,1363715128,NWGC
NW-AT0703-8,10xATAC_Mult,AD_Center_Grant,ARC-ATAC,1365235434,B8XM_240507_01_D01,R8XA-24051409,ATX-703,10000,Nuclei,1061736689,L8XA_240507_01_F08,2223_A08,human,Homo Sapiens,1364450330,NWGC
NW-AT0703-9,10xATAC_Mult,AD_Center_Grant,ARC-ATAC,1365235436,B8XM_240507_01_E01,R8XA-24051409,ATX-703,10000,Nuclei,1061736689,L8XA_240507_01_G08,2223_B08,human,Homo Sapiens,1364450396,NWGC
NW-AT0704-1,10xATAC_Mult,AD_Center_Grant,ARC-ATAC,1365235440,B8XM_240507_01_F01,R8XA-24052105,ATX-704,10000,Nuclei,1061736689,L8XA_240507_01_H08,2223_1_D08,human,Homo Sapiens,1364450472,NWGC
NW-AT0704-2,10xATAC_Mult,SCORCH,ARC-ATAC,1366920762,B8XM_240510_01_D01,R8XA-24052105,ATX-704,10000,Nuclei,1061736689,L8XA_240510_01_E10,2226_A03,mouse,Mus musculus,1364936140,NWGC
NW-AT0704-3,10xATAC_Mult,SCORCH,ARC-ATAC,1366920764,B8XM_240510_01_E01,R8XA-24052105,ATX-704,10000,Nuclei,1061736689,L8XA_240510_01_F10,2226_B03,mouse,Mus musculus,1364936141,NWGC
NW-AT0704-4,10xATAC_Mult,SCORCH,ARC-ATAC,1366920766,B8XM_240510_01_F01,R8XA-24052105,ATX-704,10000,Cells,1061736689,L8XA_240510_01_B10,2226_C03,mouse,Mus musculus,1364936144,NWGC
NW-AT0704-5,10xATAC_Mult,AD_Center_Grant,ARC-ATAC,1366920776,B8XM_240510_01_B02,R8XA-24052105,ATX-704,10000,Nuclei,1061736689,L8XA_240510_01_G10,2228_A05,human,Homo Sapiens,1366491928,NWGC
NW-AT0704-6,10xATAC_Mult,AD_Center_Grant,ARC-ATAC,1366920779,B8XM_240510_01_C02,R8XA-24052105,ATX-704,10000,Nuclei,1061736689,L8XA_240510_01_H10,2228_B05,human,Homo Sapiens,1366492009,NWGC
NW-AT0704-7,10xATAC_Mult,AD_Center_Grant,ARC-ATAC,1366920781,B8XM_240510_01_D02,R8XA-24052105,ATX-704,10000,Nuclei,1061736689,L8XA_240510_01_A11,2228_C05,human,Homo Sapiens,1366492088,NWGC
NW-AT0705-1,10xATAC_Mult,SCORCH,ARC-ATAC,1366920547,B8XM_240514_01_A01,R8XA-24052106,ATX-705,10000,Nuclei,1061736689,L8XA_240514_01_F11,2230_B07,mouse,Mus musculus,1366429326,NWGC
NW-AT0705-2,10xATAC_Mult,SCORCH,ARC-ATAC,1366920551,B8XM_240514_01_B01,R8XA-24052106,ATX-705,10000,Nuclei,1061736689,L8XA_240514_01_G11,2230_C07,mouse,Mus musculus,1366429327,NWGC
NW-AT0705-3,10xATAC_Mult,SCORCH,ARC-ATAC,1366920553,B8XM_240514_01_C01,R8XA-24052106,ATX-705,10000,Nuclei,1061736689,L8XA_240514_01_H11,2230_1_D07,mouse,Mus musculus,1366429328,NWGC
NW-AT0705-4,10xATAC_Mult,SCORCH,ARC-ATAC,1366920562,B8XM_240514_01_G01,R8XA-24052106,ATX-705,10000,Nuclei,1061736689,L8XA_240514_01_C12,2232_A01,mouse,Mus musculus,1366655268,NWGC
NW-AT0705-5,10xATAC_Mult,SCORCH,ARC-ATAC,1366920564,B8XM_240514_01_H01,R8XA-24052106,ATX-705,10000,Nuclei,1061736689,L8XA_240514_01_D12,2232_B01,mouse,Mus musculus,1366655269,NWGC
NW-AT0705-6,10xATAC_Mult,SCORCH,ARC-ATAC,1366920567,B8XM_240514_01_A02,R8XA-24052106,ATX-705,10000,Nuclei,1061736689,L8XA_240514_01_E12,2232_C01,mouse,Mus musculus,1366655270,NWGC
NW-AT0706-1,10xATAC_Mult,SCORCH,ARC-ATAC,1368108363,B8XM_240517_01_G01,R8XA-24060406,ATX-706,10000,Nuclei,1061736689,L8XA_240517_01_B02,2237_A04,mouse,Mus musculus,1366677174,NWGC
NW-AT0706-2,10xATAC_Mult,SCORCH,ARC-ATAC,1368108365,B8XM_240517_01_H01,R8XA-24060406,ATX-706,7764,Nuclei,1061736689,L8XA_240517_01_C02,2237_B04,mouse,Mus musculus,1366677175,NWGC
NW-AT0706-3,10xATAC_Mult,SCORCH,ARC-ATAC,1368108367,B8XM_240517_01_A02,R8XA-24060406,ATX-706,10000,Nuclei,1061736689,L8XA_240517_01_D02,2237_C04,mouse,Mus musculus,1366677176,NWGC
NW-AT0706-4,10xATAC_Mult,AD_Center_Grant,ARC-ATAC,1368108376,B8XM_240517_01_E02,R8XA-24060406,ATX-706,10000,Nuclei,1061736689,L8XA_240517_01_F12,2239_A06,human,Homo Sapiens,1367748719,NWGC
NW-AT0706-5,10xATAC_Mult,AD_Center_Grant,ARC-ATAC,1368108382,B8XM_240517_01_G02,R8XA-24060406,ATX-706,10000,Nuclei,1061736689,L8XA_240517_01_H12,2239_C06,human,Homo Sapiens,1367748865,NWGC
NW-AT0706-6,10xATAC_Mult,SCORCH,ARC-ATAC,1368371749,B8XM_240521_01_B01,R8XA-24060406,ATX-706,10000,Nuclei,1061736689,L8XA_240521_01_G03,2241_A07,mouse,Mus musculus,1367731646,NWGC
NW-AT0706-7,10xATAC_Mult,SCORCH,ARC-ATAC,1368371752,B8XM_240521_01_C01,R8XA-24060406,ATX-706,10000,Nuclei,1061736689,L8XA_240521_01_H03,2241_B07,mouse,Mus musculus,1367731648,NWGC
NW-AT0706-8,10xATAC_Mult,SCORCH,ARC-ATAC,1368371755,B8XM_240521_01_D01,R8XA-24060406,ATX-706,10000,Nuclei,1061736689,L8XA_240521_01_A04,2241_C07,mouse,Mus musculus,1367731649,NWGC
NW-AT0706-9,10xATAC_Mult,SCORCH,ARC-ATAC,1369761219,B8XM_240524_01_D01,R8XA-24060406,ATX-706,10000,Nuclei,1061736689,L8XA_240524_01_G04,2246_A03,mouse,Mus musculus,1369517576,NWGC
NW-AT0707-1,10xATAC_Mult,SCORCH,ARC-ATAC,1369761221,B8XM_240524_01_E01,R8XA-24061109,ATX-707,9813,Nuclei,1061736689,L8XA_240524_01_H04,2246_B03,mouse,Mus musculus,1369517577,NWGC
NW-AT0707-10,10xATAC_Mult,AD_Meth_Dev+VINE-seq,ARC-ATAC,1371225136,B8XM_240531_01_B02,R8XA-24061109,ATX-707,4503,Nuclei,1061736689,L8XA_240531_01_H05,2257_A04,human,Homo Sapiens,1371142512,NWGC
NW-AT0707-2,10xATAC_Mult,SCORCH,ARC-ATAC,1369761225,B8XM_240524_01_F01,R8XA-24061109,ATX-707,3024,Nuclei,1061736689,L8XA_240524_01_E04,2246_C03,mouse,Mus musculus,1369517578,NWGC
NW-AT0707-3,10xATAC_Mult,SCORCH,ARC-ATAC,1369761305,B8XM_240528_01_A01,R8XA-24061109,ATX-707,10000,Nuclei,1061736689,L8XA_240529_01_B05,2251_A06,mouse,Mus musculus,1369544362,NWGC
NW-AT0707-4,10xATAC_Mult,Geriatric_Mouse,ARC-ATAC,1369761307,B8XM_240528_01_B01,R8XA-24061109,ATX-707,10000,Nuclei,1061736689,L8XA_240531_01_A06,2251_B06,mouse,Mus musculus,1369544365,NWGC
NW-AT0707-5,10xATAC_Mult,Geriatric_Mouse,ARC-ATAC,1369761309,B8XM_240528_01_C01,R8XA-24061109,ATX-707,10000,Nuclei,1061736689,L8XA_240529_01_D05,2251_C06,mouse,Mus musculus,1369544367,NWGC
NW-AT0707-6,10xATAC_Mult,AD_Center_Grant,ARC-ATAC,1369761312,B8XM_240528_01_D01,R8XA-24061109,ATX-707,10000,Nuclei,1061736689,L8XA_240528_01_E05,2252_A07,human,Homo Sapiens,1369597951,NWGC
NW-AT0707-7,10xATAC_Mult,AD_Center_Grant,ARC-ATAC,1369761314,B8XM_240528_01_E01,R8XA-24061109,ATX-707,10000,Nuclei,1061736689,L8XA_240528_01_F05,2252_B07,human,Homo Sapiens,1369598046,NWGC
NW-AT0707-8,10xATAC_Mult,AD_Center_Grant,ARC-ATAC,1369761316,B8XM_240528_01_F01,R8XA-24061109,ATX-707,10000,Nuclei,1061736689,L8XA_240528_01_G05,2252_C07,human,Homo Sapiens,1369598118,NWGC
NW-AT0707-9,10xATAC_Mult,SCORCH,ARC-ATAC,1371225122,B8XM_240531_01_D01,R8XA-24061109,ATX-707,10000,Nuclei,1061736689,L8XA_240531_01_A07,2255_A02,mouse,Mus musculus,1369538766,NWGC
NW-AT0708-1,10xATAC_Mult,SCORCH,ARC-ATAC,1371225124,B8XM_240531_01_E01,R8XA-24061110,ATX-708,10000,Nuclei,1061736689,L8XA_240531_01_B07,2255_B02,mouse,Mus musculus,1369538767,NWGC
NW-AT0708-2,10xATAC_Mult,SCORCH,ARC-ATAC,1371225127,B8XM_240531_01_F01,R8XA-24061110,ATX-708,10000,Nuclei,1061736689,L8XA_240531_01_C07,2255_C02,mouse,Mus musculus,1369538768,NWGC
NW-AT0708-3,10xATAC_Mult,AD_Meth_Dev+VINE-seq,ARC-ATAC,1371225138,B8XM_240531_01_C02,R8XA-24061110,ATX-708,10000,Nuclei,1061736689,L8XA_240531_01_H06,2257_B04,human,Homo Sapiens,1371142665,NWGC
NW-AT0708-4,10xATAC_Mult,AD_Meth_Dev+VINE-seq,ARC-ATAC,1371225140,B8XM_240531_01_D02,R8XA-24061110,ATX-708,10000,Nuclei,1061736689,L8XA_240531_01_G07,2257_C04,human,Homo Sapiens,1371142666,NWGC
NW-AT0708-5,10xATAC_Mult,Geriatric_Mouse,ARC-ATAC,1371225142,B8XM_240531_01_E02,R8XA-24061110,ATX-708,10000,Nuclei,1061736689,L8XA_240531_01_D07,2258_A05,mouse,Mus musculus,1369761047,NWGC
NW-AT0708-6,10xATAC_Mult,Geriatric_Mouse,ARC-ATAC,1371225145,B8XM_240531_01_F02,R8XA-24061110,ATX-708,10000,Nuclei,1061736689,L8XA_240531_01_E07,2258_B05,mouse,Mus musculus,1369761048,NWGC
NW-AT0708-7,10xATAC_Mult,Geriatric_Mouse,ARC-ATAC,1371225147,B8XM_240531_01_G02,R8XA-24061110,ATX-708,10000,Nuclei,1061736689,L8XA_240531_01_F07,2258_C05,mouse,Mus musculus,1369761049,NWGC
NW-AT0708-8,10xATAC_Mult,Geriatric_Mouse,ARC-ATAC,1371247286,B8XM_240604_01_A01,R8XA-24061110,ATX-708,10000,Nuclei,1061736689,L8XA_240604_01_A09,2260_A06,mouse,Mus musculus,1370502784,NWGC
NW-AT0708-9,10xATAC_Mult,Geriatric_Mouse,ARC-ATAC,1371247288,B8XM_240604_01_B01,R8XA-24061110,ATX-708,10000,Nuclei,1061736689,L8XA_240604_01_B09,2260_B06,mouse,Mus musculus,1370502785,NWGC
NW-AT0709-1,10xATAC_Mult,Geriatric_Mouse,ARC-ATAC,1371247290,B8XM_240604_01_C01,R8XA-24061806,ATX-709,10000,Nuclei,1061736689,L8XA_240604_01_D09,2260_C06,mouse,Mus musculus,1370502786,NWGC
NW-AT0709-2,10xATAC_Mult,Geriatric_Mouse,ARC-ATAC,1372627533,B8XM_240607_01_A01,R8XA-24061806,ATX-709,10000,Nuclei,1061736689,L8XA_240607_01_C10,2265_A02,mouse,Mus musculus,1370725674,NWGC
NW-AT0709-3,10xATAC_Mult,Geriatric_Mouse,ARC-ATAC,1372627537,B8XM_240607_01_B01,R8XA-24061806,ATX-709,10000,Nuclei,1061736689,L8XA_240607_01_D10,2265_B02,mouse,Mus musculus,1370725675,NWGC
NW-AT0709-4,10xATAC_Mult,Geriatric_Mouse,ARC-ATAC,1372627540,B8XM_240607_01_C01,R8XA-24061806,ATX-709,10000,Nuclei,1061736689,L8XA_240607_01_E10,2265_C02,mouse,Mus musculus,1370725676,NWGC
NW-AT0709-5,10xATAC_Mult,Geriatric_Mouse,ARC-ATAC,1372627549,B8XM_240607_01_G01,R8XA-24061806,ATX-709,10000,Nuclei,1061736689,L8XA_240607_01_F10,2267_A04,mouse,Mus musculus,1371373073,NWGC
NW-AT0709-6,10xATAC_Mult,Geriatric_Mouse,ARC-ATAC,1372627551,B8XM_240607_01_H01,R8XA-24061806,ATX-709,10000,Nuclei,1061736689,L8XA_240607_01_G10,2267_B04,mouse,Mus musculus,1371373074,NWGC
NW-AT0709-7,10xATAC_Mult,Geriatric_Mouse,ARC-ATAC,1372627553,B8XM_240607_01_A02,R8XA-24061806,ATX-709,10000,Nuclei,1061736689,L8XA_240607_01_H10,2267_C04,mouse,Mus musculus,1371373075,NWGC
NW-AT0709-8,10xATAC_Mult,Geriatric_Mouse,ARC-ATAC,1373246471,B8XM_240611_01_G01,R8XA-24061806,ATX-709,10000,Nuclei,1061736689,L8XA_240611_01_E12,2274_A01,mouse,Mus musculus,1372254761,NWGC
NW-AT0709-9,10xATAC_Mult,Geriatric_Mouse,ARC-ATAC,1373246477,B8XM_240611_01_H01,R8XA-24061806,ATX-709,10000,Nuclei,1061736689,L8XA_240611_01_F12,2274_B01,mouse,Mus musculus,1372254762,NWGC
NW-AT0709-1,10xATAC_Mult,Geriatric_Mouse,ARC-ATAC,1371247290,B8XM_240604_01_C01,R8XA-24061806,ATX-709,10000,Nuclei,1061736689,L8XA_240604_01_D09,2260_C06,mouse,Mus musculus,1370502786,NWGC
NW-AT0709-2,10xATAC_Mult,Geriatric_Mouse,ARC-ATAC,1372627533,B8XM_240607_01_A01,R8XA-24061806,ATX-709,10000,Nuclei,1061736689,L8XA_240607_01_C10,2265_A02,mouse,Mus musculus,1370725674,NWGC
NW-AT0709-3,10xATAC_Mult,Geriatric_Mouse,ARC-ATAC,1372627537,B8XM_240607_01_B01,R8XA-24061806,ATX-709,10000,Nuclei,1061736689,L8XA_240607_01_D10,2265_B02,mouse,Mus musculus,1370725675,NWGC
NW-AT0709-4,10xATAC_Mult,Geriatric_Mouse,ARC-ATAC,1372627540,B8XM_240607_01_C01,R8XA-24061806,ATX-709,10000,Nuclei,1061736689,L8XA_240607_01_E10,2265_C02,mouse,Mus musculus,1370725676,NWGC
NW-AT0709-5,10xATAC_Mult,Geriatric_Mouse,ARC-ATAC,1372627549,B8XM_240607_01_G01,R8XA-24061806,ATX-709,10000,Nuclei,1061736689,L8XA_240607_01_F10,2267_A04,mouse,Mus musculus,1371373073,NWGC
NW-AT0709-6,10xATAC_Mult,Geriatric_Mouse,ARC-ATAC,1372627551,B8XM_240607_01_H01,R8XA-24061806,ATX-709,10000,Nuclei,1061736689,L8XA_240607_01_G10,2267_B04,mouse,Mus musculus,1371373074,NWGC
NW-AT0709-7,10xATAC_Mult,Geriatric_Mouse,ARC-ATAC,1372627553,B8XM_240607_01_A02,R8XA-24061806,ATX-709,10000,Nuclei,1061736689,L8XA_240607_01_H10,2267_C04,mouse,Mus musculus,1371373075,NWGC
NW-AT0709-8,10xATAC_Mult,Geriatric_Mouse,ARC-ATAC,1373246471,B8XM_240611_01_G01,R8XA-24061806,ATX-709,10000,Nuclei,1061736689,L8XA_240611_01_E12,2274_A01,mouse,Mus musculus,1372254761,NWGC
NW-AT0709-9,10xATAC_Mult,Geriatric_Mouse,ARC-ATAC,1373246477,B8XM_240611_01_H01,R8XA-24061806,ATX-709,10000,Nuclei,1061736689,L8XA_240611_01_F12,2274_B01,mouse,Mus musculus,1372254762,NWGC
NW-AT0709-1,10xATAC_Mult,Geriatric_Mouse,ARC-ATAC,1371247290,B8XM_240604_01_C01,R8XA-24061806,ATX-709,10000,Nuclei,1061736689,L8XA_240604_01_D09,2260_C06,mouse,Mus musculus,1370502786,NWGC
NW-AT0709-2,10xATAC_Mult,Geriatric_Mouse,ARC-ATAC,1372627533,B8XM_240607_01_A01,R8XA-24061806,ATX-709,10000,Nuclei,1061736689,L8XA_240607_01_C10,2265_A02,mouse,Mus musculus,1370725674,NWGC
NW-AT0709-3,10xATAC_Mult,Geriatric_Mouse,ARC-ATAC,1372627537,B8XM_240607_01_B01,R8XA-24061806,ATX-709,10000,Nuclei,1061736689,L8XA_240607_01_D10,2265_B02,mouse,Mus musculus,1370725675,NWGC
NW-AT0709-4,10xATAC_Mult,Geriatric_Mouse,ARC-ATAC,1372627540,B8XM_240607_01_C01,R8XA-24061806,ATX-709,10000,Nuclei,1061736689,L8XA_240607_01_E10,2265_C02,mouse,Mus musculus,1370725676,NWGC
NW-AT0709-5,10xATAC_Mult,Geriatric_Mouse,ARC-ATAC,1372627549,B8XM_240607_01_G01,R8XA-24061806,ATX-709,10000,Nuclei,1061736689,L8XA_240607_01_F10,2267_A04,mouse,Mus musculus,1371373073,NWGC
NW-AT0709-6,10xATAC_Mult,Geriatric_Mouse,ARC-ATAC,1372627551,B8XM_240607_01_H01,R8XA-24061806,ATX-709,10000,Nuclei,1061736689,L8XA_240607_01_G10,2267_B04,mouse,Mus musculus,1371373074,NWGC
NW-AT0709-7,10xATAC_Mult,Geriatric_Mouse,ARC-ATAC,1372627553,B8XM_240607_01_A02,R8XA-24061806,ATX-709,10000,Nuclei,1061736689,L8XA_240607_01_H10,2267_C04,mouse,Mus musculus,1371373075,NWGC
NW-AT0709-8,10xATAC_Mult,Geriatric_Mouse,ARC-ATAC,1373246471,B8XM_240611_01_G01,R8XA-24061806,ATX-709,10000,Nuclei,1061736689,L8XA_240611_01_E12,2274_A01,mouse,Mus musculus,1372254761,NWGC
NW-AT0709-9,10xATAC_Mult,Geriatric_Mouse,ARC-ATAC,1373246477,B8XM_240611_01_H01,R8XA-24061806,ATX-709,10000,Nuclei,1061736689,L8XA_240611_01_F12,2274_B01,mouse,Mus musculus,1372254762,NWGC
NW-AT0710-1,10xATAC_Mult,Geriatric_Mouse,ARC-ATAC,1373246482,B8XM_240611_01_A02,R8XA-24070206,ATX-710,10000,Nuclei,1061736689,L8XA_240611_01_G12,2274_1_D01,mouse,Mus musculus,1372254764,NWGC
NW-AT0710-4,10xATAC_Mult,SCORCH,ARC-ATAC,1376120215,B8XM_240621_01_A01,R8XA-24070206,ATX-710,10000,Nuclei,1061736689,L8XA_240621_01_H04,2286_A02,mouse,Mus musculus,1374551011,NWGC
NW-AT0710-5,10xATAC_Mult,SCORCH,ARC-ATAC,1376120218,B8XM_240621_01_B01,R8XA-24070206,ATX-710,10000,Nuclei,1061736689,L8XA_240621_01_A05,2286_B02,mouse,Mus musculus,1374551012,NWGC
NW-AT0710-6,10xATAC_Mult,SCORCH,ARC-ATAC,1376120223,B8XM_240621_01_C01,R8XA-24070206,ATX-710,10000,Nuclei,1061736689,L8XA_240621_01_B05,2286_C02,mouse,Mus musculus,1374551013,NWGC
NW-AT0710-7,10xATAC_Mult,SCORCH,ARC-ATAC,1376298222,B8XM_240625_01_A01,R8XA-24070206,ATX-710,10000,Nuclei,1061736689,L8XA_240625_01_A02,2291_A05,mouse,Mus musculus,1375860262,NWGC
NW-AT0711-1,10xATAC_Mult,Geriatric_Mouse,ARC-ATAC,1374122888,B8XM_240614_01_D02,R8XA-24071606,ATX-711,10000,Nuclei,1061736689,L8XA_240614_01_H12,2280_C07,mouse,Mus musculus,1373208252,NWGC
NW-AT0711-10,10xATAC_Mult,Geriatric_Mouse,ARC-ATAC,1379434350,B8XM_240709_01_A01,R8XA-24071606,ATX-711,10000,Nuclei,1061736689,L8XA_240709_01_D06,2311_A07,mouse,Mus musculus,1378175144,NWGC
NW-AT0711-11,10xATAC_Mult,Zirong_GPe_PPN,ARC-ATAC,1224957769,B8XM_221108_01_A01,R8XA-24071606,ATX-711,7546,Nuclei,1061736689,L8XA_221108_01_C01,1500_A08,mouse,Mus musculus,1223243724,NWGC
NW-AT0711-12,10xATAC_Mult,Zirong_GPe_PPN,ARC-ATAC,1224957781,B8XM_221108_01_D01,R8XA-24071606,ATX-711,10000,Nuclei,1061736689,L8XA_221108_01_F01,1501.1_C09,mouse,Mus musculus,1223308412,NWGC
NW-AT0711-13,10xATAC_Mult,SCORCH,ARC-ATAC,1374122883,B8XM_240614_01_B02,R8XA-24071606,ATX-711,10000,Nuclei,1061736689,L8XA_240614_01_B02,2280_A07,mouse,Mus musculus,1373208250,NWGC
NW-AT0711-14,10xATAC_Mult,SCORCH,ARC-ATAC,1374122886,B8XM_240614_01_C02,R8XA-24071606,ATX-711,10000,Nuclei,1061736689,L8XA_240614_01_C02,2280_B07,mouse,Mus musculus,1373208251,NWGC
NW-AT0711-2,10xATAC_Mult,AD_Center_Grant,ARC-ATAC,1374591874,B8XM_240618_01_D01,R8XA-24071606,ATX-711,10000,Nuclei,1061736689,L8XA_240618_01_E03,2284_A09,human,Homo Sapiens,1373267590,NWGC
NW-AT0711-3,10xATAC_Mult,AD_Center_Grant,ARC-ATAC,1374591876,B8XM_240618_01_E01,R8XA-24071606,ATX-711,10000,Nuclei,1061736689,L8XA_240618_01_F03,2284_B09,human,Homo Sapiens,1373267791,NWGC
NW-AT0711-4,10xATAC_Mult,AD_Center_Grant,ARC-ATAC,1374591879,B8XM_240618_01_F01,R8XA-24071606,ATX-711,10000,Nuclei,1061736689,L8XA_240618_01_G03,2284_C09,human,Homo Sapiens,1373268362,NWGC
NW-AT0711-5,10xATAC_Mult,Mouse_SpC,ARC-ATAC,1376120225,B8XM_240621_01_D01,R8XA-24071606,ATX-711,2611,Nuclei,1061736689,L8XA_240628_01_D02,2287_A03,mouse,Mus musculus,1375828675,NWGC
NW-AT0711-6,10xATAC_Mult,Mouse_SpC,ARC-ATAC,1379697762,B8XM_240705_01_A01,R8XA-24071606,ATX-711,1540,Nuclei,1061736689,L8XA_240705_02_E04,2307_A03,mouse,Mus musculus,1379696579,NWGC
NW-AT0711-7,10xATAC_Mult,Geriatric_Mouse,ARC-ATAC,1379697772,B8XM_240705_01_E01,R8XA-24071606,ATX-711,10000,Nuclei,1061736689,L8XA_240705_02_D05,2308_A04,mouse,Mus musculus,1379003431,NWGC
NW-AT0711-8,10xATAC_Mult,Geriatric_Mouse,ARC-ATAC,1379697775,B8XM_240705_01_F01,R8XA-24071606,ATX-711,10000,Nuclei,1061736689,L8XA_240705_02_E05,2308_B04,mouse,Mus musculus,1379003432,NWGC
NW-AT0711-9,10xATAC_Mult,Geriatric_Mouse,ARC-ATAC,1379697777,B8XM_240705_01_G01,R8XA-24071606,ATX-711,10000,Nuclei,1061736689,L8XA_240705_02_F05,2308_C04,mouse,Mus musculus,1379003433,NWGC
NW-AT0712-1,10xATAC_Mult,Geriatric_Mouse,ARC-ATAC,1379434353,B8XM_240709_01_B01,R8XA-24072309,ATX-712,10000,Nuclei,1061736689,L8XA_240709_01_C07,2311_B07,mouse,Mus musculus,1378175147,NWGC
NW-AT0712-10,10xATAC_Mult,SCORCH,ARC-ATAC,1376298225,B8XM_240625_01_B01,R8XA-24072309,ATX-712,10000,Nuclei,1061736689,L8XA_240625_01_B02,2291_B05,mouse,Mus musculus,1375860263,NWGC
NW-AT0712-11,10xATAC_Mult,SCORCH,ARC-ATAC,1376298228,B8XM_240625_01_C01,R8XA-24072309,ATX-712,10000,Nuclei,1061736689,L8XA_240625_01_C02,2291_C05,mouse,Mus musculus,1375860264,NWGC
NW-AT0712-12,10xATAC_Mult,Geriatric_Mouse,ARC-ATAC,1381074050,B8XM_240712_01_C02,R8XA-24072309,ATX-712,10000,Nuclei,1061736689,L8XA_240712_01_H09,2323_B07,mouse,Mus musculus,1379678410,NWGC
NW-AT0712-2,10xATAC_Mult,Geriatric_Mouse,ARC-ATAC,1379434355,B8XM_240709_01_C01,R8XA-24072309,ATX-712,10000,Nuclei,1061736689,L8XA_240709_01_D07,2311_C07,mouse,Mus musculus,1378175149,NWGC
NW-AT0712-3,10xATAC_Mult,Geriatric_Mouse,ARC-ATAC,1379434358,B8XM_240709_01_D01,R8XA-24072309,ATX-712,10000,Nuclei,1061736689,L8XA_240709_01_E07,2311_D07,mouse,Mus musculus,1378743334,NWGC
NW-AT0712-4,10xATAC_Mult,Geriatric_Mouse,ARC-ATAC,1379434361,B8XM_240709_01_E01,R8XA-24072309,ATX-712,10000,Nuclei,1061736689,L8XA_240709_01_F07,2311_E07,mouse,Mus musculus,1378743336,NWGC
NW-AT0712-5,10xATAC_Mult,Geriatric_Mouse,ARC-ATAC,1379434363,B8XM_240709_01_F01,R8XA-24072309,ATX-712,10000,Nuclei,1061736689,L8XA_240709_01_G07,2311_F07,mouse,Mus musculus,1378743337,NWGC
NW-AT0712-6,10xATAC_Mult,Geriatric_Mouse,ARC-ATAC,1379434386,B8XM_240709_01_A02,R8XA-24072309,ATX-712,10000,Nuclei,1061736689,L8XA_240709_01_A08,2313_A01,mouse,Mus musculus,1378965415,NWGC
NW-AT0712-7,10xATAC_Mult,Geriatric_Mouse,ARC-ATAC,1379434400,B8XM_240709_01_B02,R8XA-24072309,ATX-712,10000,Nuclei,1061736689,L8XA_240709_01_B08,2313_B01,mouse,Mus musculus,1378965416,NWGC
NW-AT0712-8,10xATAC_Mult,Geriatric_Mouse,ARC-ATAC,1379434408,B8XM_240709_01_C02,R8XA-24072309,ATX-712,10000,Nuclei,1061736689,L8XA_240709_01_C08,2313_C01,mouse,Mus musculus,1378965417,NWGC
NW-AT0712-9,10xATAC_Mult,Zirong_GPe_PPN,ARC-ATAC,1224957785,B8XM_221108_01_E01,R8XA-24072309,ATX-712,10000,Nuclei,1061736689,L8XA_221108_01_G01,1501.1_D09,mouse,Mus musculus,1223308658,NWGC
NW-AT0713-1,10xATAC_Mult,Zirong_GPe_PPN,ARC-ATAC,1224957851,B8XM_221108_01_D03,R8XA-24080608,ATX-713,10000,Nuclei,1061736689,L8XA_221108_01_A03,1502_A01,mouse,Mus musculus,1224640329,NWGC
NW-AT0713-10,10xATAC_Mult,AD_Center_Grant,ARC-ATAC,1383942425,B8XM_240730_01_E02,R8XA-24080608,ATX-713,10000,Nuclei,1061736689,L8XA_240730_01_A06,2351_A09,human,Homo Sapiens,1383212534,NWGC
NW-AT0713-11,10xATAC_Mult,AD_Center_Grant,ARC-ATAC,1383942428,B8XM_240730_01_F02,R8XA-24080608,ATX-713,10000,Nuclei,1061736689,L8XA_240730_01_B06,2351_B09,human,Homo Sapiens,1383212628,NWGC
NW-AT0713-2,10xATAC_Mult,Zirong_GPe_PPN,ARC-ATAC,1224957860,B8XM_221108_01_E03,R8XA-24080608,ATX-713,10000,Nuclei,1061736689,L8XA_221108_01_G03,1502_B01,mouse,Mus musculus,1224640376,NWGC
NW-AT0713-3,10xATAC_Mult,Geriatric_Mouse,ARC-ATAC,1381074048,B8XM_240712_01_B02,R8XA-24080608,ATX-713,10000,Nuclei,1061736689,L8XA_240712_01_G09,2323_A07,mouse,Mus musculus,1379678409,NWGC
NW-AT0713-4,10xATAC_Mult,Geriatric_Mouse,ARC-ATAC,1381074052,B8XM_240712_01_D02,R8XA-24080608,ATX-713,10000,Nuclei,1061736689,L8XA_240712_01_A10,2323_C07,mouse,Mus musculus,1379678411,NWGC
NW-AT0713-5,10xATAC_Mult,Geriatric_Mouse,ARC-ATAC,1381074054,B8XM_240712_01_E02,R8XA-24080608,ATX-713,10000,Nuclei,1061736689,L8XA_240712_01_B10,2323_D07,mouse,Mus musculus,1379678412,NWGC
NW-AT0713-6,10xATAC_Mult,HMBA_Cross_Species,ARC-ATAC,1382516721,B8XM_240719_01_G01,R8XA-24080608,ATX-713,10000,Nuclei,1061736689,L8XA_240719_01_H11,2332_A06,cat,Felis catus,1382033298,NWGC
NW-AT0713-7,10xATAC_Mult,HMBA_Cross_Species,ARC-ATAC,1382516723,B8XM_240719_01_H01,R8XA-24080608,ATX-713,10000,Nuclei,1061736689,L8XA_240719_01_A12,2332_B06,cat,Felis catus,1382033369,NWGC
NW-AT0713-8,10xATAC_Mult,HMBA_Cross_Species,ARC-ATAC,1382516725,B8XM_240719_01_A02,R8XA-24080608,ATX-713,10000,Nuclei,1061736689,L8XA_240719_01_B12,2332_C06,cat,Felis catus,1382033501,NWGC
NW-AT0713-9,10xATAC_Mult,HMBA_Cross_Species,ARC-ATAC,1383942416,B8XM_240730_01_B02,R8XA-24080608,ATX-713,10000,Nuclei,1061736689,L8XA_240730_01_C05,2347_A07,cat,Felis catus,1383210928,NWGC
NW-AT0714-1,10xATAC_Mult,HMBA_Cross_Species,ARC-ATAC,1383942418,B8XM_240730_01_C02,R8XA-24111907,ATX-714,10000,Nuclei,1061736689,L8XA_240730_01_D05,2347_B07,cat,Felis catus,1383211013,NWGC
NW-AT0714-10,10xATAC_Mult,Cetacean_Evo,ARC-ATAC,1405167380,B8XM_241112_01_B01,R8XA-24111907,ATX-714,10000,Nuclei,1061736689,L8XA_241112_01_F07,2566_B06,harbour porpoise,Phoconea phoconea,1404685751,NWGC
NW-AT0714-2,10xATAC_Mult,HMBA_Cross_Species,ARC-ATAC,1383942421,B8XM_240730_01_D02,R8XA-24111907,ATX-714,10000,Nuclei,1061736689,L8XA_240730_01_E05,2347_C07,cat,Felis catus,1383211131,NWGC
NW-AT0714-3,10xATAC_Mult,Histaminergic_cell_diversity,ARC-ATAC,1400407342,B8XM_241011_01_A01,R8XA-24111907,ATX-714,742,Nuclei,1061736689,L8XA_241011_01_H06,2500_A03,mouse,Mus musculus,1399915319,NWGC
NW-AT0714-4,10xATAC_Mult,Histaminergic_cell_diversity,ARC-ATAC,1400548364,B8XM_241015_01_A02,R8XA-24111907,ATX-714,798,Nuclei,1061736689,L8XA_241015_01_B08,2510_A01,mouse,Mus musculus,1400545585,NWGC
NW-AT0714-5,10xATAC_Mult,Dissectate_handling+MG_MethDev,ARC-ATAC,1401589852,B8XM_241018_01_A01,R8XA-24111907,ATX-714,10000,Nuclei,1061736689,L8XA_241018_01_A10,2512_B03,mouse,Mus musculus,1399845864,NWGC
NW-AT0714-6,10xATAC_Mult,Dissectate_handling+MG_MethDev,ARC-ATAC,1401589858,B8XM_241018_01_B01,R8XA-24111907,ATX-714,10000,Nuclei,1061736689,L8XA_241018_01_B10,2512_1_C03,mouse,Mus musculus,1399845865,NWGC
NW-AT0714-7,10xATAC_Mult,Cetacean_Evo,ARC-ATAC,1404105846,B8XM_241105_01_C01,R8XA-24111907,ATX-714,10000,Nuclei,1061736689,L8XA_241105_01_D04,2550_A08,harbour porpoise,Phoconea phoconea,1403614202,NWGC
NW-AT0714-8,10xATAC_Mult,Cetacean_Evo,ARC-ATAC,1404105848,B8XM_241105_01_D01,R8XA-24111907,ATX-714,10000,Nuclei,1061736689,L8XA_241105_01_E04,2550_B08,harbour porpoise,Phoconea phoconea,1403614267,NWGC
NW-AT0714-9,10xATAC_Mult,Cetacean_Evo,ARC-ATAC,1405167378,B8XM_241112_01_A01,R8XA-24111907,ATX-714,10000,Nuclei,1061736689,L8XA_241112_01_E07,2566_A06,harbour porpoise,Phoconea phoconea,1404685694,NWGC
NW-AT0715-1,10xATAC_Mult,Neuromodulatory_Noradrenergic,ARC-ATAC,1406444716,B8XM_241119_01_C01,R8XA-24120306,ATX-715,10000,Nuclei,1061736689,L8XA_241119_01_A10,2586_B01,mouse,Mus musculus,1406194829,NWGC
NW-AT0715-2,10xATAC_Mult,Neuromodulatory_Noradrenergic,ARC-ATAC,1406444718,B8XM_241119_01_D01,R8XA-24120306,ATX-715,10000,Nuclei,1061736689,L8XA_241119_01_B10,2586_C01,mouse,Mus musculus,1406194830,NWGC
NW-AT0715-3,10xATAC_Mult,Neuromodulatory_Noradrenergic,ARC-ATAC,1406444720,B8XM_241119_01_E01,R8XA-24120306,ATX-715,10000,Nuclei,1061736689,L8XA_241119_01_C10,2586_D01,mouse,Mus musculus,1406194831,NWGC
NW-AT0715-4,10xATAC_Mult,Neuromodulatory_Noradrenergic,ARC-ATAC,1406444722,B8XM_241119_01_F01,R8XA-24120306,ATX-715,10000,Nuclei,1061736689,L8XA_241119_01_D10,2586_E01,mouse,Mus musculus,1406194832,NWGC
NW-AT0715-5,10xATAC_Mult,Neuromodulatory_Noradrenergic,ARC-ATAC,1406444724,B8XM_241119_01_G01,R8XA-24120306,ATX-715,10000,Nuclei,1061736689,L8XA_241119_01_E10,2586_F01,mouse,Mus musculus,1406194833,NWGC
NW-AT0715-6,10xATAC_Mult,Neuromodulatory_Noradrenergic,ARC-ATAC,1406444727,B8XM_241119_01_H01,R8XA-24120306,ATX-715,10000,Nuclei,1061736689,L8XA_241119_01_F10,2586_G01,mouse,Mus musculus,1406194834,NWGC
NW-AT0715-7,10xATAC_Mult,Neuromodulatory_Noradrenergic,ARC-ATAC,1406444729,B8XM_241119_01_A02,R8XA-24120306,ATX-715,8968,Nuclei,1061736689,L8XA_241119_01_G10,2586_H01,mouse,Mus musculus,1406194835,NWGC
NW-AT0715-8,10xATAC_Mult,Neuromodulatory_Noradrenergic,ARC-ATAC,1406444731,B8XM_241119_01_B02,R8XA-24120306,ATX-715,10000,Nuclei,1061736689,L8XA_241119_01_H10,2587_A02,mouse,Mus musculus,1406368678,NWGC
NW-AT0716-1,10xATAC_Mult,Neuromodulatory_Noradrenergic,ARC-ATAC,1406444733,B8XM_241119_01_C02,R8XA-24120307,ATX-716,10000,Nuclei,1061736689,L8XA_241119_01_A11,2587_B02,mouse,Mus musculus,1406368679,NWGC
NW-AT0716-2,10xATAC_Mult,Neuromodulatory_Noradrenergic,ARC-ATAC,1406444737,B8XM_241119_01_D02,R8XA-24120307,ATX-716,10000,Nuclei,1061736689,L8XA_241119_01_B11,2587_C02,mouse,Mus musculus,1406368680,NWGC
NW-AT0716-3,10xATAC_Mult,Neuromodulatory_Noradrenergic,ARC-ATAC,1406444739,B8XM_241119_01_E02,R8XA-24120307,ATX-716,10000,Nuclei,1061736689,L8XA_241119_01_C11,2587_D02,mouse,Mus musculus,1406368681,NWGC
NW-AT0716-4,10xATAC_Mult,Neuromodulatory_Noradrenergic,ARC-ATAC,1406444741,B8XM_241119_01_F02,R8XA-24120307,ATX-716,10000,Nuclei,1061736689,L8XA_241119_01_D11,2587_E02,mouse,Mus musculus,1406368682,NWGC
NW-AT0716-5,10xATAC_Mult,Neuromodulatory_Noradrenergic,ARC-ATAC,1406444743,B8XM_241119_01_G02,R8XA-24120307,ATX-716,10000,Nuclei,1061736689,L8XA_241119_01_E11,2587_F02,mouse,Mus musculus,1406368683,NWGC
NW-AT0716-6,10xATAC_Mult,Neuromodulatory_Noradrenergic,ARC-ATAC,1406444746,B8XM_241119_01_H02,R8XA-24120307,ATX-716,10000,Nuclei,1061736689,L8XA_241119_01_F11,2587_G02,mouse,Mus musculus,1406368684,NWGC
NW-AT0716-7,10xATAC_Mult,Neuromodulatory_Noradrenergic,ARC-ATAC,1406444748,B8XM_241119_01_A03,R8XA-24120307,ATX-716,10000,Nuclei,1061736689,L8XA_241119_01_G11,2587_1_A02,mouse,Mus musculus,1406369805,NWGC
NW-AT0716-8,10xATAC_Mult,Neuromodulatory_Noradrenergic,ARC-ATAC,1406444750,B8XM_241119_01_B03,R8XA-24120307,ATX-716,10000,Nuclei,1061736689,L8XA_241119_01_H11,2587_1_B02,mouse,Mus musculus,1406369806,NWGC
NW-AT0717-1,10xATAC_Mult,MG_MethDev+reagent_validation,ARC-ATAC,1409952283,B8XM_241206_01_D01,R8XA-25012803,ATX-717,10000,Nuclei,1061736689,L8XA_241206_01_G04,2609_A03,mouse,Mus musculus,1409337906,NWGC
NW-AT0717-10,10xATAC_Mult,NBA_Sympathetic_Ganglia,ARC-ATAC,1416308003,B8XM_250117_01_A02,R8XA-25012803,ATX-717,5869,Nuclei,1061736689,L8XA_250117_01_A01,2672_B06,mouse,Mus musculus,1416305119,NWGC
NW-AT0717-2,10xATAC_Mult,MG_MethDev+reagent_validation,ARC-ATAC,1409952285,B8XM_241206_01_E01,R8XA-25012803,ATX-717,10000,Nuclei,1061736689,L8XA_241206_01_H04,2609_B03,mouse,Mus musculus,1409337907,NWGC
NW-AT0717-3,10xATAC_Mult,HMBA_Cross_Species,ARC-ATAC,1410798568,B8XM_241213_01_D02,R8XA-25012803,ATX-717,10000,Nuclei,1061736689,L8XA_241213_01_H09,2623_A05,galago,Otolemur garnettii,1410660406,NWGC
NW-AT0717-4,10xATAC_Mult,HMBA_Cross_Species,ARC-ATAC,1410798572,B8XM_241213_01_E02,R8XA-25012803,ATX-717,10000,Nuclei,1061736689,L8XA_241213_01_A10,2623_B05,galago,Otolemur garnettii,1410660461,NWGC
NW-AT0717-5,10xATAC_Mult,HMBA_Cross_Species,ARC-ATAC,1410798576,B8XM_241213_01_F02,R8XA-25012803,ATX-717,10000,Nuclei,1061736689,L8XA_241213_01_B10,2623_C05,galago,Otolemur garnettii,1410660520,NWGC
NW-AT0717-6,10xATAC_Mult,HMBA_Cross_Species,ARC-ATAC,1411081845,B8XM_241217_01_A01,R8XA-25012803,ATX-717,10000,Nuclei,1061736689,L8XA_241217_01_E11,2628_A08,galago,Otolemur garnettii,1410661262,NWGC
NW-AT0717-7,10xATAC_Mult,HMBA_Cross_Species,ARC-ATAC,1414608023,B8XM_250110_01_D01,R8XA-25012803,ATX-717,10000,Nuclei,1061736689,L8XA_250110_02_E08,2653_A06,galago,Otolemur garnettii,1414588262,NWGC
NW-AT0717-8,10xATAC_Mult,HMBA_Cross_Species,ARC-ATAC,1414608025,B8XM_250110_01_E01,R8XA-25012803,ATX-717,10000,Nuclei,1061736689,L8XA_250110_02_F08,2653_B06,galago,Otolemur garnettii,1414588360,NWGC
NW-AT0717-9,10xATAC_Mult,NBA_Sympathetic_Ganglia,ARC-ATAC,1416308001,B8XM_250117_01_H01,R8XA-25012803,ATX-717,7795,Nuclei,1061736689,L8XA_250117_01_B01,2672_A06,mouse,Mus musculus,1416305118,NWGC
NW-FX8002-1,10xV3.1_FX,10xFlex_Pilot,CELL_RANGER_DUAL_INDEX,1404141235,A8FX_241107_01_A01,R8FX-24120308,RFX-8002,40238,Nuclei,1337991535,L8FX_241107_02_B02,2556_A01,mouse,Mus musculus,1404111994,NWGC
NW-FX8002-2,10xV4_FX4,10xFlex_Pilot,CELL_RANGER_DUAL_INDEX,1404142343,A8FX_241107_02_A01,R8FX-24120308,RFX-8002,55131,Nuclei,1401481455,L8FX_241107_03_C02,2557_A02,mouse,Mus musculus,1404112005,NWGC
NW-FX8002-3,10xV4_FX4,10xFlex_Pilot,CELL_RANGER_DUAL_INDEX,1406012001,A8FX_241119_02_A01,R8FX-24120308,RFX-8002,19960,Nuclei,1401481455,L8FX_241125_01_G02,2574_A01,mouse,Mus musculus,1405189228,NWGC
NW-FX8002-4,10xV4_FX4,10xFlex_Pilot,CELL_RANGER_DUAL_INDEX,1406012003,A8FX_241119_02_B01,R8FX-24120308,RFX-8002,19938,Nuclei,1401481455,L8FX_241125_01_H02,2574_B01,mouse,Mus musculus,1405190533,NWGC
NW-FX8002-5,10xV4_FX4,10xFlex_Pilot,CELL_RANGER_DUAL_INDEX,1406012005,A8FX_241119_02_C01,R8FX-24120308,RFX-8002,14964,Nuclei,1401481455,L8FX_241125_01_A03,2574_C01,mouse,Mus musculus,1405181481,NWGC
NW-FX8003-1,10xV4_FX4,10xFlex_Pilot,CELL_RANGER_DUAL_INDEX,1423090574,A8FX_250220_01_A01,R8FX-25030402,RFX-8003,39998,Nuclei,1401481455,L8FX_250226_01_D03,2730_A01,mouse,Mus musculus,1421653757,NWGC
NW-FX8003-2,10xV4_FX4,10xFlex_Pilot,CELL_RANGER_DUAL_INDEX,1423090576,A8FX_250220_01_B01,R8FX-25030402,RFX-8003,79923,Nuclei,1401481455,L8FX_250220_02_C03,2730_B01,mouse,Mus musculus,1421653803,NWGC
NW-MX2154-1,10xRSeq_Mult,SCORCH,ARC-RSEQ,1308442829,A8XR_231031_01_G02,R8XR-23110703,MTX-2154,10000,Nuclei,1061736705,L8XR_231102_01_H07,1933_F02,mouse,Mus musculus,1306576989,NWGC
NW-MX2154-2,10xRSeq_Mult,SCORCH,ARC-RSEQ,1308442832,A8XR_231031_01_H02,R8XR-23110703,MTX-2154,10000,Nuclei,1061736705,L8XR_231102_01_G08,1934_A03,mouse,Mus musculus,1306543441,NWGC
NW-MX2154-3,10xRSeq_Mult,SCORCH,ARC-RSEQ,1308442834,A8XR_231031_01_A03,R8XR-23110703,MTX-2154,10000,Nuclei,1061736705,L8XR_231102_01_H08,1934_B03,mouse,Mus musculus,1306543442,NWGC
NW-MX2154-4,10xRSeq_Mult,SCORCH,ARC-RSEQ,1308442836,A8XR_231031_01_B03,R8XR-23110703,MTX-2154,9658,Nuclei,1061736705,L8XR_231102_01_A07,1934_C03,mouse,Mus musculus,1307727305,NWGC
NW-MX2154-5,10xRSeq_Mult,SCORCH,ARC-RSEQ,1308442839,A8XR_231031_01_C03,R8XR-23110703,MTX-2154,10000,Nuclei,1061736705,L8XR_231102_01_A09,1934_D03,mouse,Mus musculus,1307727306,NWGC
NW-MX2154-6,10xRSeq_Mult,SCORCH,ARC-RSEQ,1308442841,A8XR_231031_01_D03,R8XR-23110703,MTX-2154,10000,Nuclei,1061736705,L8XR_231102_01_A08,1934_E03,mouse,Mus musculus,1306537295,NWGC
NW-MX2154-7,10xRSeq_Mult,SCORCH,ARC-RSEQ,1308442813,A8XR_231031_01_H01,R8XR-23110703,MTX-2154,10000,Nuclei,1061736705,L8XR_231102_01_C07,1934_F03,mouse,Mus musculus,1306537296,NWGC
NW-MX2154-8,10xRSeq_Mult,AD_Center_Grant,ARC-RSEQ,1306838321,A8XR_231024_02_B01,R8XR-23110703,MTX-2154,10000,Nuclei,1061736705,L8XR_231026_05_C04,1928_B10,human,Homo Sapiens,1305739935,NWGC
NW-MX2154-9,10xRSeq_Mult,AD_Center_Grant,ARC-RSEQ,1306838323,A8XR_231024_02_C01,R8XR-23110703,MTX-2154,10000,Nuclei,1061736705,L8XR_231026_05_E05,1928_C10,human,Homo Sapiens,1305740002,NWGC
NW-MX2157-1,10xRSeq_Mult,HEAD_Network,ARC-RSEQ,1309858085,A8XR_231107_02_C02,R8XR-23112101,MTX-2157,10000,Nuclei,1061736705,L8XR_231109_01_F03,1950_C01,mouse,Mus musculus,1308995704,NWGC
NW-MX2157-2,10xRSeq_Mult,HEAD_Network,ARC-RSEQ,1309858087,A8XR_231107_02_D02,R8XR-23112101,MTX-2157,10000,Nuclei,1061736705,L8XR_231109_01_G03,1950_D01,mouse,Mus musculus,1308965585,NWGC
NW-MX2157-3,10xRSeq_Mult,SCORCH,ARC-RSEQ,1309858090,A8XR_231107_02_E02,R8XR-23112101,MTX-2157,10000,Nuclei,1061736705,L8XR_231109_01_H03,1950_E01,mouse,Mus musculus,1308965586,NWGC
NW-MX2157-4,10xRSeq_Mult,SCORCH,ARC-RSEQ,1309858092,A8XR_231107_02_F02,R8XR-23112101,MTX-2157,10000,Nuclei,1061736705,L8XR_231109_01_A04,1950_F01,mouse,Mus musculus,1308965587,NWGC
NW-MX2157-5,10xRSeq_Mult,SCORCH,ARC-RSEQ,1310919412,A8XR_231110_01_A01,R8XR-23112101,MTX-2157,10000,Nuclei,1061736705,L8XR_231116_01_A07,1952_A03,mouse,Mus musculus,1309823766,NWGC
NW-MX2157-6,10xRSeq_Mult,SCORCH,ARC-RSEQ,1310919419,A8XR_231110_01_B01,R8XR-23112101,MTX-2157,10000,Nuclei,1061736705,L8XR_231116_01_B07,1952_B03,mouse,Mus musculus,1309823767,NWGC
NW-MX2157-7,10xRSeq_Mult,SCORCH,ARC-RSEQ,1310919423,A8XR_231110_01_C01,R8XR-23112101,MTX-2157,10000,Nuclei,1061736705,L8XR_231116_01_B06,1952_C03,mouse,Mus musculus,1309818376,NWGC
NW-MX2157-8,10xRSeq_Mult,SCORCH,ARC-RSEQ,1310919426,A8XR_231110_01_D01,R8XR-23112101,MTX-2157,10000,Nuclei,1061736705,L8XR_231116_01_C06,1952_D03,mouse,Mus musculus,1309818377,NWGC
NW-MX2157-9,10xRSeq_Mult,SCORCH,ARC-RSEQ,1310919429,A8XR_231110_01_E01,R8XR-23112101,MTX-2157,10000,Nuclei,1061736705,L8XR_231116_01_D06,1952_E03,mouse,Mus musculus,1309236277,NWGC
NW-MX2159-1,10xRSeq_Mult,P56_Unbiased_Sampling,ARC-RSEQ,1310919467,A8XR_231110_01_G02,R8XR-23112803,MTX-2159,9720,Nuclei,1061736705,L8XR_231116_01_A06,1953_H04,mouse,Mus musculus,1310854231,NWGC
NW-MX2159-2,10xRSeq_Mult,AD_Center_Grant,ARC-RSEQ,1311841336,A8XR_231114_01_B02,R8XR-23112803,MTX-2159,10000,Nuclei,1061736705,L8XR_231116_02_A08,1954_A05,human,Homo Sapiens,1309836472,NWGC
NW-MX2159-3,10xRSeq_Mult,AD_Center_Grant,ARC-RSEQ,1311841338,A8XR_231114_01_C02,R8XR-23112803,MTX-2159,10000,Nuclei,1061736705,L8XR_231116_02_H07,1954_B05,human,Homo Sapiens,1309836559,NWGC
NW-MX2159-4,10xRSeq_Mult,AD_Center_Grant,ARC-RSEQ,1311841340,A8XR_231114_01_D02,R8XR-23112803,MTX-2159,10000,Nuclei,1061736705,L8XR_231116_02_G07,1954.1_D05,human,Homo Sapiens,1309836632,NWGC
NW-MX2159-5,10xRSeq_Mult,AD_Center_Grant,ARC-RSEQ,1311841342,A8XR_231114_01_E02,R8XR-23112803,MTX-2159,10000,Nuclei,1061736705,L8XR_231116_02_B08,1957_A08,human,Homo Sapiens,1311273436,NWGC
NW-MX2159-6,10xRSeq_Mult,AD_Center_Grant,ARC-RSEQ,1311841345,A8XR_231114_01_F02,R8XR-23112803,MTX-2159,10000,Nuclei,1061736705,L8XR_231116_02_C08,1957_B08,human,Homo Sapiens,1311273654,NWGC
NW-MX2159-7,10xRSeq_Mult,AD_Center_Grant,ARC-RSEQ,1311841347,A8XR_231114_01_G02,R8XR-23112803,MTX-2159,10000,Nuclei,1061736705,L8XR_231116_02_D08,1957_C08,human,Homo Sapiens,1311274096,NWGC
NW-MX2159-8,10xRSeq_Mult,HEAD_Network,ARC-RSEQ,1311841349,A8XR_231114_01_H02,R8XR-23112803,MTX-2159,8323,Nuclei,1061736705,L8XR_231116_02_F08,1958_A01,mouse,Mus musculus,1311440516,NWGC
NW-MX2159-9,10xRSeq_Mult,HEAD_Network,ARC-RSEQ,1311841352,A8XR_231114_01_A03,R8XR-23112803,MTX-2159,9937,Nuclei,1061736705,L8XR_231116_02_C09,1958_B01,mouse,Mus musculus,1311440517,NWGC
NW-MX2164-1,10xRSeq_Mult,P56_Unbiased_Sampling,ARC-RSEQ,1314535943,A8XR_231128_01_D01,R8XR-23120507,MTX-2164,10000,Nuclei,1061736705,L8XR_231130_01_B11,1968_C01,mouse,Mus musculus,1313923113,NWGC
NW-MX2164-2,10xRSeq_Mult,P56_Unbiased_Sampling,ARC-RSEQ,1314535945,A8XR_231128_01_E01,R8XR-23120507,MTX-2164,10000,Nuclei,1061736705,L8XR_231130_01_C11,1968_D01,mouse,Mus musculus,1313923114,NWGC
NW-MX2164-3,10xRSeq_Mult,P56_Unbiased_Sampling,ARC-RSEQ,1314535947,A8XR_231128_01_F01,R8XR-23120507,MTX-2164,10000,Nuclei,1061736705,L8XR_231130_21_C06,1968_E01,mouse,Mus musculus,1314254649,NWGC
NW-MX2164-4,10xRSeq_Mult,P56_Unbiased_Sampling,ARC-RSEQ,1314535949,A8XR_231128_01_G01,R8XR-23120507,MTX-2164,10000,Nuclei,1061736705,L8XR_231130_01_F01,1968_F01,mouse,Mus musculus,1314254650,NWGC
NW-MX2164-5,10xRSeq_Mult,P56_Unbiased_Sampling,ARC-RSEQ,1314535951,A8XR_231128_01_H01,R8XR-23120507,MTX-2164,10000,Nuclei,1061736705,L8XR_231130_01_D11,1968_G01,mouse,Mus musculus,1314254651,NWGC
NW-MX2164-6,10xRSeq_Mult,P56_Unbiased_Sampling,ARC-RSEQ,1314535954,A8XR_231128_01_A02,R8XR-23120507,MTX-2164,10000,Nuclei,1061736705,L8XR_231130_01_E11,1968_H01,mouse,Mus musculus,1314254652,NWGC
NW-MX2164-7,10xRSeq_Mult,HEAD_Network,ARC-RSEQ,1314535957,A8XR_231128_01_B02,R8XR-23120507,MTX-2164,10000,Nuclei,1061736705,L8XR_231130_01_G01,1970_A03,mouse,Mus musculus,1313725961,NWGC
NW-MX2164-8,10xRSeq_Mult,HEAD_Network,ARC-RSEQ,1314535959,A8XR_231128_01_C02,R8XR-23120507,MTX-2164,7577,Nuclei,1061736705,L8XR_231130_21_E05,1970_C03,mouse,Mus musculus,1313725963,NWGC
NW-MX2164-9,10xRSeq_Mult,HEAD_Network,ARC-RSEQ,1314535961,A8XR_231128_01_D02,R8XR-23120507,MTX-2164,10000,Nuclei,1061736705,L8XR_231130_01_F11,1970_D03,mouse,Mus musculus,1313729837,NWGC
NW-MX2165-1,10xRSeq_Mult,P56_Unbiased_Sampling,ARC-RSEQ,1314535964,A8XR_231128_01_E02,R8XR-23120508,MTX-2165,10000,Nuclei,1061736705,L8XR_231130_01_H01,1970_E03,mouse,Mus musculus,1313729838,NWGC
NW-MX2165-2,10xRSeq_Mult,P56_Unbiased_Sampling,ARC-RSEQ,1314535966,A8XR_231128_01_F02,R8XR-23120508,MTX-2165,10000,Nuclei,1061736705,L8XR_231130_01_A02,1970_F03,mouse,Mus musculus,1313729839,NWGC
NW-MX2165-3,10xRSeq_Mult,P56_Unbiased_Sampling,ARC-RSEQ,1314535968,A8XR_231128_01_G02,R8XR-23120508,MTX-2165,10000,Nuclei,1061736705,L8XR_231130_01_B10,1970_G03,mouse,Mus musculus,1313729840,NWGC
NW-MX2165-4,10xRSeq_Mult,P56_Unbiased_Sampling,ARC-RSEQ,1314535970,A8XR_231128_01_H02,R8XR-23120508,MTX-2165,10000,Nuclei,1061736705,L8XR_231130_01_C10,1970_H03,mouse,Mus musculus,1313729841,NWGC
NW-MX2165-5,10xRSeq_Mult,AD_Center_Grant,ARC-RSEQ,1314535972,A8XR_231128_01_A03,R8XR-23120508,MTX-2165,10000,Nuclei,1061736705,L8XR_231130_21_A05,1971_A04,human,Homo Sapiens,1312901545,NWGC
NW-MX2165-6,10xRSeq_Mult,AD_Center_Grant,ARC-RSEQ,1314535974,A8XR_231128_01_B03,R8XR-23120508,MTX-2165,10000,Nuclei,1061736705,L8XR_231130_21_A03,1971_B04,human,Homo Sapiens,1312901643,NWGC
NW-MX2165-7,10xRSeq_Mult,AD_Center_Grant,ARC-RSEQ,1314535977,A8XR_231128_01_C03,R8XR-23120508,MTX-2165,10000,Nuclei,1061736705,L8XR_231130_21_B03,1971_C04,human,Homo Sapiens,1312901729,NWGC
NW-MX2165-8,10xRSeq_Mult,P56_Unbiased_Sampling,ARC-RSEQ,1314535980,A8XR_231128_01_D03,R8XR-23120508,MTX-2165,10000,Nuclei,1061736705,L8XR_231130_01_A12,1972_A01,mouse,Mus musculus,1313670456,NWGC
NW-MX2165-9,10xRSeq_Mult,P56_Unbiased_Sampling,ARC-RSEQ,1314535982,A8XR_231128_01_E03,R8XR-23120508,MTX-2165,10000,Nuclei,1061736705,L8XR_231130_01_B12,1972_B01,mouse,Mus musculus,1313670457,NWGC
NW-MX2167-1,10xRSeq_Mult,P56_Unbiased_Sampling,ARC-RSEQ,1314535984,A8XR_231128_01_F03,R8XR-23121203,MTX-2167,10000,Nuclei,1061736705,L8XR_231130_01_D10,1972_C01,mouse,Mus musculus,1313670458,NWGC
NW-MX2167-2,10xRSeq_Mult,P56_Unbiased_Sampling,ARC-RSEQ,1314535987,A8XR_231128_01_G03,R8XR-23121203,MTX-2167,10000,Nuclei,1061736705,L8XR_231130_01_E10,1972_D01,mouse,Mus musculus,1313670459,NWGC
NW-MX2167-3,10xRSeq_Mult,P56_Unbiased_Sampling,ARC-RSEQ,1314535989,A8XR_231128_01_H03,R8XR-23121203,MTX-2167,10000,Nuclei,1061736705,L8XR_231130_01_F10,1972_E01,mouse,Mus musculus,1313670460,NWGC
NW-MX2167-4,10xRSeq_Mult,P56_Unbiased_Sampling,ARC-RSEQ,1314535991,A8XR_231128_01_A04,R8XR-23121203,MTX-2167,10000,Nuclei,1061736705,L8XR_231130_01_G10,1972_F01,mouse,Mus musculus,1313670461,NWGC
NW-MX2167-5,10xRSeq_Mult,P56_Unbiased_Sampling,ARC-RSEQ,1314536154,A8XR_231128_02_A01,R8XR-23121203,MTX-2167,10000,Nuclei,1061736705,L8XR_231130_01_E12,1974_A03,mouse,Mus musculus,1313931153,NWGC
NW-MX2167-6,10xRSeq_Mult,P56_Unbiased_Sampling,ARC-RSEQ,1314536156,A8XR_231128_02_B01,R8XR-23121203,MTX-2167,10000,Nuclei,1061736705,L8XR_231130_01_F12,1974_B03,mouse,Mus musculus,1313931154,NWGC
NW-MX2167-7,10xRSeq_Mult,P56_Unbiased_Sampling,ARC-RSEQ,1316210181,A8XR_231205_01_B02,R8XR-23121203,MTX-2167,10000,Nuclei,1061736705,L8XR_231207_01_C07,1979_A07,mouse,Mus musculus,1314672792,NWGC
NW-MX2167-8,10xRSeq_Mult,P56_Unbiased_Sampling,ARC-RSEQ,1316210183,A8XR_231205_01_C02,R8XR-23121203,MTX-2167,10000,Nuclei,1061736705,L8XR_231207_01_D07,1979_C07,mouse,Mus musculus,1314672794,NWGC
NW-MX2167-9,10xRSeq_Mult,SCORCH,ARC-RSEQ,1316210215,A8XR_231205_01_F03,R8XR-23121203,MTX-2167,10000,Nuclei,1061736705,L8XR_231207_01_C09,1983_E01,mouse,Mus musculus,1315970386,NWGC
NW-MX2168-1,10xRSeq_Mult,P56_Unbiased_Sampling,ARC-RSEQ,1316210186,A8XR_231205_01_D02,R8XR-23121204,MTX-2168,10000,Nuclei,1061736705,L8XR_231207_01_E07,1979_D07,mouse,Mus musculus,1314672795,NWGC
NW-MX2168-2,10xRSeq_Mult,P56_Unbiased_Sampling,ARC-RSEQ,1316210191,A8XR_231205_01_F02,R8XR-23121204,MTX-2168,10000,Nuclei,1061736705,L8XR_231207_01_G07,1979.1_F07,mouse,Mus musculus,1314672797,NWGC
NW-MX2168-3,10xRSeq_Mult,AD_Center_Grant,ARC-RSEQ,1316210195,A8XR_231205_01_G02,R8XR-23121204,MTX-2168,10000,Nuclei,1061736705,L8XR_231207_01_F06,1981_A09,human,Homo Sapiens,1316034078,NWGC
NW-MX2168-4,10xRSeq_Mult,AD_Center_Grant,ARC-RSEQ,1316210198,A8XR_231205_01_H02,R8XR-23121204,MTX-2168,10000,Nuclei,1061736705,L8XR_231207_01_G06,1981_B09,human,Homo Sapiens,1316034165,NWGC
NW-MX2168-5,10xRSeq_Mult,AD_Center_Grant,ARC-RSEQ,1316210203,A8XR_231205_01_A03,R8XR-23121204,MTX-2168,10000,Nuclei,1061736705,L8XR_231207_01_H07,1981_C09,human,Homo Sapiens,1316034296,NWGC
NW-MX2168-6,10xRSeq_Mult,SCORCH,ARC-RSEQ,1316210205,A8XR_231205_01_B03,R8XR-23121204,MTX-2168,10000,Nuclei,1061736705,L8XR_231207_01_A09,1983_A01,mouse,Mus musculus,1315617993,NWGC
NW-MX2168-7,10xRSeq_Mult,SCORCH,ARC-RSEQ,1316210207,A8XR_231205_01_C03,R8XR-23121204,MTX-2168,10000,Nuclei,1061736705,L8XR_231207_01_A08,1983_B01,mouse,Mus musculus,1315617994,NWGC
NW-MX2168-8,10xRSeq_Mult,SCORCH,ARC-RSEQ,1316210209,A8XR_231205_01_D03,R8XR-23121204,MTX-2168,10000,Nuclei,1061736705,L8XR_231207_01_B08,1983_C01,mouse,Mus musculus,1315617995,NWGC
NW-MX2168-9,10xRSeq_Mult,SCORCH,ARC-RSEQ,1316210212,A8XR_231205_01_E03,R8XR-23121204,MTX-2168,10000,Nuclei,1061736705,L8XR_231207_01_B09,1983_D01,mouse,Mus musculus,1315970384,NWGC
NW-MX2169-1,10xRSeq_Mult,SCORCH,ARC-RSEQ,1316210218,A8XR_231205_01_G03,R8XR-23121904,MTX-2169,10000,Nuclei,1061736705,L8XR_231207_01_D09,1983_F01,mouse,Mus musculus,1315970387,NWGC
NW-MX2169-2,10xRSeq_Mult,AD_Center_Grant,ARC-RSEQ,1317853611,A8XR_231208_01_A01,R8XR-23121904,MTX-2169,10000,Nuclei,1061736705,L8XR_231214_01_C01,1987_A05,human,Homo Sapiens,1316998140,NWGC
NW-MX2169-3,10xRSeq_Mult,AD_Center_Grant,ARC-RSEQ,1317853614,A8XR_231208_01_B01,R8XR-23121904,MTX-2169,10000,Nuclei,1061736705,L8XR_231214_01_D01,1987_B05,human,Homo Sapiens,1316998207,NWGC
NW-MX2169-4,10xRSeq_Mult,AD_Center_Grant,ARC-RSEQ,1317853619,A8XR_231208_01_D01,R8XR-23121904,MTX-2169,10000,Nuclei,1061736705,L8XR_231214_01_E01,1987_C05,human,Homo Sapiens,1316998272,NWGC
NW-MX2169-5,10xRSeq_Mult,P56_Unbiased_Sampling,ARC-RSEQ,1317853844,A8XR_231212_01_D01,R8XR-23121904,MTX-2169,9627,Nuclei,1061736705,L8XR_231214_01_G11,1989_A07,mouse,Mus musculus,1317678546,NWGC
NW-MX2169-6,10xRSeq_Mult,P56_Unbiased_Sampling,ARC-RSEQ,1317853846,A8XR_231212_01_E01,R8XR-23121904,MTX-2169,9627,Nuclei,1061736705,L8XR_231214_01_H10,1989_B07,mouse,Mus musculus,1317678547,NWGC
NW-MX2169-7,10xRSeq_Mult,P56_Unbiased_Sampling,ARC-RSEQ,1317853848,A8XR_231212_01_F01,R8XR-23121904,MTX-2169,10000,Nuclei,1061736705,L8XR_231214_01_H11,1989_C07,mouse,Mus musculus,1317678548,NWGC
NW-MX2169-8,10xRSeq_Mult,P56_Unbiased_Sampling,ARC-RSEQ,1317853850,A8XR_231212_01_G01,R8XR-23121904,MTX-2169,10000,Nuclei,1061736705,L8XR_231214_01_A12,1989_D07,mouse,Mus musculus,1317678549,NWGC
NW-MX2169-9,10xRSeq_Mult,P56_Unbiased_Sampling,ARC-RSEQ,1317853852,A8XR_231212_01_H01,R8XR-23121904,MTX-2169,10000,Nuclei,1061736705,L8XR_231214_01_B12,1989_E07,mouse,Mus musculus,1317678550,NWGC
NW-MX2170-1,10xRSeq_Mult,P56_Unbiased_Sampling,ARC-RSEQ,1317853854,A8XR_231212_01_A02,R8XR-23121905,MTX-2170,10000,Nuclei,1061736705,L8XR_231214_01_C12,1989_F07,mouse,Mus musculus,1317678551,NWGC
NW-MX2170-2,10xRSeq_Mult,AD_Center_Grant,ARC-RSEQ,1317853857,A8XR_231212_01_B02,R8XR-23121905,MTX-2170,10000,Nuclei,1061736705,L8XR_231214_01_A11,1991_A09,human,Homo Sapiens,1316999250,NWGC
NW-MX2170-3,10xRSeq_Mult,AD_Center_Grant,ARC-RSEQ,1317853859,A8XR_231212_01_C02,R8XR-23121905,MTX-2170,10000,Nuclei,1061736705,L8XR_231214_01_B01,1991_B09,human,Homo Sapiens,1316999304,NWGC
NW-MX2170-4,10xRSeq_Mult,P56_Unbiased_Sampling,ARC-RSEQ,1317853778,A8XR_231212_02_G01,R8XR-23121905,MTX-2170,10000,Nuclei,1061736705,L8XR_231214_01_A02,1992_A01,mouse,Mus musculus,1317644850,NWGC
NW-MX2170-5,10xRSeq_Mult,P56_Unbiased_Sampling,ARC-RSEQ,1317853781,A8XR_231212_02_H01,R8XR-23121905,MTX-2170,10000,Nuclei,1061736705,L8XR_231214_01_B02,1992_B01,mouse,Mus musculus,1317644851,NWGC
NW-MX2170-6,10xRSeq_Mult,P56_Unbiased_Sampling,ARC-RSEQ,1317853783,A8XR_231212_02_A02,R8XR-23121905,MTX-2170,10000,Nuclei,1061736705,L8XR_231214_03_G09,1992_C01,mouse,Mus musculus,1317644852,NWGC
NW-MX2170-7,10xRSeq_Mult,P56_Unbiased_Sampling,ARC-RSEQ,1317853787,A8XR_231212_02_B02,R8XR-23121905,MTX-2170,10000,Nuclei,1061736705,L8XR_231214_03_H09,1992_D01,mouse,Mus musculus,1317644853,NWGC
NW-MX2170-8,10xRSeq_Mult,P56_Unbiased_Sampling,ARC-RSEQ,1317853789,A8XR_231212_02_C02,R8XR-23121905,MTX-2170,10000,Nuclei,1061736705,L8XR_231214_01_F01,1992_E01,mouse,Mus musculus,1317644854,NWGC
NW-MX2170-9,10xRSeq_Mult,P56_Unbiased_Sampling,ARC-RSEQ,1317853791,A8XR_231212_02_D02,R8XR-23121905,MTX-2170,10000,Nuclei,1061736705,L8XR_231214_01_G01,1992_F01,mouse,Mus musculus,1317644855,NWGC
NW-MX2171-1,10xRSeq_Mult,AD_Center_Grant,ARC-RSEQ,1317853861,A8XR_231212_01_D02,R8XR-24010302,MTX-2171,10000,Nuclei,1061736705,L8XR_231214_01_A01,1991_C09,human,Homo Sapiens,1316999367,NWGC
NW-MX2171-2,10xRSeq_Mult,AD_Center_Grant,ARC-RSEQ,1319231862,A8XR_231215_01_B01,R8XR-24010302,MTX-2171,10000,Nuclei,1061736705,L8XR_231221_04_D04,1997_A05,human,Homo Sapiens,1318952322,NWGC
NW-MX2171-3,10xRSeq_Mult,AD_Center_Grant,ARC-RSEQ,1319231864,A8XR_231215_01_C01,R8XR-24010302,MTX-2171,10000,Nuclei,1061736705,L8XR_231221_04_F04,1997_B05,human,Homo Sapiens,1318952395,NWGC
NW-MX2171-4,10xRSeq_Mult,AD_Center_Grant,ARC-RSEQ,1319231866,A8XR_231215_01_D01,R8XR-24010302,MTX-2171,10000,Nuclei,1061736705,L8XR_231221_04_E04,1997_C05,human,Homo Sapiens,1318952527,NWGC
NW-MX2171-5,10xRSeq_Mult,AD_Center_Grant,ARC-RSEQ,1319232102,A8XR_231219_01_E01,R8XR-24010302,MTX-2171,10000,Nuclei,1061736705,L8XR_231221_02_D02,2001_A08,human,Homo Sapiens,1318952690,NWGC
NW-MX2171-6,10xRSeq_Mult,AD_Center_Grant,ARC-RSEQ,1319232104,A8XR_231219_01_F01,R8XR-24010302,MTX-2171,10000,Nuclei,1061736705,L8XR_231221_02_C02,2001_B08,human,Homo Sapiens,1318952756,NWGC
NW-MX2171-7,10xRSeq_Mult,AD_Center_Grant,ARC-RSEQ,1319232108,A8XR_231219_01_G01,R8XR-24010302,MTX-2171,10000,Nuclei,1061736705,L8XR_231221_02_G02,2001_C08,human,Homo Sapiens,1318952820,NWGC
NW-MX2171-8,10xRSeq_Mult,Geriatric_Mouse,ARC-RSEQ,1319232111,A8XR_231219_01_H01,R8XR-24010302,MTX-2171,10000,Nuclei,1061736705,L8XR_231221_02_G03,2002_A01,mouse,Mus musculus,1319211724,NWGC
NW-MX2171-9,10xRSeq_Mult,Geriatric_Mouse,ARC-RSEQ,1319232115,A8XR_231219_01_A02,R8XR-24010302,MTX-2171,10000,Nuclei,1061736705,L8XR_231221_02_E02,2002_C01,mouse,Mus musculus,1319211726,NWGC
NW-MX2172-1,10xRSeq_Mult,Geriatric_Mouse,ARC-RSEQ,1319232120,A8XR_231219_01_B02,R8XR-24012304,MTX-2172,10000,Nuclei,1061736705,L8XR_231221_02_H02,2002_D01,mouse,Mus musculus,1318582608,NWGC
NW-MX2172-2,10xRSeq_Mult,Geriatric_Mouse,ARC-RSEQ,1319232124,A8XR_231219_01_C02,R8XR-24012304,MTX-2172,10000,Nuclei,1061736705,L8XR_231221_02_A03,2002_E01,mouse,Mus musculus,1318582609,NWGC
NW-MX2172-3,10xRSeq_Mult,Geriatric_Mouse,ARC-RSEQ,1319232127,A8XR_231219_01_D02,R8XR-24012304,MTX-2172,10000,Nuclei,1061736705,L8XR_231221_02_F02,2002_F01,mouse,Mus musculus,1318582610,NWGC
NW-MX2172-4,10xRSeq_Mult,Geriatric_Mouse,ARC-RSEQ,1319232131,A8XR_231219_01_E02,R8XR-24012304,MTX-2172,10000,Nuclei,1061736705,L8XR_231221_02_B03,2002.1_G01,mouse,Mus musculus,1319211730,NWGC
NW-MX2172-5,10xRSeq_Mult,AD_Center_Grant,ARC-RSEQ,1321670233,A8XR_231222_01_C02,R8XR-24012304,MTX-2172,10000,Nuclei,1061736705,L8XR_240104_01_E05,2007_A06,human,Homo Sapiens,1321240759,NWGC
NW-MX2172-6,10xRSeq_Mult,AD_Center_Grant,ARC-RSEQ,1321670236,A8XR_231222_01_D02,R8XR-24012304,MTX-2172,10000,Nuclei,1061736705,L8XR_240104_01_D05,2007_B06,human,Homo Sapiens,1321243563,NWGC
NW-MX2172-7,10xRSeq_Mult,AD_Center_Grant,ARC-RSEQ,1324765517,A8XR_240112_01_G01,R8XR-24012304,MTX-2172,10000,Nuclei,1061736705,L8XR_240118_21_F01,2022_A05,human,Homo Sapiens,1324748822,NWGC
NW-MX2172-8,10xRSeq_Mult,AD_Center_Grant,ARC-RSEQ,1324765521,A8XR_240112_01_H01,R8XR-24012304,MTX-2172,10000,Nuclei,1061736705,L8XR_240118_21_E01,2022_B05,human,Homo Sapiens,1324748889,NWGC
NW-MX2172-9,10xRSeq_Mult,AD_Center_Grant,ARC-RSEQ,1324980089,A8XR_240116_01_D01,R8XR-24012304,MTX-2172,10000,Nuclei,1061736705,L8XR_240118_01_F11,2027_A09,human,Homo Sapiens,1324750022,NWGC
NW-MX2173-1,10xRSeq_Mult,AD_Center_Grant,ARC-RSEQ,1324980091,A8XR_240116_01_E01,R8XR-24022706,MTX-2173,10000,Nuclei,1061736705,L8XR_240118_01_G11,2027_B09,human,Homo Sapiens,1324750092,NWGC
NW-MX2173-2,10xRSeq_Mult,Geriatric_Mouse,ARC-RSEQ,1327674486,A8XR_240130_01_A02,R8XR-24022706,MTX-2173,9627,Nuclei,1061736705,L8XR_240207_01_G10,2044_A07,mouse,Mus musculus,1327367547,NWGC
NW-MX2173-3,10xRSeq_Mult,Geriatric_Mouse,ARC-RSEQ,1327674488,A8XR_240130_01_B02,R8XR-24022706,MTX-2173,10000,Nuclei,1061736705,L8XR_240207_01_H10,2044_B07,mouse,Mus musculus,1327367548,NWGC
NW-MX2173-4,10xRSeq_Mult,Geriatric_Mouse,ARC-RSEQ,1329324083,A8XR_240202_01_B01,R8XR-24022706,MTX-2173,10000,Nuclei,1061736705,L8XR_240208_21_D01,2044_D07,mouse,Mus musculus,1326436722,NWGC
NW-MX2173-5,10xRSeq_Mult,AD_Center_Grant,ARC-RSEQ,1331168929,A8XR_240213_01_D01,R8XR-24022706,MTX-2173,10000,Nuclei,1061736705,L8XR_240215_01_H07,2065_A09,human,Homo Sapiens,1330757738,NWGC
NW-MX2173-6,10xRSeq_Mult,AD_Center_Grant,ARC-RSEQ,1331168932,A8XR_240213_01_E01,R8XR-24022706,MTX-2173,10000,Nuclei,1061736705,L8XR_240215_01_F07,2065_B09,human,Homo Sapiens,1330757914,NWGC
NW-MX2173-7,10xRSeq_Mult,AD_Center_Grant,ARC-RSEQ,1331168936,A8XR_240213_01_F01,R8XR-24022706,MTX-2173,10000,Nuclei,1061736705,L8XR_240215_01_G07,2065_C09,human,Homo Sapiens,1330758036,NWGC
NW-MX2173-8,10xRSeq_Mult,AD_Center_Grant,ARC-RSEQ,1332632389,A8XR_240220_01_G01,R8XR-24022706,MTX-2173,10000,Nuclei,1061736705,L8XR_240222_21_C01,2075_A10,human,Homo Sapiens,1332462095,NWGC
NW-MX2173-9,10xRSeq_Mult,AD_Center_Grant,ARC-RSEQ,1332632395,A8XR_240220_01_A02,R8XR-24022706,MTX-2173,10000,Nuclei,1061736705,L8XR_240222_21_A01,2075_C10,human,Homo Sapiens,1332462348,NWGC
NW-MX2174-1,10xRSeq_Mult,AD_Center_Grant,ARC-RSEQ,1332609323,A8XR_240216_01_F01,R8XR-24030506,MTX-2174,10000,Nuclei,1061736705,L8XR_240229_02_C09,2070_A05,human,Homo Sapiens,1332158675,NWGC
NW-MX2174-10,10xRSeq_Mult,RetroSeq+Synthetic_Constructs,ARC-RSEQ,1334659091,A8XR_240227_02_E01,R8XR-24030506,MTX-2174,3198,Nuclei,1061736705,L8XR_240229_02_E09,2088_A01,mouse,Mus musculus,1334404247,NWGC
NW-MX2174-2,10xRSeq_Mult,AD_Center_Grant,ARC-RSEQ,1332609326,A8XR_240216_01_G01,R8XR-24030506,MTX-2174,10000,Nuclei,1061736705,L8XR_240229_04_E06,2070_B05,human,Homo Sapiens,1332461829,NWGC
NW-MX2174-3,10xRSeq_Mult,AD_Center_Grant,ARC-RSEQ,1332609333,A8XR_240216_01_H01,R8XR-24030506,MTX-2174,10000,Nuclei,1061736705,L8XR_240222_01_C10,2070_C05,human,Homo Sapiens,1332461959,NWGC
NW-MX2174-4,10xRSeq_Mult,AD_Center_Grant,ARC-RSEQ,1332632393,A8XR_240220_01_H01,R8XR-24030506,MTX-2174,10000,Nuclei,1061736705,L8XR_240222_21_D01,2075_B10,human,Homo Sapiens,1332462181,NWGC
NW-MX2174-5,10xRSeq_Mult,P56_Unbiased_Sampling,ARC-RSEQ,1332632419,A8XR_240220_01_C03,R8XR-24030506,MTX-2174,10000,Nuclei,1061736705,L8XR_240222_21_B02,2073_A08,mouse,Mus musculus,1331829752,NWGC
NW-MX2174-6,10xRSeq_Mult,P56_Unbiased_Sampling,ARC-RSEQ,1332632421,A8XR_240220_01_D03,R8XR-24030506,MTX-2174,10000,Nuclei,1061736705,L8XR_240222_21_G01,2073_B08,mouse,Mus musculus,1331829753,NWGC
NW-MX2174-7,10xRSeq_Mult,Geriatric_Mouse,ARC-RSEQ,1332632423,A8XR_240220_01_E03,R8XR-24030506,MTX-2174,10000,Nuclei,1061736705,L8XR_240222_21_B01,2073_C08,mouse,Mus musculus,1331829755,NWGC
NW-MX2174-8,10xRSeq_Mult,Dissectate_handling+MG_MethDev,ARC-RSEQ,1334615607,A8XR_240223_01_H03,R8XR-24030506,MTX-2174,10000,Nuclei,1061736705,L8XR_240229_04_G05,2083_G07,mouse,Mus musculus,1333379766,NWGC
NW-MX2174-9,10xRSeq_Mult,Dissectate_handling+MG_MethDev,ARC-RSEQ,1334615573,A8XR_240223_01_B02,R8XR-24030506,MTX-2174,10000,Nuclei,1061736705,L8XR_240229_04_B07,2083_H07,mouse,Mus musculus,1333379767,NWGC
NW-MX2175-1,10xRSeq_Mult,AD_Center_Grant,ARC-RSEQ,1336433869,A8XR_240301_01_G01,R8XR-24031904,MTX-2175,10000,Nuclei,1061736705,L8XR_240307_21_A11,2094_A07,human,Homo Sapiens,1335544646,NWGC
NW-MX2175-10,10xRSeq_Mult,MY-retroseq,ARC-RSEQ,1337769561,A8XR_240308_01_A02,R8XR-24031904,MTX-2175,4521,Nuclei,1061736705,L8XR_240314_21_E06,2107_A06,mouse,Mus musculus,1337250084,NWGC
NW-MX2175-11,10xRSeq_Mult,MY-retroseq,ARC-RSEQ,1337769569,A8XR_240308_01_B02,R8XR-24031904,MTX-2175,4298,Nuclei,1061736705,L8XR_240314_21_F06,2107_B06,mouse,Mus musculus,1337250083,NWGC
NW-MX2175-2,10xRSeq_Mult,AD_Center_Grant,ARC-RSEQ,1336433872,A8XR_240301_01_H01,R8XR-24031904,MTX-2175,10000,Nuclei,1061736705,L8XR_240307_21_D10,2094_B07,human,Homo Sapiens,1335544795,NWGC
NW-MX2175-3,10xRSeq_Mult,AD_Center_Grant,ARC-RSEQ,1336433874,A8XR_240301_01_A02,R8XR-24031904,MTX-2175,10000,Nuclei,1061736705,L8XR_240307_21_D01,2094_C07,human,Homo Sapiens,1335544956,NWGC
NW-MX2175-4,10xRSeq_Mult,AD_Center_Grant,ARC-RSEQ,1336387560,A8XR_240305_01_A01,R8XR-24031904,MTX-2175,10000,Nuclei,1061736705,L8XR_240307_02_E02,2100_A11,human,Homo Sapiens,1335548111,NWGC
NW-MX2175-5,10xRSeq_Mult,AD_Center_Grant,ARC-RSEQ,1336387563,A8XR_240305_01_B01,R8XR-24031904,MTX-2175,10000,Nuclei,1061736705,L8XR_240307_02_C03,2100_B11,human,Homo Sapiens,1335548563,NWGC
NW-MX2175-6,10xRSeq_Mult,P56_Unbiased_Sampling,ARC-RSEQ,1337769590,A8XR_240308_01_E02,R8XR-24031904,MTX-2175,10000,Nuclei,1061736705,L8XR_240314_21_G05,2104_C03,mouse,Mus musculus,1336030043,NWGC
NW-MX2175-7,10xRSeq_Mult,P56_Unbiased_Sampling,ARC-RSEQ,1337769596,A8XR_240308_01_F02,R8XR-24031904,MTX-2175,10000,Nuclei,1061736705,L8XR_240314_21_H05,2104_D03,mouse,Mus musculus,1336030044,NWGC
NW-MX2175-8,10xRSeq_Mult,Histaminergic_cell_diversity,ARC-RSEQ,1337769511,A8XR_240308_01_C01,R8XR-24031904,MTX-2175,1264,Nuclei,1061736705,L8XR_240314_21_E05,2106_A05,mouse,Mus musculus,1336969487,NWGC
NW-MX2175-9,10xRSeq_Mult,AD_Center_Grant,ARC-RSEQ,1337769604,A8XR_240308_01_G02,R8XR-24031904,MTX-2175,10000,Nuclei,1061736705,L8XR_240314_21_H06,2109_A08,human,Homo Sapiens,1336929404,NWGC
NW-MX2176-1,10xRSeq_Mult,AD_Center_Grant,ARC-RSEQ,1337769612,A8XR_240308_01_H02,R8XR-24040205,MTX-2176,10000,Nuclei,1061736705,L8XR_240314_21_A06,2109_B08,human,Homo Sapiens,1336929476,NWGC
NW-MX2176-2,10xRSeq_Mult,AD_Center_Grant,ARC-RSEQ,1337769618,A8XR_240308_01_A03,R8XR-24040205,MTX-2176,10000,Nuclei,1061736705,L8XR_240314_21_B06,2109_C08,human,Homo Sapiens,1336929552,NWGC
NW-MX2176-3,10xRSeq_Mult,AD_Center_Grant,ARC-RSEQ,1337777491,A8XR_240312_02_G01,R8XR-24040205,MTX-2176,10000,Nuclei,1061736705,L8XR_240314_02_F07,2117_A11,human,Homo Sapiens,1336929621,NWGC
NW-MX2176-4,10xRSeq_Mult,AD_Center_Grant,ARC-RSEQ,1337777495,A8XR_240312_02_H01,R8XR-24040205,MTX-2176,10000,Nuclei,1061736705,L8XR_240314_02_E08,2117_B11,human,Homo Sapiens,1336929683,NWGC
NW-MX2176-5,10xRSeq_Mult,AD_Center_Grant,ARC-RSEQ,1337777498,A8XR_240312_02_A02,R8XR-24040205,MTX-2176,10000,Nuclei,1061736705,L8XR_240314_02_F08,2117_C11,human,Homo Sapiens,1336929770,NWGC
NW-MX2176-6,10xRSeq_Mult,AD_Center_Grant,ARC-RSEQ,1341493510,A8XR_240322_01_A02,R8XR-24040205,MTX-2176,10000,Nuclei,1061736705,L8XR_240328_02_C05,2121_A04,human,Homo Sapiens,1339196212,NWGC
NW-MX2176-7,10xRSeq_Mult,AD_Center_Grant,ARC-RSEQ,1339410555,A8XR_240315_01_C02,R8XR-24040205,MTX-2176,10000,Nuclei,1061736705,L8XR_240322_02_E01,2121_B04,human,Homo Sapiens,1339196332,NWGC
NW-MX2176-8,10xRSeq_Mult,AD_Center_Grant,ARC-RSEQ,1341493515,A8XR_240322_01_B02,R8XR-24040205,MTX-2176,10000,Nuclei,1061736705,L8XR_240328_02_E05,2121_C04,human,Homo Sapiens,1339196528,NWGC
NW-MX2176-9,10xRSeq_Mult,AD_Center_Grant,ARC-RSEQ,1341493520,A8XR_240322_01_C02,R8XR-24040205,MTX-2176,10000,Nuclei,1061736705,L8XR_240328_02_F05,2134_A05,human,Homo Sapiens,1340665110,NWGC
NW-MX2177-1,10xRSeq_Mult,AD_Center_Grant,ARC-RSEQ,1341493524,A8XR_240322_01_D02,R8XR-24041605,MTX-2177,10000,Nuclei,1061736705,L8XR_240328_02_G05,2134_B05,human,Homo Sapiens,1340665211,NWGC
NW-MX2177-2,10xRSeq_Mult,AD_Center_Grant,ARC-RSEQ,1341493527,A8XR_240322_01_E02,R8XR-24041605,MTX-2177,10000,Nuclei,1061736705,L8XR_240328_02_D05,2134_C05,human,Homo Sapiens,1340665288,NWGC
NW-MX2177-3,10xRSeq_Mult,SCORCH,ARC-RSEQ,1342763369,A8XR_240329_01_F02,R8XR-24041605,MTX-2177,10000,Nuclei,1061736705,L8XR_240404_03_D11,2148_A05,mouse,Mus musculus,1340883430,NWGC
NW-MX2177-4,10xRSeq_Mult,SCORCH,ARC-RSEQ,1342763374,A8XR_240329_01_G02,R8XR-24041605,MTX-2177,10000,Nuclei,1061736705,L8XR_240404_03_E11,2148_B05,mouse,Mus musculus,1340883431,NWGC
NW-MX2177-5,10xRSeq_Mult,SCORCH,ARC-RSEQ,1342763377,A8XR_240329_01_H02,R8XR-24041605,MTX-2177,10000,Nuclei,1061736705,L8XR_240404_03_F11,2148_C05,mouse,Mus musculus,1340883432,NWGC
NW-MX2177-6,10xRSeq_Mult,AD_Center_Grant,ARC-RSEQ,1342763379,A8XR_240329_01_A03,R8XR-24041605,MTX-2177,10000,Nuclei,1061736705,L8XR_240404_03_F10,2150_A07,human,Homo Sapiens,1342302455,NWGC
NW-MX2177-7,10xRSeq_Mult,AD_Center_Grant,ARC-RSEQ,1342763383,A8XR_240329_01_B03,R8XR-24041605,MTX-2177,10000,Nuclei,1061736705,L8XR_240404_03_C10,2150_B07,human,Homo Sapiens,1342302630,NWGC
NW-MX2177-8,10xRSeq_Mult,AD_Center_Grant,ARC-RSEQ,1342763386,A8XR_240329_01_C03,R8XR-24041605,MTX-2177,10000,Nuclei,1061736705,L8XR_240404_03_D10,2150_C07,human,Homo Sapiens,1342302869,NWGC
NW-MX2177-9,10xRSeq_Mult,AD_Center_Grant,ARC-RSEQ,1344837235,A8XR_240405_01_B02,R8XR-24041605,MTX-2177,10000,Nuclei,1061736705,L8XR_240411_02_F02,2169_A06,human,Homo Sapiens,1343940659,NWGC
NW-MX2178-1,10xRSeq_Mult,AD_Center_Grant,ARC-RSEQ,1344837238,A8XR_240405_01_C02,R8XR-24042303,MTX-2178,10000,Nuclei,1061736705,L8XR_240411_02_B02,2169_B06,human,Homo Sapiens,1343940726,NWGC
NW-MX2178-2,10xRSeq_Mult,AD_Center_Grant,ARC-RSEQ,1344838459,A8XR_240409_01_A01,R8XR-24042303,MTX-2178,10000,Nuclei,1061736705,L8XR_240411_02_H01,2169_C06,human,Homo Sapiens,1343940794,NWGC
NW-MX2178-3,10xRSeq_Mult,AD_Center_Grant,ARC-RSEQ,1344838485,A8XR_240409_01_B02,R8XR-24042303,MTX-2178,10000,Nuclei,1061736705,L8XR_240411_02_C02,2175_A09,human,Homo Sapiens,1343940881,NWGC
NW-MX2178-4,10xRSeq_Mult,AD_Center_Grant,ARC-RSEQ,1344838488,A8XR_240409_01_C02,R8XR-24042303,MTX-2178,10000,Nuclei,1061736705,L8XR_240411_02_D02,2175_B09,human,Homo Sapiens,1343940956,NWGC
NW-MX2178-5,10xRSeq_Mult,SCORCH,ARC-RSEQ,1346356084,A8XR_240412_01_C02,R8XR-24042303,MTX-2178,10000,Nuclei,1061736705,L8XR_240418_02_D08,2180_A02,mouse,Mus musculus,1344710378,NWGC
NW-MX2178-6,10xRSeq_Mult,SCORCH,ARC-RSEQ,1346356086,A8XR_240412_01_D02,R8XR-24042303,MTX-2178,10000,Nuclei,1061736705,L8XR_240418_02_E07,2180_B02,mouse,Mus musculus,1344710379,NWGC
NW-MX2178-7,10xRSeq_Mult,SCORCH,ARC-RSEQ,1346356089,A8XR_240412_01_E02,R8XR-24042303,MTX-2178,10000,Nuclei,1061736705,L8XR_240418_02_E08,2180_C02,mouse,Mus musculus,1344710380,NWGC
NW-MX2178-8,10xRSeq_Mult,SCORCH,ARC-RSEQ,1346356092,A8XR_240412_01_F02,R8XR-24042303,MTX-2178,10000,Nuclei,1061736705,L8XR_240418_02_H09,2182_A04,mouse,Mus musculus,1344126313,NWGC
NW-MX2178-9,10xRSeq_Mult,SCORCH,ARC-RSEQ,1346356094,A8XR_240412_01_G02,R8XR-24042303,MTX-2178,10000,Nuclei,1061736705,L8XR_240418_02_F08,2182_B04,mouse,Mus musculus,1344126314,NWGC
NW-MX2179-1,10xRSeq_Mult,SCORCH,ARC-RSEQ,1346356096,A8XR_240412_01_H02,R8XR-24043003,MTX-2179,10000,Nuclei,1061736705,L8XR_240418_02_G08,2182_C04,mouse,Mus musculus,1344132533,NWGC
NW-MX2179-2,10xRSeq_Mult,AD_Center_Grant,ARC-RSEQ,1346356099,A8XR_240412_01_A03,R8XR-24043003,MTX-2179,10000,Nuclei,1061736705,L8XR_240418_02_D07,2184_A06,human,Homo Sapiens,1345701617,NWGC
NW-MX2179-3,10xRSeq_Mult,AD_Center_Grant,ARC-RSEQ,1346356101,A8XR_240412_01_B03,R8XR-24043003,MTX-2179,10000,Nuclei,1061736705,L8XR_240418_02_G07,2184_B06,human,Homo Sapiens,1345701733,NWGC
NW-MX2179-4,10xRSeq_Mult,AD_Center_Grant,ARC-RSEQ,1346356103,A8XR_240412_01_C03,R8XR-24043003,MTX-2179,10000,Nuclei,1061736705,L8XR_240418_02_H07,2184_C06,human,Homo Sapiens,1345701818,NWGC
NW-MX2179-5,10xRSeq_Mult,SCORCH,ARC-RSEQ,1346356663,A8XR_240416_02_B02,R8XR-24043003,MTX-2179,10000,Nuclei,1061736705,L8XR_240418_02_F07,2189_A09,mouse,Mus musculus,1344814095,NWGC
NW-MX2179-6,10xRSeq_Mult,SCORCH,ARC-RSEQ,1346356665,A8XR_240416_02_C02,R8XR-24043003,MTX-2179,10000,Nuclei,1061736705,L8XR_240418_02_A08,2189_B09,mouse,Mus musculus,1345721760,NWGC
NW-MX2179-7,10xRSeq_Mult,SCORCH,ARC-RSEQ,1346356667,A8XR_240416_02_D02,R8XR-24043003,MTX-2179,10000,Nuclei,1061736705,L8XR_240418_02_B08,2189_C09,mouse,Mus musculus,1345721763,NWGC
NW-MX2179-8,10xRSeq_Mult,SCORCH,ARC-RSEQ,1347831818,A8XR_240419_01_G02,R8XR-24043003,MTX-2179,10000,Nuclei,1061736705,L8XR_240425_01_H02,2193_A03,mouse,Mus musculus,1347806588,NWGC
NW-MX2179-9,10xRSeq_Mult,SCORCH,ARC-RSEQ,1347831821,A8XR_240419_01_H02,R8XR-24043003,MTX-2179,10000,Nuclei,1061736705,L8XR_240425_01_A03,2193_B03,mouse,Mus musculus,1346005875,NWGC
NW-MX2180-1,10xRSeq_Mult,SCORCH,ARC-RSEQ,1347831823,A8XR_240419_01_A03,R8XR-24043004,MTX-2180,9534,Nuclei,1061736705,L8XR_240425_01_B03,2193_C03,mouse,Mus musculus,1346005876,NWGC
NW-MX2180-2,10xRSeq_Mult,AD_Center_Grant,ARC-RSEQ,1347831812,A8XR_240419_01_D02,R8XR-24043004,MTX-2180,10000,Nuclei,1061736705,L8XR_240425_01_E01,2196_A05,human,Homo Sapiens,1347614787,NWGC
NW-MX2180-3,10xRSeq_Mult,AD_Center_Grant,ARC-RSEQ,1347831814,A8XR_240419_01_E02,R8XR-24043004,MTX-2180,10000,Nuclei,1061736705,L8XR_240425_01_G02,2196_B05,human,Homo Sapiens,1347614929,NWGC
NW-MX2180-4,10xRSeq_Mult,AD_Center_Grant,ARC-RSEQ,1347831816,A8XR_240419_01_F02,R8XR-24043004,MTX-2180,10000,Nuclei,1061736705,L8XR_240425_01_F01,2196_C05,human,Homo Sapiens,1347615096,NWGC
NW-MX2180-5,10xRSeq_Mult,SCORCH,ARC-RSEQ,1347831806,A8XR_240419_01_A02,R8XR-24043004,MTX-2180,10000,Nuclei,1061736705,L8XR_240425_01_E02,2197_A06,mouse,Mus musculus,1347811685,NWGC
NW-MX2180-6,10xRSeq_Mult,SCORCH,ARC-RSEQ,1347831808,A8XR_240419_01_B02,R8XR-24043004,MTX-2180,10000,Nuclei,1061736705,L8XR_240425_01_F02,2197_B06,mouse,Mus musculus,1347810148,NWGC
NW-MX2180-7,10xRSeq_Mult,Geriatric_Mouse,ARC-RSEQ,1347831810,A8XR_240419_01_C02,R8XR-24043004,MTX-2180,9254,Nuclei,1061736705,L8XR_240425_01_B01,2197_C06,mouse,Mus musculus,1347810150,NWGC
NW-MX2180-8,10xRSeq_Mult,Geriatric_Mouse,ARC-RSEQ,1347831802,A8XR_240419_01_H01,R8XR-24043004,MTX-2180,4968,Nuclei,1061736705,L8XR_240425_01_A01,2197_D06,mouse,Mus musculus,1347811688,NWGC
NW-MX2180-9,10xRSeq_Mult,SCORCH,ARC-RSEQ,1347831390,A8XR_240423_01_B02,R8XR-24043004,MTX-2180,10000,Nuclei,1061736705,L8XR_240425_01_F03,2199_A07,mouse,Mus musculus,1347034878,NWGC
NW-MX2181-1,10xRSeq_Mult,SCORCH,ARC-RSEQ,1347831393,A8XR_240423_01_C02,R8XR-24050704,MTX-2181,10000,Nuclei,1061736705,L8XR_240425_01_G01,2199_B07,mouse,Mus musculus,1347034879,NWGC
NW-MX2181-2,10xRSeq_Mult,Geriatric_Mouse,ARC-RSEQ,1347831395,A8XR_240423_01_D02,R8XR-24050704,MTX-2181,10000,Nuclei,1061736705,L8XR_240425_01_C01,2199_C07,mouse,Mus musculus,1347814855,NWGC
NW-MX2181-3,10xRSeq_Mult,Geriatric_Mouse,ARC-RSEQ,1347831397,A8XR_240423_01_E02,R8XR-24050704,MTX-2181,10000,Nuclei,1061736705,L8XR_240425_01_D01,2199_D07,mouse,Mus musculus,1347814856,NWGC
NW-MX2181-4,10xRSeq_Mult,SCORCH,ARC-RSEQ,1363746495,A8XR_240426_01_H01,R8XR-24050704,MTX-2181,10000,Nuclei,1061736705,L8XR_240502_02_F07,2203_A02,mouse,Mus musculus,1347448326,NWGC
NW-MX2181-5,10xRSeq_Mult,SCORCH,ARC-RSEQ,1363746499,A8XR_240426_01_A02,R8XR-24050704,MTX-2181,10000,Nuclei,1061736705,L8XR_240502_02_G07,2203_B02,mouse,Mus musculus,1347448327,NWGC
NW-MX2181-6,10xRSeq_Mult,SCORCH,ARC-RSEQ,1363746501,A8XR_240426_01_B02,R8XR-24050704,MTX-2181,10000,Nuclei,1061736705,L8XR_240502_02_D06,2203_C02,mouse,Mus musculus,1347448328,NWGC
NW-MX2181-7,10xRSeq_Mult,SCORCH,ARC-RSEQ,1363746503,A8XR_240426_01_C02,R8XR-24050704,MTX-2181,10000,Nuclei,1061736705,L8XR_240502_02_E06,2209_A07,mouse,Mus musculus,1363746337,NWGC
NW-MX2181-8,10xRSeq_Mult,SCORCH,ARC-RSEQ,1363746505,A8XR_240426_01_D02,R8XR-24050704,MTX-2181,10000,Nuclei,1061736705,L8XR_240502_02_F06,2209_B07,mouse,Mus musculus,1363746338,NWGC
NW-MX2181-9,10xRSeq_Mult,Geriatric_Mouse,ARC-RSEQ,1363746508,A8XR_240426_01_E02,R8XR-24050704,MTX-2181,10000,Nuclei,1061736705,L8XR_240502_02_A06,2209_C07,mouse,Mus musculus,1347807143,NWGC
NW-MX2182-1,10xRSeq_Mult,Geriatric_Mouse,ARC-RSEQ,1363746510,A8XR_240426_01_F02,R8XR-24051404,MTX-2182,10000,Nuclei,1061736705,L8XR_240502_02_B06,2209_D07,mouse,Mus musculus,1347807144,NWGC
NW-MX2182-2,10xRSeq_Mult,AD_Center_Grant,ARC-RSEQ,1363881559,A8XR_240430_02_A02,R8XR-24051404,MTX-2182,10000,Nuclei,1061736705,L8XR_240502_02_C08,2211_A09,human,Homo Sapiens,1363121105,NWGC
NW-MX2182-3,10xRSeq_Mult,AD_Center_Grant,ARC-RSEQ,1363881561,A8XR_240430_02_B02,R8XR-24051404,MTX-2182,10000,Nuclei,1061736705,L8XR_240502_02_C06,2211_B09,human,Homo Sapiens,1363121318,NWGC
NW-MX2182-4,10xRSeq_Mult,AD_Center_Grant,ARC-RSEQ,1363881563,A8XR_240430_02_C02,R8XR-24051404,MTX-2182,10000,Nuclei,1061736705,L8XR_240502_02_A07,2211_C09,human,Homo Sapiens,1363121473,NWGC
NW-MX2182-5,10xRSeq_Mult,SCORCH,ARC-RSEQ,1363881552,A8XR_240430_02_F01,R8XR-24051404,MTX-2182,10000,Nuclei,1061736705,L8XR_240502_02_G06,2212_A01,mouse,Mus musculus,1363054051,NWGC
NW-MX2182-6,10xRSeq_Mult,SCORCH,ARC-RSEQ,1363881554,A8XR_240430_02_G01,R8XR-24051404,MTX-2182,10000,Nuclei,1061736705,L8XR_240502_02_H06,2212_B01,mouse,Mus musculus,1363054052,NWGC
NW-MX2182-7,10xRSeq_Mult,SCORCH,ARC-RSEQ,1363881557,A8XR_240430_02_H01,R8XR-24051404,MTX-2182,10000,Nuclei,1061736705,L8XR_240502_02_B08,2212_C01,mouse,Mus musculus,1363054053,NWGC
NW-MX2182-8,10xRSeq_Mult,AD_Center_Grant,ARC-RSEQ,1365236989,A8XR_240503_01_G01,R8XR-24051404,MTX-2182,10000,Nuclei,1061736705,L8XR_240509_01_D10,2217_A04,human,Homo Sapiens,1364450144,NWGC
NW-MX2182-9,10xRSeq_Mult,AD_Center_Grant,ARC-RSEQ,1365236995,A8XR_240503_01_H01,R8XR-24051404,MTX-2182,10000,Nuclei,1061736705,L8XR_240509_01_C10,2217_B04,human,Homo Sapiens,1364450202,NWGC
NW-MX2183-1,10xRSeq_Mult,AD_Center_Grant,ARC-RSEQ,1365237000,A8XR_240503_01_A02,R8XR-24051405,MTX-2183,10000,Nuclei,1061736705,L8XR_240509_01_B11,2217_C04,human,Homo Sapiens,1364450295,NWGC
NW-MX2183-2,10xRSeq_Mult,SCORCH,ARC-RSEQ,1365237004,A8XR_240503_01_B02,R8XR-24051405,MTX-2183,10000,Nuclei,1061736705,L8XR_240509_01_H11,2218_A05,mouse,Mus musculus,1363711104,NWGC
NW-MX2183-3,10xRSeq_Mult,Geriatric_Mouse,ARC-RSEQ,1365237010,A8XR_240503_01_C02,R8XR-24051405,MTX-2183,10000,Nuclei,1061736705,L8XR_240509_01_E10,2218_B05,mouse,Mus musculus,1363711105,NWGC
NW-MX2183-4,10xRSeq_Mult,Geriatric_Mouse,ARC-RSEQ,1365237015,A8XR_240503_01_D02,R8XR-24051405,MTX-2183,10000,Nuclei,1061736705,L8XR_240509_01_F10,2218_C05,mouse,Mus musculus,1363711106,NWGC
NW-MX2183-5,10xRSeq_Mult,SCORCH,ARC-RSEQ,1365237020,A8XR_240503_01_E02,R8XR-24051405,MTX-2183,10000,Nuclei,1061736705,L8XR_240509_01_G10,2221_A06,mouse,Mus musculus,1363715137,NWGC
NW-MX2183-6,10xRSeq_Mult,Geriatric_Mouse,ARC-RSEQ,1365237024,A8XR_240503_01_F02,R8XR-24051405,MTX-2183,10000,Nuclei,1061736705,L8XR_240509_01_H10,2221_B06,mouse,Mus musculus,1363715139,NWGC
NW-MX2183-7,10xRSeq_Mult,Geriatric_Mouse,ARC-RSEQ,1365237032,A8XR_240503_01_G02,R8XR-24051405,MTX-2183,10000,Nuclei,1061736705,L8XR_240509_01_A11,2221_C06,mouse,Mus musculus,1363715140,NWGC
NW-MX2183-8,10xRSeq_Mult,AD_Center_Grant,ARC-RSEQ,1365237432,A8XR_240507_01_G01,R8XR-24051405,MTX-2183,10000,Nuclei,1061736705,L8XR_240509_21_B09,2223_A08,human,Homo Sapiens,1364450364,NWGC
NW-MX2183-9,10xRSeq_Mult,AD_Center_Grant,ARC-RSEQ,1365237434,A8XR_240507_01_H01,R8XR-24051405,MTX-2183,10000,Nuclei,1061736705,L8XR_240509_21_D09,2223_B08,human,Homo Sapiens,1364450431,NWGC
NW-MX2184-1,10xRSeq_Mult,AD_Center_Grant,ARC-RSEQ,1365237436,A8XR_240507_01_A02,R8XR-24052102,MTX-2184,10000,Nuclei,1061736705,L8XR_240509_21_C09,2223_1_D08,human,Homo Sapiens,1364450516,NWGC
NW-MX2184-2,10xRSeq_Mult,SCORCH,ARC-RSEQ,1366921679,A8XR_240510_01_D02,R8XR-24052102,MTX-2184,10000,Nuclei,1061736705,L8XR_240516_21_A01,2226_A03,mouse,Mus musculus,1364936151,NWGC
NW-MX2184-3,10xRSeq_Mult,SCORCH,ARC-RSEQ,1366921681,A8XR_240510_01_E02,R8XR-24052102,MTX-2184,10000,Nuclei,1061736705,L8XR_240516_21_E01,2226_B03,mouse,Mus musculus,1364936152,NWGC
NW-MX2184-4,10xRSeq_Mult,SCORCH,ARC-RSEQ,1366921676,A8XR_240510_01_C02,R8XR-24052102,MTX-2184,10000,Cells,1061736705,L8XR_240516_21_G12,2226_C03,mouse,Mus musculus,1364936153,NWGC
NW-MX2184-5,10xRSeq_Mult,AD_Center_Grant,ARC-RSEQ,1366921683,A8XR_240510_01_F02,R8XR-24052102,MTX-2184,10000,Nuclei,1061736705,L8XR_240516_21_B01,2228_A05,human,Homo Sapiens,1366491962,NWGC
NW-MX2184-6,10xRSeq_Mult,AD_Center_Grant,ARC-RSEQ,1366921685,A8XR_240510_01_G02,R8XR-24052102,MTX-2184,10000,Nuclei,1061736705,L8XR_240516_21_C01,2228_B05,human,Homo Sapiens,1366492058,NWGC
NW-MX2184-7,10xRSeq_Mult,AD_Center_Grant,ARC-RSEQ,1366921687,A8XR_240510_01_H02,R8XR-24052102,MTX-2184,10000,Nuclei,1061736705,L8XR_240516_21_D01,2228_C05,human,Homo Sapiens,1366492131,NWGC
NW-MX2184-8,10xV4,10xV4_Pilot+MG_MethDev,CELL_RANGER_DUAL_INDEX,1367170915,A8TX_240515_01_B01,R8XR-24052102,MTX-2184,15936,Cells,1338019172,L8TX_240516_01_C04,2236_B01,mouse,Mus musculus,1367128614,NWGC
NW-MX2185-1,10xRSeq_Mult,SCORCH,ARC-RSEQ,1366921903,A8XR_240514_01_G01,R8XR-24052103,MTX-2185,10000,Nuclei,1061736705,L8XR_240516_22_F02,2230_B07,mouse,Mus musculus,1366429335,NWGC
NW-MX2185-2,10xRSeq_Mult,SCORCH,ARC-RSEQ,1366921906,A8XR_240514_01_H01,R8XR-24052103,MTX-2185,10000,Nuclei,1061736705,L8XR_240516_22_E02,2230_C07,mouse,Mus musculus,1366429337,NWGC
NW-MX2185-3,10xRSeq_Mult,SCORCH,ARC-RSEQ,1366921909,A8XR_240514_01_A02,R8XR-24052103,MTX-2185,10000,Nuclei,1061736705,L8XR_240516_22_D03,2230_1_D07,mouse,Mus musculus,1366429339,NWGC
NW-MX2185-4,10xRSeq_Mult,SCORCH,ARC-RSEQ,1366921911,A8XR_240514_01_B02,R8XR-24052103,MTX-2185,10000,Nuclei,1061736705,L8XR_240516_22_G02,2232_A01,mouse,Mus musculus,1366655279,NWGC
NW-MX2185-5,10xRSeq_Mult,SCORCH,ARC-RSEQ,1366921913,A8XR_240514_01_C02,R8XR-24052103,MTX-2185,10000,Nuclei,1061736705,L8XR_240516_22_E03,2232_B01,mouse,Mus musculus,1366655280,NWGC
NW-MX2185-6,10xRSeq_Mult,SCORCH,ARC-RSEQ,1366921915,A8XR_240514_01_D02,R8XR-24052103,MTX-2185,10000,Nuclei,1061736705,L8XR_240516_22_F03,2232_C01,mouse,Mus musculus,1366655281,NWGC
NW-MX2185-7,10xV4,10xV4_Pilot+MG_MethDev,CELL_RANGER_DUAL_INDEX,1367170913,A8TX_240515_01_A01,R8XR-24052103,MTX-2185,20009,Cells,1338019172,L8TX_240516_01_B04,2236_A01,mouse,Mus musculus,1367128613,NWGC
NW-MX2186-1,10xRSeq_Mult,SCORCH,ARC-RSEQ,1368152905,A8XR_240517_01_E02,R8XR-24060404,MTX-2186,10000,Nuclei,1061736705,L8XR_240523_22_C06,2237_A04,mouse,Mus musculus,1366677184,NWGC
NW-MX2186-2,10xRSeq_Mult,SCORCH,ARC-RSEQ,1368152907,A8XR_240517_01_F02,R8XR-24060404,MTX-2186,7764,Nuclei,1061736705,L8XR_240523_22_D06,2237_B04,mouse,Mus musculus,1366677185,NWGC
NW-MX2186-3,10xRSeq_Mult,SCORCH,ARC-RSEQ,1368152911,A8XR_240517_01_G02,R8XR-24060404,MTX-2186,10000,Nuclei,1061736705,L8XR_240523_22_E06,2237_C04,mouse,Mus musculus,1366677186,NWGC
NW-MX2186-4,10xRSeq_Mult,AD_Center_Grant,ARC-RSEQ,1368152898,A8XR_240517_01_B02,R8XR-24060404,MTX-2186,10000,Nuclei,1061736705,L8XR_240523_22_E05,2239_A06,human,Homo Sapiens,1367748762,NWGC
NW-MX2186-5,10xRSeq_Mult,AD_Center_Grant,ARC-RSEQ,1368152903,A8XR_240517_01_D02,R8XR-24060404,MTX-2186,10000,Nuclei,1061736705,L8XR_240523_22_B06,2239_C06,human,Homo Sapiens,1367748894,NWGC
NW-MX2186-6,10xRSeq_Mult,SCORCH,ARC-RSEQ,1368373032,A8XR_240521_01_C02,R8XR-24060404,MTX-2186,10000,Nuclei,1061736705,L8XR_240523_22_D07,2241_A07,mouse,Mus musculus,1367731670,NWGC
NW-MX2186-7,10xRSeq_Mult,SCORCH,ARC-RSEQ,1368373034,A8XR_240521_01_D02,R8XR-24060404,MTX-2186,10000,Nuclei,1061736705,L8XR_240523_22_E07,2241_B07,mouse,Mus musculus,1367731672,NWGC
NW-MX2186-8,10xRSeq_Mult,SCORCH,ARC-RSEQ,1368373037,A8XR_240521_01_E02,R8XR-24060404,MTX-2186,10000,Nuclei,1061736705,L8XR_240523_22_F05,2241_C07,mouse,Mus musculus,1367731674,NWGC
NW-MX2186-9,10xRSeq_Mult,SCORCH,ARC-RSEQ,1369762682,A8XR_240524_01_F01,R8XR-24060404,MTX-2186,10000,Nuclei,1061736705,L8XR_240530_01_D09,2246_A03,mouse,Mus musculus,1369517585,NWGC
NW-MX2187-1,10xRSeq_Mult,SCORCH,ARC-RSEQ,1369762685,A8XR_240524_01_G01,R8XR-24061105,MTX-2187,9813,Nuclei,1061736705,L8XR_240530_01_E09,2246_B03,mouse,Mus musculus,1369517586,NWGC
NW-MX2187-10,10xRSeq_Mult,AD_Meth_Dev+VINE-seq,ARC-RSEQ,1371238101,A8XR_240531_01_A01,R8XR-24061105,MTX-2187,4503,Nuclei,1061736705,L8XR_240607_02_D04,2257_A04,human,Homo Sapiens,1371142580,NWGC
NW-MX2187-2,10xRSeq_Mult,SCORCH,ARC-RSEQ,1369762679,A8XR_240524_01_E01,R8XR-24061105,MTX-2187,3024,Nuclei,1061736705,L8XR_240530_01_B09,2246_C03,mouse,Mus musculus,1369517587,NWGC
NW-MX2187-3,10xRSeq_Mult,SCORCH,ARC-RSEQ,1369762450,A8XR_240528_01_A01,R8XR-24061105,MTX-2187,10000,Nuclei,1061736705,L8XR_240530_01_H08,2251_A06,mouse,Mus musculus,1369544351,NWGC
NW-MX2187-4,10xRSeq_Mult,Geriatric_Mouse,ARC-RSEQ,1369762452,A8XR_240528_01_B01,R8XR-24061105,MTX-2187,10000,Nuclei,1061736705,L8XR_240606_22_D01,2251_B06,mouse,Mus musculus,1369544352,NWGC
NW-MX2187-5,10xRSeq_Mult,Geriatric_Mouse,ARC-RSEQ,1369762455,A8XR_240528_01_C01,R8XR-24061105,MTX-2187,10000,Nuclei,1061736705,L8XR_240530_01_F08,2251_C06,mouse,Mus musculus,1369544353,NWGC
NW-MX2187-6,10xRSeq_Mult,AD_Center_Grant,ARC-RSEQ,1369762457,A8XR_240528_01_D01,R8XR-24061105,MTX-2187,10000,Nuclei,1061736705,L8XR_240530_01_G08,2252_A07,human,Homo Sapiens,1369597989,NWGC
NW-MX2187-7,10xRSeq_Mult,AD_Center_Grant,ARC-RSEQ,1371238107,A8XR_240531_01_C01,R8XR-24061105,MTX-2187,10000,Nuclei,1061736705,L8XR_240607_02_A04,2252_B07,human,Homo Sapiens,1369598082,NWGC
NW-MX2187-8,10xRSeq_Mult,AD_Center_Grant,ARC-RSEQ,1371238109,A8XR_240531_01_D01,R8XR-24061105,MTX-2187,10000,Nuclei,1061736705,L8XR_240607_02_F04,2252_C07,human,Homo Sapiens,1369598152,NWGC
NW-MX2187-9,10xRSeq_Mult,SCORCH,ARC-RSEQ,1371238128,A8XR_240531_01_D02,R8XR-24061105,MTX-2187,10000,Nuclei,1061736705,L8XR_240607_02_E05,2255_A02,mouse,Mus musculus,1369538775,NWGC
NW-MX2188-1,10xRSeq_Mult,SCORCH,ARC-RSEQ,1371238131,A8XR_240531_01_E02,R8XR-24061106,MTX-2188,10000,Nuclei,1061736705,L8XR_240606_22_G01,2255_B02,mouse,Mus musculus,1369538776,NWGC
NW-MX2188-2,10xRSeq_Mult,SCORCH,ARC-RSEQ,1371238133,A8XR_240531_01_F02,R8XR-24061106,MTX-2188,10000,Nuclei,1061736705,L8XR_240606_22_H01,2255_C02,mouse,Mus musculus,1369538777,NWGC
NW-MX2188-3,10xRSeq_Mult,AD_Meth_Dev+VINE-seq,ARC-RSEQ,1371238104,A8XR_240531_01_B01,R8XR-24061106,MTX-2188,10000,Nuclei,1061736705,L8XR_240607_02_E04,2257_B04,human,Homo Sapiens,1371142701,NWGC
NW-MX2188-4,10xRSeq_Mult,AD_Meth_Dev+VINE-seq,ARC-RSEQ,1371238126,A8XR_240531_01_C02,R8XR-24061106,MTX-2188,10000,Nuclei,1061736705,L8XR_240607_02_D05,2257_C04,human,Homo Sapiens,1371142702,NWGC
NW-MX2188-5,10xRSeq_Mult,Geriatric_Mouse,ARC-RSEQ,1371238136,A8XR_240531_01_G02,R8XR-24061106,MTX-2188,10000,Nuclei,1061736705,L8XR_240607_02_B04,2258_A05,mouse,Mus musculus,1369761057,NWGC
NW-MX2188-6,10xRSeq_Mult,Geriatric_Mouse,ARC-RSEQ,1371238138,A8XR_240531_01_H02,R8XR-24061106,MTX-2188,10000,Nuclei,1061736705,L8XR_240607_02_C04,2258_B05,mouse,Mus musculus,1369761058,NWGC
NW-MX2188-7,10xRSeq_Mult,Geriatric_Mouse,ARC-RSEQ,1371238140,A8XR_240531_01_A03,R8XR-24061106,MTX-2188,10000,Nuclei,1061736705,L8XR_240606_22_B02,2258_C05,mouse,Mus musculus,1369761059,NWGC
NW-MX2188-8,10xRSeq_Mult,Geriatric_Mouse,ARC-RSEQ,1371247499,A8XR_240604_01_A02,R8XR-24061106,MTX-2188,10000,Nuclei,1061736705,L8XR_240606_22_E01,2260_A06,mouse,Mus musculus,1370502797,NWGC
NW-MX2188-9,10xRSeq_Mult,Geriatric_Mouse,ARC-RSEQ,1371247501,A8XR_240604_01_B02,R8XR-24061106,MTX-2188,10000,Nuclei,1061736705,L8XR_240606_22_F01,2260_B06,mouse,Mus musculus,1370502798,NWGC
NW-MX2189-1,10xRSeq_Mult,Geriatric_Mouse,ARC-RSEQ,1371247503,A8XR_240604_01_C02,R8XR-24061803,MTX-2189,10000,Nuclei,1061736705,L8XR_240607_02_H04,2260_C06,mouse,Mus musculus,1370502799,NWGC
NW-MX2189-2,10xRSeq_Mult,Geriatric_Mouse,ARC-RSEQ,1372628836,A8XR_240607_01_G01,R8XR-24061803,MTX-2189,10000,Nuclei,1061736705,L8XR_240613_01_A06,2265_A02,mouse,Mus musculus,1370725683,NWGC
NW-MX2189-3,10xRSeq_Mult,Geriatric_Mouse,ARC-RSEQ,1372628838,A8XR_240607_01_H01,R8XR-24061803,MTX-2189,10000,Nuclei,1061736705,L8XR_240613_01_F06,2265_B02,mouse,Mus musculus,1370725684,NWGC
NW-MX2189-4,10xRSeq_Mult,Geriatric_Mouse,ARC-RSEQ,1372628840,A8XR_240607_01_A02,R8XR-24061803,MTX-2189,10000,Nuclei,1061736705,L8XR_240613_01_B06,2265_C02,mouse,Mus musculus,1370725685,NWGC
NW-MX2189-5,10xRSeq_Mult,Geriatric_Mouse,ARC-RSEQ,1372628842,A8XR_240607_01_B02,R8XR-24061803,MTX-2189,10000,Nuclei,1061736705,L8XR_240613_01_C06,2267_A04,mouse,Mus musculus,1371373084,NWGC
NW-MX2189-6,10xRSeq_Mult,Geriatric_Mouse,ARC-RSEQ,1372628844,A8XR_240607_01_C02,R8XR-24061803,MTX-2189,10000,Nuclei,1061736705,L8XR_240613_01_G06,2267_B04,mouse,Mus musculus,1371373085,NWGC
NW-MX2189-7,10xRSeq_Mult,Geriatric_Mouse,ARC-RSEQ,1372628847,A8XR_240607_01_D02,R8XR-24061803,MTX-2189,10000,Nuclei,1061736705,L8XR_240613_01_D06,2267_C04,mouse,Mus musculus,1371373086,NWGC
NW-MX2189-8,10xRSeq_Mult,Geriatric_Mouse,ARC-RSEQ,1373247583,A8XR_240611_01_E02,R8XR-24061803,MTX-2189,10000,Nuclei,1061736705,L8XR_240613_01_D07,2274_A01,mouse,Mus musculus,1372254772,NWGC
NW-MX2189-9,10xRSeq_Mult,Geriatric_Mouse,ARC-RSEQ,1373247586,A8XR_240611_01_F02,R8XR-24061803,MTX-2189,10000,Nuclei,1061736705,L8XR_240613_01_E07,2274_B01,mouse,Mus musculus,1372254773,NWGC
NW-MX2190-1,10xRSeq_Mult,Geriatric_Mouse,ARC-RSEQ,1373247588,A8XR_240611_01_G02,R8XR-24070204,MTX-2190,10000,Nuclei,1061736705,L8XR_240613_01_E06,2274_1_D01,mouse,Mus musculus,1372254775,NWGC
NW-MX2190-2,10xRSeq_Mult,SCORCH,ARC-RSEQ,1374596378,A8XR_240614_01_B02,R8XR-24070204,MTX-2190,10000,Nuclei,1061736705,L8XR_240620_01_E10,2280_A07,mouse,Mus musculus,1373208259,NWGC
NW-MX2190-3,10xRSeq_Mult,SCORCH,ARC-RSEQ,1374596386,A8XR_240614_01_C02,R8XR-24070204,MTX-2190,10000,Nuclei,1061736705,L8XR_240620_01_H09,2280_B07,mouse,Mus musculus,1373208260,NWGC
NW-MX2190-4,10xRSeq_Mult,SCORCH,ARC-RSEQ,1376121684,A8XR_240621_01_H01,R8XR-24070204,MTX-2190,10000,Nuclei,1061736705,L8XR_240627_21_E02,2286_A02,mouse,Mus musculus,1374551021,NWGC
NW-MX2190-5,10xRSeq_Mult,SCORCH,ARC-RSEQ,1376121686,A8XR_240621_01_A02,R8XR-24070204,MTX-2190,10000,Nuclei,1061736705,L8XR_240627_21_F02,2286_B02,mouse,Mus musculus,1374551023,NWGC
NW-MX2190-6,10xRSeq_Mult,SCORCH,ARC-RSEQ,1376121688,A8XR_240621_01_B02,R8XR-24070204,MTX-2190,10000,Nuclei,1061736705,L8XR_240627_21_G02,2286_C02,mouse,Mus musculus,1374551024,NWGC
NW-MX2190-7,10xRSeq_Mult,SCORCH,ARC-RSEQ,1376298512,A8XR_240625_01_A02,R8XR-24070204,MTX-2190,10000,Nuclei,1061736705,L8XR_240627_21_C03,2291_A05,mouse,Mus musculus,1375860272,NWGC
NW-MX2190-8,10xRSeq_Mult,SCORCH,ARC-RSEQ,1376298515,A8XR_240625_01_B02,R8XR-24070204,MTX-2190,10000,Nuclei,1061736705,L8XR_240627_21_C02,2291_B05,mouse,Mus musculus,1375860273,NWGC
NW-MX2190-9,10xRSeq_Mult,SCORCH,ARC-RSEQ,1376298518,A8XR_240625_01_C02,R8XR-24070204,MTX-2190,10000,Nuclei,1061736705,L8XR_240627_21_D03,2291_C05,mouse,Mus musculus,1375860274,NWGC
NW-MX2191-1,10xRSeq_Mult,Geriatric_Mouse,ARC-RSEQ,1374596394,A8XR_240614_01_D02,R8XR-24071603,MTX-2191,10000,Nuclei,1061736705,L8XR_240620_01_G09,2280_C07,mouse,Mus musculus,1373208262,NWGC
NW-MX2191-10,10xRSeq_Mult,Geriatric_Mouse,ARC-RSEQ,1379527313,A8XR_240709_01_H01,R8XR-24071603,MTX-2191,10000,Nuclei,1061736705,L8XR_240711_21_C11,2311_A07,mouse,Mus musculus,1378175168,NWGC
NW-MX2191-2,10xRSeq_Mult,AD_Center_Grant,ARC-RSEQ,1374598936,A8XR_240618_01_D01,R8XR-24071603,MTX-2191,10000,Nuclei,1061736705,L8XR_240620_01_D09,2284_A09,human,Homo Sapiens,1373267674,NWGC
NW-MX2191-3,10xRSeq_Mult,AD_Center_Grant,ARC-RSEQ,1374598940,A8XR_240618_01_E01,R8XR-24071603,MTX-2191,10000,Nuclei,1061736705,L8XR_240620_01_E09,2284_B09,human,Homo Sapiens,1373267963,NWGC
NW-MX2191-4,10xRSeq_Mult,AD_Center_Grant,ARC-RSEQ,1374598957,A8XR_240618_01_D02,R8XR-24071603,MTX-2191,10000,Nuclei,1061736705,L8XR_240620_01_F09,2284_C09,human,Homo Sapiens,1373268589,NWGC
NW-MX2191-5,10xRSeq_Mult,Mouse_SpC,ARC-RSEQ,1378192604,A8XR_240628_01_B01,R8XR-24071603,MTX-2191,2611,Nuclei,1061736705,L8XR_240705_01_C05,2287_A03,mouse,Mus musculus,1375828684,NWGC
NW-MX2191-6,10xRSeq_Mult,Mouse_SpC,ARC-RSEQ,1379697832,A8XR_240705_01_A01,R8XR-24071603,MTX-2191,1540,Nuclei,1061736705,L8XR_240711_01_H07,2307_A03,mouse,Mus musculus,1379696589,NWGC
NW-MX2191-7,10xRSeq_Mult,Geriatric_Mouse,ARC-RSEQ,1379697858,A8XR_240705_01_D02,R8XR-24071603,MTX-2191,10000,Nuclei,1061736705,L8XR_240711_01_F08,2308_A04,mouse,Mus musculus,1379003441,NWGC
NW-MX2191-8,10xRSeq_Mult,Geriatric_Mouse,ARC-RSEQ,1379697860,A8XR_240705_01_E02,R8XR-24071603,MTX-2191,10000,Nuclei,1061736705,L8XR_240711_01_G08,2308_B04,mouse,Mus musculus,1379003442,NWGC
NW-MX2191-9,10xRSeq_Mult,Geriatric_Mouse,ARC-RSEQ,1379697862,A8XR_240705_01_F02,R8XR-24071603,MTX-2191,10000,Nuclei,1061736705,L8XR_240711_01_H08,2308_C04,mouse,Mus musculus,1379003443,NWGC
NW-MX2192-1,10xRSeq_Mult,Geriatric_Mouse,ARC-RSEQ,1379527317,A8XR_240709_01_B02,R8XR-24072306,MTX-2192,10000,Nuclei,1061736705,L8XR_240711_21_G10,2311_B07,mouse,Mus musculus,1378175170,NWGC
NW-MX2192-2,10xRSeq_Mult,Geriatric_Mouse,ARC-RSEQ,1379527319,A8XR_240709_01_C02,R8XR-24072306,MTX-2192,10000,Nuclei,1061736705,L8XR_240711_21_H09,2311_C07,mouse,Mus musculus,1378175172,NWGC
NW-MX2192-3,10xRSeq_Mult,Geriatric_Mouse,ARC-RSEQ,1379527321,A8XR_240709_01_D02,R8XR-24072306,MTX-2192,10000,Nuclei,1061736705,L8XR_240711_21_A10,2311_D07,mouse,Mus musculus,1378743346,NWGC
NW-MX2192-4,10xRSeq_Mult,Geriatric_Mouse,ARC-RSEQ,1379527323,A8XR_240709_01_E02,R8XR-24072306,MTX-2192,10000,Nuclei,1061736705,L8XR_240711_21_F09,2311_E07,mouse,Mus musculus,1378743347,NWGC
NW-MX2192-5,10xRSeq_Mult,Geriatric_Mouse,ARC-RSEQ,1379527325,A8XR_240709_01_F02,R8XR-24072306,MTX-2192,10000,Nuclei,1061736705,L8XR_240711_21_G09,2311_F07,mouse,Mus musculus,1378743348,NWGC
NW-MX2192-6,10xRSeq_Mult,Geriatric_Mouse,ARC-RSEQ,1379527328,A8XR_240709_01_G02,R8XR-24072306,MTX-2192,10000,Nuclei,1061736705,L8XR_240711_21_C10,2313_A01,mouse,Mus musculus,1378965424,NWGC
NW-MX2192-7,10xRSeq_Mult,Geriatric_Mouse,ARC-RSEQ,1379527334,A8XR_240709_01_H02,R8XR-24072306,MTX-2192,10000,Nuclei,1061736705,L8XR_240711_21_D10,2313_B01,mouse,Mus musculus,1378965425,NWGC
NW-MX2192-8,10xRSeq_Mult,Geriatric_Mouse,ARC-RSEQ,1379527337,A8XR_240709_01_A03,R8XR-24072306,MTX-2192,10000,Nuclei,1061736705,L8XR_240711_21_B10,2313_C01,mouse,Mus musculus,1378965426,NWGC
NW-MX2192-9,10xRSeq_Mult,Geriatric_Mouse,ARC-RSEQ,1381074886,A8XR_240712_01_C02,R8XR-24072306,MTX-2192,10000,Nuclei,1061736705,L8XR_240718_21_B12,2323_B07,mouse,Mus musculus,1379678420,NWGC
NW-MX2193-1,10xRSeq_Mult,Geriatric_Mouse,ARC-RSEQ,1381074884,A8XR_240712_01_B02,R8XR-24080606,MTX-2193,10000,Nuclei,1061736705,L8XR_240725_01_A07,2323_A07,mouse,Mus musculus,1379678419,NWGC
NW-MX2193-2,10xRSeq_Mult,Geriatric_Mouse,ARC-RSEQ,1381074888,A8XR_240712_01_D02,R8XR-24080606,MTX-2193,10000,Nuclei,1061736705,L8XR_240718_21_C12,2323_C07,mouse,Mus musculus,1379678421,NWGC
NW-MX2193-3,10xRSeq_Mult,Geriatric_Mouse,ARC-RSEQ,1381074891,A8XR_240712_01_E02,R8XR-24080606,MTX-2193,10000,Nuclei,1061736705,L8XR_240718_21_D12,2323_D07,mouse,Mus musculus,1379678422,NWGC
NW-MX2193-4,10xRSeq_Mult,HMBA_Cross_Species,ARC-RSEQ,1382525860,A8XR_240719_01_G01,R8XR-24080606,MTX-2193,10000,Nuclei,1061736705,L8XR_240725_01_A06,2332_A06,cat,Felis catus,1382033331,NWGC
NW-MX2193-5,10xRSeq_Mult,HMBA_Cross_Species,ARC-RSEQ,1382525863,A8XR_240719_01_H01,R8XR-24080606,MTX-2193,10000,Nuclei,1061736705,L8XR_240725_01_B06,2332_B06,cat,Felis catus,1382033399,NWGC
NW-MX2193-6,10xRSeq_Mult,HMBA_Cross_Species,ARC-RSEQ,1382525865,A8XR_240719_01_A02,R8XR-24080606,MTX-2193,10000,Nuclei,1061736705,L8XR_240725_01_C06,2332_C06,cat,Felis catus,1382033531,NWGC
NW-MX2193-7,10xRSeq_Mult,HMBA_Cross_Species,ARC-RSEQ,1383990935,A8XR_240730_01_E02,R8XR-24080606,MTX-2193,10000,Nuclei,1061736705,L8XR_240801_02_E11,2347_A07,cat,Felis catus,1383210983,NWGC
NW-MX2193-8,10xRSeq_Mult,AD_Center_Grant,ARC-RSEQ,1383990942,A8XR_240730_01_H02,R8XR-24080606,MTX-2193,10000,Nuclei,1061736705,L8XR_240801_02_A09,2351_A09,human,Homo Sapiens,1383212569,NWGC
NW-MX2193-9,10xRSeq_Mult,AD_Center_Grant,ARC-RSEQ,1383990944,A8XR_240730_01_A03,R8XR-24080606,MTX-2193,10000,Nuclei,1061736705,L8XR_240801_02_F09,2351_B09,human,Homo Sapiens,1383212697,NWGC
NW-MX2194-1,10xRSeq_Mult,HMBA_Cross_Species,ARC-RSEQ,1383990938,A8XR_240730_01_F02,R8XR-24111905,MTX-2194,10000,Nuclei,1061736705,L8XR_240801_02_F11,2347_B07,cat,Felis catus,1383211065,NWGC
NW-MX2194-10,10xRSeq_Mult,Cetacean_Evo,ARC-RSEQ,1405167688,A8XR_241112_01_H01,R8XR-24111905,MTX-2194,10000,Nuclei,1061736705,L8XR_241114_21_H12,2566_B06,harbour porpoise,Phoconea phoconea,1404685778,NWGC
NW-MX2194-2,10xRSeq_Mult,HMBA_Cross_Species,ARC-RSEQ,1383990940,A8XR_240730_01_G02,R8XR-24111905,MTX-2194,10000,Nuclei,1061736705,L8XR_240801_02_G11,2347_C07,cat,Felis catus,1383211160,NWGC
NW-MX2194-3,10xRSeq_Mult,Histaminergic_cell_diversity,ARC-RSEQ,1400408481,A8XR_241011_01_A01,R8XR-24111905,MTX-2194,742,Nuclei,1061736705,L8XR_241017_21_C05,2500_A03,mouse,Mus musculus,1399915336,NWGC
NW-MX2194-4,10xRSeq_Mult,Histaminergic_cell_diversity,ARC-RSEQ,1400548628,A8XR_241015_01_A01,R8XR-24111905,MTX-2194,798,Nuclei,1061736705,L8XR_241017_21_D05,2510_A01,mouse,Mus musculus,1400545594,NWGC
NW-MX2194-5,10xRSeq_Mult,Dissectate_handling+MG_MethDev,ARC-RSEQ,1401591594,A8XR_241018_01_A02,R8XR-24111905,MTX-2194,10000,Nuclei,1061736705,L8XR_241024_21_C01,2512_B03,mouse,Mus musculus,1399845873,NWGC
NW-MX2194-6,10xRSeq_Mult,Dissectate_handling+MG_MethDev,ARC-RSEQ,1401591596,A8XR_241018_01_B02,R8XR-24111905,MTX-2194,10000,Nuclei,1061736705,L8XR_241024_21_D01,2512_1_C03,mouse,Mus musculus,1399845874,NWGC
NW-MX2194-7,10xRSeq_Mult,Cetacean_Evo,ARC-RSEQ,1404111679,A8XR_241105_01_C01,R8XR-24111905,MTX-2194,10000,Nuclei,1061736705,L8XR_241114_21_E11,2550_A08,harbour porpoise,Phoconea phoconea,1403614239,NWGC
NW-MX2194-8,10xRSeq_Mult,Cetacean_Evo,ARC-RSEQ,1404111686,A8XR_241105_01_D01,R8XR-24111905,MTX-2194,10000,Nuclei,1061736705,L8XR_241114_21_D11,2550_B08,harbour porpoise,Phoconea phoconea,1403614287,NWGC
NW-MX2194-9,10xRSeq_Mult,Cetacean_Evo,ARC-RSEQ,1405167686,A8XR_241112_01_G01,R8XR-24111905,MTX-2194,10000,Nuclei,1061736705,L8XR_241114_21_D12,2566_A06,harbour porpoise,Phoconea phoconea,1404685721,NWGC
NW-MX2195-1,10xRSeq_Mult,Neuromodulatory_Noradrenergic,ARC-RSEQ,1406437780,A8XR_241119_01_F01,R8XR-24120304,MTX-2195,10000,Nuclei,1061736705,L8XR_241121_21_H05,2586_B01,mouse,Mus musculus,1406194838,NWGC
NW-MX2195-2,10xRSeq_Mult,Neuromodulatory_Noradrenergic,ARC-RSEQ,1406437782,A8XR_241119_01_G01,R8XR-24120304,MTX-2195,10000,Nuclei,1061736705,L8XR_241121_21_A06,2586_C01,mouse,Mus musculus,1406194839,NWGC
NW-MX2195-3,10xRSeq_Mult,Neuromodulatory_Noradrenergic,ARC-RSEQ,1406437785,A8XR_241119_01_H01,R8XR-24120304,MTX-2195,10000,Nuclei,1061736705,L8XR_241121_21_B06,2586_D01,mouse,Mus musculus,1406194840,NWGC
NW-MX2195-4,10xRSeq_Mult,Neuromodulatory_Noradrenergic,ARC-RSEQ,1406437787,A8XR_241119_01_A02,R8XR-24120304,MTX-2195,10000,Nuclei,1061736705,L8XR_241121_21_C06,2586_E01,mouse,Mus musculus,1406194841,NWGC
NW-MX2195-5,10xRSeq_Mult,Neuromodulatory_Noradrenergic,ARC-RSEQ,1406437789,A8XR_241119_01_B02,R8XR-24120304,MTX-2195,10000,Nuclei,1061736705,L8XR_241121_21_D06,2586_F01,mouse,Mus musculus,1406194842,NWGC
NW-MX2195-6,10xRSeq_Mult,Neuromodulatory_Noradrenergic,ARC-RSEQ,1406437791,A8XR_241119_01_C02,R8XR-24120304,MTX-2195,10000,Nuclei,1061736705,L8XR_241121_21_E06,2586_G01,mouse,Mus musculus,1406194843,NWGC
NW-MX2195-7,10xRSeq_Mult,Neuromodulatory_Noradrenergic,ARC-RSEQ,1406437793,A8XR_241119_01_D02,R8XR-24120304,MTX-2195,8968,Nuclei,1061736705,L8XR_241121_21_F06,2586_H01,mouse,Mus musculus,1406194844,NWGC
NW-MX2195-8,10xRSeq_Mult,Neuromodulatory_Noradrenergic,ARC-RSEQ,1406437796,A8XR_241119_01_E02,R8XR-24120304,MTX-2195,10000,Nuclei,1061736705,L8XR_241121_21_F04,2587_A02,mouse,Mus musculus,1406368688,NWGC
NW-MX2196-1,10xRSeq_Mult,Neuromodulatory_Noradrenergic,ARC-RSEQ,1406437798,A8XR_241119_01_F02,R8XR-24120305,MTX-2196,10000,Nuclei,1061736705,L8XR_241121_21_G04,2587_B02,mouse,Mus musculus,1406368689,NWGC
NW-MX2196-2,10xRSeq_Mult,Neuromodulatory_Noradrenergic,ARC-RSEQ,1406437800,A8XR_241119_01_G02,R8XR-24120305,MTX-2196,10000,Nuclei,1061736705,L8XR_241121_21_H04,2587_C02,mouse,Mus musculus,1406368690,NWGC
NW-MX2196-3,10xRSeq_Mult,Neuromodulatory_Noradrenergic,ARC-RSEQ,1406437802,A8XR_241119_01_H02,R8XR-24120305,MTX-2196,10000,Nuclei,1061736705,L8XR_241121_21_A05,2587_D02,mouse,Mus musculus,1406368691,NWGC
NW-MX2196-4,10xRSeq_Mult,Neuromodulatory_Noradrenergic,ARC-RSEQ,1406437805,A8XR_241119_01_A03,R8XR-24120305,MTX-2196,10000,Nuclei,1061736705,L8XR_241121_21_B05,2587_E02,mouse,Mus musculus,1406368692,NWGC
NW-MX2196-5,10xRSeq_Mult,Neuromodulatory_Noradrenergic,ARC-RSEQ,1406437807,A8XR_241119_01_B03,R8XR-24120305,MTX-2196,10000,Nuclei,1061736705,L8XR_241121_21_C05,2587_F02,mouse,Mus musculus,1406368693,NWGC
NW-MX2196-6,10xRSeq_Mult,Neuromodulatory_Noradrenergic,ARC-RSEQ,1406437809,A8XR_241119_01_C03,R8XR-24120305,MTX-2196,10000,Nuclei,1061736705,L8XR_241127_01_G11,2587_G02,mouse,Mus musculus,1406368694,NWGC
NW-MX2196-7,10xRSeq_Mult,Neuromodulatory_Noradrenergic,ARC-RSEQ,1406437811,A8XR_241119_01_D03,R8XR-24120305,MTX-2196,10000,Nuclei,1061736705,L8XR_241121_21_E05,2587_1_A02,mouse,Mus musculus,1406369814,NWGC
NW-MX2196-8,10xRSeq_Mult,Neuromodulatory_Noradrenergic,ARC-RSEQ,1406437813,A8XR_241119_01_E03,R8XR-24120305,MTX-2196,10000,Nuclei,1061736705,L8XR_241121_21_F05,2587_1_B02,mouse,Mus musculus,1406369815,NWGC
NW-MX2197-1,10xRSeq_Mult,MG_MethDev+reagent_validation,ARC-RSEQ,1409951816,A8XR_241206_01_G01,R8XR-25012802,MTX-2197,10000,Nuclei,1061736705,L8XR_241212_21_C07,2609_A03,mouse,Mus musculus,1409337915,NWGC
NW-MX2197-10,10xRSeq_Mult,NBA_Sympathetic_Ganglia,ARC-RSEQ,1416307912,A8XR_250117_01_A01,R8XR-25012802,MTX-2197,5869,Nuclei,1061736705,L8XR_250123_21_C08,2672_B06,mouse,Mus musculus,1416305128,NWGC
NW-MX2197-2,10xRSeq_Mult,MG_MethDev+reagent_validation,ARC-RSEQ,1409951818,A8XR_241206_01_H01,R8XR-25012802,MTX-2197,10000,Nuclei,1061736705,L8XR_241212_21_D07,2609_B03,mouse,Mus musculus,1409337916,NWGC
NW-MX2197-3,10xRSeq_Mult,HMBA_Cross_Species,ARC-RSEQ,1410801223,A8XR_241213_01_D01,R8XR-25012802,MTX-2197,10000,Nuclei,1061736705,L8XR_241219_21_C01,2623_A05,galago,Otolemur garnettii,1410660434,NWGC
NW-MX2197-4,10xRSeq_Mult,HMBA_Cross_Species,ARC-RSEQ,1410801225,A8XR_241213_01_E01,R8XR-25012802,MTX-2197,10000,Nuclei,1061736705,L8XR_241219_21_D01,2623_B05,galago,Otolemur garnettii,1410660491,NWGC
NW-MX2197-5,10xRSeq_Mult,HMBA_Cross_Species,ARC-RSEQ,1410801227,A8XR_241213_01_F01,R8XR-25012802,MTX-2197,10000,Nuclei,1061736705,L8XR_241219_21_E01,2623_C05,galago,Otolemur garnettii,1410660577,NWGC
NW-MX2197-6,10xRSeq_Mult,HMBA_Cross_Species,ARC-RSEQ,1411081757,A8XR_241217_01_C01,R8XR-25012802,MTX-2197,10000,Nuclei,1061736705,L8XR_241220_01_G03,2628_A08,galago,Otolemur garnettii,1410661283,NWGC
NW-MX2197-7,10xRSeq_Mult,HMBA_Cross_Species,ARC-RSEQ,1414608488,A8XR_250110_01_E01,R8XR-25012802,MTX-2197,10000,Nuclei,1061736705,L8XR_250116_01_C06,2653_A06,galago,Otolemur garnettii,1414588336,NWGC
NW-MX2197-8,10xRSeq_Mult,HMBA_Cross_Species,ARC-RSEQ,1414608490,A8XR_250110_01_F01,R8XR-25012802,MTX-2197,10000,Nuclei,1061736705,L8XR_250116_01_D06,2653_B06,galago,Otolemur garnettii,1414588381,NWGC
NW-MX2197-9,10xRSeq_Mult,NBA_Sympathetic_Ganglia,ARC-RSEQ,1416307914,A8XR_250117_01_B01,R8XR-25012802,MTX-2197,7795,Nuclei,1061736705,L8XR_250123_21_D08,2672_A06,mouse,Mus musculus,1416305127,NWGC
NW-TX34003-1,10xV4,Ketamine,CELL_RANGER_DUAL_INDEX,1406441041,A8TX_241118_01_A03,R8TX-24121701,RTX-34003,19940,Cells,1338019172,L8TX_241121_01_A09,2585_A09,mouse,Mus musculus,1406197538,NWGC
NW-TX34003-10,10xV4,Ketamine,CELL_RANGER_DUAL_INDEX,1409936711,A8TX_241210_02_C01,R8TX-24121701,RTX-34003,19940,Cells,1338019172,L8TX_241212_01_E10,2613_A04,mouse,Mus musculus,1409764893,NWGC
NW-TX34003-2,10xV4,Ketamine,CELL_RANGER_DUAL_INDEX,1406441043,A8TX_241118_01_B03,R8TX-24121701,RTX-34003,19967,Cells,1338019172,L8TX_241121_01_C10,2585_B09,mouse,Mus musculus,1406197539,NWGC
NW-TX34003-3,10xV4,Ketamine,CELL_RANGER_DUAL_INDEX,1407428790,A8TX_241125_01_G01,R8TX-24121701,RTX-34003,19927,Cells,1338019172,L8TX_241205_02_E04,2592_B03,mouse,Mus musculus,1406163505,NWGC
NW-TX34003-4,10xV4,Ketamine,CELL_RANGER_DUAL_INDEX,1407428794,A8TX_241125_01_H01,R8TX-24121701,RTX-34003,20004,Cells,1338019172,L8TX_241205_02_F04,2595_A04,mouse,Mus musculus,1406197500,NWGC
NW-TX34003-5,10xV4,Ketamine,CELL_RANGER_DUAL_INDEX,1407428797,A8TX_241125_01_A02,R8TX-24121701,RTX-34003,19940,Cells,1338019172,L8TX_241205_02_E05,2595_B04,mouse,Mus musculus,1406197501,NWGC
NW-TX34003-6,10xV4,Ketamine,CELL_RANGER_DUAL_INDEX,1407428802,A8TX_241125_01_B02,R8TX-24121701,RTX-34003,19940,Cells,1338019172,L8TX_241205_02_B04,2597_A05,mouse,Mus musculus,1407274260,NWGC
NW-TX34003-7,10xV4,Ketamine,CELL_RANGER_DUAL_INDEX,1407428805,A8TX_241125_01_C02,R8TX-24121701,RTX-34003,19951,Cells,1338019172,L8TX_241205_02_C04,2597_B05,mouse,Mus musculus,1407274261,NWGC
NW-TX34003-8,10xV4,Ketamine,CELL_RANGER_DUAL_INDEX,1409936706,A8TX_241210_02_A01,R8TX-24121701,RTX-34003,19996,Cells,1338019172,L8TX_241212_01_H10,2611_A03,mouse,Mus musculus,1408383288,NWGC
NW-TX34003-9,10xV4,Ketamine,CELL_RANGER_DUAL_INDEX,1409936708,A8TX_241210_02_B01,R8TX-24121701,RTX-34003,19955,Cells,1338019172,L8TX_241212_01_A11,2611_B03,mouse,Mus musculus,1408383289,NWGC
NW-TX34004-1,10xV4,Ketamine,CELL_RANGER_DUAL_INDEX,1409936713,A8TX_241210_02_D01,R8TX-25012202,RTX-34004,20004,Cells,1338019172,L8TX_241212_01_F10,2613_B04,mouse,Mus musculus,1409764894,NWGC
NW-TX34004-10,10xV4,Enrichment_Methdev,CELL_RANGER_DUAL_INDEX,1412937460,A8TX_241223_01_C01,R8TX-25012202,RTX-34004,12072,Nuclei,1338019172,L8TX_250109_01_H11,2642_C05,macaque,Macaca mulatta,1411654460,NWGC
NW-TX34004-11,10xV4,Enrichment_Methdev,CELL_RANGER_DUAL_INDEX,1412937463,A8TX_241223_01_D01,R8TX-25012202,RTX-34004,19976,Nuclei,1338019172,L8TX_250109_01_B12,2642_D05,human,Homo Sapiens,1411654491,NWGC
NW-TX34004-2,10xV4,Ketamine,CELL_RANGER_DUAL_INDEX,1409936715,A8TX_241210_02_E01,R8TX-25012202,RTX-34004,19933,Cells,1338019172,L8TX_241212_01_B11,2617_A06,mouse,Mus musculus,1409541605,NWGC
NW-TX34004-3,10xV4,Ketamine,CELL_RANGER_DUAL_INDEX,1409936717,A8TX_241210_02_F01,R8TX-25012202,RTX-34004,19971,Cells,1338019172,L8TX_241212_01_G10,2617_B06,mouse,Mus musculus,1409541606,NWGC
NW-TX34004-4,10xV4,Psilocybin,CELL_RANGER_DUAL_INDEX,1410953457,A8TX_241217_02_C01,R8TX-25012202,RTX-34004,19967,Cells,1338019172,L8TX_241219_01_E11,2621_A01,mouse,Mus musculus,1409782039,NWGC
NW-TX34004-5,10xV4,Psilocybin,CELL_RANGER_DUAL_INDEX,1410953459,A8TX_241217_02_D01,R8TX-25012202,RTX-34004,19880,Cells,1338019172,L8TX_241219_01_F11,2621_B01,mouse,Mus musculus,1409782040,NWGC
NW-TX34004-6,10xV4,Psilocybin,CELL_RANGER_DUAL_INDEX,1410953453,A8TX_241217_02_A01,R8TX-25012202,RTX-34004,19967,Cells,1338019172,L8TX_241219_01_D11,2629_A04,mouse,Mus musculus,1410127907,NWGC
NW-TX34004-7,10xV4,Psilocybin,CELL_RANGER_DUAL_INDEX,1410953455,A8TX_241217_02_B01,R8TX-25012202,RTX-34004,19984,Cells,1338019172,L8TX_241219_01_C11,2629_B04,mouse,Mus musculus,1410127908,NWGC
NW-TX34004-8,10xV4,Enrichment_Methdev,CELL_RANGER_DUAL_INDEX,1412937453,A8TX_241223_01_A01,R8TX-25012202,RTX-34004,19913,Nuclei,1338019172,L8TX_250115_01_H12,2642_A05,macaque,Macaca mulatta,1411654359,NWGC
NW-TX34004-9,10xV4,Enrichment_Methdev,CELL_RANGER_DUAL_INDEX,1412937456,A8TX_241223_01_B01,R8TX-25012202,RTX-34004,13800,Nuclei,1338019172,L8TX_250109_01_G11,2642_B05,human,Homo Sapiens,1411654422,NWGC
NW-TX34005-1,10xV4,Psilocybin,CELL_RANGER_DUAL_INDEX,1414800211,A8TX_250113_01_C01,R8TX-25012801,RTX-34005,19933,Cells,1338019172,L8TX_250115_01_F12,2658_A02,mouse,Mus musculus,1414287981,NWGC
NW-TX34005-10,10xV4,Psilocybin,CELL_RANGER_DUAL_INDEX,1416122429,A8TX_250121_01_C02,R8TX-25012801,RTX-34005,19940,Cells,1338019172,L8TX_250123_01_C07,2675_B06,mouse,Mus musculus,1416047624,NWGC
NW-TX34005-2,10xV4,Psilocybin,CELL_RANGER_DUAL_INDEX,1414800213,A8TX_250113_01_D01,R8TX-25012801,RTX-34005,19988,Cells,1338019172,L8TX_250115_01_C01,2658_B02,mouse,Mus musculus,1414287982,NWGC
NW-TX34005-3,10xV4,Psilocybin,CELL_RANGER_DUAL_INDEX,1414800225,A8TX_250113_01_A02,R8TX-25012801,RTX-34005,19930,Cells,1338019172,L8TX_250115_01_G12,2662_A05,mouse,Mus musculus,1414288845,NWGC
NW-TX34005-4,10xV4,Psilocybin,CELL_RANGER_DUAL_INDEX,1414800227,A8TX_250113_01_B02,R8TX-25012801,RTX-34005,19913,Cells,1338019172,L8TX_250115_01_E01,2662_B05,mouse,Mus musculus,1414288846,NWGC
NW-TX34005-5,10xV4,Psilocybin,CELL_RANGER_DUAL_INDEX,1416122419,A8TX_250121_01_F01,R8TX-25012801,RTX-34005,19945,Cells,1338019172,L8TX_250123_01_H06,2670_A04,mouse,Mus musculus,1414783847,NWGC
NW-TX34005-6,10xV4,Psilocybin,CELL_RANGER_DUAL_INDEX,1416122421,A8TX_250121_01_G01,R8TX-25012801,RTX-34005,19935,Cells,1338019172,L8TX_250123_01_A07,2670_B04,mouse,Mus musculus,1414783848,NWGC
NW-TX34005-7,10xV4,Psilocybin,CELL_RANGER_DUAL_INDEX,1416122423,A8TX_250121_01_H01,R8TX-25012801,RTX-34005,19996,Cells,1338019172,L8TX_250123_01_D07,2673_A05,mouse,Mus musculus,1415485861,NWGC
NW-TX34005-8,10xV4,Psilocybin,CELL_RANGER_DUAL_INDEX,1416122425,A8TX_250121_01_A02,R8TX-25012801,RTX-34005,20010,Cells,1338019172,L8TX_250123_01_B08,2673_B05,mouse,Mus musculus,1415485862,NWGC
NW-TX34005-9,10xV4,Psilocybin,CELL_RANGER_DUAL_INDEX,1416122427,A8TX_250121_01_B02,R8TX-25012801,RTX-34005,19938,Cells,1338019172,L8TX_250123_01_B07,2675_A06,mouse,Mus musculus,1416047623,NWGC
NW-TX34006-1,10xV4,Psilocybin,CELL_RANGER_DUAL_INDEX,1417655412,A8TX_250128_01_A02,R8TX-25020403,RTX-34006,19989,Cells,1338019172,L8TX_250130_01_G01,2681_B03,mouse,Mus musculus,1416104209,NWGC
NW-TX34006-10,10xV4,MY-retroseq,CELL_RANGER_DUAL_INDEX,1417655395,A8TX_250128_01_B01,R8TX-25020403,RTX-34006,9622,Nuclei,1338019172,L8TX_250130_01_F11,2690_B02,mouse,Mus musculus,1416977858,NWGC
NW-TX34006-11,10xV4,MY-retroseq,CELL_RANGER_DUAL_INDEX,1417655397,A8TX_250128_01_C01,R8TX-25020403,RTX-34006,8283,Nuclei,1338019172,L8TX_250130_01_G11,2690_C02,mouse,Mus musculus,1416977859,NWGC
NW-TX34006-2,10xV4,Psilocybin,CELL_RANGER_DUAL_INDEX,1417655414,A8TX_250128_01_B02,R8TX-25020403,RTX-34006,19972,Cells,1338019172,L8TX_250130_01_C01,2681_1_C03,mouse,Mus musculus,1416104210,NWGC
NW-TX34006-3,10xV4,Psilocybin,CELL_RANGER_DUAL_INDEX,1417655416,A8TX_250128_01_C02,R8TX-25020403,RTX-34006,19971,Cells,1338019172,L8TX_250130_01_B01,2684_A04,mouse,Mus musculus,1417358696,NWGC
NW-TX34006-4,10xV4,Psilocybin,CELL_RANGER_DUAL_INDEX,1417655418,A8TX_250128_01_D02,R8TX-25020403,RTX-34006,19951,Cells,1338019172,L8TX_250130_01_H01,2684_B04,mouse,Mus musculus,1417358697,NWGC
NW-TX34006-5,10xV4,Ketamine,CELL_RANGER_DUAL_INDEX,1417655432,A8TX_250128_01_B03,R8TX-25020403,RTX-34006,19960,Cells,1338019172,L8TX_250130_01_C02,2688_A07,mouse,Mus musculus,1416800407,NWGC
NW-TX34006-6,10xV4,Ketamine,CELL_RANGER_DUAL_INDEX,1417655434,A8TX_250128_01_C03,R8TX-25020403,RTX-34006,19949,Cells,1338019172,L8TX_250130_01_D01,2688_B07,mouse,Mus musculus,1416800408,NWGC
NW-TX34006-7,10xV4_PX,HMBA_Human_Atlas+HMBA_Human_Atlas_Cx,CELL_RANGER_DUAL_INDEX,1417199183,A8PX_250127_01_A01,R8TX-25020403,RTX-34006,19509,Nuclei,1401481563,L8PX_250129_01_A10,2682_A-D_A01,human,Homo Sapiens,1416960048,NWGC
NW-TX34006-8,10xV4_PX,HMBA_Human_Atlas+HMBA_Human_Atlas_Cx,CELL_RANGER_DUAL_INDEX,1417199189,A8PX_250127_01_B01,R8TX-25020403,RTX-34006,19509,Nuclei,1401481563,L8PX_250129_01_B10,2682_E-H_B01,human,Homo Sapiens,1416960052,NWGC
NW-TX34006-9,10xV4,MY-retroseq,CELL_RANGER_DUAL_INDEX,1417655393,A8TX_250128_01_A01,R8TX-25020403,RTX-34006,8056,Nuclei,1338019172,L8TX_250130_01_E01,2690_A02,mouse,Mus musculus,1416977857,NWGC
NW-TX34007-1,10xV4,Ketamine,CELL_RANGER_DUAL_INDEX,1418778867,A8TX_250204_02_A01,R8TX-25021801,RTX-34007,19982,Cells,1338019172,L8TX_250206_01_E02,2694_A04,mouse,Mus musculus,1417611825,NWGC
NW-TX34007-10,10xV4,Ketamine,CELL_RANGER_DUAL_INDEX,1420587910,A8TX_250211_02_F01,R8TX-25021801,RTX-34007,19933,Cells,1338019172,L8TX_250213_01_A11,2707_B04,mouse,Mus musculus,1418995012,NWGC
NW-TX34007-11,10xRseq_Mult_noATAC,RetroSeq+Synthetic_Constructs,CELL_RANGER_ARCV1,1420615856,A8XR_250211_01_C01,R8TX-25021801,RTX-34007,2611,Nuclei,1195125448,L8XR_250213_21_A09,2712_A07,mouse,Mus musculus,1419917782,NWGC
NW-TX34007-12,10xRseq_Mult_noATAC,RetroSeq+Synthetic_Constructs,CELL_RANGER_ARCV1,1420615852,A8XR_250211_01_A01,R8TX-25021801,RTX-34007,1732,Nuclei,1195125448,L8XR_250213_21_H09,2712_B07,mouse,Mus musculus,1419917783,NWGC
NW-TX34007-2,10xV4,Ketamine,CELL_RANGER_DUAL_INDEX,1418778869,A8TX_250204_02_B01,R8TX-25021801,RTX-34007,19988,Cells,1338019172,L8TX_250206_01_F02,2694_B04,mouse,Mus musculus,1417611826,NWGC
NW-TX34007-3,10xV4,Ketamine,CELL_RANGER_DUAL_INDEX,1418778871,A8TX_250204_02_C01,R8TX-25021801,RTX-34007,20006,Cells,1338019172,L8TX_250206_01_G02,2697_A06,mouse,Mus musculus,1417654196,NWGC
NW-TX34007-4,10xV4,Ketamine,CELL_RANGER_DUAL_INDEX,1418778873,A8TX_250204_02_D01,R8TX-25021801,RTX-34007,19944,Cells,1338019172,L8TX_250206_01_H02,2697_B06,mouse,Mus musculus,1417654197,NWGC
NW-TX34007-5,10xV4,Ketamine,CELL_RANGER_DUAL_INDEX,1418778881,A8TX_250204_02_G01,R8TX-25021801,RTX-34007,20010,Cells,1338019172,L8TX_250206_01_B03,2700_A07,mouse,Mus musculus,1418551116,NWGC
NW-TX34007-6,10xV4,Ketamine,CELL_RANGER_DUAL_INDEX,1418778883,A8TX_250204_02_H01,R8TX-25021801,RTX-34007,19951,Cells,1338019172,L8TX_250206_01_C03,2700_B07,mouse,Mus musculus,1418551117,NWGC
NW-TX34007-7,10xV4,Ketamine,CELL_RANGER_DUAL_INDEX,1420587904,A8TX_250211_02_C01,R8TX-25021801,RTX-34007,19996,Cells,1338019172,L8TX_250213_01_G10,2705_A03,mouse,Mus musculus,1418835044,NWGC
NW-TX34007-8,10xV4,Ketamine,CELL_RANGER_DUAL_INDEX,1420587906,A8TX_250211_02_D01,R8TX-25021801,RTX-34007,19953,Cells,1338019172,L8TX_250213_01_F10,2705_B03,mouse,Mus musculus,1418835045,NWGC
NW-TX34007-9,10xV4,Ketamine,CELL_RANGER_DUAL_INDEX,1420587908,A8TX_250211_02_E01,R8TX-25021801,RTX-34007,19880,Cells,1338019172,L8TX_250213_01_H10,2707_A04,mouse,Mus musculus,1418995011,NWGC
NW-TX34008-1,10xV4,Ketamine,CELL_RANGER_DUAL_INDEX,1420587912,A8TX_250211_02_G01,R8TX-25030401,RTX-34008,19940,Cells,1338019172,L8TX_250213_01_D10,2709_A05,mouse,Mus musculus,1419032885,NWGC
NW-TX34008-10,10xV4,Psilocybin,CELL_RANGER_DUAL_INDEX,1422870896,A8TX_250225_02_A01,R8TX-25030401,RTX-34008,19913,Cells,1338019172,L8TX_250227_01_D06,2733_A01,mouse,Mus musculus,1421643229,NWGC
NW-TX34008-11,10xV4,Psilocybin,CELL_RANGER_DUAL_INDEX,1422870899,A8TX_250225_02_B01,R8TX-25030401,RTX-34008,19971,Cells,1338019172,L8TX_250227_01_E06,2733_B01,mouse,Mus musculus,1421643230,NWGC
NW-TX34008-12,10xV4,Psilocybin,CELL_RANGER_DUAL_INDEX,1422870901,A8TX_250225_02_C01,R8TX-25030401,RTX-34008,19933,Cells,1338019172,L8TX_250227_01_D05,2736_A04,mouse,Mus musculus,1422555440,NWGC
NW-TX34008-2,10xV4,Ketamine,CELL_RANGER_DUAL_INDEX,1420587914,A8TX_250211_02_H01,R8TX-25030401,RTX-34008,19938,Cells,1338019172,L8TX_250213_01_E10,2709_B05,mouse,Mus musculus,1419032886,NWGC
NW-TX34008-3,10xV4,Ketamine,CELL_RANGER_DUAL_INDEX,1421817899,A8TX_250218_02_C01,R8TX-25030401,RTX-34008,19976,Cells,1338019172,L8TX_250220_01_G02,2720_A03,mouse,Mus musculus,1420574615,NWGC
NW-TX34008-4,10xV4,Ketamine,CELL_RANGER_DUAL_INDEX,1421817901,A8TX_250218_02_D01,R8TX-25030401,RTX-34008,19948,Cells,1338019172,L8TX_250220_01_D02,2720_B03,mouse,Mus musculus,1420574616,NWGC
NW-TX34008-5,10xRseq_Mult_noATAC,RetroSeq+Synthetic_Constructs,CELL_RANGER_ARCV1,1421869961,A8XR_250214_01_G02,R8TX-25030401,RTX-34008,10000,Nuclei,1195125448,L8XR_250220_21_B01,2721_A06,mouse,Mus musculus,1421869819,NWGC
NW-TX34008-6,10xV4,Ketamine,CELL_RANGER_DUAL_INDEX,1421817903,A8TX_250218_02_E01,R8TX-25030401,RTX-34008,19982,Cells,1338019172,L8TX_250220_01_H02,2723_A04,mouse,Mus musculus,1421814755,NWGC
NW-TX34008-7,10xV4,Ketamine,CELL_RANGER_DUAL_INDEX,1421817906,A8TX_250218_02_F01,R8TX-25030401,RTX-34008,19900,Cells,1338019172,L8TX_250220_01_A03,2723_B04,mouse,Mus musculus,1421814756,NWGC
NW-TX34008-8,10xV4,Psilocybin,CELL_RANGER_DUAL_INDEX,1421817908,A8TX_250218_02_G01,R8TX-25030401,RTX-34008,19971,Cells,1338019172,L8TX_250220_01_E02,2726_A05,mouse,Mus musculus,1421414456,NWGC
NW-TX34008-9,10xV4,Psilocybin,CELL_RANGER_DUAL_INDEX,1421817910,A8TX_250218_02_H01,R8TX-25030401,RTX-34008,19996,Cells,1338019172,L8TX_250220_01_B03,2726_B05,mouse,Mus musculus,1421414458,NWGC
NW-TX34009-1,10xV4,Psilocybin,CELL_RANGER_DUAL_INDEX,1422870903,A8TX_250225_02_D01,R8TX-25031802,RTX-34009,19944,Cells,1338019172,L8TX_250227_01_E05,2736_B04,mouse,Mus musculus,1422555441,NWGC
NW-TX34009-10,10xV4,SCORCH,CELL_RANGER_DUAL_INDEX,1424327620,A8TX_250304_02_B01,R8TX-25031802,RTX-34009,20006,Nuclei,1338019172,L8TX_250306_01_D02,2751_A01,mouse,Mus musculus,1423272564,NWGC
NW-TX34009-11,10xV4,SCORCH,CELL_RANGER_DUAL_INDEX,1424327624,A8TX_250304_02_C01,R8TX-25031802,RTX-34009,20003,Nuclei,1338019172,L8TX_250306_01_E02,2751_B01,mouse,Mus musculus,1423272565,NWGC
NW-TX34009-12,10xV4,SCORCH,CELL_RANGER_DUAL_INDEX,1424327626,A8TX_250304_02_D01,R8TX-25031802,RTX-34009,19971,Nuclei,1338019172,L8TX_250306_01_G02,2751_C01,mouse,Mus musculus,1423272566,NWGC
NW-TX34009-2,10xV4,Psilocybin,CELL_RANGER_DUAL_INDEX,1422870917,A8TX_250225_02_B02,R8TX-25031802,RTX-34009,19976,Cells,1338019172,L8TX_250227_01_B06,2740_A07,mouse,Mus musculus,1422518881,NWGC
NW-TX34009-3,10xV4,Psilocybin,CELL_RANGER_DUAL_INDEX,1422870919,A8TX_250225_02_C02,R8TX-25031802,RTX-34009,19938,Cells,1338019172,L8TX_250227_01_C06,2740_B07,mouse,Mus musculus,1422518882,NWGC
NW-TX34009-4,10xV4,Psilocybin,CELL_RANGER_DUAL_INDEX,1424327644,A8TX_250304_02_D02,R8TX-25031802,RTX-34009,20006,Cells,1338019172,L8TX_250306_01_B01,2746_A03,mouse,Mus musculus,1423710988,NWGC
NW-TX34009-5,10xV4,Psilocybin,CELL_RANGER_DUAL_INDEX,1424327646,A8TX_250304_02_E02,R8TX-25031802,RTX-34009,19954,Cells,1338019172,L8TX_250306_01_D01,2746_B03,mouse,Mus musculus,1423710989,NWGC
NW-TX34009-6,10xV4,Psilocybin,CELL_RANGER_DUAL_INDEX,1424327648,A8TX_250304_02_F02,R8TX-25031802,RTX-34009,19934,Cells,1338019172,L8TX_250306_01_H01,2747_A04,mouse,Mus musculus,1423080286,NWGC
NW-TX34009-7,10xV4,Psilocybin,CELL_RANGER_DUAL_INDEX,1424327633,A8TX_250304_02_G01,R8TX-25031802,RTX-34009,19890,Cells,1338019172,L8TX_250306_01_E01,2747_B04,mouse,Mus musculus,1423080287,NWGC
NW-TX34009-8,10xV4,Psilocybin,CELL_RANGER_DUAL_INDEX,1424327652,A8TX_250304_02_G02,R8TX-25031802,RTX-34009,19960,Cells,1338019172,L8TX_250306_01_A02,2750_A05,mouse,Mus musculus,1423712045,NWGC
NW-TX34009-9,10xV4,Psilocybin,CELL_RANGER_DUAL_INDEX,1424327654,A8TX_250304_02_H02,R8TX-25031802,RTX-34009,19938,Cells,1338019172,L8TX_250306_01_C01,2750_B05,mouse,Mus musculus,1423712046,NWGC
NW-TX34010-1,10xV4,SCORCH,CELL_RANGER_DUAL_INDEX,1424327628,A8TX_250304_02_E01,R8TX-25031803,RTX-34010,19977,Nuclei,1338019172,L8TX_250306_01_F02,2751_D01,mouse,Mus musculus,1423273395,NWGC
NW-TX34010-10,10xV4,SCORCH,CELL_RANGER_DUAL_INDEX,1425928407,A8TX_250311_02_F01,R8TX-25031803,RTX-34010,19960,Nuclei,1338019172,L8TX_250313_01_D11,2757_A04,mouse,Mus musculus,1425395073,NWGC
NW-TX34010-11,10xV4,SCORCH,CELL_RANGER_DUAL_INDEX,1425928409,A8TX_250311_02_G01,R8TX-25031803,RTX-34010,19953,Nuclei,1338019172,L8TX_250313_01_C10,2757_B04,mouse,Mus musculus,1425395074,NWGC
NW-TX34010-12,10xV4,SCORCH,CELL_RANGER_DUAL_INDEX,1425928411,A8TX_250311_02_H01,R8TX-25031803,RTX-34010,20006,Nuclei,1338019172,L8TX_250313_01_E11,2757_C04,mouse,Mus musculus,1425395075,NWGC
NW-TX34010-2,10xV4,SCORCH,CELL_RANGER_DUAL_INDEX,1424327631,A8TX_250304_02_F01,R8TX-25031803,RTX-34010,19953,Nuclei,1338019172,L8TX_250306_01_H02,2751_E01,mouse,Mus musculus,1423273397,NWGC
NW-TX34010-3,10xV4,SCORCH,CELL_RANGER_DUAL_INDEX,1425928395,A8TX_250311_02_A01,R8TX-25031803,RTX-34010,19971,Nuclei,1338019172,L8TX_250313_01_B12,2753_A02,mouse,Mus musculus,1424047749,NWGC
NW-TX34010-4,10xV4,SCORCH,CELL_RANGER_DUAL_INDEX,1425928399,A8TX_250311_02_B01,R8TX-25031803,RTX-34010,19947,Nuclei,1338019172,L8TX_250313_01_A11,2753_B02,mouse,Mus musculus,1424047750,NWGC
NW-TX34010-5,10xV4,SCORCH,CELL_RANGER_DUAL_INDEX,1425928401,A8TX_250311_02_C01,R8TX-25031803,RTX-34010,19990,Nuclei,1338019172,L8TX_250313_01_B11,2753_C02,mouse,Mus musculus,1424047751,NWGC
NW-TX34010-6,10xV4,SCORCH,CELL_RANGER_DUAL_INDEX,1425928403,A8TX_250311_02_D01,R8TX-25031803,RTX-34010,19996,Nuclei,1338019172,L8TX_250313_01_C11,2753_D02,mouse,Mus musculus,1424047777,NWGC
NW-TX34010-7,10xV4,SCORCH,CELL_RANGER_DUAL_INDEX,1425928405,A8TX_250311_02_E01,R8TX-25031803,RTX-34010,19995,Nuclei,1338019172,L8TX_250313_01_C12,2753_E02,mouse,Mus musculus,1424047781,NWGC
NW-TX34010-8,10xV4,Psilocybin,CELL_RANGER_DUAL_INDEX,1425928429,A8TX_250311_02_H02,R8TX-25031803,RTX-34010,19931,Cells,1338019172,L8TX_250313_01_F10,2756_A03,mouse,Mus musculus,1424273974,NWGC
NW-TX34010-9,10xV4,Psilocybin,CELL_RANGER_DUAL_INDEX,1425928431,A8TX_250311_02_A03,R8TX-25031803,RTX-34010,19996,Cells,1338019172,L8TX_250313_01_H09,2756_B03,mouse,Mus musculus,1424273975,NWGC
NW-TX4092-1,10xV3.1D,SKOR2_PC_methdev,CELL_RANGER_DUAL_INDEX,1306621511,A8TX_231024_01_B01,R8TX-23111404,RTX-4092,10698,Nuclei,1159883646,L8TX_231026_01_A12,1929_B01,human,Homo Sapiens,1306181939,NWGC
NW-TX4092-10,10xV3.1D,M1_cross-species_study,CELL_RANGER_DUAL_INDEX,1309856062,A8TX_231106_01_D01,R8TX-23111404,RTX-4092,10725,Nuclei,1159883646,L8TX_231109_21_D01,1949_D01,egyptian_fruit_bat,Rousettus aegyptiacus,1309491135,NWGC
NW-TX4092-11,10xV3.1D,M1_cross-species_study,CELL_RANGER_DUAL_INDEX,1309856066,A8TX_231106_01_E01,R8TX-23111404,RTX-4092,10725,Nuclei,1159883646,L8TX_231109_21_E01,1949_E01,egyptian_fruit_bat,Rousettus aegyptiacus,1309491324,NWGC
NW-TX4092-2,10xV3.1D,AD_Meth_Dev,CELL_RANGER_DUAL_INDEX,1306621516,A8TX_231024_01_D01,R8TX-23111404,RTX-4092,8509,Nuclei,1159883646,L8TX_231026_04_A03,1929_C01,human,Homo Sapiens,1306181984,NWGC
NW-TX4092-3,10xV3.1D,AD_Meth_Dev,CELL_RANGER_DUAL_INDEX,1306621518,A8TX_231024_01_E01,R8TX-23111404,RTX-4092,10714,Nuclei,1159883646,L8TX_231026_04_F02,1929_D01,human,Homo Sapiens,1306182016,NWGC
NW-TX4092-4,10xV3.1D,AD_Meth_Dev,CELL_RANGER_DUAL_INDEX,1306621521,A8TX_231024_01_F01,R8TX-23111404,RTX-4092,7413,Nuclei,1159883646,L8TX_231026_04_G02,1929_E01,human,Homo Sapiens,1306182052,NWGC
NW-TX4092-5,10xV3.1D,AD_Meth_Dev,CELL_RANGER_DUAL_INDEX,1306621523,A8TX_231024_01_G01,R8TX-23111404,RTX-4092,10718,Nuclei,1159883646,L8TX_231026_04_H02,1929_F01,human,Homo Sapiens,1306182094,NWGC
NW-TX4092-6,10xV3.1D,SKOR2_PC_methdev,CELL_RANGER_DUAL_INDEX,1306621514,A8TX_231024_01_C01,R8TX-23111404,RTX-4092,6370,Nuclei,1159883646,L8TX_231026_04_E02,1929.1_G01,macaque,Macaca mulatta,1306181912,NWGC
NW-TX4092-7,10xV3.1D,M1_cross-species_study,CELL_RANGER_DUAL_INDEX,1309856051,A8TX_231106_01_A01,R8TX-23111404,RTX-4092,10725,Nuclei,1159883646,L8TX_231109_21_A01,1949_A01,egyptian_fruit_bat,Rousettus aegyptiacus,1309491015,NWGC
NW-TX4092-8,10xV3.1D,M1_cross-species_study,CELL_RANGER_DUAL_INDEX,1309856055,A8TX_231106_01_B01,R8TX-23111404,RTX-4092,10725,Nuclei,1159883646,L8TX_231109_21_B01,1949_B01,egyptian_fruit_bat,Rousettus aegyptiacus,1309491049,NWGC
NW-TX4092-9,10xV3.1D,M1_cross-species_study,CELL_RANGER_DUAL_INDEX,1309856059,A8TX_231106_01_C01,R8TX-23111404,RTX-4092,10725,Nuclei,1159883646,L8TX_231109_21_C01,1949_C01,egyptian_fruit_bat,Rousettus aegyptiacus,1309491086,NWGC
NW-TX4093-1,10xV3.1D,SKOR2_PC_methdev,CELL_RANGER_DUAL_INDEX,1319014355,A8TX_231219_01_A01,R8TX-24010902,RTX-4093,10652,Nuclei,1159883646,L8TX_231221_01_D03,1994_A01,human,Homo Sapiens,1318951372,NWGC
NW-TX4093-2,10xRseq_Mult_noATAC,Morphine_combined_Ipsi,CELL_RANGER_ARCV1,1319231869,A8XR_231215_01_E01,R8TX-24010902,RTX-4093,10000,Nuclei,1195125448,L8XR_231221_04_G04,1998_A06,mouse,Mus musculus,1319216595,NWGC
NW-TX4093-3,10xRseq_Mult_noATAC,Morphine_combined_Ipsi,CELL_RANGER_ARCV1,1319231872,A8XR_231215_01_F01,R8TX-24010902,RTX-4093,10000,Nuclei,1195125448,L8XR_231221_04_A05,1998_B06,mouse,Mus musculus,1319216596,NWGC
NW-TX4093-4,10xRseq_Mult_noATAC,Morphine_combined_Ipsi,CELL_RANGER_ARCV1,1319231874,A8XR_231215_01_G01,R8TX-24010902,RTX-4093,10000,Nuclei,1195125448,L8XR_231221_04_B05,1998_C06,mouse,Mus musculus,1319014216,NWGC
NW-TX4093-5,10xRseq_Mult_noATAC,Morphine_combined_Ipsi,CELL_RANGER_ARCV1,1319231877,A8XR_231215_01_H01,R8TX-24010902,RTX-4093,10000,Nuclei,1195125448,L8XR_231221_04_C05,1998_D06,mouse,Mus musculus,1319014217,NWGC
NW-TX4093-6,10xRseq_Mult_noATAC,Morphine_combined_Ipsi,CELL_RANGER_ARCV1,1321670221,A8XR_231222_01_F01,R8TX-24010902,RTX-4093,10000,Nuclei,1195125448,L8XR_240104_01_G05,2005_A04,mouse,Mus musculus,1319013953,NWGC
NW-TX4093-7,10xRseq_Mult_noATAC,Morphine_combined_Ipsi,CELL_RANGER_ARCV1,1321670223,A8XR_231222_01_G01,R8TX-24010902,RTX-4093,10000,Nuclei,1195125448,L8XR_240104_01_F06,2005_B04,mouse,Mus musculus,1319013954,NWGC
NW-TX4093-8,10xRseq_Mult_noATAC,Morphine_combined_Ipsi,CELL_RANGER_ARCV1,1321670226,A8XR_231222_01_H01,R8TX-24010902,RTX-4093,10000,Nuclei,1195125448,L8XR_240104_01_G06,2005_C04,mouse,Mus musculus,1318980852,NWGC
NW-TX4093-9,10xRseq_Mult_noATAC,Morphine_combined_Ipsi,CELL_RANGER_ARCV1,1321670229,A8XR_231222_01_A02,R8TX-24010902,RTX-4093,10000,Nuclei,1195125448,L8XR_240104_01_H06,2005_D04,mouse,Mus musculus,1318980853,NWGC
NW-TX4094-1,10xRseq_Mult_noATAC,Morphine_combined_Ipsi,CELL_RANGER_ARCV1,1321670238,A8XR_231222_01_E02,R8TX-24011701,RTX-4094,10000,Nuclei,1195125448,L8XR_240104_01_H05,2008_A07,mouse,Mus musculus,1321259958,NWGC
NW-TX4094-2,10xRseq_Mult_noATAC,Morphine_combined_Ipsi,CELL_RANGER_ARCV1,1321670240,A8XR_231222_01_F02,R8TX-24011701,RTX-4094,10000,Nuclei,1195125448,L8XR_240104_01_A06,2008_B07,mouse,Mus musculus,1321259959,NWGC
NW-TX4094-3,10xRseq_Mult_noATAC,Morphine_combined_Ipsi,CELL_RANGER_ARCV1,1321670242,A8XR_231222_01_G02,R8TX-24011701,RTX-4094,10000,Nuclei,1195125448,L8XR_240104_01_B07,2008_C07,mouse,Mus musculus,1321235666,NWGC
NW-TX4094-4,10xRseq_Mult_noATAC,Morphine_combined_Ipsi,CELL_RANGER_ARCV1,1321670244,A8XR_231222_01_H02,R8TX-24011701,RTX-4094,10000,Nuclei,1195125448,L8XR_240104_01_C07,2008_D07,mouse,Mus musculus,1321235667,NWGC
NW-TX4094-5,10xRseq_Mult_noATAC,Morphine_combined_Ipsi,CELL_RANGER_ARCV1,1321670381,A8XR_240102_01_C01,R8TX-24011701,RTX-4094,10000,Nuclei,1195125448,L8XR_240104_01_B06,2010_A08,mouse,Mus musculus,1321253113,NWGC
NW-TX4094-6,10xRseq_Mult_noATAC,Morphine_combined_Ipsi,CELL_RANGER_ARCV1,1321670384,A8XR_240102_01_D01,R8TX-24011701,RTX-4094,9658,Nuclei,1195125448,L8XR_240104_01_D07,2010_B08,mouse,Mus musculus,1321253114,NWGC
NW-TX4094-7,10xRseq_Mult_noATAC,Morphine_combined_Ipsi,CELL_RANGER_ARCV1,1321670386,A8XR_240102_01_E01,R8TX-24011701,RTX-4094,10000,Nuclei,1195125448,L8XR_240104_01_E07,2010_C08,mouse,Mus musculus,1321658083,NWGC
NW-TX4094-8,10xRseq_Mult_noATAC,Morphine_combined_Ipsi,CELL_RANGER_ARCV1,1321670388,A8XR_240102_01_F01,R8TX-24011701,RTX-4094,10000,Nuclei,1195125448,L8XR_240104_01_C06,2010_D08,mouse,Mus musculus,1321658084,NWGC
NW-TX4094-9,10xRseq_Mult_noATAC,Morphine_combined_Ipsi,CELL_RANGER_ARCV1,1323308427,A8XR_240109_01_F02,R8TX-24011701,RTX-4094,10000,Nuclei,1195125448,L8XR_240111_21_H10,2015_A02,mouse,Mus musculus,1322493901,NWGC
NW-TX4095-1,10xRseq_Mult_noATAC,Morphine_combined_Ipsi,CELL_RANGER_ARCV1,1323308429,A8XR_240109_01_G02,R8TX-24012302,RTX-4095,10000,Nuclei,1195125448,L8XR_240118_21_B01,2015_B02,mouse,Mus musculus,1322493902,NWGC
NW-TX4095-2,10xRseq_Mult_noATAC,Morphine_combined_Ipsi,CELL_RANGER_ARCV1,1323308431,A8XR_240109_01_H02,R8TX-24012302,RTX-4095,10000,Nuclei,1195125448,L8XR_240111_01_G09,2015_C02,mouse,Mus musculus,1322454151,NWGC
NW-TX4095-3,10xRseq_Mult_noATAC,Morphine_combined_Ipsi,CELL_RANGER_ARCV1,1323308434,A8XR_240109_01_A03,R8TX-24012302,RTX-4095,10000,Nuclei,1195125448,L8XR_240111_21_A11,2015.1_E02,mouse,Mus musculus,1322454153,NWGC
NW-TX4095-4,10xRseq_Mult_noATAC,Morphine_combined_Ipsi,CELL_RANGER_ARCV1,1323308436,A8XR_240109_01_B03,R8TX-24012302,RTX-4095,10000,Nuclei,1195125448,L8XR_240111_21_B11,2015.1_F02,mouse,Mus musculus,1322454154,NWGC
NW-TX4095-5,10xRseq_Mult_noATAC,Morphine_combined_Ipsi,CELL_RANGER_ARCV1,1323308440,A8XR_240109_01_D03,R8TX-24012302,RTX-4095,10000,Nuclei,1195125448,L8XR_240111_21_C11,2017_A04,mouse,Mus musculus,1322918203,NWGC
NW-TX4095-6,10xRseq_Mult_noATAC,Morphine_combined_Ipsi,CELL_RANGER_ARCV1,1323308443,A8XR_240109_01_E03,R8TX-24012302,RTX-4095,10000,Nuclei,1195125448,L8XR_240118_21_D01,2017_B04,mouse,Mus musculus,1322918204,NWGC
NW-TX4095-7,10xRseq_Mult_noATAC,Morphine_combined_Ipsi,CELL_RANGER_ARCV1,1323308445,A8XR_240109_01_F03,R8TX-24012302,RTX-4095,10000,Nuclei,1195125448,L8XR_240111_21_D11,2017_C04,mouse,Mus musculus,1322487292,NWGC
NW-TX4095-8,10xRseq_Mult_noATAC,Morphine_combined_Ipsi,CELL_RANGER_ARCV1,1323308448,A8XR_240109_01_G03,R8TX-24012302,RTX-4095,10000,Nuclei,1195125448,L8XR_240111_01_F08,2017_D04,mouse,Mus musculus,1322487293,NWGC
NW-TX4095-9,10xRseq_Mult_noATAC,Morphine_combined_Contra,CELL_RANGER_ARCV1,1324765532,A8XR_240112_01_E02,R8TX-24012302,RTX-4095,10000,Nuclei,1195125448,L8XR_240118_21_H01,2020_A03,mouse,Mus musculus,1324532163,NWGC
NW-TX4096-1,10xRseq_Mult_noATAC,Morphine_combined_Contra,CELL_RANGER_ARCV1,1324765534,A8XR_240112_01_F02,R8TX-24013001,RTX-4096,6608,Nuclei,1195125448,L8XR_240118_21_F02,2020_B03,mouse,Mus musculus,1324532164,NWGC
NW-TX4096-2,10xRseq_Mult_noATAC,Morphine_combined_Contra,CELL_RANGER_ARCV1,1324765536,A8XR_240112_01_G02,R8TX-24013001,RTX-4096,10000,Nuclei,1195125448,L8XR_240118_21_G02,2020_C03,mouse,Mus musculus,1323474623,NWGC
NW-TX4096-3,10xRseq_Mult_noATAC,Morphine_combined_Contra,CELL_RANGER_ARCV1,1324765538,A8XR_240112_01_H02,R8TX-24013001,RTX-4096,10000,Nuclei,1195125448,L8XR_240118_21_H02,2020_D03,mouse,Mus musculus,1323474624,NWGC
NW-TX4096-4,10xV3.1D,HT_Inv+MG_MethDev,CELL_RANGER_DUAL_INDEX,1327016046,A8TX_240123_02_A01,R8TX-24013001,RTX-4096,10725,Cells,1159883646,L8TX_240125_01_F12,2036_A01,mouse,Mus musculus,1327006888,NWGC
NW-TX4096-5,10xV3.1D,HT_Inv+MG_MethDev,CELL_RANGER_DUAL_INDEX,1327016048,A8TX_240123_02_B01,R8TX-24013001,RTX-4096,10678,Cells,1159883646,L8TX_240125_01_E12,2036_B01,mouse,Mus musculus,1327006889,NWGC
NW-TX4096-6,10xV3.1_HT,HT_Inv+MG_MethDev,CELL_RANGER_DUAL_INDEX,1327015983,A8HX_240123_03_A01,R8TX-24013001,RTX-4096,19988,Cells,1159883766,L8HX_240125_03_G12,2037_A01,mouse,Mus musculus,1327006897,NWGC
NW-TX4096-7,10xV3.1_HT,HT_Inv+MG_MethDev,CELL_RANGER_DUAL_INDEX,1327015985,A8HX_240123_03_A02,R8TX-24013001,RTX-4096,19986,Cells,1159883766,L8HX_240125_03_H12,2037_A02,mouse,Mus musculus,1327006907,NWGC
NW-TX4097-1,10xRseq_Mult_noATAC,Morphine_combined_Contra,CELL_RANGER_ARCV1,1324765524,A8XR_240112_01_A02,R8TX-24013002,RTX-4097,10000,Nuclei,1195125448,L8XR_240118_21_G01,2023_A06,mouse,Mus musculus,1324524562,NWGC
NW-TX4097-2,10xRseq_Mult_noATAC,Morphine_combined_Contra,CELL_RANGER_ARCV1,1324765526,A8XR_240112_01_B02,R8TX-24013002,RTX-4097,10000,Nuclei,1195125448,L8XR_240118_21_C02,2023_B06,mouse,Mus musculus,1324524563,NWGC
NW-TX4097-3,10xRseq_Mult_noATAC,Morphine_combined_Contra,CELL_RANGER_ARCV1,1324765528,A8XR_240112_01_C02,R8TX-24013002,RTX-4097,10000,Nuclei,1195125448,L8XR_240118_21_D02,2023_C06,mouse,Mus musculus,1324755799,NWGC
NW-TX4097-4,10xRseq_Mult_noATAC,Morphine_combined_Contra,CELL_RANGER_ARCV1,1324765530,A8XR_240112_01_D02,R8TX-24013002,RTX-4097,10000,Nuclei,1195125448,L8XR_240118_21_E02,2023_D06,mouse,Mus musculus,1324755800,NWGC
NW-TX4097-5,10xRseq_Mult_noATAC,Morphine_combined_Contra,CELL_RANGER_ARCV1,1326439843,A8XR_240119_01_F01,R8TX-24013002,RTX-4097,10000,Nuclei,1195125448,L8XR_240125_02_G03,2032_A03,mouse,Mus musculus,1324829303,NWGC
NW-TX4097-6,10xRseq_Mult_noATAC,Morphine_combined_Contra,CELL_RANGER_ARCV1,1326439845,A8XR_240119_01_G01,R8TX-24013002,RTX-4097,10000,Nuclei,1195125448,L8XR_240125_02_B04,2032_B03,mouse,Mus musculus,1324829304,NWGC
NW-TX4097-7,10xRseq_Mult_noATAC,Morphine_combined_Contra,CELL_RANGER_ARCV1,1326440345,A8XR_240123_01_G01,R8TX-24013002,RTX-4097,10000,Nuclei,1195125448,L8XR_240125_21_H05,2033_A04,mouse,Mus musculus,1325961612,NWGC
NW-TX4097-8,10xRseq_Mult_noATAC,Morphine_combined_Contra,CELL_RANGER_ARCV1,1326440347,A8XR_240123_01_H01,R8TX-24013002,RTX-4097,10000,Nuclei,1195125448,L8XR_240125_21_F05,2033_B04,mouse,Mus musculus,1325961613,NWGC
NW-TX4097-9,10xRseq_Mult_noATAC,Morphine_combined_Contra,CELL_RANGER_ARCV1,1326440350,A8XR_240123_01_A02,R8TX-24013002,RTX-4097,10000,Nuclei,1195125448,L8XR_240125_21_C05,2033_D04,mouse,Mus musculus,1326038840,NWGC
NW-TX4098-1,10xRseq_Mult_noATAC,Morphine_combined_Contra,CELL_RANGER_ARCV1,1326440352,A8XR_240123_01_B02,R8TX-24020602,RTX-4098,10000,Nuclei,1195125448,L8XR_240125_21_D05,2033.1_E04,mouse,Mus musculus,1326038841,NWGC
NW-TX4098-2,10xRseq_Mult_noATAC,Morphine_combined_Ipsi,CELL_RANGER_ARCV1,1327378424,A8XR_240126_01_A02,R8TX-24020602,RTX-4098,10000,Nuclei,1195125448,L8XR_240201_21_H08,2039_A03,mouse,Mus musculus,1326984590,NWGC
NW-TX4098-3,10xRseq_Mult_noATAC,Morphine_combined_Ipsi,CELL_RANGER_ARCV1,1327378426,A8XR_240126_01_B02,R8TX-24020602,RTX-4098,10000,Nuclei,1195125448,L8XR_240201_21_G09,2039_B03,mouse,Mus musculus,1326984591,NWGC
NW-TX4098-4,10xRseq_Mult_noATAC,Morphine_combined_Ipsi,CELL_RANGER_ARCV1,1327378429,A8XR_240126_01_C02,R8TX-24020602,RTX-4098,10000,Nuclei,1195125448,L8XR_240201_21_H09,2039_C03,mouse,Mus musculus,1326009728,NWGC
NW-TX4098-5,10xRseq_Mult_noATAC,Morphine_combined_Ipsi,CELL_RANGER_ARCV1,1327378431,A8XR_240126_01_D02,R8TX-24020602,RTX-4098,10000,Nuclei,1195125448,L8XR_240201_21_G08,2039_D03,mouse,Mus musculus,1326009729,NWGC
NW-TX4098-6,10xRseq_Mult_noATAC,Morphine_combined_Ipsi,CELL_RANGER_ARCV1,1327378433,A8XR_240126_01_E02,R8TX-24020602,RTX-4098,10000,Nuclei,1195125448,L8XR_240201_21_A09,2042_A06,mouse,Mus musculus,1326990730,NWGC
NW-TX4098-7,10xRseq_Mult_noATAC,Morphine_combined_Ipsi,CELL_RANGER_ARCV1,1327378435,A8XR_240126_01_F02,R8TX-24020602,RTX-4098,10000,Nuclei,1195125448,L8XR_240201_21_A10,2042_B06,mouse,Mus musculus,1326990731,NWGC
NW-TX4098-8,10xRseq_Mult_noATAC,Morphine_combined_Ipsi,CELL_RANGER_ARCV1,1327378437,A8XR_240126_01_G02,R8TX-24020602,RTX-4098,10000,Nuclei,1195125448,L8XR_240201_21_B09,2042_C06,mouse,Mus musculus,1326227554,NWGC
NW-TX4098-9,10xRseq_Mult_noATAC,Morphine_combined_Ipsi,CELL_RANGER_ARCV1,1327378441,A8XR_240126_01_H02,R8TX-24020602,RTX-4098,10000,Nuclei,1195125448,L8XR_240201_21_C09,2042_D06,mouse,Mus musculus,1326227555,NWGC
NW-TX4099-1,10xRseq_Mult_noATAC,Morphine_combined_Contra,CELL_RANGER_ARCV1,1329324110,A8XR_240202_01_E02,R8TX-24022002,RTX-4099,10000,Nuclei,1195125448,L8XR_240208_21_H01,2051_A05,mouse,Mus musculus,1327678295,NWGC
NW-TX4099-2,10xRseq_Mult_noATAC,Morphine_combined_Contra,CELL_RANGER_ARCV1,1329324112,A8XR_240202_01_F02,R8TX-24022002,RTX-4099,10000,Nuclei,1195125448,L8XR_240208_21_A02,2051_B05,mouse,Mus musculus,1327678296,NWGC
NW-TX4099-3,10xRseq_Mult_noATAC,Morphine_combined_Contra,CELL_RANGER_ARCV1,1329324114,A8XR_240202_01_G02,R8TX-24022002,RTX-4099,10000,Nuclei,1195125448,L8XR_240208_21_B02,2051_C05,mouse,Mus musculus,1329312190,NWGC
NW-TX4099-4,10xRseq_Mult_noATAC,Morphine_combined_Contra,CELL_RANGER_ARCV1,1329324116,A8XR_240202_01_H02,R8TX-24022002,RTX-4099,10000,Nuclei,1195125448,L8XR_240208_21_C02,2051_D05,mouse,Mus musculus,1329312191,NWGC
NW-TX4099-5,10xRseq_Mult_noATAC,Morphine_combined_Contra,CELL_RANGER_ARCV1,1331017809,A8XR_240209_01_C02,R8TX-24022002,RTX-4099,10000,Nuclei,1195125448,L8XR_240215_21_B06,2061_A06,mouse,Mus musculus,1330348652,NWGC
NW-TX4099-6,10xRseq_Mult_noATAC,Morphine_combined_Contra,CELL_RANGER_ARCV1,1331017811,A8XR_240209_01_D02,R8TX-24022002,RTX-4099,10000,Nuclei,1195125448,L8XR_240215_21_C06,2061_B06,mouse,Mus musculus,1330348653,NWGC
NW-TX4099-7,10xRseq_Mult_noATAC,Morphine_combined_Contra,CELL_RANGER_ARCV1,1331017813,A8XR_240209_01_E02,R8TX-24022002,RTX-4099,10000,Nuclei,1195125448,L8XR_240215_21_D06,2061_C06,mouse,Mus musculus,1330917865,NWGC
NW-TX4099-8,10xRseq_Mult_noATAC,Morphine_combined_Contra,CELL_RANGER_ARCV1,1331017815,A8XR_240209_01_F02,R8TX-24022002,RTX-4099,10000,Nuclei,1195125448,L8XR_240215_21_E06,2061_D06,mouse,Mus musculus,1330917866,NWGC
NW-TX4099-9,10xRseq_Mult_noATAC,Morphine_combined_Contra,CELL_RANGER_ARCV1,1331017817,A8XR_240209_01_G02,R8TX-24022002,RTX-4099,10000,Nuclei,1195125448,L8XR_240215_21_F06,2057_A02,mouse,Mus musculus,1330438611,NWGC
NW-TX4100-1,10xV3.1D,AD_Center_Grant_Soma,CELL_RANGER_DUAL_INDEX,1265420406,A8TX_230417_01_D01,R8TX-24022701,RTX-4100,10683,Nuclei,1159883646,L8TX_230421_01_H09,1679_C01,human,Homo Sapiens,1263380386,NWGC
NW-TX4100-2,10xV3.1D,AD_Center_Grant_Soma,CELL_RANGER_DUAL_INDEX,1265420398,A8TX_230417_01_A01,R8TX-24022701,RTX-4100,10683,Nuclei,1159883646,L8TX_230421_01_A10,1679_D01,human,Homo Sapiens,1263380422,NWGC
NW-TX4100-3,10xV3.1D,AD_Center_Grant_Soma,CELL_RANGER_DUAL_INDEX,1271111768,A8TX_230508_01_C03,R8TX-24022701,RTX-4100,10698,Nuclei,1159883646,L8TX_230511_21_D11,1705_E01,human,Homo Sapiens,1268177645,NWGC
NW-TX4100-4,10xV3.1D,AD_Center_Grant_Soma,CELL_RANGER_DUAL_INDEX,1271111752,A8TX_230508_01_D02,R8TX-24022701,RTX-4100,10724,Nuclei,1159883646,L8TX_230511_21_F09,1705_F01,human,Homo Sapiens,1268177653,NWGC
NW-TX4100-5,10xV3.1D,AD_Center_Grant_Soma,CELL_RANGER_DUAL_INDEX,1271111764,A8TX_230508_01_A03,R8TX-24022701,RTX-4100,10698,Nuclei,1159883646,L8TX_230511_21_D10,1706_E02,human,Homo Sapiens,1269086526,NWGC
NW-TX4100-6,10xV3.1D,AD_Center_Grant_Soma,CELL_RANGER_DUAL_INDEX,1271111766,A8TX_230508_01_B03,R8TX-24022701,RTX-4100,10715,Nuclei,1159883646,L8TX_230511_21_C10,1706_F02,human,Homo Sapiens,1269086534,NWGC
NW-TX4100-7,10xRseq_Mult_noATAC,Morphine_combined_Contra,CELL_RANGER_ARCV1,1332632448,A8XR_240220_01_D04,R8TX-24022701,RTX-4100,10000,Nuclei,1195125448,L8XR_240222_21_E03,2076_C01,mouse,Mus musculus,1332485845,NWGC
NW-TX4100-8,10xRseq_Mult_noATAC,Morphine_combined_Contra,CELL_RANGER_ARCV1,1332632450,A8XR_240220_01_E04,R8TX-24022701,RTX-4100,10000,Nuclei,1195125448,L8XR_240222_21_F03,2076_D01,mouse,Mus musculus,1332485846,NWGC
NW-TX4101-1,10xRseq_Mult_noATAC,Morphine_combined_Contra,CELL_RANGER_ARCV1,1331017820,A8XR_240209_01_H02,R8TX-24030502,RTX-4101,10000,Nuclei,1195125448,L8XR_240215_21_H04,2057_B02,mouse,Mus musculus,1330438612,NWGC
NW-TX4101-2,10xRseq_Mult_noATAC,Morphine_combined_Contra,CELL_RANGER_ARCV1,1331017822,A8XR_240209_01_A03,R8TX-24030502,RTX-4101,10000,Nuclei,1195125448,L8XR_240215_21_G06,2057_C02,mouse,Mus musculus,1330392190,NWGC
NW-TX4101-3,10xRseq_Mult_noATAC,Morphine_combined_Contra,CELL_RANGER_ARCV1,1331017824,A8XR_240209_01_B03,R8TX-24030502,RTX-4101,10000,Nuclei,1195125448,L8XR_240215_21_D07,2057_D02,mouse,Mus musculus,1330392191,NWGC
NW-TX4101-4,10xRseq_Mult_noATAC,Morphine_combined_Ipsi,CELL_RANGER_ARCV1,1332609349,A8XR_240216_01_E02,R8TX-24030502,RTX-4101,10000,Nuclei,1195125448,L8XR_240222_01_E10,2068_A03,mouse,Mus musculus,1331783031,NWGC
NW-TX4101-5,10xRseq_Mult_noATAC,Morphine_combined_Ipsi,CELL_RANGER_ARCV1,1332609356,A8XR_240216_01_F02,R8TX-24030502,RTX-4101,9409,Nuclei,1195125448,L8XR_240229_02_A09,2068_B03,mouse,Mus musculus,1331783032,NWGC
NW-TX4101-6,10xRseq_Mult_noATAC,Morphine_combined_Ipsi,CELL_RANGER_ARCV1,1332609359,A8XR_240216_01_G02,R8TX-24030502,RTX-4101,10000,Nuclei,1195125448,L8XR_240222_01_F10,2068_C03,mouse,Mus musculus,1331009160,NWGC
NW-TX4101-7,10xRseq_Mult_noATAC,Morphine_combined_Ipsi,CELL_RANGER_ARCV1,1332609363,A8XR_240216_01_H02,R8TX-24030502,RTX-4101,10000,Nuclei,1195125448,L8XR_240222_01_G10,2068_D03,mouse,Mus musculus,1331009161,NWGC
NW-TX4101-8,10xRseq_Mult_noATAC,Morphine_combined_Contra,CELL_RANGER_ARCV1,1332632443,A8XR_240220_01_B04,R8TX-24030502,RTX-4101,10000,Nuclei,1195125448,L8XR_240222_21_C02,2076_A01,mouse,Mus musculus,1332305228,NWGC
NW-TX4101-9,10xRseq_Mult_noATAC,Morphine_combined_Contra,CELL_RANGER_ARCV1,1332632446,A8XR_240220_01_C04,R8TX-24030502,RTX-4101,10000,Nuclei,1195125448,L8XR_240222_21_D02,2076_B01,mouse,Mus musculus,1332305229,NWGC
NW-TX4102-1,10xV3.1D,Psilocybin,CELL_RANGER_DUAL_INDEX,1334315170,A8TX_240227_01_A01,R8TX-24031201,RTX-4102,10711,Cells,1159883646,L8TX_240229_01_E08,2082_A01,mouse,Mus musculus,1333726232,NWGC
NW-TX4102-2,10xV3.1D,Psilocybin,CELL_RANGER_DUAL_INDEX,1334315172,A8TX_240227_01_B01,R8TX-24031201,RTX-4102,10695,Cells,1159883646,L8TX_240229_01_C08,2082_B01,mouse,Mus musculus,1333726233,NWGC
NW-TX4102-3,10xV3.1D,Psilocybin,CELL_RANGER_DUAL_INDEX,1334315174,A8TX_240227_01_C01,R8TX-24031201,RTX-4102,10708,Cells,1159883646,L8TX_240229_01_D08,2087_A02,mouse,Mus musculus,1333757782,NWGC
NW-TX4102-4,10xV3.1D,Psilocybin,CELL_RANGER_DUAL_INDEX,1334315176,A8TX_240227_01_D01,R8TX-24031201,RTX-4102,10685,Cells,1159883646,L8TX_240229_01_B08,2087_B02,mouse,Mus musculus,1333757783,NWGC
NW-TX4102-5,10xV3.1D,Psilocybin,CELL_RANGER_DUAL_INDEX,1336434176,A8TX_240304_01_A01,R8TX-24031201,RTX-4102,10716,Cells,1159883646,L8TX_240307_01_G01,2095_A01,mouse,Mus musculus,1335446416,NWGC
NW-TX4102-6,10xV3.1D,Psilocybin,CELL_RANGER_DUAL_INDEX,1336434179,A8TX_240304_01_B01,R8TX-24031201,RTX-4102,10701,Cells,1159883646,L8TX_240307_01_C02,2095_B01,mouse,Mus musculus,1335446417,NWGC
NW-TX4102-7,10xV3.1D,Psilocybin,CELL_RANGER_DUAL_INDEX,1336434181,A8TX_240304_01_C01,R8TX-24031201,RTX-4102,10702,Cells,1159883646,L8TX_240307_01_D02,2098_A02,mouse,Mus musculus,1335734770,NWGC
NW-TX4102-8,10xV3.1D,Psilocybin,CELL_RANGER_DUAL_INDEX,1336434183,A8TX_240304_01_D01,R8TX-24031201,RTX-4102,10719,Cells,1159883646,L8TX_240307_01_H01,2098_B02,mouse,Mus musculus,1335734772,NWGC
NW-TX4103-1,10xV3.1D,Psilocybin,CELL_RANGER_DUAL_INDEX,1336434185,A8TX_240304_01_E01,R8TX-24032601,RTX-4103,10701,Cells,1159883646,L8TX_240307_01_A02,2101_A03,mouse,Mus musculus,1336314692,NWGC
NW-TX4103-2,10xV3.1D,Psilocybin,CELL_RANGER_DUAL_INDEX,1336434187,A8TX_240304_01_F01,R8TX-24032601,RTX-4103,10707,Cells,1159883646,L8TX_240307_01_B02,2101_B03,mouse,Mus musculus,1336314693,NWGC
NW-TX4103-3,10xV3.1D,Psilocybin,CELL_RANGER_DUAL_INDEX,1337952400,A8TX_240312_01_B01,R8TX-24032601,RTX-4103,10719,Cells,1159883646,L8TX_240314_01_B08,2110_A01,mouse,Mus musculus,1336008833,NWGC
NW-TX4103-4,10xV3.1D,Psilocybin,CELL_RANGER_DUAL_INDEX,1337952403,A8TX_240312_01_C01,R8TX-24032601,RTX-4103,10680,Cells,1159883646,L8TX_240314_01_C08,2110_B01,mouse,Mus musculus,1336008834,NWGC
NW-TX4103-5,10xV3.1D,Psilocybin,CELL_RANGER_DUAL_INDEX,1337952407,A8TX_240312_01_E01,R8TX-24032601,RTX-4103,10713,Cells,1159883646,L8TX_240314_01_H07,2113_B02,mouse,Mus musculus,1336907081,NWGC
NW-TX4103-6,10xV3.1D,RetroSeq+Synthetic_Constructs,CELL_RANGER_DUAL_INDEX,1337952398,A8FB_240312_01_A01,R8TX-24032601,RTX-4103,6032,Nuclei,1159883646,L8TX_240314_01_A08,2116_A03,mouse,Mus musculus,1337926145,NWGC
NW-TX4103-7,10xV3.1D,Psilocybin,CELL_RANGER_DUAL_INDEX,1339140927,A8TX_240319_01_A01,R8TX-24032601,RTX-4103,10719,Cells,1159883646,L8TX_240321_01_D11,2122_B01,mouse,Mus musculus,1337961767,NWGC
NW-TX4103-8,10xV3.1D,Psilocybin,CELL_RANGER_DUAL_INDEX,1339140929,A8TX_240319_01_B01,R8TX-24032601,RTX-4103,10702,Cells,1159883646,L8TX_240321_01_C11,2122_1_C01,mouse,Mus musculus,1337961769,NWGC
NW-TX4103-9,10xV3.1_FX,10xFlex_Pilot,CELL_RANGER_DUAL_INDEX,1339385361,A8FX_240319_03_A01,R8TX-24032601,RTX-4103,8101,Nuclei,1337991535,L8FX_240321_03_B01,2127_A01,mouse,Mus musculus,1338986898,NWGC
NW-TX4104-1,10xV3.1D,Psilocybin,CELL_RANGER_DUAL_INDEX,1339140931,A8TX_240319_01_C01,R8TX-24040202,RTX-4104,10718,Cells,1159883646,L8TX_240321_01_F11,2124_B02,mouse,Mus musculus,1337918220,NWGC
NW-TX4104-2,10xV3.1D,Psilocybin,CELL_RANGER_DUAL_INDEX,1339140933,A8TX_240319_01_D01,R8TX-24040202,RTX-4104,10683,Cells,1159883646,L8TX_240321_01_G11,2124_1_C02,mouse,Mus musculus,1337918221,NWGC
NW-TX4104-3,10xV3.1D,Psilocybin,CELL_RANGER_DUAL_INDEX,1339140935,A8TX_240319_01_E01,R8TX-24040202,RTX-4104,10724,Cells,1159883646,L8TX_240321_01_H11,2128_A03,mouse,Mus musculus,1338591295,NWGC
NW-TX4104-4,10xV3.1D,Psilocybin,CELL_RANGER_DUAL_INDEX,1339140937,A8TX_240319_01_F01,R8TX-24040202,RTX-4104,10715,Cells,1159883646,L8TX_240321_01_E11,2128_1_C03,mouse,Mus musculus,1338591297,NWGC
NW-TX4104-5,10xV3.1D,Psilocybin,CELL_RANGER_DUAL_INDEX,1341483987,A8TX_240326_01_A01,R8TX-24040202,RTX-4104,10702,Cells,1159883646,L8TX_240328_01_C04,2135_B01,mouse,Mus musculus,1340573202,NWGC
NW-TX4104-6,10xV3.1D,Psilocybin,CELL_RANGER_DUAL_INDEX,1341483997,A8TX_240326_01_E01,R8TX-24040202,RTX-4104,10709,Cells,1159883646,L8TX_240328_01_G04,2142_A03,mouse,Mus musculus,1340832253,NWGC
NW-TX4104-7,10xV3.1D,Psilocybin,CELL_RANGER_DUAL_INDEX,1341483999,A8TX_240326_01_F01,R8TX-24040202,RTX-4104,10693,Cells,1159883646,L8TX_240328_01_H04,2142_B03,mouse,Mus musculus,1340832254,NWGC
NW-TX4104-8,10xRseq_Mult_noATAC,MY-retroseq,CELL_RANGER_ARCV1,1339410532,A8XR_240315_01_A01,R8TX-24040202,RTX-4104,521,Nuclei,1195125448,L8XR_240322_02_G01,2125_A06,mouse,Mus musculus,1339397994,NWGC
NW-TX4104-9,10xV3.1_FX,10xFlex_Pilot,CELL_RANGER_DUAL_INDEX,1342087403,A8FX_240329_02_A01,R8TX-24040202,RTX-4104,522,Cells,1337991535,L8FX_240329_03_C01,2137_A01,mouse,Mus musculus,1341877678,NWGC
NW-TX4105-1,10xV4,10xV4_Pilot+MG_MethDev,CELL_RANGER_DUAL_INDEX,1342781264,A8TX_240326_05_A01,R8TX-240409-02,RTX-4105,19913,Cells,1338019172,L8TX_240404_04_F12,2136_A01,mouse,Mus musculus,1341396939,NWGC
NW-TX4105-2,10xV4,10xV4_Pilot+MG_MethDev,CELL_RANGER_DUAL_INDEX,1342781269,A8TX_240326_05_B01,R8TX-240409-02,RTX-4105,9903,Cells,1338019172,L8TX_240404_04_G12,2136_B01,mouse,Mus musculus,1341396940,NWGC
NW-TX4105-3,10xV3.1D,10xV4_Pilot+MG_MethDev,CELL_RANGER_DUAL_INDEX,1341483992,A8TX_240326_01_C01,R8TX-240409-02,RTX-4105,10647,Cells,1159883646,L8TX_240328_01_E04,2143_A04,mouse,Mus musculus,1341396950,NWGC
NW-TX4105-4,10xV3.1D,Myelin_depleted+Psilocybin,CELL_RANGER_DUAL_INDEX,1342943820,A8TX_240402_01_G01,R8TX-240409-02,RTX-4105,4016,Cells,1159883646,L8TX_240404_01_H08,2151_A01,mouse,Mus musculus,1342109937,NWGC
NW-TX4105-5,10xV3.1D,10xV4_Pilot+MG_MethDev,CELL_RANGER_DUAL_INDEX,1342943802,A8TX_240402_01_B01,R8TX-240409-02,RTX-4105,10720,Nuclei,1159883646,L8TX_240404_01_B09,2160_A05,mouse,Mus musculus,1342929798,NWGC
NW-TX4105-6,10xV4,10xV4_Pilot+MG_MethDev,CELL_RANGER_DUAL_INDEX,1342958429,A8TX_240402_03_E01,R8TX-240409-02,RTX-4105,19935,Nuclei,1338019172,L8TX_240404_04_H12,2155_A02,mouse,Mus musculus,1342929803,NWGC
NW-TX4105-7,10xV4,10xV4_Pilot+MG_MethDev,CELL_RANGER_DUAL_INDEX,1342958425,A8TX_240402_03_D01,R8TX-240409-02,RTX-4105,9925,Nuclei,1338019172,L8TX_240404_04_B01,2155_B02,mouse,Mus musculus,1342929804,NWGC
NW-TX4106-1,10xV3.1D,Psilocybin,CELL_RANGER_DUAL_INDEX,1341483990,A8TX_240326_01_B01,R8TX-240409-03,RTX-4106,10720,Cells,1159883646,L8TX_240328_01_D04,2135_1_C01,mouse,Mus musculus,1340573203,NWGC
NW-TX4106-2,10xV3.1D,Psilocybin,CELL_RANGER_DUAL_INDEX,1341483994,A8TX_240326_01_D01,R8TX-240409-03,RTX-4106,10714,Cells,1159883646,L8TX_240328_01_F04,2138_A02,mouse,Mus musculus,1339367278,NWGC
NW-TX4106-3,10xV3.1D,Myelin_depleted+Psilocybin,CELL_RANGER_DUAL_INDEX,1342943822,A8TX_240402_01_H01,R8TX-240409-03,RTX-4106,10674,Cells,1159883646,L8TX_240404_01_C09,2151_B01,mouse,Mus musculus,1342109938,NWGC
NW-TX4106-4,10xV3.1D,Myelin_depleted+Psilocybin,CELL_RANGER_DUAL_INDEX,1342943804,A8TX_240402_01_C01,R8TX-240409-03,RTX-4106,10711,Cells,1159883646,L8TX_240404_01_A09,2154_A02,mouse,Mus musculus,1342530842,NWGC
NW-TX4106-5,10xV3.1D,Myelin_depleted+Psilocybin,CELL_RANGER_DUAL_INDEX,1342943816,A8TX_240402_01_F01,R8TX-240409-03,RTX-4106,6262,Cells,1159883646,L8TX_240404_01_G08,2158_B03,mouse,Mus musculus,1342112220,NWGC
NW-TX4106-6,10xV3.1_FX,10xFlex_Pilot,CELL_RANGER_DUAL_INDEX,1342788004,A8FX_240405_02_A01,R8TX-240409-03,RTX-4106,40221,Nuclei,1337991535,L8FX_240405_02_D01,2165_A01,mouse,Mus musculus,1342356823,NWGC
NW-TX4107-1,10xV3.1D,Myelin_depleted+Psilocybin,CELL_RANGER_DUAL_INDEX,1342943811,A8TX_240402_01_D01,R8TX-24041602,RTX-4107,5560,Cells,1159883646,L8TX_240404_01_E08,2154_B02,mouse,Mus musculus,1342530843,NWGC
NW-TX4107-2,10xV3.1D,Myelin_depleted+Psilocybin,CELL_RANGER_DUAL_INDEX,1342943814,A8TX_240402_01_E01,R8TX-24041602,RTX-4107,9014,Cells,1159883646,L8TX_240404_01_F08,2158_A03,mouse,Mus musculus,1342112219,NWGC
NW-TX4107-3,10xV3.1D,Myelin_depleted+Psilocybin,CELL_RANGER_DUAL_INDEX,1344764196,A8TX_240408_01_B01,R8TX-24041602,RTX-4107,6318,Cells,1159883646,L8TX_240411_01_E01,2170_A02,mouse,Mus musculus,1342698123,NWGC
NW-TX4107-4,10xV3.1D,Myelin_depleted+Psilocybin,CELL_RANGER_DUAL_INDEX,1344764198,A8TX_240408_01_C01,R8TX-24041602,RTX-4107,10724,Cells,1159883646,L8TX_240411_01_F01,2170_B02,mouse,Mus musculus,1342698124,NWGC
NW-TX4107-5,10xV3.1D,Myelin_depleted+Psilocybin,CELL_RANGER_DUAL_INDEX,1344764200,A8TX_240408_01_D01,R8TX-24041602,RTX-4107,10713,Cells,1159883646,L8TX_240411_01_A02,2172_A03,mouse,Mus musculus,1343877613,NWGC
NW-TX4107-6,10xV3.1D,Myelin_depleted+Psilocybin,CELL_RANGER_DUAL_INDEX,1344764204,A8TX_240408_01_E01,R8TX-24041602,RTX-4107,10718,Cells,1159883646,L8TX_240411_01_E02,2172_B03,mouse,Mus musculus,1343877614,NWGC
NW-TX4107-7,10xV3.1D,Myelin_depleted+Psilocybin,CELL_RANGER_DUAL_INDEX,1344764208,A8TX_240408_01_F01,R8TX-24041602,RTX-4107,10723,Cells,1159883646,L8TX_240411_01_G01,2177_A04,mouse,Mus musculus,1344083598,NWGC
NW-TX4107-8,10xV3.1_HT,AD_Center_Grant,CELL_RANGER_DUAL_INDEX,1181376914,A8HX_220531_03_C01,R8TX-24041602,RTX-4107,19986,Nuclei,1159883766,L8HX_240411_03_H04,1270_C01,human,Homo Sapiens,1180080709,NWGC
NW-TX4108-1,10xV3.1_FX,10xFlex_Pilot,CELL_RANGER_DUAL_INDEX,1342087403,A8FX_240329_02_A01,R8TX-24042301,RTX-4108,20060,Cells,1337991535,L8FX_240329_03_C01,2137_A01,mouse,Mus musculus,1341877678,NWGC
NW-TX4108-2,10xRseq_Mult_noATAC,MY-retroseq,CELL_RANGER_ARCV1,1346356082,A8XR_240412_01_B02,R8TX-24042301,RTX-4108,5310,Nuclei,1195125448,L8XR_240418_02_C08,2186_A08,mouse,Mus musculus,1346012529,NWGC
NW-TX4108-3,10xV3.1D,Hu_10xv4_pilot,CELL_RANGER_DUAL_INDEX,1346251433,A8TX_240416_01_A01,R8TX-24042301,RTX-4108,10712,Nuclei,1159883646,L8TX_240418_01_C07,2188_A01,human,Homo Sapiens,1345702384,NWGC
NW-TX4108-4,10xV4,Hu_10xv4_pilot,CELL_RANGER_DUAL_INDEX,1346251627,A8TX_240416_03_A01,R8TX-24042301,RTX-4108,19982,Nuclei,1338019172,L8TX_240418_03_C11,2187_A01,human,Homo Sapiens,1345702328,NWGC
NW-TX4108-5,10xV4,Hu_10xv4_pilot,CELL_RANGER_DUAL_INDEX,1346251629,A8TX_240416_03_B01,R8TX-24042301,RTX-4108,9936,Nuclei,1338019172,L8TX_240418_03_D11,2187_B01,human,Homo Sapiens,1345702330,NWGC
NW-TX4108-6,10xV4,Hu_10xv4_pilot,CELL_RANGER_DUAL_INDEX,1346251632,A8TX_240416_03_C01,R8TX-24042301,RTX-4108,3754,Nuclei,1338019172,L8TX_240418_03_E11,2187_C01,human,Homo Sapiens,1345702331,NWGC
NW-TX4109-1,10xV3.1_FX,10xFlex_Pilot,CELL_RANGER_DUAL_INDEX,1347574653,A8FX_240425_01_A01,R8TX-24050701,RTX-4109,19642,Nuclei,1337991535,L8FX_240425_03_E01,2194_A01,mouse,Mus musculus,1347322995,NWGC
NW-TX4109-2,10xV3.1D,HGT,CELL_RANGER_DUAL_INDEX,1363916970,A8TX_240430_01_D01,R8TX-24050701,RTX-4109,10719,Cells,1159883646,L8TX_240502_01_H05,2214_C01,mouse,Mus musculus,1363146467,NWGC
NW-TX4109-3,10xV3.1D,HGT,CELL_RANGER_DUAL_INDEX,1363916966,A8TX_240430_01_B01,R8TX-24050701,RTX-4109,10711,Cells,1159883646,L8TX_240502_01_F05,2214_D01,mouse,Mus musculus,1363146466,NWGC
NW-TX4109-4,10xV3.1_FX,10xFlex_Pilot,CELL_RANGER_DUAL_INDEX,1363725620,A8FX_240503_02_B01,R8TX-24050701,RTX-4109,40104,Nuclei,1337991535,L8FX_240503_02_H01,2219_B01,mouse,Mus musculus,1363713870,NWGC
NW-TX4110-1,10xV3.1_FX,10xFlex_Pilot,CELL_RANGER_DUAL_INDEX,1347574656,A8FX_240425_01_B01,R8TX-24050702,RTX-4110,24888,Nuclei,1337991535,L8FX_240425_03_F01,2205_A01,mouse,Mus musculus,1347476373,NWGC
NW-TX4110-2,10xV3.1D,HGT,CELL_RANGER_DUAL_INDEX,1363916968,A8TX_240430_01_C01,R8TX-24050702,RTX-4110,6110,Cells,1159883646,L8TX_240502_01_G05,2214_A01,mouse,Mus musculus,1363146469,NWGC
NW-TX4110-3,10xV3.1D,HGT,CELL_RANGER_DUAL_INDEX,1363916964,A8TX_240430_01_A01,R8TX-24050702,RTX-4110,10670,Cells,1159883646,L8TX_240502_01_E05,2214_B01,mouse,Mus musculus,1363146468,NWGC
NW-TX4110-4,10xV3.1_FX,10xFlex_Pilot,CELL_RANGER_DUAL_INDEX,1363725618,A8FX_240503_02_A01,R8TX-24050702,RTX-4110,40156,Nuclei,1337991535,L8FX_240503_02_G01,2219_A01,mouse,Mus musculus,1363713653,NWGC
NW-TX4111-1,10xV4,10xV4_Pilot+MG_MethDev,CELL_RANGER_DUAL_INDEX,1371247681,A8TX_240604_02_C01,R8TX-24061102,RTX-4111,19999,Nuclei,1338019172,L8TX_240606_01_G03,2264_A01,mouse,Mus musculus,1370501799,NWGC
NW-TX4111-2,10xV4,10xV4_Pilot+MG_MethDev,CELL_RANGER_DUAL_INDEX,1371247683,A8TX_240604_02_D01,R8TX-24061102,RTX-4111,20009,Nuclei,1338019172,L8TX_240606_01_H03,2264_B01,mouse,Mus musculus,1370501800,NWGC
NW-TX4111-3,10xV3.1D,HGT,CELL_RANGER_DUAL_INDEX,1363916968,A8TX_240430_01_C01,R8TX-24061102,RTX-4111,6110,Cells,1159883646,L8TX_240502_01_G05,2214_A01,mouse,Mus musculus,1363146469,NWGC
NW-TX4111-4,10xV3.1D,HGT,CELL_RANGER_DUAL_INDEX,1363916964,A8TX_240430_01_A01,R8TX-24061102,RTX-4111,10670,Cells,1159883646,L8TX_240502_01_E05,2214_B01,mouse,Mus musculus,1363146468,NWGC
NW-TX4111-5,10xV3.1D,HGT,CELL_RANGER_DUAL_INDEX,1363916970,A8TX_240430_01_D01,R8TX-24061102,RTX-4111,10719,Cells,1159883646,L8TX_240502_01_H05,2214_C01,mouse,Mus musculus,1363146467,NWGC
NW-TX4111-6,10xV3.1D,HGT,CELL_RANGER_DUAL_INDEX,1363916966,A8TX_240430_01_B01,R8TX-24061102,RTX-4111,10711,Cells,1159883646,L8TX_240502_01_F05,2214_D01,mouse,Mus musculus,1363146466,NWGC
NW-TX4112-1,10xV4,Hu_10xv4_pilot,CELL_RANGER_DUAL_INDEX,1346251627,A8TX_240416_03_A01,R8TX-24070201,RTX-4112,19982,Nuclei,1338019172,L8TX_240418_03_C11,2187_A01,human,Homo Sapiens,1345702328,NWGC
NW-TX4112-2,10xV4,Hu_10xv4_pilot,CELL_RANGER_DUAL_INDEX,1346251629,A8TX_240416_03_B01,R8TX-24070201,RTX-4112,9936,Nuclei,1338019172,L8TX_240418_03_D11,2187_B01,human,Homo Sapiens,1345702330,NWGC
NW-TX4112-3,10xV4,Hu_10xv4_pilot,CELL_RANGER_DUAL_INDEX,1346251632,A8TX_240416_03_C01,R8TX-24070201,RTX-4112,3754,Nuclei,1338019172,L8TX_240418_03_E11,2187_C01,human,Homo Sapiens,1345702331,NWGC
NW-TX4112-4,10xV4,Enrichment_Methdev,CELL_RANGER_DUAL_INDEX,1376367533,A8TX_240624_01_A01,R8TX-24070201,RTX-4112,9824,Nuclei,1338019172,L8TX_240627_01_F12,2288_A01,human,Homo Sapiens,1376278954,NWGC
NW-TX4112-5,10xV4,Enrichment_Methdev,CELL_RANGER_DUAL_INDEX,1376367535,A8TX_240624_01_B01,R8TX-24070201,RTX-4112,20008,Nuclei,1338019172,L8TX_240627_01_G12,2288_B01,human,Homo Sapiens,1376278988,NWGC
NW-TX4112-6,10xV4,Enrichment_Methdev,CELL_RANGER_DUAL_INDEX,1376367537,A8TX_240624_01_C01,R8TX-24070201,RTX-4112,19995,Nuclei,1338019172,L8TX_240627_01_E01,2288_C01,macaque,Macaca mulatta,1376279036,NWGC
NW-TX4113-1,10xV4,Enrichment_Methdev+SKOR2_PC_methdev,CELL_RANGER_DUAL_INDEX,1376367539,A8TX_240624_01_D01,R8TX-24070202,RTX-4113,20000,Nuclei,1338019172,L8TX_240627_01_H12,2288_D01,macaque,Macaca mulatta,1376279073,NWGC
NW-TX4113-2,10xV4,Psilocybin,CELL_RANGER_DUAL_INDEX,1376367542,A8TX_240624_01_E01,R8TX-24070202,RTX-4113,19977,Cells,1338019172,L8TX_240627_01_B01,2290_A02,mouse,Mus musculus,1375841356,NWGC
NW-TX4113-3,10xV4,Psilocybin,CELL_RANGER_DUAL_INDEX,1376367544,A8TX_240624_01_F01,R8TX-24070202,RTX-4113,19935,Cells,1338019172,L8TX_240627_01_C01,2290_B02,mouse,Mus musculus,1375841357,NWGC
NW-TX4113-4,10xV4,Psilocybin,CELL_RANGER_DUAL_INDEX,1376367546,A8TX_240624_01_G01,R8TX-24070202,RTX-4113,19940,Cells,1338019172,L8TX_240627_01_D01,2293_A03,mouse,Mus musculus,1374921148,NWGC
NW-TX4114-1,10xV4,Psilocybin,CELL_RANGER_DUAL_INDEX,1376367549,A8TX_240624_01_H01,R8TX-24070902,RTX-4114,19982,Cells,1338019172,L8TX_240627_01_A01,2293_B03,mouse,Mus musculus,1374921149,NWGC
NW-TX4114-2,10xV4,Psilocybin,CELL_RANGER_DUAL_INDEX,1377751884,A8TX_240701_03_C01,R8TX-24070902,RTX-4114,19951,Cells,1338019172,L8TX_240703_02_C04,2298_A01,mouse,Mus musculus,1376088666,NWGC
NW-TX4114-3,10xV4,Psilocybin,CELL_RANGER_DUAL_INDEX,1377751887,A8TX_240701_03_D01,R8TX-24070902,RTX-4114,19996,Cells,1338019172,L8TX_240703_02_F04,2298_B01,mouse,Mus musculus,1376088667,NWGC
NW-TX4114-4,10xV4,MY-retroseq,CELL_RANGER_DUAL_INDEX,1377751882,A8TX_240701_03_B01,R8TX-24070902,RTX-4114,18688,Nuclei,1338019172,L8TX_240703_02_B05,2296_B04,mouse,Mus musculus,1377713814,NWGC
NW-TX4115-1,10xV4,MY-retroseq,CELL_RANGER_DUAL_INDEX,1377751880,A8TX_240701_03_A01,R8TX-24070903,RTX-4115,14950,Nuclei,1338019172,L8TX_240703_02_E04,2296_A04,mouse,Mus musculus,1377713812,NWGC
NW-TX4115-2,10xV4,Psilocybin,CELL_RANGER_DUAL_INDEX,1377751889,A8TX_240701_03_E01,R8TX-24070903,RTX-4115,19953,Cells,1338019172,L8TX_240703_02_G04,2300_A02,mouse,Mus musculus,1376469282,NWGC
NW-TX4115-3,10xV4,Psilocybin,CELL_RANGER_DUAL_INDEX,1377751891,A8TX_240701_03_F01,R8TX-24070903,RTX-4115,19938,Cells,1338019172,L8TX_240703_02_D04,2300_B02,mouse,Mus musculus,1376469283,NWGC
NW-TX4115-4,10xV4,Psilocybin,CELL_RANGER_DUAL_INDEX,1377751893,A8TX_240701_03_G01,R8TX-24070903,RTX-4115,19930,Cells,1338019172,L8TX_240703_02_H04,2304_A03,mouse,Mus musculus,1377336166,NWGC
NW-TX4116-1,10xV4,Psilocybin,CELL_RANGER_DUAL_INDEX,1377751896,A8TX_240701_03_H01,R8TX-24072303,RTX-4116,19951,Cells,1338019172,L8TX_240703_02_A05,2304_B03,mouse,Mus musculus,1377336167,NWGC
NW-TX4116-2,10xV4,Psilocybin,CELL_RANGER_DUAL_INDEX,1380909979,A8TX_240716_02_A01,R8TX-24072303,RTX-4116,19938,Cells,1338019172,L8TX_240718_01_D03,2319_A01,mouse,Mus musculus,1380493870,NWGC
NW-TX4116-3,10xV4,Psilocybin,CELL_RANGER_DUAL_INDEX,1380910030,A8TX_240716_02_B01,R8TX-24072303,RTX-4116,19976,Cells,1338019172,L8TX_240718_01_B03,2319_B01,mouse,Mus musculus,1380493871,NWGC
NW-TX4116-4,10xV4,Psilocybin,CELL_RANGER_DUAL_INDEX,1380910067,A8TX_240716_02_C01,R8TX-24072303,RTX-4116,19931,Cells,1338019172,L8TX_240718_01_G02,2322_A04,mouse,Mus musculus,1379462199,NWGC
NW-TX4117-1,10xV4,Psilocybin,CELL_RANGER_DUAL_INDEX,1380910111,A8TX_240716_02_D01,R8TX-24073001,RTX-4117,19947,Cells,1338019172,L8TX_240718_01_A03,2322_B04,mouse,Mus musculus,1379462200,NWGC
NW-TX4117-2,10xV4,Psilocybin,CELL_RANGER_DUAL_INDEX,1380910279,A8TX_240716_02_A02,R8TX-24073001,RTX-4117,19949,Cells,1338019172,L8TX_240718_01_C03,2325_A05,mouse,Mus musculus,1380281128,NWGC
NW-TX4117-3,10xV4,Psilocybin,CELL_RANGER_DUAL_INDEX,1380910307,A8TX_240716_02_B02,R8TX-24073001,RTX-4117,20004,Cells,1338019172,L8TX_240718_01_H02,2325_B05,mouse,Mus musculus,1380281129,NWGC
NW-TX4117-4,10xRseq_Mult_noATAC,Morphine_combined_Ipsi,CELL_RANGER_ARCV1,1382525867,A8XR_240719_01_B02,R8TX-24073001,RTX-4117,10000,Nuclei,1195125448,L8XR_240725_01_F04,2327_A02,mouse,Mus musculus,1380700281,NWGC
NW-TX4117-5,10xRseq_Mult_noATAC,Morphine_combined_Ipsi,CELL_RANGER_ARCV1,1382525869,A8XR_240719_01_C02,R8TX-24073001,RTX-4117,10000,Nuclei,1195125448,L8XR_240725_01_G04,2327_B02,mouse,Mus musculus,1380700282,NWGC
NW-TX4117-6,10xRseq_Mult_noATAC,Morphine_combined_Ipsi,CELL_RANGER_ARCV1,1382525871,A8XR_240719_01_D02,R8TX-24073001,RTX-4117,10000,Nuclei,1195125448,L8XR_240725_01_H04,2327_1_D02,mouse,Mus musculus,1380700284,NWGC
NW-TX4118-1,10xRseq_Mult_noATAC,Morphine_combined_Contra,CELL_RANGER_ARCV1,1382525873,A8XR_240719_01_E02,R8TX-24073002,RTX-4118,10000,Nuclei,1195125448,L8XR_240725_01_A04,2338_A04,mouse,Mus musculus,1382065890,NWGC
NW-TX4118-2,10xRseq_Mult_noATAC,Morphine_combined_Contra,CELL_RANGER_ARCV1,1382525875,A8XR_240719_01_F02,R8TX-24073002,RTX-4118,10000,Nuclei,1195125448,L8XR_240725_01_B04,2338_B04,mouse,Mus musculus,1382065891,NWGC
NW-TX4118-3,10xRseq_Mult_noATAC,Morphine_combined_Contra,CELL_RANGER_ARCV1,1382525877,A8XR_240719_01_G02,R8TX-24073002,RTX-4118,10000,Nuclei,1195125448,L8XR_240725_01_A05,2338_C04,mouse,Mus musculus,1382065892,NWGC
NW-TX4118-4,10xV4,Psilocybin,CELL_RANGER_DUAL_INDEX,1382462546,A8TX_240723_02_B01,R8TX-24073002,RTX-4118,19971,Cells,1338019172,L8TX_240725_02_A08,2334_A03,mouse,Mus musculus,1381881583,NWGC
NW-TX4118-5,10xV4,Psilocybin,CELL_RANGER_DUAL_INDEX,1382462548,A8TX_240723_02_C01,R8TX-24073002,RTX-4118,19933,Cells,1338019172,L8TX_240725_02_B08,2334_B03,mouse,Mus musculus,1381881584,NWGC
NW-TX4118-6,10xRseq_Mult_noATAC,Morphine_combined_Ipsi,CELL_RANGER_ARCV1,1382525881,A8XR_240719_01_H02,R8TX-24073002,RTX-4118,10000,Nuclei,1195125448,L8XR_240725_01_B05,2335_A07,mouse,Mus musculus,1382073859,NWGC
NW-TX4118-7,10xRseq_Mult_noATAC,Morphine_combined_Ipsi,CELL_RANGER_ARCV1,1382525883,A8XR_240719_01_A03,R8TX-24073002,RTX-4118,10000,Nuclei,1195125448,L8XR_240725_01_C04,2335_B07,mouse,Mus musculus,1382073860,NWGC
NW-TX4119-1,10xRseq_Mult_noATAC,Morphine_combined_Ipsi,CELL_RANGER_ARCV1,1382525886,A8XR_240719_01_B03,R8TX-24073003,RTX-4119,10000,Nuclei,1195125448,L8XR_240725_01_D04,2335_C07,mouse,Mus musculus,1382073861,NWGC
NW-TX4119-2,10xV4,Psilocybin,CELL_RANGER_DUAL_INDEX,1382462550,A8TX_240723_02_D01,R8TX-24073003,RTX-4119,19946,Cells,1338019172,L8TX_240725_02_C08,2337_A04,mouse,Mus musculus,1381073022,NWGC
NW-TX4119-3,10xV4,Psilocybin,CELL_RANGER_DUAL_INDEX,1382462553,A8TX_240723_02_E01,R8TX-24073003,RTX-4119,20010,Cells,1338019172,L8TX_240725_02_D08,2337_B04,mouse,Mus musculus,1381073023,NWGC
NW-TX4119-4,10xV4,Psilocybin,CELL_RANGER_DUAL_INDEX,1382462544,A8TX_240723_02_A01,R8TX-24073003,RTX-4119,19931,Cells,1338019172,L8TX_240725_02_F08,2339_A05,mouse,Mus musculus,1381819694,NWGC
NW-TX4119-5,10xV4,Psilocybin,CELL_RANGER_DUAL_INDEX,1382462556,A8TX_240723_02_F01,R8TX-24073003,RTX-4119,19947,Cells,1338019172,L8TX_240725_02_E08,2339_B05,mouse,Mus musculus,1381819695,NWGC
NW-TX4120-1,10xRseq_Mult_noATAC,Morphine_combined_Contra,CELL_RANGER_ARCV1,1383180766,A8XR_240723_01_H01,R8TX-24080603,RTX-4120,10000,Nuclei,1195125448,L8XR_240725_01_E04,2340_A01,mouse,Mus musculus,1382499209,NWGC
NW-TX4120-2,10xRseq_Mult_noATAC,Morphine_combined_Ipsi,CELL_RANGER_ARCV1,1383180769,A8XR_240723_01_A02,R8TX-24080603,RTX-4120,10000,Nuclei,1195125448,L8XR_240725_01_D05,2340_B01,mouse,Mus musculus,1382499210,NWGC
NW-TX4120-3,10xRseq_Mult_noATAC,Morphine_combined_Contra,CELL_RANGER_ARCV1,1383180771,A8XR_240723_01_B02,R8TX-24080603,RTX-4120,10000,Nuclei,1195125448,L8XR_240725_01_E05,2340_C01,mouse,Mus musculus,1382499211,NWGC
NW-TX4120-4,10xRseq_Mult_noATAC,Morphine_combined_Ipsi,CELL_RANGER_ARCV1,1383990946,A8XR_240730_01_B03,R8TX-24080603,RTX-4120,10000,Nuclei,1195125448,L8XR_240801_02_B09,2343_A04,mouse,Mus musculus,1382634400,NWGC
NW-TX4120-5,10xRseq_Mult_noATAC,Morphine_combined_Ipsi,CELL_RANGER_ARCV1,1383990948,A8XR_240730_01_C03,R8TX-24080603,RTX-4120,10000,Nuclei,1195125448,L8XR_240801_02_C09,2343_B04,mouse,Mus musculus,1382634401,NWGC
NW-TX4120-6,10xRseq_Mult_noATAC,Morphine_combined_Ipsi,CELL_RANGER_ARCV1,1383990950,A8XR_240730_01_D03,R8TX-24080603,RTX-4120,10000,Nuclei,1195125448,L8XR_240801_02_D09,2343_C04,mouse,Mus musculus,1382634402,NWGC
NW-TX4120-7,10xV3.1D,M1_cross-species_study,CELL_RANGER_DUAL_INDEX,1383990534,A8TX_240729_01_A01,R8TX-24080603,RTX-4120,10712,Nuclei,1159883646,L8TX_240801_01_G08,2345_B01,naked_mole_rat,Heterocephalus glaber,1382447719,NWGC
NW-TX4120-8,10xV3.1D,M1_cross-species_study,CELL_RANGER_DUAL_INDEX,1383990536,A8TX_240729_01_B01,R8TX-24080603,RTX-4120,10688,Nuclei,1159883646,L8TX_240801_01_H08,2345_1_C01,naked_mole_rat,Heterocephalus glaber,1382447720,NWGC
NW-TX4121-1,10xV4,Psilocybin,CELL_RANGER_DUAL_INDEX,1383990647,A8TX_240730_02_A01,R8TX-24080604,RTX-4121,19907,Cells,1338019172,L8TX_240801_03_A01,2348_A01,mouse,Mus musculus,1383422614,NWGC
NW-TX4121-2,10xV4,Psilocybin,CELL_RANGER_DUAL_INDEX,1383990649,A8TX_240730_02_B01,R8TX-24080604,RTX-4121,19907,Cells,1338019172,L8TX_240801_03_B01,2348_B01,mouse,Mus musculus,1383422616,NWGC
NW-TX4121-3,10xV4,Psilocybin,CELL_RANGER_DUAL_INDEX,1383990666,A8TX_240730_02_A02,R8TX-24080604,RTX-4121,19976,Cells,1338019172,L8TX_240801_03_A12,2352_A03,mouse,Mus musculus,1383445482,NWGC
NW-TX4121-4,10xV4,Psilocybin,CELL_RANGER_DUAL_INDEX,1383990668,A8TX_240730_02_B02,R8TX-24080604,RTX-4121,19988,Cells,1338019172,L8TX_240801_03_F12,2352_B03,mouse,Mus musculus,1383445483,NWGC
NW-TX4122-1,10xV4,Neuromodulatory_Noradrenergic,CELL_RANGER_DUAL_INDEX,1385718612,A8TX_240801_01_A01,R8TX-24081301,RTX-4122,19748,Nuclei,1338019172,L8TX_240808_02_F04,2356_A01,mouse,Mus musculus,1385696393,NWGC
NW-TX4122-2,10xV4,Neuromodulatory_Noradrenergic,CELL_RANGER_DUAL_INDEX,1385718614,A8TX_240801_01_B01,R8TX-24081301,RTX-4122,19989,Nuclei,1338019172,L8TX_240808_02_G04,2356_B01,mouse,Mus musculus,1385696394,NWGC
NW-TX4122-3,10xV4,Neuromodulatory_Noradrenergic,CELL_RANGER_DUAL_INDEX,1385718616,A8TX_240801_01_C01,R8TX-24081301,RTX-4122,19748,Nuclei,1338019172,L8TX_240808_02_H04,2356_1_C01,mouse,Mus musculus,1385696395,NWGC
NW-TX4122-4,10xV4,Neuromodulatory_Noradrenergic,CELL_RANGER_DUAL_INDEX,1385718618,A8TX_240801_01_D01,R8TX-24081301,RTX-4122,19748,Nuclei,1338019172,L8TX_240808_02_A05,2356_1_D01,mouse,Mus musculus,1385696396,NWGC
NW-TX4122-5,10xRseq_Mult_noATAC,Morphine_combined_Contra,CELL_RANGER_ARCV1,1385482733,A8XR_240802_01_D02,R8TX-24081301,RTX-4122,10000,Nuclei,1195125448,L8XR_240808_01_C01,2383_A08,mouse,Mus musculus,1385223430,NWGC
NW-TX4123-1,10xV4,Neuromodulatory_Noradrenergic,CELL_RANGER_DUAL_INDEX,1385718620,A8TX_240801_01_E01,R8TX-24081302,RTX-4123,19989,Nuclei,1338019172,L8TX_240808_02_B05,2356_1_E01,mouse,Mus musculus,1385696397,NWGC
NW-TX4123-2,10xV4,Neuromodulatory_Noradrenergic,CELL_RANGER_DUAL_INDEX,1385718623,A8TX_240801_01_F01,R8TX-24081302,RTX-4123,19989,Nuclei,1338019172,L8TX_240808_02_C05,2356_1_F01,mouse,Mus musculus,1385696398,NWGC
NW-TX4123-3,10xRseq_Mult_noATAC,Morphine_combined_Ipsi,CELL_RANGER_ARCV1,1385482740,A8XR_240802_01_G02,R8TX-24081302,RTX-4123,10000,Nuclei,1195125448,L8XR_240808_01_G01,2384_A09,mouse,Mus musculus,1385068472,NWGC
NW-TX4123-4,10xRseq_Mult_noATAC,Morphine_combined_Contra,CELL_RANGER_ARCV1,1385482745,A8XR_240802_01_H02,R8TX-24081302,RTX-4123,10000,Nuclei,1195125448,L8XR_240808_01_H01,2384_B09,mouse,Mus musculus,1385068473,NWGC
NW-TX4123-5,10xRseq_Mult_noATAC,Morphine_combined_Contra,CELL_RANGER_ARCV1,1385482735,A8XR_240802_01_E02,R8TX-24081302,RTX-4123,10000,Nuclei,1195125448,L8XR_240808_01_F01,2383_B08,mouse,Mus musculus,1385223431,NWGC
NW-TX4123-6,10xRseq_Mult_noATAC,Morphine_combined_Contra,CELL_RANGER_ARCV1,1385482737,A8XR_240802_01_F02,R8TX-24081302,RTX-4123,10000,Nuclei,1195125448,L8XR_240808_01_D01,2383_C08,mouse,Mus musculus,1385223432,NWGC
NW-TX4124-1,10xV4,Psilocybin,CELL_RANGER_DUAL_INDEX,1386962514,A8TX_240808_01_E01,R8TX-24082001,RTX-4124,19930,Cells,1338019172,L8TX_240815_02_A09,2374_A03,mouse,Mus musculus,1385460341,NWGC
NW-TX4124-2,10xV4,Psilocybin,CELL_RANGER_DUAL_INDEX,1386962516,A8TX_240808_01_F01,R8TX-24082001,RTX-4124,19951,Cells,1338019172,L8TX_240815_02_B09,2374_B03,mouse,Mus musculus,1385460342,NWGC
NW-TX4124-3,10xRseq_Mult_noATAC,Morphine_combined_Ipsi,CELL_RANGER_ARCV1,1386975391,A8XR_240809_01_E02,R8TX-24082001,RTX-4124,10000,Nuclei,1195125448,L8XR_240815_01_B07,2376_A06,mouse,Mus musculus,1386414376,NWGC
NW-TX4124-4,10xRseq_Mult_noATAC,Morphine_combined_Ipsi,CELL_RANGER_ARCV1,1386975393,A8XR_240809_01_F02,R8TX-24082001,RTX-4124,10000,Nuclei,1195125448,L8XR_240815_01_C07,2376_B06,mouse,Mus musculus,1386414377,NWGC
NW-TX4124-5,10xRseq_Mult_noATAC,Morphine_combined_Ipsi,CELL_RANGER_ARCV1,1386975395,A8XR_240809_01_G02,R8TX-24082001,RTX-4124,10000,Nuclei,1195125448,L8XR_240815_01_D07,2376_C06,mouse,Mus musculus,1386414378,NWGC
NW-TX4124-6,10xV4,Psilocybin,CELL_RANGER_DUAL_INDEX,1387297235,A8TX_240813_02_A01,R8TX-24082001,RTX-4124,19907,Cells,1338019172,L8TX_240815_02_F09,2379_A06,mouse,Mus musculus,1387282234,NWGC
NW-TX4125-1,10xV4,Psilocybin,CELL_RANGER_DUAL_INDEX,1387297238,A8TX_240813_02_B01,R8TX-24082002,RTX-4125,19996,Cells,1338019172,L8TX_240815_02_B10,2379_B06,mouse,Mus musculus,1387282235,NWGC
NW-TX4125-2,10xV4,Psilocybin,CELL_RANGER_DUAL_INDEX,1387297241,A8TX_240813_02_C01,R8TX-24082002,RTX-4125,20010,Cells,1338019172,L8TX_240815_02_D09,2382_A07,mouse,Mus musculus,1385766725,NWGC
NW-TX4125-3,10xV4,Psilocybin,CELL_RANGER_DUAL_INDEX,1387297244,A8TX_240813_02_D01,R8TX-24082002,RTX-4125,19996,Cells,1338019172,L8TX_240815_02_G09,2382_B07,mouse,Mus musculus,1385766726,NWGC
NW-TX4125-4,10xRseq_Mult_noATAC,Morphine_combined_Ipsi,CELL_RANGER_ARCV1,1387321978,A8XR_240813_01_B02,R8TX-24082002,RTX-4125,10000,Nuclei,1195125448,L8XR_240815_01_B08,2380_A08,mouse,Mus musculus,1387026278,NWGC
NW-TX4125-5,10xRseq_Mult_noATAC,Morphine_combined_Ipsi,CELL_RANGER_ARCV1,1387321980,A8XR_240813_01_C02,R8TX-24082002,RTX-4125,10000,Nuclei,1195125448,L8XR_240815_01_C08,2380_B08,mouse,Mus musculus,1387026279,NWGC
NW-TX4125-6,10xRseq_Mult_noATAC,Morphine_combined_Ipsi,CELL_RANGER_ARCV1,1387321984,A8XR_240813_01_D02,R8TX-24082002,RTX-4125,10000,Nuclei,1195125448,L8XR_240815_01_E08,2380_C08,mouse,Mus musculus,1387026280,NWGC
NW-TX4126-1,10xRseq_Mult_noATAC,Morphine_combined_Ipsi,CELL_RANGER_ARCV1,1387321986,A8XR_240813_01_E02,R8TX-24082701,RTX-4126,10000,Nuclei,1195125448,L8XR_240815_01_F08,2385_A01,mouse,Mus musculus,1386427109,NWGC
NW-TX4126-2,10xRseq_Mult_noATAC,Morphine_combined_Ipsi,CELL_RANGER_ARCV1,1387321988,A8XR_240813_01_F02,R8TX-24082701,RTX-4126,10000,Nuclei,1195125448,L8XR_240815_01_B06,2385_B01,mouse,Mus musculus,1386427110,NWGC
NW-TX4126-3,10xRseq_Mult_noATAC,Morphine_combined_Ipsi,CELL_RANGER_ARCV1,1387321961,A8XR_240813_01_D01,R8TX-24082701,RTX-4126,10000,Nuclei,1195125448,L8XR_240815_01_F07,2385_1_D01,mouse,Mus musculus,1386427112,NWGC
NW-TX4126-4,10xV4,Psilocybin,CELL_RANGER_DUAL_INDEX,1388740682,A8TX_240820_02_E01,R8TX-24082701,RTX-4126,19988,Cells,1338019172,L8TX_240822_02_E01,2391_A03,mouse,Mus musculus,1388002246,NWGC
NW-TX4126-5,10xV4,Psilocybin,CELL_RANGER_DUAL_INDEX,1388740686,A8TX_240820_02_F01,R8TX-24082701,RTX-4126,19933,Cells,1338019172,L8TX_240822_02_F01,2391_B03,mouse,Mus musculus,1388002247,NWGC
NW-TX4126-6,10xV4,Psilocybin,CELL_RANGER_DUAL_INDEX,1388740689,A8TX_240820_02_G01,R8TX-24082701,RTX-4126,20004,Cells,1338019172,L8TX_240822_02_G01,2394_A04,mouse,Mus musculus,1388173612,NWGC
NW-TX4127-1,10xRseq_Mult_noATAC,Morphine_combined_Ipsi,CELL_RANGER_ARCV1,1388740528,A8XR_240816_01_A02,R8TX-24082702,RTX-4127,10000,Nuclei,1195125448,L8XR_240822_01_B01,2392_A05,mouse,Mus musculus,1388733788,NWGC
NW-TX4127-2,10xRseq_Mult_noATAC,Morphine_combined_Ipsi,CELL_RANGER_ARCV1,1388740531,A8XR_240816_01_B02,R8TX-24082702,RTX-4127,10000,Nuclei,1195125448,L8XR_240822_01_A11,2392_B05,mouse,Mus musculus,1388733789,NWGC
NW-TX4127-3,10xRseq_Mult_noATAC,Morphine_combined_Ipsi,CELL_RANGER_ARCV1,1388740534,A8XR_240816_01_C02,R8TX-24082702,RTX-4127,10000,Nuclei,1195125448,L8XR_240822_01_B11,2392_C05,mouse,Mus musculus,1388733790,NWGC
NW-TX4127-4,10xV4,Psilocybin,CELL_RANGER_DUAL_INDEX,1388740693,A8TX_240820_02_H01,R8TX-24082702,RTX-4127,19954,Cells,1338019172,L8TX_240822_02_H01,2394_B04,mouse,Mus musculus,1388173613,NWGC
NW-TX4127-5,10xV4,Psilocybin,CELL_RANGER_DUAL_INDEX,1388740695,A8TX_240820_02_A02,R8TX-24082702,RTX-4127,19988,Cells,1338019172,L8TX_240822_02_A02,2397_A05,mouse,Mus musculus,1388003237,NWGC
NW-TX4127-6,10xV4,Psilocybin,CELL_RANGER_DUAL_INDEX,1388740697,A8TX_240820_02_B02,R8TX-24082702,RTX-4127,19976,Cells,1338019172,L8TX_240822_02_B02,2397_1_C05,mouse,Mus musculus,1388003239,NWGC
NW-TX4128-1,10xV4,Psilocybin,CELL_RANGER_DUAL_INDEX,1390345606,A8TX_240827_03_D01,R8TX-24090402,RTX-4128,19916,Cells,1338019172,L8TX_240829_01_E06,2404_A03,mouse,Mus musculus,1388895567,NWGC
NW-TX4128-2,10xV4,Psilocybin,CELL_RANGER_DUAL_INDEX,1390345608,A8TX_240827_03_E01,R8TX-24090402,RTX-4128,19976,Cells,1338019172,L8TX_240829_01_F06,2404_B03,mouse,Mus musculus,1388895568,NWGC
NW-TX4128-3,10xV4,Psilocybin,CELL_RANGER_DUAL_INDEX,1390345613,A8TX_240827_03_F01,R8TX-24090402,RTX-4128,19953,Cells,1338019172,L8TX_240829_01_A07,2408_A05,mouse,Mus musculus,1388933187,NWGC
NW-TX4128-4,10xV4,Psilocybin,CELL_RANGER_DUAL_INDEX,1390345615,A8TX_240827_03_G01,R8TX-24090402,RTX-4128,19996,Cells,1338019172,L8TX_240829_01_B07,2408_B05,mouse,Mus musculus,1388933188,NWGC
NW-TX4128-5,10xV3.1D,M1_cross-species_study,CELL_RANGER_DUAL_INDEX,1390590642,A8TX_240827_01_A01,R8TX-24090402,RTX-4128,10725,Nuclei,1159883646,L8TX_240829_21_E03,2410_A01,naked_mole_rat,Heterocephalus glaber,1390587500,NWGC
NW-TX4129-1,10xV4,Psilocybin,CELL_RANGER_DUAL_INDEX,1390345628,A8TX_240827_03_D02,R8TX-24091002,RTX-4129,19996,Cells,1338019172,L8TX_240829_01_H06,2413_A07,mouse,Mus musculus,1388940151,NWGC
NW-TX4129-2,10xV4,Psilocybin,CELL_RANGER_DUAL_INDEX,1390345630,A8TX_240827_03_E02,R8TX-24091002,RTX-4129,20009,Cells,1338019172,L8TX_240829_01_G07,2413_B07,mouse,Mus musculus,1388940152,NWGC
NW-TX4129-3,10xV3.1D,M1_cross-species_study,CELL_RANGER_DUAL_INDEX,1390590644,A8TX_240827_01_B01,R8TX-24091002,RTX-4129,10725,Nuclei,1159883646,L8TX_240829_21_G03,2410_B01,naked_mole_rat,Heterocephalus glaber,1390587679,NWGC
NW-TX4129-4,10xV4,Psilocybin,CELL_RANGER_DUAL_INDEX,1392314026,A8TX_240903_01_C01,R8TX-24091002,RTX-4129,19954,Cells,1338019172,L8TX_240905_01_G09,2417_A02,mouse,Mus musculus,1390004357,NWGC
NW-TX4129-5,10xRseq_Mult_noATAC,Morphine_combined_Contra,CELL_RANGER_ARCV1,1392124790,A8XR_240830_01_B02,R8TX-24091002,RTX-4129,10000,Nuclei,1195125448,L8XR_240905_21_H08,2418_A03,mouse,Mus musculus,1391583030,NWGC
NW-TX4129-6,10xRseq_Mult_noATAC,Morphine_combined_Contra,CELL_RANGER_ARCV1,1392124786,A8XR_240830_01_A02,R8TX-24091002,RTX-4129,10000,Nuclei,1195125448,L8XR_240905_21_G08,2418_C03,mouse,Mus musculus,1391583033,NWGC
NW-TX4130-1,10xV4,Psilocybin,CELL_RANGER_DUAL_INDEX,1392314028,A8TX_240903_01_D01,R8TX-24091702,RTX-4130,19913,Cells,1338019172,L8TX_240905_01_B10,2417_B02,mouse,Mus musculus,1390004358,NWGC
NW-TX4130-2,10xRseq_Mult_noATAC,Morphine_combined_Contra,CELL_RANGER_ARCV1,1392124792,A8XR_240830_01_C02,R8TX-24091702,RTX-4130,10000,Nuclei,1195125448,L8XR_240912_21_G10,2418_B03,mouse,Mus musculus,1391583032,NWGC
NW-TX4130-3,10xRseq_Mult_noATAC,Morphine_combined_Contra,CELL_RANGER_ARCV1,1393532477,A8XR_240906_01_E02,R8TX-24091702,RTX-4130,10000,Nuclei,1195125448,L8XR_240912_01_F02,2426_A01,mouse,Mus musculus,1391608456,NWGC
NW-TX4130-4,10xRseq_Mult_noATAC,Morphine_combined_Contra,CELL_RANGER_ARCV1,1393532479,A8XR_240906_01_F02,R8TX-24091702,RTX-4130,10000,Nuclei,1195125448,L8XR_240912_01_G02,2426_B01,mouse,Mus musculus,1391608457,NWGC
NW-TX4130-5,10xRseq_Mult_noATAC,Morphine_combined_Contra,CELL_RANGER_ARCV1,1393532481,A8XR_240906_01_G02,R8TX-24091702,RTX-4130,10000,Nuclei,1195125448,L8XR_240912_01_H02,2426_C01,mouse,Mus musculus,1391608458,NWGC
NW-TX4130-6,10xRseq_Mult_noATAC,Morphine_combined_Ipsi,CELL_RANGER_ARCV1,1393858080,A8XR_240910_01_D02,R8TX-24091702,RTX-4130,10000,Nuclei,1195125448,L8XR_240912_21_D12,2434_A05,mouse,Mus musculus,1393472811,NWGC
NW-TX4130-7,10xRseq_Mult_noATAC,Morphine_combined_Contra,CELL_RANGER_ARCV1,1393858082,A8XR_240910_01_E02,R8TX-24091702,RTX-4130,10000,Nuclei,1195125448,L8XR_240912_21_E12,2434_B05,mouse,Mus musculus,1393472812,NWGC
NW-TX4130-8,10xRseq_Mult_noATAC,Morphine_combined_Contra,CELL_RANGER_ARCV1,1393858085,A8XR_240910_01_F02,R8TX-24091702,RTX-4130,10000,Nuclei,1195125448,L8XR_240912_21_F12,2434_C05,mouse,Mus musculus,1393472813,NWGC
NW-TX4131-1,10xRseq_Mult_noATAC,Morphine_combined_Contra,CELL_RANGER_ARCV1,1393858089,A8XR_240910_01_G02,R8TX-24092401,RTX-4131,10000,Nuclei,1195125448,L8XR_240912_21_G12,2437_A01,mouse,Mus musculus,1392973710,NWGC
NW-TX4131-2,10xRseq_Mult_noATAC,Morphine_combined_Contra,CELL_RANGER_ARCV1,1393858091,A8XR_240910_01_H02,R8TX-24092401,RTX-4131,10000,Nuclei,1195125448,L8XR_240912_21_H12,2437_B01,mouse,Mus musculus,1392973711,NWGC
NW-TX4131-3,10xRseq_Mult_noATAC,Morphine_combined_Contra,CELL_RANGER_ARCV1,1393858094,A8XR_240910_01_A03,R8TX-24092401,RTX-4131,10000,Nuclei,1195125448,L8XR_240912_21_F11,2437_C01,mouse,Mus musculus,1392973712,NWGC
NW-TX4131-4,10xV3.1_FX,10xFlex_Pilot,CELL_RANGER_DUAL_INDEX,1395653197,A8FX_240918_01_A01,R8TX-24092401,RTX-4131,40014,Nuclei,1337991535,L8FX_240918_01_A02,2450_A01,mouse,Mus musculus,1394117656,NWGC
NW-TX4131-5,10xRseq_Mult_noATAC,Morphine_combined_Contra,CELL_RANGER_ARCV1,1395390864,A8XR_240917_01_G02,R8TX-24092401,RTX-4131,10000,Nuclei,1195125448,L8XR_240919_21_F07,2452_A01,mouse,Mus musculus,1394780533,NWGC
NW-TX4131-6,10xRseq_Mult_noATAC,Morphine_combined_Contra,CELL_RANGER_ARCV1,1395390866,A8XR_240917_01_H02,R8TX-24092401,RTX-4131,10000,Nuclei,1195125448,L8XR_240919_21_E06,2452_B01,mouse,Mus musculus,1394780534,NWGC
NW-TX4131-7,10xRseq_Mult_noATAC,Morphine_combined_Contra,CELL_RANGER_ARCV1,1395390868,A8XR_240917_01_A03,R8TX-24092401,RTX-4131,10000,Nuclei,1195125448,L8XR_240919_21_G07,2452_C01,mouse,Mus musculus,1394780535,NWGC
NW-TX4132-1,10xRseq_Mult_noATAC,Morphine_combined_Contra,CELL_RANGER_ARCV1,1396840692,A8XR_240920_01_D02,R8TX-24100103,RTX-4132,10000,Nuclei,1195125448,L8XR_240926_21_G10,2454_A03,mouse,Mus musculus,1395605781,NWGC
NW-TX4132-2,10xRseq_Mult_noATAC,Morphine_combined_Contra,CELL_RANGER_ARCV1,1396840694,A8XR_240920_01_E02,R8TX-24100103,RTX-4132,10000,Nuclei,1195125448,L8XR_240926_21_H10,2454_B03,mouse,Mus musculus,1395605782,NWGC
NW-TX4132-3,10xV4,Neuromodulatory_Noradrenergic,CELL_RANGER_DUAL_INDEX,1397028939,A8TX_240924_02_B03,R8TX-24100103,RTX-4132,19971,Nuclei,1338019172,L8TX_240926_02_F05,2469_A01,mouse,Mus musculus,1396578584,NWGC
NW-TX4132-4,10xV4,Neuromodulatory_Noradrenergic,CELL_RANGER_DUAL_INDEX,1397028941,A8TX_240924_02_C03,R8TX-24100103,RTX-4132,19971,Nuclei,1338019172,L8TX_240926_02_E04,2469_B01,mouse,Mus musculus,1396578585,NWGC
NW-TX4132-5,10xV4,Neuromodulatory_Noradrenergic,CELL_RANGER_DUAL_INDEX,1397028943,A8TX_240924_02_D03,R8TX-24100103,RTX-4132,19971,Nuclei,1338019172,L8TX_240926_02_F04,2469_C01,mouse,Mus musculus,1396578586,NWGC
NW-TX4132-6,10xV4,Neuromodulatory_Noradrenergic,CELL_RANGER_DUAL_INDEX,1397028945,A8TX_240924_02_E03,R8TX-24100103,RTX-4132,19971,Nuclei,1338019172,L8TX_240926_02_G05,2469_D01,mouse,Mus musculus,1396578587,NWGC
NW-TX4133-1,10xRseq_Mult_noATAC,Morphine_combined_Contra,CELL_RANGER_ARCV1,1396840696,A8XR_240920_01_F02,R8TX-24100104,RTX-4133,10000,Nuclei,1195125448,L8XR_240926_21_A11,2454_C03,mouse,Mus musculus,1395605783,NWGC
NW-TX4133-2,10xRseq_Mult_noATAC,Morphine_combined_Contra,CELL_RANGER_ARCV1,1397006646,A8XR_240924_01_C02,R8TX-24100104,RTX-4133,10000,Nuclei,1195125448,L8XR_240926_01_F01,2464_A08,mouse,Mus musculus,1397004319,NWGC
NW-TX4133-3,10xV4,Neuromodulatory_Noradrenergic,CELL_RANGER_DUAL_INDEX,1397028949,A8TX_240924_02_G03,R8TX-24100104,RTX-4133,19976,Nuclei,1338019172,L8TX_240926_02_A04,2482_A07,mouse,Mus musculus,1396578594,NWGC
NW-TX4133-4,10xV4,Neuromodulatory_Noradrenergic,CELL_RANGER_DUAL_INDEX,1397028951,A8TX_240924_02_H03,R8TX-24100104,RTX-4133,19976,Nuclei,1338019172,L8TX_240926_02_A05,2482_B07,mouse,Mus musculus,1396578595,NWGC
NW-TX4133-5,10xV4,Neuromodulatory_Noradrenergic,CELL_RANGER_DUAL_INDEX,1397028954,A8TX_240924_02_A04,R8TX-24100104,RTX-4133,19976,Nuclei,1338019172,L8TX_240926_02_D04,2482_C07,mouse,Mus musculus,1396578596,NWGC
NW-TX4133-6,10xV4,Neuromodulatory_Noradrenergic,CELL_RANGER_DUAL_INDEX,1397028956,A8TX_240924_02_B04,R8TX-24100104,RTX-4133,19976,Nuclei,1338019172,L8TX_240926_02_B05,2482_D07,mouse,Mus musculus,1396578597,NWGC
NW-TX4134-1,10xV4,Neuromodulatory_Noradrenergic,CELL_RANGER_DUAL_INDEX,1397028947,A8TX_240924_02_F03,R8TX-24101502,RTX-4134,14979,Nuclei,1338019172,L8TX_240926_02_H05,2469_E01,mouse,Mus musculus,1396578588,NWGC
NW-TX4134-2,10xV4,Neuromodulatory_Noradrenergic,CELL_RANGER_DUAL_INDEX,1397028959,A8TX_240924_02_C04,R8TX-24101502,RTX-4134,9454,Nuclei,1338019172,L8TX_240926_02_C05,2482_E07,mouse,Mus musculus,1396578598,NWGC
NW-TX4134-3,10xV4,Psilocybin,CELL_RANGER_DUAL_INDEX,1398360084,A8TX_240930_01_H01,R8TX-24101502,RTX-4134,19971,Cells,1338019172,L8TX_241003_01_A10,2481_A06,mouse,Mus musculus,1397199326,NWGC
NW-TX4134-4,10xV4,Psilocybin,CELL_RANGER_DUAL_INDEX,1398360087,A8TX_240930_01_A02,R8TX-24101502,RTX-4134,20010,Cells,1338019172,L8TX_241003_01_B10,2481_B06,mouse,Mus musculus,1397199327,NWGC
NW-TX4134-5,10xRseq_Mult_noATAC,Morphine_combined_Contra,CELL_RANGER_ARCV1,1393858089,A8XR_240910_01_G02,R8TX-24101502,RTX-4134,10000,Nuclei,1195125448,L8XR_240912_21_G12,2437_A01,mouse,Mus musculus,1392973710,NWGC
NW-TX4134-6,10xRseq_Mult_noATAC,Morphine_combined_Contra,CELL_RANGER_ARCV1,1393858091,A8XR_240910_01_H02,R8TX-24101502,RTX-4134,10000,Nuclei,1195125448,L8XR_240912_21_H12,2437_B01,mouse,Mus musculus,1392973711,NWGC
NW-TX4134-7,10xRseq_Mult_noATAC,Morphine_combined_Contra,CELL_RANGER_ARCV1,1393858094,A8XR_240910_01_A03,R8TX-24101502,RTX-4134,10000,Nuclei,1195125448,L8XR_240912_21_F11,2437_C01,mouse,Mus musculus,1392973712,NWGC
NW-TX4134-8,10xRseq_Mult_noATAC,Morphine_combined_Contra,CELL_RANGER_ARCV1,1395390864,A8XR_240917_01_G02,R8TX-24101502,RTX-4134,10000,Nuclei,1195125448,L8XR_240919_21_F07,2452_A01,mouse,Mus musculus,1394780533,NWGC
NW-TX4135-1,10xRseq_Mult_noATAC,Morphine_combined_Contra,CELL_RANGER_ARCV1,1397006650,A8XR_240924_01_D02,R8TX-24101503,RTX-4135,10000,Nuclei,1195125448,L8XR_240926_01_G01,2464_B08,mouse,Mus musculus,1397004320,NWGC
NW-TX4135-2,10xRseq_Mult_noATAC,Morphine_combined_Contra,CELL_RANGER_ARCV1,1395390866,A8XR_240917_01_H02,R8TX-24101503,RTX-4135,10000,Nuclei,1195125448,L8XR_240919_21_E06,2452_B01,mouse,Mus musculus,1394780534,NWGC
NW-TX4135-3,10xRseq_Mult_noATAC,Morphine_combined_Contra,CELL_RANGER_ARCV1,1395390868,A8XR_240917_01_A03,R8TX-24101503,RTX-4135,10000,Nuclei,1195125448,L8XR_240919_21_G07,2452_C01,mouse,Mus musculus,1394780535,NWGC
NW-TX4135-4,10xV4,Psilocybin,CELL_RANGER_DUAL_INDEX,1399458469,A8TX_241008_02_D01,R8TX-24101503,RTX-4135,19996,Cells,1338019172,L8TX_241010_01_H03,2490_A02,mouse,Mus musculus,1398800754,NWGC
NW-TX4135-5,10xV4,Psilocybin,CELL_RANGER_DUAL_INDEX,1399458472,A8TX_241008_02_E01,R8TX-24101503,RTX-4135,19941,Cells,1338019172,L8TX_241010_01_A04,2490_B02,mouse,Mus musculus,1398800755,NWGC
NW-TX4135-6,10xV4,Psilocybin,CELL_RANGER_DUAL_INDEX,1399458485,A8TX_241008_02_C02,R8TX-24101503,RTX-4135,19935,Cells,1338019172,L8TX_241010_01_E04,2494_A05,mouse,Mus musculus,1398385299,NWGC
NW-TX4135-7,10xV4,Psilocybin,CELL_RANGER_DUAL_INDEX,1399458487,A8TX_241008_02_D02,R8TX-24101503,RTX-4135,19988,Cells,1338019172,L8TX_241010_01_F04,2494_B05,mouse,Mus musculus,1398385300,NWGC
NW-TX4136-1,10xRseq_Mult_noATAC,Morphine_combined_Contra,CELL_RANGER_ARCV1,1397006654,A8XR_240924_01_E02,R8TX-24102201,RTX-4136,10000,Nuclei,1195125448,L8XR_240926_01_A01,2464_C08,mouse,Mus musculus,1396322811,NWGC
NW-TX4136-2,10xRseq_Mult_noATAC,Morphine_combined_Contra,CELL_RANGER_ARCV1,1397006657,A8XR_240924_01_F02,R8TX-24102201,RTX-4136,10000,Nuclei,1195125448,L8XR_240926_01_B01,2464_D08,mouse,Mus musculus,1396322812,NWGC
NW-TX4136-3,10xV4,Psilocybin,CELL_RANGER_DUAL_INDEX,1399458489,A8TX_241008_02_E02,R8TX-24102201,RTX-4136,19930,Cells,1338019172,L8TX_241010_01_D03,2497_A06,mouse,Mus musculus,1398958056,NWGC
NW-TX4136-4,10xV4,Psilocybin,CELL_RANGER_DUAL_INDEX,1399458492,A8TX_241008_02_F02,R8TX-24102201,RTX-4136,20009,Cells,1338019172,L8TX_241010_01_E03,2497_B06,mouse,Mus musculus,1398958058,NWGC
NW-TX4136-5,10xV4,Psilocybin,CELL_RANGER_DUAL_INDEX,1400527618,A8TX_241015_02_A01,R8TX-24102201,RTX-4136,19946,Cells,1338019172,L8TX_241017_01_B08,2502_A01,mouse,Mus musculus,1399133844,NWGC
NW-TX4136-6,10xV4,Psilocybin,CELL_RANGER_DUAL_INDEX,1400527620,A8TX_241015_02_B01,R8TX-24102201,RTX-4136,19996,Cells,1338019172,L8TX_241017_01_C08,2502_B01,mouse,Mus musculus,1399133846,NWGC
NW-TX4137-1,10xV4,Psilocybin,CELL_RANGER_DUAL_INDEX,1400527636,A8TX_241015_02_A02,R8TX-24110502,RTX-4137,20009,Cells,1338019172,L8TX_241017_01_H07,2505_A04,mouse,Mus musculus,1400527381,NWGC
NW-TX4137-2,10xV4,Psilocybin,CELL_RANGER_DUAL_INDEX,1400527638,A8TX_241015_02_B02,R8TX-24110502,RTX-4137,20000,Cells,1338019172,L8TX_241017_01_A09,2505_B04,mouse,Mus musculus,1400527382,NWGC
NW-TX4137-3,10xV4,Psilocybin,CELL_RANGER_DUAL_INDEX,1400527641,A8TX_241015_02_C02,R8TX-24110502,RTX-4137,19940,Cells,1338019172,L8TX_241017_01_B09,2509_A05,mouse,Mus musculus,1400211130,NWGC
NW-TX4137-4,10xV4,Psilocybin,CELL_RANGER_DUAL_INDEX,1400527644,A8TX_241015_02_D02,R8TX-24110502,RTX-4137,19934,Cells,1338019172,L8TX_241017_01_A08,2509_B05,mouse,Mus musculus,1400211131,NWGC
NW-TX4137-5,10xRseq_Mult_noATAC,Morphine_combined_Contra,CELL_RANGER_ARCV1,1403022528,A8XR_241029_01_B02,R8TX-24110502,RTX-4137,10000,Nuclei,1195125448,L8XR_241031_21_C02,2539_A01,mouse,Mus musculus,1402577087,NWGC
NW-TX4137-6,10xRseq_Mult_noATAC,Morphine_combined_Contra,CELL_RANGER_ARCV1,1403022530,A8XR_241029_01_C02,R8TX-24110502,RTX-4137,10000,Nuclei,1195125448,L8XR_241031_21_D02,2539_B01,mouse,Mus musculus,1402577088,NWGC
NW-TX4138-1,10xV4,Psilocybin,CELL_RANGER_DUAL_INDEX,1401903002,A8TX_241022_02_C01,R8TX-24111902,RTX-4138,19946,Cells,1338019172,L8TX_241024_01_E12,2519_A04,mouse,Mus musculus,1401027060,NWGC
NW-TX4138-2,10xV4,Psilocybin,CELL_RANGER_DUAL_INDEX,1401903006,A8TX_241022_02_D01,R8TX-24111902,RTX-4138,19982,Cells,1338019172,L8TX_241024_01_A01,2519_B04,mouse,Mus musculus,1401027061,NWGC
NW-TX4138-3,10xV4,Psilocybin,CELL_RANGER_DUAL_INDEX,1401903017,A8TX_241022_02_H01,R8TX-24111902,RTX-4138,19907,Cells,1338019172,L8TX_241024_01_H11,2522_A07,mouse,Mus musculus,1401487433,NWGC
NW-TX4138-4,10xV4,Psilocybin,CELL_RANGER_DUAL_INDEX,1401903020,A8TX_241022_02_A02,R8TX-24111902,RTX-4138,19982,Cells,1338019172,L8TX_241024_01_A12,2522_B07,mouse,Mus musculus,1401487434,NWGC
NW-TX4138-5,10xRseq_Mult_noATAC,Morphine_combined_Contra,CELL_RANGER_ARCV1,1404111668,A8XR_241105_01_A01,R8TX-24111902,RTX-4138,10000,Nuclei,1195125448,L8XR_241114_21_D10,2548_A06,mouse,Mus musculus,1403050637,NWGC
NW-TX4138-6,10xRseq_Mult_noATAC,Morphine_combined_Ipsi,CELL_RANGER_ARCV1,1404111673,A8XR_241105_01_B01,R8TX-24111902,RTX-4138,10000,Nuclei,1195125448,L8XR_241114_21_E10,2548_B06,mouse,Mus musculus,1403050638,NWGC
NW-TX4139-1,10xV4,Psilocybin,CELL_RANGER_DUAL_INDEX,1401903024,A8TX_241022_02_B02,R8TX-24111903,RTX-4139,19938,Cells,1338019172,L8TX_241024_01_B12,2525_A08,mouse,Mus musculus,1401900746,NWGC
NW-TX4139-2,10xV4,Psilocybin,CELL_RANGER_DUAL_INDEX,1401903026,A8TX_241022_02_C02,R8TX-24111903,RTX-4139,19933,Cells,1338019172,L8TX_241024_01_C12,2525_B08,mouse,Mus musculus,1401900747,NWGC
NW-TX4139-3,10xV4,Psilocybin,CELL_RANGER_DUAL_INDEX,1402911244,A8TX_241029_02_F01,R8TX-24111903,RTX-4139,19930,Cells,1338019172,L8TX_241031_02_H05,2532_A03,mouse,Mus musculus,1402606577,NWGC
NW-TX4139-4,10xV4,Psilocybin,CELL_RANGER_DUAL_INDEX,1402911247,A8TX_241029_02_G01,R8TX-24111903,RTX-4139,20010,Cells,1338019172,L8TX_241031_02_G04,2532_B03,mouse,Mus musculus,1402606578,NWGC
NW-TX4139-5,10xRseq_Mult_noATAC,RetroSeq+Synthetic_Constructs,CELL_RANGER_ARCV1,1405167690,A8XR_241112_01_A02,R8TX-24111903,RTX-4139,4192,Nuclei,1195125448,L8XR_241114_21_F01,2568_A01,mouse,Mus musculus,1404698971,NWGC
NW-TX4139-6,10xRseq_Mult_noATAC,RetroSeq+Synthetic_Constructs,CELL_RANGER_ARCV1,1405167692,A8XR_241112_01_B02,R8TX-24111903,RTX-4139,8229,Nuclei,1195125448,L8XR_241114_21_C01,2568_B01,mouse,Mus musculus,1404698972,NWGC
