Fastq Name,Library Prep Method,Study Set,Alignment Method,Amplification ID,Amplification,Batch Name,Batch Name From Vendor,Cell Capture,Cell Prep Type,Library Prep Method ID,Library Prep Name,Load Name,Organism Common Name,Organism Name,Sample ID,Sequencing Vendor
NY-AT16024-1,10xATAC_Mult,HMBA_Human_Atlas+HMBA_Human_Atlas_H,ARC-ATAC,1316208154,B8XM_231205_01_H01,R8XA-23121906,ATX-16024,10000,Nuclei,1061736689,L8XA_231205_01_H01,1980_B08,human,Homo Sapiens,1315957165,NYGC
NY-AT16024-2,10xATAC_Mult,HMBA_Human_Atlas+HMBA_Human_Atlas_H,ARC-ATAC,1316208165,B8XM_231205_01_A02,R8XA-23121906,ATX-16024,10000,Nuclei,1061736689,L8XA_231205_01_A02,1980_C08,human,Homo Sapiens,1315957164,NYGC
NY-AT16024-3,10xATAC_Mult,HMBA_Human_Atlas+HMBA_Human_Atlas_H,ARC-ATAC,1316208080,B8XM_231205_01_B01,R8XA-23121906,ATX-16024,10000,Nuclei,1061736689,L8XA_231205_01_B01,1984_A02,human,Homo Sapiens,1315747032,NYGC
NY-AT16024-4,10xATAC_Mult,HMBA_Human_Atlas+HMBA_Human_Atlas_H,ARC-ATAC,1316208091,B8XM_231205_01_C01,R8XA-23121906,ATX-16024,10000,Nuclei,1061736689,L8XA_231205_01_C01,1984_B02,human,Homo Sapiens,1315747030,NYGC
NY-AT16024-5,10xATAC_Mult,HMBA_Human_Atlas+HMBA_Human_Atlas_H,ARC-ATAC,1316208067,B8XM_231205_01_A01,R8XA-23121906,ATX-16024,4565,Nuclei,1061736689,L8XA_231205_01_A01,1984_E02,human,Homo Sapiens,1315958923,NYGC
NY-AT16024-6,10xATAC_Mult,HMBA_Human_Atlas+HMBA_Human_Atlas_H,ARC-ATAC,1316208103,B8XM_231205_01_D01,R8XA-23121906,ATX-16024,10000,Nuclei,1061736689,L8XA_231205_01_D01,1984_F02,human,Homo Sapiens,1315958922,NYGC
NY-AT16024-7,10xATAC_Mult,HMBA_Human_Atlas+HMBA_Human_Atlas_H,ARC-ATAC,1316208116,B8XM_231205_01_E01,R8XA-23121906,ATX-16024,10000,Nuclei,1061736689,L8XA_231205_01_E01,1984.1_G02,human,Homo Sapiens,1315747024,NYGC
NY-AT16024-8,10xATAC_Mult,HMBA_Human_Atlas+HMBA_Human_Atlas_H,ARC-ATAC,1316208133,B8XM_231205_01_F01,R8XA-23121906,ATX-16024,10000,Nuclei,1061736689,L8XA_231205_01_F01,1984.1_H02,human,Homo Sapiens,1315958920,NYGC
NY-AT16024-9,10xATAC_Mult,HMBA_Human_Atlas+HMBA_Human_Atlas_H,ARC-ATAC,1317694424,B8XM_231212_01_A01,R8XA-23121906,ATX-16024,10000,Nuclei,1061736689,L8XA_231212_01_F04,1986_A04,human,Homo Sapiens,1316195813,NYGC
NY-MX12001-1,10xRSeq_Mult,BICAN_Dev_Atlas+P0_Pilot,ARC-RSEQ,1269962379,A8XR_230509_01_G01,R8XR-23062102,MTX-12001,10000,Nuclei,1061736705,L8XR_230511_22_E11,1709_A01,mouse,Mus musculus,1269077350,NYGC
NY-MX12001-2,10xRSeq_Mult,BICAN_Dev_Atlas+P0_Pilot,ARC-RSEQ,1269962381,A8XR_230509_01_H01,R8XR-23062102,MTX-12001,10000,Nuclei,1061736705,L8XR_230511_22_F11,1709_B01,mouse,Mus musculus,1269077351,NYGC
NY-MX12001-3,10xRSeq_Mult,BICAN_Dev_Atlas+P0_Pilot,ARC-RSEQ,1272526190,A8XR_230516_01_H01,R8XR-23062102,MTX-12001,10000,Nuclei,1061736705,L8XR_230518_21_H01,1710_A02,mouse,Mus musculus,1270819971,NYGC
NY-MX12001-4,10xRSeq_Mult,BICAN_Dev_Atlas+P0_Pilot,ARC-RSEQ,1272526174,A8XR_230516_01_A01,R8XR-23062102,MTX-12001,10000,Nuclei,1061736705,L8XR_230518_21_A01,1710_B02,mouse,Mus musculus,1270819972,NYGC
NY-MX12001-5,10xRSeq_Mult,BICAN_Dev_Atlas+P0_Pilot,ARC-RSEQ,1272526176,A8XR_230516_01_B01,R8XR-23062102,MTX-12001,10000,Nuclei,1061736705,L8XR_230518_21_B01,1710_C02,mouse,Mus musculus,1270644565,NYGC
NY-MX12001-6,10xRSeq_Mult,BICAN_Dev_Atlas+P0_Pilot,ARC-RSEQ,1272526179,A8XR_230516_01_C01,R8XR-23062102,MTX-12001,10000,Nuclei,1061736705,L8XR_230518_21_C01,1710_D02,mouse,Mus musculus,1270644566,NYGC
NY-MX12001-7,10xRSeq_Mult,BICAN_Dev_Atlas+P0_Pilot,ARC-RSEQ,1272526182,A8XR_230516_01_D01,R8XR-23062102,MTX-12001,10000,Nuclei,1061736705,L8XR_230518_21_D01,1713_A04,mouse,Mus musculus,1271785501,NYGC
NY-MX12001-8,10xRSeq_Mult,BICAN_Dev_Atlas+P0_Pilot,ARC-RSEQ,1272526184,A8XR_230516_01_E01,R8XR-23062102,MTX-12001,10000,Nuclei,1061736705,L8XR_230518_21_E01,1713_B04,mouse,Mus musculus,1271785502,NYGC
NY-MX12001-9,10xRSeq_Mult,BICAN_Dev_Atlas+P0_Pilot,ARC-RSEQ,1272526186,A8XR_230516_01_F01,R8XR-23062102,MTX-12001,10000,Nuclei,1061736705,L8XR_230518_21_F01,1713_C04,mouse,Mus musculus,1270459639,NYGC
NY-MX12002-1,10xRSeq_Mult,BICAN_Dev_Atlas+P0_Pilot,ARC-RSEQ,1272526188,A8XR_230516_01_G01,R8XR-23070502,MTX-12002,10000,Nuclei,1061736705,L8XR_230518_21_G01,1713_D04,mouse,Mus musculus,1270459640,NYGC
NY-MX12002-2,10xRSeq_Mult,HMBA_Macaque_Atlas+HMBA_Macaque_Atlas_THM,ARC-RSEQ,1277089958,A8XR_230613_01_E01,R8XR-23070502,MTX-12002,4968,Nuclei,1061736705,L8XR_230615_22_G08,1743_A01,macaque,Macaca mulatta,1276525735,NYGC
NY-MX12002-3,10xRSeq_Mult,HMBA_Macaque_Atlas+HMBA_Macaque_Atlas_M,ARC-RSEQ,1277089960,A8XR_230613_01_F01,R8XR-23070502,MTX-12002,4130,Nuclei,1061736705,L8XR_230615_22_H08,1743_B01,macaque,Macaca mulatta,1276525736,NYGC
NY-MX12002-4,10xRSeq_Mult,HMBA_Macaque_Atlas+HMBA_Macaque_Atlas_THM,ARC-RSEQ,1278408162,A8XR_230620_02_C01,R8XR-23070502,MTX-12002,10000,Nuclei,1061736705,L8XR_230622_22_B10,1745_A02,macaque,Macaca mulatta,1277942254,NYGC
NY-MX12002-5,10xRSeq_Mult,BG_paper_Macaque+HMBA_Macaque_Atlas+HMBA_Macaque_Atlas_BN_BF,ARC-RSEQ,1278408166,A8XR_230620_02_D01,R8XR-23070502,MTX-12002,10000,Nuclei,1061736705,L8XR_230622_22_G09,1748_A04,macaque,Macaca mulatta,1277944295,NYGC
NY-MX12002-6,10xRSeq_Mult,HMBA_Macaque_Atlas+HMBA_Macaque_Atlas_BN_BF,ARC-RSEQ,1278408172,A8XR_230620_02_E01,R8XR-23070502,MTX-12002,10000,Nuclei,1061736705,L8XR_230622_22_H09,1748_B04,macaque,Macaca mulatta,1277944296,NYGC
NY-MX12002-7,10xRSeq_Mult,HMBA_Macaque_Atlas+HMBA_Macaque_Atlas_BN_BF,ARC-RSEQ,1278408178,A8XR_230620_02_F01,R8XR-23070502,MTX-12002,10000,Nuclei,1061736705,L8XR_230622_22_A10,1748_C04,macaque,Macaca mulatta,1277944298,NYGC
NY-MX12002-8,10xRSeq_Mult,BG_paper_Macaque+HMBA_Macaque_Atlas+HMBA_Macaque_Atlas_BN_BF,ARC-RSEQ,1279891702,A8XR_230627_01_A01,R8XR-23070502,MTX-12002,10000,Nuclei,1061736705,L8XR_230629_22_G11,1750_A01,macaque,Macaca mulatta,1278014328,NYGC
NY-MX12002-9,10xRSeq_Mult,BG_paper_Macaque+HMBA_Macaque_Atlas+HMBA_Macaque_Atlas_BN_BF,ARC-RSEQ,1279891718,A8XR_230627_01_B01,R8XR-23070502,MTX-12002,13913,Nuclei,1061736705,L8XR_230629_22_H11,1750_B01,macaque,Macaca mulatta,1278014329,NYGC
NY-MX12003-1,10xRSeq_Mult,BG_paper_Macaque+HMBA_Macaque_Atlas+HMBA_Macaque_Atlas_BN_BF,ARC-RSEQ,1279891732,A8XR_230627_01_C01,R8XR-23080102,MTX-12003,10000,Nuclei,1061736705,L8XR_230629_22_A12,1751_A02,macaque,Macaca mulatta,1279285250,NYGC
NY-MX12003-10,10xRSeq_Mult,BICAN_Dev_Atlas+P0_Pilot,ARC-RSEQ,1286078237,A8XR_230725_02_G02,R8XR-23080102,MTX-12003,10000,Nuclei,1061736705,L8XR_230727_22_A06,1791_D01,mouse,Mus musculus,1286072780,NYGC
NY-MX12003-11,10xRSeq_Mult,HMBA_Macaque_Atlas+HMBA_Macaque_Atlas_CB,ARC-RSEQ,1286078209,A8XR_230725_02_D01,R8XR-23080102,MTX-12003,10000,Nuclei,1061736705,L8XR_230727_22_B05,1792_A02,macaque,Macaca mulatta,1285380604,NYGC
NY-MX12003-12,10xRSeq_Mult,HMBA_Macaque_Atlas+HMBA_Macaque_Atlas_CB,ARC-RSEQ,1286078207,A8XR_230725_02_C01,R8XR-23080102,MTX-12003,2500,Nuclei,1061736705,L8XR_230727_22_C04,1792_B02,macaque,Macaca mulatta,1285380605,NYGC
NY-MX12003-2,10xRSeq_Mult,BG_paper_Macaque+HMBA_Macaque_Atlas+HMBA_Macaque_Atlas_BN_BF,ARC-RSEQ,1279891745,A8XR_230627_01_D01,R8XR-23080102,MTX-12003,10000,Nuclei,1061736705,L8XR_230629_22_B12,1751_B02,macaque,Macaca mulatta,1279285252,NYGC
NY-MX12003-3,10xRSeq_Mult,HMBA_Macaque_Atlas+HMBA_Macaque_Atlas_H,ARC-RSEQ,1285922970,A8XR_230711_01_A01,R8XR-23080102,MTX-12003,4782,Nuclei,1061736705,L8XR_230713_21_E02,1767_A01,macaque,Macaca mulatta,1281312842,NYGC
NY-MX12003-4,10xRSeq_Mult,HMBA_Macaque_Atlas+HMBA_Macaque_Atlas_CB,ARC-RSEQ,1285922972,A8XR_230711_01_B01,R8XR-23080102,MTX-12003,4068,Nuclei,1061736705,L8XR_230713_21_G01,1770_A04,macaque,Macaca mulatta,1282134249,NYGC
NY-MX12003-5,10xRSeq_Mult,HMBA_Macaque_Atlas+HMBA_Macaque_Atlas_CB,ARC-RSEQ,1285922976,A8XR_230711_01_D01,R8XR-23080102,MTX-12003,10000,Nuclei,1061736705,L8XR_230713_21_B02,1770_B04,macaque,Macaca mulatta,1282134250,NYGC
NY-MX12003-6,10xRSeq_Mult,HMBA_Macaque_Atlas+HMBA_Macaque_Atlas_CB,ARC-RSEQ,1285922974,A8XR_230711_01_C01,R8XR-23080102,MTX-12003,2860,Nuclei,1061736705,L8XR_230713_21_H01,1773_A06,macaque,Macaca mulatta,1282715582,NYGC
NY-MX12003-7,10xRSeq_Mult,HMBA_Macaque_Atlas+HMBA_Macaque_Atlas_CB,ARC-RSEQ,1286078202,A8XR_230725_02_A01,R8XR-23080102,MTX-12003,5962,Nuclei,1061736705,L8XR_230727_22_A05,1787_A03,macaque,Macaca mulatta,1285206989,NYGC
NY-MX12003-8,10xRSeq_Mult,HMBA_Macaque_Atlas+HMBA_Macaque_Atlas_CB,ARC-RSEQ,1286078205,A8XR_230725_02_B01,R8XR-23080102,MTX-12003,3602,Nuclei,1061736705,L8XR_230727_22_G04,1787_B03,macaque,Macaca mulatta,1285206990,NYGC
NY-MX12003-9,10xRSeq_Mult,BICAN_Dev_Atlas+P0_Pilot,ARC-RSEQ,1286078235,A8XR_230725_02_F02,R8XR-23080102,MTX-12003,10000,Nuclei,1061736705,L8XR_230727_22_H05,1791_C01,mouse,Mus musculus,1286072778,NYGC
NY-MX12004-1,10xRSeq_Mult,HMBA_Macaque_Atlas+HMBA_Macaque_Atlas_H,ARC-RSEQ,1291011444,A8XR_230815_01_E01,R8XR-23082202,MTX-12004,10000,Nuclei,1061736705,L8XR_230817_01_C02,1820_A02,macaque,Macaca mulatta,1290813391,NYGC
NY-MX12004-2,10xRSeq_Mult,HMBA_Macaque_Atlas+HMBA_Macaque_Atlas_H,ARC-RSEQ,1291011446,A8XR_230815_01_F01,R8XR-23082202,MTX-12004,10000,Nuclei,1061736705,L8XR_230817_01_D02,1820_B02,macaque,Macaca mulatta,1290813392,NYGC
NY-MX12004-3,10xRSeq_Mult,HMBA_Macaque_Atlas+HMBA_Macaque_Atlas_AMY,ARC-RSEQ,1289057154,A8XR_230808_01_C01,R8XR-23082202,MTX-12004,10000,Nuclei,1061736705,L8XR_230810_01_G09,1799_A03,macaque,Macaca mulatta,1287255614,NYGC
NY-MX12004-4,10xRSeq_Mult,HMBA_Macaque_Atlas+HMBA_Macaque_Atlas_AMY,ARC-RSEQ,1289057156,A8XR_230808_01_D01,R8XR-23082202,MTX-12004,10000,Nuclei,1061736705,L8XR_230810_01_H09,1799_B03,macaque,Macaca mulatta,1287255616,NYGC
NY-MX12004-5,10xRSeq_Mult,HMBA_Macaque_Atlas+HMBA_Macaque_Atlas_H,ARC-RSEQ,1291011437,A8XR_230815_01_B01,R8XR-23082202,MTX-12004,3478,Nuclei,1061736705,L8XR_230817_01_H01,1811_A02,macaque,Macaca mulatta,1289980890,NYGC
NY-MX12004-6,10xRSeq_Mult,BICAN_Dev_Atlas+BICAN_Dev_P4,ARC-RSEQ,1291011451,A8XR_230815_01_G01,R8XR-23082202,MTX-12004,10000,Nuclei,1061736705,L8XR_230817_01_G11,1816_A07,mouse,Mus musculus,1289979386,NYGC
NY-MX12004-7,10xRSeq_Mult,BICAN_Dev_Atlas+BICAN_Dev_P4,ARC-RSEQ,1291011453,A8XR_230815_01_H01,R8XR-23082202,MTX-12004,10000,Nuclei,1061736705,L8XR_230817_01_B01,1816_B07,mouse,Mus musculus,1289979387,NYGC
NY-MX12004-8,10xRSeq_Mult,BICAN_Dev_Atlas+BICAN_Dev_P4,ARC-RSEQ,1291011455,A8XR_230815_01_A02,R8XR-23082202,MTX-12004,10000,Nuclei,1061736705,L8XR_230817_01_D12,1816_C07,mouse,Mus musculus,1288801196,NYGC
NY-MX12004-9,10xRSeq_Mult,BICAN_Dev_Atlas+BICAN_Dev_P4,ARC-RSEQ,1291011457,A8XR_230815_01_B02,R8XR-23082202,MTX-12004,10000,Nuclei,1061736705,L8XR_230817_01_H11,1816_D07,mouse,Mus musculus,1288801197,NYGC
NY-MX12005-1,10xRSeq_Mult,HMBA_Macaque_Atlas+HMBA_Macaque_Atlas_CB,ARC-RSEQ,1291011439,A8XR_230815_01_C01,R8XR-23082203,MTX-12005,10000,Nuclei,1061736705,L8XR_230817_01_A02,1815_A06,macaque,Macaca mulatta,1290005078,NYGC
NY-MX12005-2,10xRSeq_Mult,HMBA_Macaque_Atlas+HMBA_Macaque_Atlas_H,ARC-RSEQ,1291011435,A8XR_230815_01_A01,R8XR-23082203,MTX-12005,9037,Nuclei,1061736705,L8XR_230817_01_A01,1815_B06,macaque,Macaca mulatta,1290005079,NYGC
NY-MX12005-3,10xRSeq_Mult,BICAN_Dev_Atlas+BICAN_Dev_P4,ARC-RSEQ,1291011468,A8XR_230815_01_G02,R8XR-23082203,MTX-12005,10000,Nuclei,1061736705,L8XR_230817_01_E01,1829_A10,mouse,Mus musculus,1290244547,NYGC
NY-MX12005-4,10xRSeq_Mult,BICAN_Dev_Atlas+BICAN_Dev_P4,ARC-RSEQ,1291011472,A8XR_230815_01_H02,R8XR-23082203,MTX-12005,10000,Nuclei,1061736705,L8XR_230817_01_A12,1829_B10,mouse,Mus musculus,1290244548,NYGC
NY-MX12005-5,10xRSeq_Mult,BICAN_Dev_Atlas+BICAN_Dev_P4,ARC-RSEQ,1291011478,A8XR_230815_01_C03,R8XR-23082203,MTX-12005,10000,Nuclei,1061736705,L8XR_230817_01_C12,1819_A01,mouse,Mus musculus,1290604916,NYGC
NY-MX12005-6,10xRSeq_Mult,BICAN_Dev_Atlas+BICAN_Dev_P4,ARC-RSEQ,1291011480,A8XR_230815_01_D03,R8XR-23082203,MTX-12005,10000,Nuclei,1061736705,L8XR_230817_01_F01,1819_B01,mouse,Mus musculus,1290604917,NYGC
NY-MX12005-7,10xRSeq_Mult,BICAN_Dev_Atlas+BICAN_Dev_P4,ARC-RSEQ,1291011482,A8XR_230815_01_E03,R8XR-23082203,MTX-12005,10000,Nuclei,1061736705,L8XR_230817_01_G01,1819_C01,mouse,Mus musculus,1290812749,NYGC
NY-MX12005-8,10xRSeq_Mult,BICAN_Dev_Atlas+BICAN_Dev_P4,ARC-RSEQ,1291011484,A8XR_230815_01_F03,R8XR-23082203,MTX-12005,10000,Nuclei,1061736705,L8XR_230817_01_D01,1819_D01,mouse,Mus musculus,1290812750,NYGC
NY-MX12006-1,10xRSeq_Mult,HMBA_Macaque_Atlas+HMBA_Macaque_Atlas_CB,ARC-RSEQ,1293278767,A8XR_230822_01_D01,R8XR-23082901,MTX-12006,7670,Nuclei,1061736705,L8XR_230824_01_A03,1821_A03,macaque,Macaca mulatta,1291738166,NYGC
NY-MX12006-10,10xRSeq_Mult,HMBA_Human_Atlas+HMBA_Human_Atlas_M,ARC-RSEQ,1293278774,A8XR_230822_01_G01,R8XR-23082901,MTX-12006,10000,Nuclei,1061736705,L8XR_230824_01_D03,1826_B07,human,Homo Sapiens,1292042372,NYGC
NY-MX12006-2,10xRSeq_Mult,HMBA_Macaque_Atlas+HMBA_Macaque_Atlas_H,ARC-RSEQ,1293278760,A8XR_230822_01_A01,R8XR-23082901,MTX-12006,10000,Nuclei,1061736705,L8XR_230824_01_H03,1821_B03,macaque,Macaca mulatta,1291738167,NYGC
NY-MX12006-3,10xRSeq_Mult,BICAN_Dev_Atlas+BICAN_Dev_P4,ARC-RSEQ,1293278781,A8XR_230822_01_B02,R8XR-23082901,MTX-12006,10000,Nuclei,1061736705,L8XR_230824_01_F02,1822_A04,mouse,Mus musculus,1291759373,NYGC
NY-MX12006-4,10xRSeq_Mult,BICAN_Dev_Atlas+BICAN_Dev_P4,ARC-RSEQ,1293278783,A8XR_230822_01_C02,R8XR-23082901,MTX-12006,10000,Nuclei,1061736705,L8XR_230824_01_G02,1822_B04,mouse,Mus musculus,1291759374,NYGC
NY-MX12006-5,10xRSeq_Mult,BICAN_Dev_Atlas+BICAN_Dev_P4,ARC-RSEQ,1293278786,A8XR_230822_01_D02,R8XR-23082901,MTX-12006,10000,Nuclei,1061736705,L8XR_230824_01_F03,1822_C04,mouse,Mus musculus,1292026315,NYGC
NY-MX12006-6,10xRSeq_Mult,BICAN_Dev_Atlas+BICAN_Dev_P4,ARC-RSEQ,1293278788,A8XR_230822_01_E02,R8XR-23082901,MTX-12006,10000,Nuclei,1061736705,L8XR_230824_01_G03,1822_D04,mouse,Mus musculus,1292026316,NYGC
NY-MX12006-7,10xRSeq_Mult,HMBA_Macaque_Atlas+HMBA_Macaque_Atlas_Cx,ARC-RSEQ,1293278762,A8XR_230822_01_B01,R8XR-23082901,MTX-12006,3850,Nuclei,1061736705,L8XR_230824_01_B04,1823_A05,macaque,Macaca mulatta,1292015584,NYGC
NY-MX12006-8,10xRSeq_Mult,HMBA_Macaque_Atlas+HMBA_Macaque_Atlas_Cx,ARC-RSEQ,1293278769,A8XR_230822_01_E01,R8XR-23082901,MTX-12006,8913,Nuclei,1061736705,L8XR_230824_01_C04,1823_B05,macaque,Macaca mulatta,1292015585,NYGC
NY-MX12006-9,10xRSeq_Mult,HMBA_Human_Atlas+HMBA_Human_Atlas_M,ARC-RSEQ,1293278772,A8XR_230822_01_F01,R8XR-23082901,MTX-12006,10000,Nuclei,1061736705,L8XR_230824_01_A04,1826_A07,human,Homo Sapiens,1292042373,NYGC
NY-MX12007-1,10xRSeq_Mult,HMBA_Cross_Species,ARC-RSEQ,1293278777,A8XR_230822_01_H01,R8XR-23090603,MTX-12007,4813,Nuclei,1061736705,L8XR_230824_01_E03,1828_A08,rat,Rattus norvegicus,1291816799,NYGC
NY-MX12007-10,10xRSeq_Mult,HMBA_Human_Atlas+HMBA_Human_Atlas_M,ARC-RSEQ,1294127816,A8XR_230829_01_D01,R8XR-23090603,MTX-12007,10000,Nuclei,1061736705,L8XR_230831_01_C06,1835_D03,human,Homo Sapiens,1293508149,NYGC
NY-MX12007-11,10xRSeq_Mult,HMBA_Cross_Species,ARC-RSEQ,1294127831,A8XR_230829_01_B02,R8XR-23090603,MTX-12007,5823,Nuclei,1061736705,L8XR_230831_01_F05,1839_A07,rat,Rattus norvegicus,1292736508,NYGC
NY-MX12007-2,10xRSeq_Mult,HMBA_Cross_Species,ARC-RSEQ,1293278779,A8XR_230822_01_A02,R8XR-23090603,MTX-12007,4270,Nuclei,1061736705,L8XR_230824_01_E02,1828_B08,rat,Rattus norvegicus,1291817333,NYGC
NY-MX12007-3,10xRSeq_Mult,HMBA_Macaque_Atlas+HMBA_Macaque_Atlas_H,ARC-RSEQ,1293278765,A8XR_230822_01_C01,R8XR-23090603,MTX-12007,4596,Nuclei,1061736705,L8XR_230824_01_C03,1830_A01,macaque,Macaca mulatta,1292680394,NYGC
NY-MX12007-4,10xRSeq_Mult,BICAN_Dev_Atlas+BICAN_Dev_P4,ARC-RSEQ,1294127835,A8XR_230829_01_D02,R8XR-23090603,MTX-12007,10000,Nuclei,1061736705,L8XR_230831_01_H05,1831_A02,mouse,Mus musculus,1292677782,NYGC
NY-MX12007-5,10xRSeq_Mult,BICAN_Dev_Atlas+BICAN_Dev_P4,ARC-RSEQ,1294127837,A8XR_230829_01_E02,R8XR-23090603,MTX-12007,10000,Nuclei,1061736705,L8XR_230831_01_A06,1831_B02,mouse,Mus musculus,1292677783,NYGC
NY-MX12007-6,10xRSeq_Mult,BICAN_Dev_Atlas+BICAN_Dev_P4,ARC-RSEQ,1294127839,A8XR_230829_01_F02,R8XR-23090603,MTX-12007,10000,Nuclei,1061736705,L8XR_230831_01_E06,1831_C02,mouse,Mus musculus,1292211212,NYGC
NY-MX12007-7,10xRSeq_Mult,HMBA_Human_Atlas+HMBA_Human_Atlas_M,ARC-RSEQ,1294127809,A8XR_230829_01_A01,R8XR-23090603,MTX-12007,9472,Nuclei,1061736705,L8XR_230831_01_A05,1835_A03,human,Homo Sapiens,1293494558,NYGC
NY-MX12007-8,10xRSeq_Mult,HMBA_Human_Atlas+HMBA_Human_Atlas_M,ARC-RSEQ,1294127812,A8XR_230829_01_B01,R8XR-23090603,MTX-12007,10000,Nuclei,1061736705,L8XR_230831_01_B05,1835_B03,human,Homo Sapiens,1293494557,NYGC
NY-MX12007-9,10xRSeq_Mult,HMBA_Human_Atlas+HMBA_Human_Atlas_M,ARC-RSEQ,1294127814,A8XR_230829_01_C01,R8XR-23090603,MTX-12007,10000,Nuclei,1061736705,L8XR_230831_01_B06,1835_C03,human,Homo Sapiens,1293508150,NYGC
NY-MX12008-10,10xRSeq_Mult,HMBA_Cross_Species,ARC-RSEQ,1296100334,A8XR_230905_02_F01,R8XR-23091202,MTX-12008,7142,Nuclei,1061736705,L8XR_230907_02_D10,1847_B05,opossum,Monodelphis domestica,1294970560,NYGC
NY-MX12008-2,10xRSeq_Mult,HMBA_Human_Atlas+HMBA_Human_Atlas_M,ARC-RSEQ,1294127818,A8XR_230829_01_E01,R8XR-23091202,MTX-12008,10000,Nuclei,1061736705,L8XR_230831_01_C05,1838_A06,human,Homo Sapiens,1293290804,NYGC
NY-MX12008-3,10xRSeq_Mult,HMBA_Human_Atlas+HMBA_Human_Atlas_M,ARC-RSEQ,1294127820,A8XR_230829_01_F01,R8XR-23091202,MTX-12008,10000,Nuclei,1061736705,L8XR_230831_01_D06,1838_B06,human,Homo Sapiens,1293290802,NYGC
NY-MX12008-4,10xRSeq_Mult,BICAN_Dev_Atlas+BICAN_Dev_P4,ARC-RSEQ,1294316626,A8XR_230829_02_A03,R8XR-23091202,MTX-12008,10000,Nuclei,1061736705,L8XR_230831_03_B09,1842_A01,mouse,Mus musculus,1293272577,NYGC
NY-MX12008-5,10xRSeq_Mult,BICAN_Dev_Atlas+BICAN_Dev_P4,ARC-RSEQ,1294316628,A8XR_230829_02_B03,R8XR-23091202,MTX-12008,10000,Nuclei,1061736705,L8XR_230831_03_C09,1842_B01,mouse,Mus musculus,1293272579,NYGC
NY-MX12008-6,10xRSeq_Mult,HMBA_Human_Atlas+HMBA_Human_Atlas_M,ARC-RSEQ,1294127822,A8XR_230829_01_G01,R8XR-23091202,MTX-12008,9534,Nuclei,1061736705,L8XR_230831_01_D05,1843_A02,human,Homo Sapiens,1293495861,NYGC
NY-MX12008-7,10xRSeq_Mult,HMBA_Human_Atlas+HMBA_Human_Atlas_M,ARC-RSEQ,1294127824,A8XR_230829_01_H01,R8XR-23091202,MTX-12008,10000,Nuclei,1061736705,L8XR_230831_01_F04,1843_B02,human,Homo Sapiens,1293495860,NYGC
NY-MX12008-8,10xRSeq_Mult,HMBA_Human_Atlas+HMBA_Human_Atlas_M,ARC-RSEQ,1294127826,A8XR_230829_01_A02,R8XR-23091202,MTX-12008,10000,Nuclei,1061736705,L8XR_230831_01_E05,1843_C02,human,Homo Sapiens,1293755260,NYGC
NY-MX12008-9,10xRSeq_Mult,HMBA_Human_Atlas+HMBA_Human_Atlas_M,ARC-RSEQ,1296100328,A8XR_230905_02_C01,R8XR-23091202,MTX-12008,7298,Nuclei,1061736705,L8XR_230907_02_E10,1846_A04,human,Homo Sapiens,1295629377,NYGC
NY-MX12009-1,10xRSeq_Mult,HMBA_Human_Atlas+HMBA_Human_Atlas_M,ARC-RSEQ,1296100330,A8XR_230905_02_D01,R8XR-23092603,MTX-12009,10000,Nuclei,1061736705,L8XR_230907_02_A11,1846_B04,human,Homo Sapiens,1295629376,NYGC
NY-MX12009-10,10xRSeq_Mult,HMBA_Human_Atlas+HMBA_Human_Atlas_M,ARC-RSEQ,1297147903,A8XR_230912_01_H01,R8XR-23092603,MTX-12009,10000,Nuclei,1061736705,L8XR_230914_01_A03,1863_B02,human,Homo Sapiens,1296667346,NYGC
NY-MX12009-11,10xRSeq_Mult,HMBA_Human_Atlas+HMBA_Human_Atlas_M,ARC-RSEQ,1298533738,A8XR_230919_02_B01,R8XR-23092603,MTX-12009,10000,Nuclei,1061736705,L8XR_230921_02_B06,1869_A04,human,Homo Sapiens,1298010003,NYGC
NY-MX12009-2,10xRSeq_Mult,HMBA_Cross_Species,ARC-RSEQ,1296100332,A8XR_230905_02_E01,R8XR-23092603,MTX-12009,9860,Nuclei,1061736705,L8XR_230907_02_B11,1847_A05,opossum,Monodelphis domestica,1294969769,NYGC
NY-MX12009-3,10xRSeq_Mult,BICAN_Dev_Atlas+BICAN_Dev_P4,ARC-RSEQ,1297147917,A8XR_230912_01_E02,R8XR-23092603,MTX-12009,10000,Nuclei,1061736705,L8XR_230914_01_E03,1856_D01,mouse,Mus musculus,1295327113,NYGC
NY-MX12009-4,10xRSeq_Mult,HMBA_Cross_Species,ARC-RSEQ,1297147890,A8XR_230912_01_D01,R8XR-23092603,MTX-12009,2872,Nuclei,1061736705,L8XR_230914_01_C02,1858_A03,opossum,Monodelphis domestica,1296116480,NYGC
NY-MX12009-5,10xRSeq_Mult,HMBA_Cross_Species,ARC-RSEQ,1297147892,A8XR_230912_01_E01,R8XR-23092603,MTX-12009,4270,Nuclei,1061736705,L8XR_230914_01_G02,1858_B03,rat,Rattus norvegicus,1296117087,NYGC
NY-MX12009-6,10xRSeq_Mult,HMBA_Human_Atlas+HMBA_Human_Atlas_M,ARC-RSEQ,1297147886,A8XR_230912_01_C01,R8XR-23092603,MTX-12009,3944,Nuclei,1061736705,L8XR_230914_01_H01,1860_A05,human,Homo Sapiens,1296664156,NYGC
NY-MX12009-7,10xRSeq_Mult,HMBA_Human_Atlas+HMBA_Human_Atlas_M,ARC-RSEQ,1297147897,A8XR_230912_01_F01,R8XR-23092603,MTX-12009,4037,Nuclei,1061736705,L8XR_230914_01_G01,1860_B05,human,Homo Sapiens,1296664155,NYGC
NY-MX12009-8,10xRSeq_Mult,HMBA_Cross_Species,ARC-RSEQ,1297147905,A8XR_230912_01_A02,R8XR-23092603,MTX-12009,10000,Nuclei,1061736705,L8XR_230914_01_B03,1861_A06,rat,Rattus norvegicus,1296117462,NYGC
NY-MX12009-9,10xRSeq_Mult,HMBA_Human_Atlas+HMBA_Human_Atlas_M,ARC-RSEQ,1297147899,A8XR_230912_01_G01,R8XR-23092603,MTX-12009,10000,Nuclei,1061736705,L8XR_230914_01_H02,1863_A02,human,Homo Sapiens,1296667347,NYGC
NY-MX12010-1,10xRSeq_Mult,HMBA_Human_Atlas+HMBA_Human_Atlas_M,ARC-RSEQ,1298533745,A8XR_230919_02_D01,R8XR-23100301,MTX-12010,10000,Nuclei,1061736705,L8XR_230921_02_C06,1869_B04,human,Homo Sapiens,1298010002,NYGC
NY-MX12010-2,10xRSeq_Mult,HMBA_Human_Atlas+HMBA_Human_Atlas_M,ARC-RSEQ,1298533750,A8XR_230919_02_E01,R8XR-23100301,MTX-12010,10000,Nuclei,1061736705,L8XR_230921_02_D06,1872_A06,human,Homo Sapiens,1297649470,NYGC
NY-MX12010-3,10xRSeq_Mult,HMBA_Human_Atlas+HMBA_Human_Atlas_M,ARC-RSEQ,1298533756,A8XR_230919_02_F01,R8XR-23100301,MTX-12010,10000,Nuclei,1061736705,L8XR_230921_02_E06,1872_B06,human,Homo Sapiens,1297649469,NYGC
NY-MX12010-4,10xRSeq_Mult,BICAN_Dev_Atlas+BICAN_Dev_P4,ARC-RSEQ,1298533783,A8XR_230919_02_E02,R8XR-23100301,MTX-12010,10000,Nuclei,1061736705,L8XR_230921_02_G06,1873_C01,mouse,Mus musculus,1297980940,NYGC
NY-MX12010-5,10xRSeq_Mult,BICAN_Dev_Atlas+BICAN_Dev_P4,ARC-RSEQ,1298533785,A8XR_230919_02_F02,R8XR-23100301,MTX-12010,10000,Nuclei,1061736705,L8XR_230921_02_C07,1873_D01,mouse,Mus musculus,1297980941,NYGC
NY-MX12010-6,10xRSeq_Mult,HMBA_Human_Atlas+HMBA_Human_Atlas_M,ARC-RSEQ,1300206223,A8XR_230922_01_A01,R8XR-23100301,MTX-12010,10000,Nuclei,1061736705,L8XR_230928_01_F12,1877_A05,human,Homo Sapiens,1298517148,NYGC
NY-MX12010-7,10xRSeq_Mult,HMBA_Human_Atlas+HMBA_Human_Atlas_M,ARC-RSEQ,1300206225,A8XR_230922_01_B01,R8XR-23100301,MTX-12010,10000,Nuclei,1061736705,L8XR_230928_01_C11,1877_B05,human,Homo Sapiens,1298517147,NYGC
NY-MX12010-8,10xRSeq_Mult,HMBA_Human_Atlas+HMBA_Human_Atlas_M,ARC-RSEQ,1300206228,A8XR_230922_01_C01,R8XR-23100301,MTX-12010,10000,Nuclei,1061736705,L8XR_230928_01_D11,1877_C05,human,Homo Sapiens,1298444655,NYGC
NY-MX12010-9,10xRSeq_Mult,BICAN_Dev_Atlas+BICAN_Dev_P4,ARC-RSEQ,1300489665,A8XR_230926_02_D01,R8XR-23100301,MTX-12010,10000,Nuclei,1061736705,L8XR_230928_01_B11,1881_D07,mouse,Mus musculus,1298715253,NYGC
NY-MX12011-1,10xRSeq_Mult,HMBA_Human_Atlas+HMBA_Human_Atlas_M,ARC-RSEQ,1300206236,A8XR_230922_01_F01,R8XR-23101002,MTX-12011,10000,Nuclei,1061736705,L8XR_230928_01_F11,1877_D05,human,Homo Sapiens,1298444654,NYGC
NY-MX12011-2,10xRSeq_Mult,HMBA_Human_Atlas+HMBA_Human_Atlas_M,ARC-RSEQ,1300206230,A8XR_230922_01_D01,R8XR-23101002,MTX-12011,10000,Nuclei,1061736705,L8XR_230928_01_E11,1879_A06,human,Homo Sapiens,1299457223,NYGC
NY-MX12011-3,10xRSeq_Mult,HMBA_Human_Atlas+HMBA_Human_Atlas_H,ARC-RSEQ,1300206232,A8XR_230922_01_E01,R8XR-23101002,MTX-12011,10000,Nuclei,1061736705,L8XR_230928_01_G12,1879_B06,human,Homo Sapiens,1299457222,NYGC
NY-MX12011-4,10xRSeq_Mult,BICAN_Dev_Atlas+BICAN_Dev_P14,ARC-RSEQ,1300206459,A8XR_230926_01_C01,R8XR-23101002,MTX-12011,10000,Nuclei,1061736705,L8XR_230928_01_B12,1883_A01,mouse,Mus musculus,1300196500,NYGC
NY-MX12011-5,10xRSeq_Mult,BICAN_Dev_Atlas+BICAN_Dev_P14,ARC-RSEQ,1300206462,A8XR_230926_01_D01,R8XR-23101002,MTX-12011,10000,Nuclei,1061736705,L8XR_230928_01_A11,1883_B01,mouse,Mus musculus,1300196501,NYGC
NY-MX12011-6,10xRSeq_Mult,BICAN_Dev_Atlas+BICAN_Dev_P14,ARC-RSEQ,1300206464,A8XR_230926_01_E01,R8XR-23101002,MTX-12011,10000,Nuclei,1061736705,L8XR_230928_01_C12,1883_C01,mouse,Mus musculus,1300019271,NYGC
NY-MX12011-7,10xRSeq_Mult,BICAN_Dev_Atlas+BICAN_Dev_P14,ARC-RSEQ,1300206466,A8XR_230926_01_F01,R8XR-23101002,MTX-12011,10000,Nuclei,1061736705,L8XR_230928_01_D12,1883_D01,mouse,Mus musculus,1300019272,NYGC
NY-MX12011-8,10xRSeq_Mult,HMBA_Human_Atlas+HMBA_Human_Atlas_M,ARC-RSEQ,1301763719,A8XR_231003_01_A01,R8XR-23101002,MTX-12011,10000,Nuclei,1061736705,L8XR_231005_01_H02,1887_A04,human,Homo Sapiens,1300196596,NYGC
NY-MX12011-9,10xRSeq_Mult,HMBA_Human_Atlas+HMBA_Human_Atlas_M,ARC-RSEQ,1301763721,A8XR_231003_01_B01,R8XR-23101002,MTX-12011,6559,Nuclei,1061736705,L8XR_231005_01_C02,1887_B04,human,Homo Sapiens,1300196595,NYGC
NY-MX12012-1,10xRSeq_Mult,HMBA_Human_Atlas+HMBA_Human_Atlas_H,ARC-RSEQ,1301763725,A8XR_231003_01_C01,R8XR-23101701,MTX-12012,10000,Nuclei,1061736705,L8XR_231005_01_A03,1892_A06,human,Homo Sapiens,1300510079,NYGC
NY-MX12012-10,10xRSeq_Mult,HMBA_Cross_Species,ARC-RSEQ,1303213327,A8XR_231010_01_F01,R8XR-23101701,MTX-12012,6055,Nuclei,1061736705,L8XR_231012_01_F04,1899_B05,opossum,Monodelphis domestica,1302746068,NYGC
NY-MX12012-2,10xRSeq_Mult,HMBA_Human_Atlas+HMBA_Human_Atlas_H,ARC-RSEQ,1301763727,A8XR_231003_01_D01,R8XR-23101701,MTX-12012,10000,Nuclei,1061736705,L8XR_231005_01_D02,1892_B06,human,Homo Sapiens,1300510078,NYGC
NY-MX12012-3,10xRSeq_Mult,HMBA_Human_Atlas+HMBA_Human_Atlas_H,ARC-RSEQ,1301764070,A8XR_231003_02_A01,R8XR-23101701,MTX-12012,10000,Nuclei,1061736705,L8XR_231005_01_B03,1895_A01,human,Homo Sapiens,1301040543,NYGC
NY-MX12012-4,10xRSeq_Mult,HMBA_Human_Atlas+HMBA_Human_Atlas_H,ARC-RSEQ,1301764072,A8XR_231003_02_B01,R8XR-23101701,MTX-12012,10000,Nuclei,1061736705,L8XR_231005_01_E02,1895_B01,human,Homo Sapiens,1301040542,NYGC
NY-MX12012-5,10xRSeq_Mult,HMBA_Human_Atlas+HMBA_Human_Atlas_H,ARC-RSEQ,1301763730,A8XR_231003_01_E01,R8XR-23101701,MTX-12012,10000,Nuclei,1061736705,L8XR_231005_01_C03,1903_A09,human,Homo Sapiens,1301625672,NYGC
NY-MX12012-6,10xRSeq_Mult,HMBA_Human_Atlas+HMBA_Human_Atlas_H,ARC-RSEQ,1301763732,A8XR_231003_01_F01,R8XR-23101701,MTX-12012,10000,Nuclei,1061736705,L8XR_231005_01_D03,1903.1_C09,human,Homo Sapiens,1301625670,NYGC
NY-MX12012-7,10xRSeq_Mult,HMBA_Human_Atlas+HMBA_Human_Atlas_H,ARC-RSEQ,1303213319,A8XR_231010_01_B01,R8XR-23101701,MTX-12012,10000,Nuclei,1061736705,L8XR_231012_01_D06,1896_A02,human,Homo Sapiens,1301412143,NYGC
NY-MX12012-8,10xRSeq_Mult,HMBA_Human_Atlas+HMBA_Human_Atlas_H,ARC-RSEQ,1303213321,A8XR_231010_01_C01,R8XR-23101701,MTX-12012,10000,Nuclei,1061736705,L8XR_231012_01_B05,1896_B02,human,Homo Sapiens,1301412142,NYGC
NY-MX12012-9,10xRSeq_Mult,HMBA_Cross_Species,ARC-RSEQ,1303213314,A8XR_231010_01_A01,R8XR-23101701,MTX-12012,2562,Nuclei,1061736705,L8XR_231012_01_A05,1899_A05,opossum,Monodelphis domestica,1302745408,NYGC
NY-MX12013-1,10xRSeq_Mult,BICAN_Dev_Atlas+BICAN_Dev_P14,ARC-RSEQ,1303213346,A8XR_231010_01_E02,R8XR-23101702,MTX-12013,10000,Nuclei,1061736705,L8XR_231012_01_H05,1901_A07,mouse,Mus musculus,1302002937,NYGC
NY-MX12013-2,10xRSeq_Mult,BICAN_Dev_Atlas+BICAN_Dev_P14,ARC-RSEQ,1303213348,A8XR_231010_01_F02,R8XR-23101702,MTX-12013,10000,Nuclei,1061736705,L8XR_231012_01_A06,1901_B07,mouse,Mus musculus,1302002938,NYGC
NY-MX12013-3,10xRSeq_Mult,BICAN_Dev_Atlas+BICAN_Dev_P14,ARC-RSEQ,1303213353,A8XR_231010_01_G02,R8XR-23101702,MTX-12013,10000,Nuclei,1061736705,L8XR_231012_01_A04,1901_C07,mouse,Mus musculus,1302002939,NYGC
NY-MX12013-4,10xRSeq_Mult,BICAN_Dev_Atlas+BICAN_Dev_P14,ARC-RSEQ,1303213356,A8XR_231010_01_H02,R8XR-23101702,MTX-12013,10000,Nuclei,1061736705,L8XR_231012_01_B04,1901_D07,mouse,Mus musculus,1302002940,NYGC
NY-MX12013-5,10xRSeq_Mult,BICAN_Dev_Atlas+BICAN_Dev_P14,ARC-RSEQ,1303213359,A8XR_231010_01_A03,R8XR-23101702,MTX-12013,10000,Nuclei,1061736705,L8XR_231012_01_B06,1901_E07,mouse,Mus musculus,1302516741,NYGC
NY-MX12013-6,10xRSeq_Mult,BICAN_Dev_Atlas+BICAN_Dev_P14,ARC-RSEQ,1303213361,A8XR_231010_01_B03,R8XR-23101702,MTX-12013,10000,Nuclei,1061736705,L8XR_231012_01_C06,1901_F07,mouse,Mus musculus,1302516742,NYGC
NY-MX12013-7,10xRSeq_Mult,BICAN_Dev_Atlas+BICAN_Dev_P14,ARC-RSEQ,1303213365,A8XR_231010_01_C03,R8XR-23101702,MTX-12013,10000,Nuclei,1061736705,L8XR_231012_01_C04,1901_G07,mouse,Mus musculus,1302516743,NYGC
NY-MX12013-8,10xRSeq_Mult,BICAN_Dev_Atlas+BICAN_Dev_P14,ARC-RSEQ,1303213368,A8XR_231010_01_D03,R8XR-23101702,MTX-12013,10000,Nuclei,1061736705,L8XR_231012_01_D04,1901_H07,mouse,Mus musculus,1302516744,NYGC
NY-MX12013-9,10xRSeq_Mult,HMBA_Human_Atlas+HMBA_Human_Atlas_H,ARC-RSEQ,1303213323,A8XR_231010_01_D01,R8XR-23101702,MTX-12013,10000,Nuclei,1061736705,L8XR_231012_01_E06,1904_B01,human,Homo Sapiens,1302517799,NYGC
NY-MX12014-1,10xRSeq_Mult,HMBA_Human_Atlas+HMBA_Human_Atlas_H,ARC-RSEQ,1303213325,A8XR_231010_01_E01,R8XR-23102404,MTX-12014,10000,Nuclei,1061736705,L8XR_231012_01_F06,1904.1_C01,human,Homo Sapiens,1302517798,NYGC
NY-MX12014-2,10xRSeq_Mult,HMBA_Human_Atlas+HMBA_Human_Atlas_H,ARC-RSEQ,1305187011,A8XR_231017_01_A01,R8XR-23102404,MTX-12014,10000,Nuclei,1061736705,L8XR_231019_01_E08,1909_B03,human,Homo Sapiens,1303197949,NYGC
NY-MX12014-3,10xRSeq_Mult,HMBA_Human_Atlas+HMBA_Human_Atlas_H,ARC-RSEQ,1305187013,A8XR_231017_01_B01,R8XR-23102404,MTX-12014,6770,Nuclei,1061736705,L8XR_231019_01_G09,1909_C03,human,Homo Sapiens,1305169046,NYGC
NY-MX12014-4,10xRSeq_Mult,HMBA_Human_Atlas+HMBA_Human_Atlas_H,ARC-RSEQ,1305187015,A8XR_231017_01_C01,R8XR-23102404,MTX-12014,10000,Nuclei,1061736705,L8XR_231019_01_H09,1909_D03,human,Homo Sapiens,1305169045,NYGC
NY-MX12014-5,10xRSeq_Mult,HMBA_Human_Atlas+HMBA_Human_Atlas_H,ARC-RSEQ,1305187018,A8XR_231017_01_D01,R8XR-23102404,MTX-12014,10000,Nuclei,1061736705,L8XR_231019_01_D08,1909.1_E03,human,Homo Sapiens,1303197946,NYGC
NY-MX12014-6,10xRSeq_Mult,HMBA_Cross_Species,ARC-RSEQ,1305187027,A8XR_231017_01_H01,R8XR-23102404,MTX-12014,10000,Nuclei,1061736705,L8XR_231019_01_C10,1910_A04,chimp,Pan troglodytes,1304121636,NYGC
NY-MX12014-7,10xRSeq_Mult,HMBA_Cross_Species,ARC-RSEQ,1305187030,A8XR_231017_01_A02,R8XR-23102404,MTX-12014,10000,Nuclei,1061736705,L8XR_231019_01_D10,1910_B04,chimp,Pan troglodytes,1304122012,NYGC
NY-MX12014-8,10xRSeq_Mult,BICAN_Dev_Atlas+BICAN_Dev_P14,ARC-RSEQ,1305187060,A8XR_231017_01_F03,R8XR-23102404,MTX-12014,10000,Nuclei,1061736705,L8XR_231019_01_D09,1916_A06,mouse,Mus musculus,1304882228,NYGC
NY-MX12014-9,10xRSeq_Mult,BICAN_Dev_Atlas+BICAN_Dev_P14,ARC-RSEQ,1305187063,A8XR_231017_01_G03,R8XR-23102404,MTX-12014,10000,Nuclei,1061736705,L8XR_231019_01_E09,1916_B06,mouse,Mus musculus,1304882229,NYGC
NY-MX12015-1,10xRSeq_Mult,BICAN_Dev_Atlas+BICAN_Dev_P14,ARC-RSEQ,1305187065,A8XR_231017_01_H03,R8XR-23102405,MTX-12015,10000,Nuclei,1061736705,L8XR_231019_01_C11,1916_C06,mouse,Mus musculus,1304882230,NYGC
NY-MX12015-2,10xRSeq_Mult,BICAN_Dev_Atlas+BICAN_Dev_P14,ARC-RSEQ,1305187067,A8XR_231017_01_A04,R8XR-23102405,MTX-12015,10000,Nuclei,1061736705,L8XR_231019_01_D11,1916_D06,mouse,Mus musculus,1304882231,NYGC
NY-MX12015-3,10xRSeq_Mult,BICAN_Dev_Atlas+BICAN_Dev_P14,ARC-RSEQ,1305187069,A8XR_231017_01_B04,R8XR-23102405,MTX-12015,10000,Nuclei,1061736705,L8XR_231019_01_E11,1916_E06,mouse,Mus musculus,1305045883,NYGC
NY-MX12015-4,10xRSeq_Mult,BICAN_Dev_Atlas+BICAN_Dev_P14,ARC-RSEQ,1305187072,A8XR_231017_01_C04,R8XR-23102405,MTX-12015,10000,Nuclei,1061736705,L8XR_231019_01_F11,1916_F06,mouse,Mus musculus,1305045884,NYGC
NY-MX12015-5,10xRSeq_Mult,BICAN_Dev_Atlas+BICAN_Dev_P14,ARC-RSEQ,1305187074,A8XR_231017_01_D04,R8XR-23102405,MTX-12015,9409,Nuclei,1061736705,L8XR_231019_01_G11,1916_G06,mouse,Mus musculus,1305045885,NYGC
NY-MX12015-6,10xRSeq_Mult,BICAN_Dev_Atlas+BICAN_Dev_P14,ARC-RSEQ,1305187077,A8XR_231017_01_E04,R8XR-23102405,MTX-12015,9409,Nuclei,1061736705,L8XR_231019_01_F09,1916_H06,mouse,Mus musculus,1305045886,NYGC
NY-MX12015-7,10xRSeq_Mult,HMBA_Cross_Species,ARC-RSEQ,1305187032,A8XR_231017_01_B02,R8XR-23102405,MTX-12015,10000,Nuclei,1061736705,L8XR_231019_01_E10,1917_A07,chimp,Pan troglodytes,1304123192,NYGC
NY-MX12015-8,10xRSeq_Mult,HMBA_Cross_Species,ARC-RSEQ,1305187034,A8XR_231017_01_C02,R8XR-23102405,MTX-12015,7686,Nuclei,1061736705,L8XR_231019_01_H11,1917_B07,chimp,Pan troglodytes,1304124803,NYGC
NY-MX12015-9,10xRSeq_Mult,HMBA_Human_Atlas+HMBA_Human_Atlas_H,ARC-RSEQ,1305187021,A8XR_231017_01_E01,R8XR-23102405,MTX-12015,10000,Nuclei,1061736705,L8XR_231019_01_A10,1918_A01,human,Homo Sapiens,1304353481,NYGC
NY-MX12016-1,10xRSeq_Mult,HMBA_Human_Atlas+HMBA_Human_Atlas_H,ARC-RSEQ,1305187023,A8XR_231017_01_F01,R8XR-23103104,MTX-12016,10000,Nuclei,1061736705,L8XR_231019_01_B10,1918_B01,human,Homo Sapiens,1304353480,NYGC
NY-MX12016-2,10xRSeq_Mult,HMBA_Human_Atlas+HMBA_Human_Atlas_H,ARC-RSEQ,1305187025,A8XR_231017_01_G01,R8XR-23103104,MTX-12016,10000,Nuclei,1061736705,L8XR_231019_01_F08,1918_C01,human,Homo Sapiens,1304353479,NYGC
NY-MX12016-3,10xRSeq_Mult,BICAN_Dev_Atlas+BICAN_Dev_P14,ARC-RSEQ,1306627234,A8XR_231023_01_C02,R8XR-23103104,MTX-12016,10000,Nuclei,1061736705,L8XR_231026_02_B01,1919_A02,mouse,Mus musculus,1304388134,NYGC
NY-MX12016-4,10xRSeq_Mult,BICAN_Dev_Atlas+BICAN_Dev_P14,ARC-RSEQ,1306627238,A8XR_231023_01_D02,R8XR-23103104,MTX-12016,10000,Nuclei,1061736705,L8XR_231026_02_C01,1919_B02,mouse,Mus musculus,1304388136,NYGC
NY-MX12016-5,10xRSeq_Mult,BICAN_Dev_Atlas+BICAN_Dev_P14,ARC-RSEQ,1306627240,A8XR_231023_01_E02,R8XR-23103104,MTX-12016,10000,Nuclei,1061736705,L8XR_231026_02_D01,1919_C02,mouse,Mus musculus,1304388138,NYGC
NY-MX12016-6,10xRSeq_Mult,BICAN_Dev_Atlas+BICAN_Dev_P14,ARC-RSEQ,1306627246,A8XR_231023_01_F02,R8XR-23103104,MTX-12016,10000,Nuclei,1061736705,L8XR_231026_05_H05,1919_D02,mouse,Mus musculus,1304388139,NYGC
NY-MX12016-7,10xRSeq_Mult,BICAN_Dev_Atlas+BICAN_Dev_P14,ARC-RSEQ,1306627252,A8XR_231023_01_G02,R8XR-23103104,MTX-12016,10000,Nuclei,1061736705,L8XR_231026_05_H04,1919_E02,mouse,Mus musculus,1305999685,NYGC
NY-MX12016-8,10xRSeq_Mult,BICAN_Dev_Atlas+BICAN_Dev_P14,ARC-RSEQ,1306627254,A8XR_231023_01_H02,R8XR-23103104,MTX-12016,10000,Nuclei,1061736705,L8XR_231026_02_E01,1919_F02,mouse,Mus musculus,1305999686,NYGC
NY-MX12016-9,10xRSeq_Mult,BICAN_Dev_Atlas+BICAN_Dev_P14,ARC-RSEQ,1306627256,A8XR_231023_01_A03,R8XR-23103104,MTX-12016,10000,Nuclei,1061736705,L8XR_231026_05_A06,1919_G02,mouse,Mus musculus,1305999687,NYGC
NY-MX12017-1,10xRSeq_Mult,BICAN_Dev_Atlas+BICAN_Dev_P14,ARC-RSEQ,1306627261,A8XR_231023_01_B03,R8XR-23103105,MTX-12017,10000,Nuclei,1061736705,L8XR_231026_02_F01,1919_H02,mouse,Mus musculus,1305999688,NYGC
NY-MX12017-2,10xRSeq_Mult,HMBA_Human_Atlas+HMBA_Human_Atlas_H,ARC-RSEQ,1306627213,A8XR_231023_01_B01,R8XR-23103105,MTX-12017,10000,Nuclei,1061736705,L8XR_231026_02_E12,1920_A03,human,Homo Sapiens,1304888420,NYGC
NY-MX12017-3,10xRSeq_Mult,HMBA_Human_Atlas+HMBA_Human_Atlas_H,ARC-RSEQ,1306627230,A8XR_231023_01_A02,R8XR-23103105,MTX-12017,10000,Nuclei,1061736705,L8XR_231026_05_G04,1920_B03,human,Homo Sapiens,1304888419,NYGC
NY-MX12017-4,10xRSeq_Mult,HMBA_Human_Atlas+HMBA_Human_Atlas_H,ARC-RSEQ,1306627215,A8XR_231023_01_C01,R8XR-23103105,MTX-12017,10000,Nuclei,1061736705,L8XR_231026_02_F12,1920_C03,human,Homo Sapiens,1304888444,NYGC
NY-MX12017-5,10xRSeq_Mult,HMBA_Human_Atlas+HMBA_Human_Atlas_H,ARC-RSEQ,1306627217,A8XR_231023_01_D01,R8XR-23103105,MTX-12017,10000,Nuclei,1061736705,L8XR_231026_02_G12,1921_A04,human,Homo Sapiens,1306172973,NYGC
NY-MX12017-6,10xRSeq_Mult,HMBA_Human_Atlas+HMBA_Human_Atlas_H,ARC-RSEQ,1306627220,A8XR_231023_01_E01,R8XR-23103105,MTX-12017,10000,Nuclei,1061736705,L8XR_231026_02_H12,1921_B04,human,Homo Sapiens,1306172972,NYGC
NY-MX12017-7,10xRSeq_Mult,BICAN_Dev_Atlas+BICAN_Dev_P14,ARC-RSEQ,1306627275,A8XR_231023_01_H03,R8XR-23103105,MTX-12017,10000,Nuclei,1061736705,L8XR_231026_05_B05,1923_C06,mouse,Mus musculus,1306200300,NYGC
NY-MX12017-8,10xRSeq_Mult,BICAN_Dev_Atlas+BICAN_Dev_P14,ARC-RSEQ,1306627277,A8XR_231023_01_A04,R8XR-23103105,MTX-12017,10000,Nuclei,1061736705,L8XR_231026_02_H01,1923_D06,mouse,Mus musculus,1306200302,NYGC
NY-MX12017-9,10xRSeq_Mult,BICAN_Dev_Atlas+BICAN_Dev_P14,ARC-RSEQ,1306627279,A8XR_231023_01_B04,R8XR-23103105,MTX-12017,10000,Nuclei,1061736705,L8XR_231026_02_A02,1923_E06,mouse,Mus musculus,1306201709,NYGC
NY-MX12018-1,10xRSeq_Mult,BICAN_Dev_Atlas+BICAN_Dev_P14,ARC-RSEQ,1306627282,A8XR_231023_01_C04,R8XR-23103106,MTX-12018,10000,Nuclei,1061736705,L8XR_231026_02_B02,1923_F06,mouse,Mus musculus,1306201710,NYGC
NY-MX12018-2,10xRSeq_Mult,BICAN_Dev_Atlas+BICAN_Dev_P14,ARC-RSEQ,1306627286,A8XR_231023_01_D04,R8XR-23103106,MTX-12018,10000,Nuclei,1061736705,L8XR_231026_05_C05,1925_A07,mouse,Mus musculus,1305681046,NYGC
NY-MX12018-3,10xRSeq_Mult,BICAN_Dev_Atlas+BICAN_Dev_P14,ARC-RSEQ,1306627288,A8XR_231023_01_E04,R8XR-23103106,MTX-12018,10000,Nuclei,1061736705,L8XR_231026_05_F04,1925_B07,mouse,Mus musculus,1305681047,NYGC
NY-MX12018-4,10xRSeq_Mult,BICAN_Dev_Atlas+BICAN_Dev_P14,ARC-RSEQ,1306627292,A8XR_231023_01_F04,R8XR-23103106,MTX-12018,10000,Nuclei,1061736705,L8XR_231026_02_C02,1925_C07,mouse,Mus musculus,1305681048,NYGC
NY-MX12018-5,10xRSeq_Mult,BICAN_Dev_Atlas+BICAN_Dev_P14,ARC-RSEQ,1306627297,A8XR_231023_01_G04,R8XR-23103106,MTX-12018,10000,Nuclei,1061736705,L8XR_231026_05_D05,1925_D07,mouse,Mus musculus,1305681049,NYGC
NY-MX12018-6,10xRSeq_Mult,HMBA_Human_Atlas+HMBA_Human_Atlas_H,ARC-RSEQ,1306627223,A8XR_231023_01_F01,R8XR-23103106,MTX-12018,9378,Nuclei,1061736705,L8XR_231026_05_C06,1926_A08,human,Homo Sapiens,1304895666,NYGC
NY-MX12018-7,10xRSeq_Mult,HMBA_Human_Atlas+HMBA_Human_Atlas_H,ARC-RSEQ,1306627225,A8XR_231023_01_G01,R8XR-23103106,MTX-12018,10000,Nuclei,1061736705,L8XR_231026_05_F05,1926_B08,human,Homo Sapiens,1304895665,NYGC
NY-MX12018-8,10xRSeq_Mult,HMBA_Human_Atlas+HMBA_Human_Atlas_H,ARC-RSEQ,1306627227,A8XR_231023_01_H01,R8XR-23103106,MTX-12018,10000,Nuclei,1061736705,L8XR_231026_05_G05,1926_C08,human,Homo Sapiens,1304895664,NYGC
NY-MX12018-9,10xRSeq_Mult,HMBA_Human_Atlas+HMBA_Human_Atlas_H,ARC-RSEQ,1306838326,A8XR_231024_02_D01,R8XR-23103106,MTX-12018,10000,Nuclei,1061736705,L8XR_231026_05_B06,1932_A01,human,Homo Sapiens,1306198501,NYGC
NY-MX12019-1,10xRSeq_Mult,HMBA_Human_Atlas+HMBA_Human_Atlas_H,ARC-RSEQ,1308442810,A8XR_231031_01_G01,R8XR-23110702,MTX-12019,10000,Nuclei,1061736705,L8XR_231102_01_F08,1932_B01,human,Homo Sapiens,1306198500,NYGC
NY-MX12019-2,10xRSeq_Mult,HMBA_Human_Atlas+HMBA_Human_Atlas_H,ARC-RSEQ,1306838330,A8XR_231024_02_F01,R8XR-23110702,MTX-12019,10000,Nuclei,1061736705,L8XR_231026_05_D06,1932_C01,human,Homo Sapiens,1306198499,NYGC
NY-MX12019-3,10xRSeq_Mult,BICAN_Dev_Atlas+BICAN_Dev_P14,ARC-RSEQ,1308442817,A8XR_231031_01_B02,R8XR-23110702,MTX-12019,10000,Nuclei,1061736705,L8XR_231102_01_D07,1933_A02,mouse,Mus musculus,1306535641,NYGC
NY-MX12019-4,10xRSeq_Mult,BICAN_Dev_Atlas+BICAN_Dev_P14,ARC-RSEQ,1308442820,A8XR_231031_01_C02,R8XR-23110702,MTX-12019,10000,Nuclei,1061736705,L8XR_231102_01_E07,1933_B02,mouse,Mus musculus,1306535642,NYGC
NY-MX12019-5,10xRSeq_Mult,BICAN_Dev_Atlas+BICAN_Dev_P14,ARC-RSEQ,1308442822,A8XR_231031_01_D02,R8XR-23110702,MTX-12019,10000,Nuclei,1061736705,L8XR_231102_01_F07,1933_C02,mouse,Mus musculus,1306535643,NYGC
NY-MX12019-6,10xRSeq_Mult,BICAN_Dev_Atlas+BICAN_Dev_P14,ARC-RSEQ,1308442824,A8XR_231031_01_E02,R8XR-23110702,MTX-12019,10000,Nuclei,1061736705,L8XR_231102_01_G07,1933_D02,mouse,Mus musculus,1306535644,NYGC
NY-MX12019-7,10xRSeq_Mult,BICAN_Dev_Atlas+BICAN_Dev_P14,ARC-RSEQ,1308442826,A8XR_231031_01_F02,R8XR-23110702,MTX-12019,10000,Nuclei,1061736705,L8XR_231102_01_H06,1933_E02,mouse,Mus musculus,1306576988,NYGC
NY-MX12019-8,10xRSeq_Mult,HMBA_Human_Atlas+HMBA_Human_Atlas_H,ARC-RSEQ,1308442796,A8XR_231031_01_A01,R8XR-23110702,MTX-12019,10000,Nuclei,1061736705,L8XR_231102_01_B07,1935_A04,human,Homo Sapiens,1307577348,NYGC
NY-MX12019-9,10xRSeq_Mult,BICAN_Dev_Atlas+P0_Pilot,ARC-RSEQ,1263232280,A8XR_230404_01_G01,R8XR-23110702,MTX-12019,10000,Nuclei,1061736705,L8XR_230406_22_E06,1666_C04,mouse,Mus musculus,1260046185,NYGC
NY-MX12020-1,10xRSeq_Mult,HMBA_Human_Atlas+HMBA_Human_Atlas_H,ARC-RSEQ,1308442799,A8XR_231031_01_B01,R8XR-23111405,MTX-12020,10000,Nuclei,1061736705,L8XR_231102_01_B08,1935_B04,human,Homo Sapiens,1307577347,NYGC
NY-MX12020-2,10xRSeq_Mult,HMBA_Human_Atlas+HMBA_Human_Atlas_H,ARC-RSEQ,1308442801,A8XR_231031_01_C01,R8XR-23111405,MTX-12020,10000,Nuclei,1061736705,L8XR_231102_01_B09,1935_C04,human,Homo Sapiens,1307577346,NYGC
NY-MX12020-3,10xRSeq_Mult,HMBA_Human_Atlas+HMBA_Human_Atlas_H,ARC-RSEQ,1308442803,A8XR_231031_01_D01,R8XR-23111405,MTX-12020,10000,Nuclei,1061736705,L8XR_231102_01_C08,1939_A01,human,Homo Sapiens,1307733751,NYGC
NY-MX12020-4,10xRSeq_Mult,HMBA_Human_Atlas+HMBA_Human_Atlas_H,ARC-RSEQ,1308442805,A8XR_231031_01_E01,R8XR-23111405,MTX-12020,10000,Nuclei,1061736705,L8XR_231102_01_D08,1939_B01,human,Homo Sapiens,1307733750,NYGC
NY-MX12020-5,10xRSeq_Mult,HMBA_Human_Atlas+HMBA_Human_Atlas_H,ARC-RSEQ,1308442808,A8XR_231031_01_F01,R8XR-23111405,MTX-12020,10000,Nuclei,1061736705,L8XR_231102_01_E08,1939_C01,human,Homo Sapiens,1307733749,NYGC
NY-MX12020-6,10xRSeq_Mult,HMBA_Human_Atlas+HMBA_Human_Atlas_H,ARC-RSEQ,1309857830,A8XR_231107_01_B01,R8XR-23111405,MTX-12020,10000,Nuclei,1061736705,L8XR_231109_22_G11,1941_A03,human,Homo Sapiens,1308195334,NYGC
NY-MX12020-7,10xRSeq_Mult,HMBA_Human_Atlas+HMBA_Human_Atlas_H,ARC-RSEQ,1309857833,A8XR_231107_01_C01,R8XR-23111405,MTX-12020,10000,Nuclei,1061736705,L8XR_231109_22_C12,1941_B03,human,Homo Sapiens,1308195333,NYGC
NY-MX12020-8,10xRSeq_Mult,HMBA_Human_Atlas+HMBA_Human_Atlas_H,ARC-RSEQ,1309857837,A8XR_231107_01_D01,R8XR-23111405,MTX-12020,10000,Nuclei,1061736705,L8XR_231109_22_D12,1941_C03,human,Homo Sapiens,1308195332,NYGC
NY-MX12020-9,10xRSeq_Mult,HMBA_Human_Atlas+HMBA_Human_Atlas_H,ARC-RSEQ,1309857839,A8XR_231107_01_E01,R8XR-23111405,MTX-12020,10000,Nuclei,1061736705,L8XR_231109_22_E12,1951_A02,human,Homo Sapiens,1309452994,NYGC
NY-MX12021-1,10xRSeq_Mult,HMBA_Human_Atlas+HMBA_Human_Atlas_H,ARC-RSEQ,1309857841,A8XR_231107_01_F01,R8XR-23112801,MTX-12021,10000,Nuclei,1061736705,L8XR_231109_22_H12,1951_B02,human,Homo Sapiens,1309452993,NYGC
NY-MX12021-2,10xRSeq_Mult,HMBA_Human_Atlas+HMBA_Human_Atlas_H,ARC-RSEQ,1309857843,A8XR_231107_01_G01,R8XR-23112801,MTX-12021,10000,Nuclei,1061736705,L8XR_231109_22_F12,1951_C02,human,Homo Sapiens,1309452992,NYGC
NY-MX12021-3,10xRSeq_Mult,HMBA_Cross_Species,ARC-RSEQ,1309858064,A8XR_231107_02_B01,R8XR-23112801,MTX-12021,10000,Nuclei,1061736705,L8XR_231109_01_F02,1948_B07,chimp,Pan troglodytes,1309516803,NYGC
NY-MX12021-4,10xRSeq_Mult,HMBA_Cross_Species,ARC-RSEQ,1309858067,A8XR_231107_02_C01,R8XR-23112801,MTX-12021,10000,Nuclei,1061736705,L8XR_231109_01_D03,1948.1_C07,rat,Rattus norvegicus,1309515969,NYGC
NY-MX12021-5,10xRSeq_Mult,HMBA_Human_Atlas+HMBA_Human_Atlas_H,ARC-RSEQ,1311841315,A8XR_231114_01_A01,R8XR-23112801,MTX-12021,10000,Nuclei,1061736705,L8XR_231116_02_G08,1955_A06,human,Homo Sapiens,1310847212,NYGC
NY-MX12021-6,10xRSeq_Mult,BG_paper_Human+HMBA_Human_Atlas+HMBA_Human_Atlas_BN_BF,ARC-RSEQ,1311841332,A8XR_231114_01_H01,R8XR-23112801,MTX-12021,10000,Nuclei,1061736705,L8XR_231116_01_E07,1955_B06,human,Homo Sapiens,1310847211,NYGC
NY-MX12021-7,10xRSeq_Mult,BG_paper_Human+HMBA_Human_Atlas+HMBA_Human_Atlas_BN_BF,ARC-RSEQ,1311841334,A8XR_231114_01_A02,R8XR-23112801,MTX-12021,10000,Nuclei,1061736705,L8XR_231116_02_E08,1955_C06,human,Homo Sapiens,1310847210,NYGC
NY-MX12021-8,10xRSeq_Mult,HMBA_Human_Atlas+HMBA_Human_Atlas_H,ARC-RSEQ,1311841317,A8XR_231114_01_B01,R8XR-23112801,MTX-12021,10000,Nuclei,1061736705,L8XR_231116_01_F07,1956_A07,human,Homo Sapiens,1310672622,NYGC
NY-MX12021-9,10xRSeq_Mult,HMBA_Human_Atlas+HMBA_Human_Atlas_H,ARC-RSEQ,1311841319,A8XR_231114_01_C01,R8XR-23112801,MTX-12021,10000,Nuclei,1061736705,L8XR_231116_02_H08,1956_B07,human,Homo Sapiens,1310672621,NYGC
NY-MX12022-1,10xRSeq_Mult,HMBA_Human_Atlas+HMBA_Human_Atlas_H,ARC-RSEQ,1311841322,A8XR_231114_01_D01,R8XR-23120502,MTX-12022,10000,Nuclei,1061736705,L8XR_231116_01_C07,1956_C07,human,Homo Sapiens,1310672620,NYGC
NY-MX12022-2,10xRSeq_Mult,BG_paper_Human+HMBA_Human_Atlas+HMBA_Human_Atlas_BN_BF,ARC-RSEQ,1311841324,A8XR_231114_01_E01,R8XR-23120502,MTX-12022,10000,Nuclei,1061736705,L8XR_231116_01_D07,1959_A02,human,Homo Sapiens,1311440069,NYGC
NY-MX12022-3,10xRSeq_Mult,BG_paper_Human+HMBA_Human_Atlas+HMBA_Human_Atlas_BN_BF,ARC-RSEQ,1311841326,A8XR_231114_01_F01,R8XR-23120502,MTX-12022,10000,Nuclei,1061736705,L8XR_231116_02_A09,1959_B02,human,Homo Sapiens,1311440070,NYGC
NY-MX12022-4,10xRSeq_Mult,BG_paper_Human+HMBA_Human_Atlas+HMBA_Human_Atlas_BN_BF,ARC-RSEQ,1311841329,A8XR_231114_01_G01,R8XR-23120502,MTX-12022,10000,Nuclei,1061736705,L8XR_231116_02_B09,1959_C02,human,Homo Sapiens,1311440071,NYGC
NY-MX12022-5,10xRSeq_Mult,HMBA_Human_Atlas+HMBA_Human_Atlas_H,ARC-RSEQ,1314535209,A8XR_231117_01_B01,R8XR-23120502,MTX-12022,10000,Nuclei,1061736705,L8XR_231130_21_H05,1960_A03,human,Homo Sapiens,1312607837,NYGC
NY-MX12022-6,10xRSeq_Mult,HMBA_Human_Atlas+HMBA_Human_Atlas_H,ARC-RSEQ,1314535211,A8XR_231117_01_C01,R8XR-23120502,MTX-12022,10000,Nuclei,1061736705,L8XR_231130_21_A06,1960_B03,human,Homo Sapiens,1312607836,NYGC
NY-MX12022-7,10xRSeq_Mult,HMBA_Human_Atlas+HMBA_Human_Atlas_H,ARC-RSEQ,1314535214,A8XR_231117_01_D01,R8XR-23120502,MTX-12022,10000,Nuclei,1061736705,L8XR_231130_21_D06,1960_C03,human,Homo Sapiens,1312607835,NYGC
NY-MX12022-8,10xRSeq_Mult,HMBA_Human_Atlas+HMBA_Human_Atlas_H,ARC-RSEQ,1314535216,A8XR_231117_01_E01,R8XR-23120502,MTX-12022,10000,Nuclei,1061736705,L8XR_231130_21_E06,1962_A05,human,Homo Sapiens,1312797519,NYGC
NY-MX12022-9,10xRSeq_Mult,HMBA_Human_Atlas+HMBA_Human_Atlas_H,ARC-RSEQ,1314535207,A8XR_231117_01_A01,R8XR-23120502,MTX-12022,10000,Nuclei,1061736705,L8XR_231130_21_G05,1962_B05,human,Homo Sapiens,1312797518,NYGC
NY-MX12023-1,10xRSeq_Mult,HMBA_Human_Atlas+HMBA_Human_Atlas_H,ARC-RSEQ,1314535219,A8XR_231117_01_F01,R8XR-23121202,MTX-12023,10000,Nuclei,1061736705,L8XR_231130_21_B06,1962_C05,human,Homo Sapiens,1312797517,NYGC
NY-MX12023-2,10xRSeq_Mult,HMBA_Human_Atlas+HMBA_Human_Atlas_H,ARC-RSEQ,1314536002,A8XR_231128_01_F04,R8XR-23121202,MTX-12023,10000,Nuclei,1061736705,L8XR_231130_01_H11,1969_A02,human,Homo Sapiens,1312805268,NYGC
NY-MX12023-3,10xRSeq_Mult,HMBA_Human_Atlas+HMBA_Human_Atlas_H,ARC-RSEQ,1314535993,A8XR_231128_01_B04,R8XR-23121202,MTX-12023,10000,Nuclei,1061736705,L8XR_231130_01_D12,1969_B02,human,Homo Sapiens,1312805267,NYGC
NY-MX12023-4,10xRSeq_Mult,HMBA_Human_Atlas+HMBA_Human_Atlas_H,ARC-RSEQ,1314536005,A8XR_231128_01_G04,R8XR-23121202,MTX-12023,10000,Nuclei,1061736705,L8XR_231130_01_C12,1969_C02,human,Homo Sapiens,1312805266,NYGC
NY-MX12023-5,10xRSeq_Mult,HMBA_Human_Atlas+HMBA_Human_Atlas_H,ARC-RSEQ,1314535995,A8XR_231128_01_C04,R8XR-23121202,MTX-12023,10000,Nuclei,1061736705,L8XR_231130_21_F05,1973_A02,human,Homo Sapiens,1313947646,NYGC
NY-MX12023-6,10xRSeq_Mult,HMBA_Human_Atlas+HMBA_Human_Atlas_H,ARC-RSEQ,1314535997,A8XR_231128_01_D04,R8XR-23121202,MTX-12023,10000,Nuclei,1061736705,L8XR_231130_21_D05,1973_B02,human,Homo Sapiens,1313947645,NYGC
NY-MX12023-7,10xRSeq_Mult,HMBA_Human_Atlas+HMBA_Human_Atlas_H,ARC-RSEQ,1314536000,A8XR_231128_01_E04,R8XR-23121202,MTX-12023,10000,Nuclei,1061736705,L8XR_231130_01_G11,1973_C02,human,Homo Sapiens,1313947644,NYGC
NY-MX12023-8,10xRSeq_Mult,BICAN_Dev_Atlas+BICAN_Dev_P14,ARC-RSEQ,1316210189,A8XR_231205_01_E02,R8XR-23121202,MTX-12023,10000,Nuclei,1061736705,L8XR_231207_01_F07,1979_E07,mouse,Mus musculus,1314672796,NYGC
NY-MX12023-9,10xRSeq_Mult,HMBA_Human_Atlas+HMBA_Human_Atlas_H,ARC-RSEQ,1316210174,A8XR_231205_01_G01,R8XR-23121202,MTX-12023,10000,Nuclei,1061736705,L8XR_231207_01_G08,1980_A08,human,Homo Sapiens,1315957175,NYGC
NY-MX12024-1,10xRSeq_Mult,HMBA_Human_Atlas+HMBA_Human_Atlas_H,ARC-RSEQ,1316210176,A8XR_231205_01_H01,R8XR-23121902,MTX-12024,10000,Nuclei,1061736705,L8XR_231207_01_H08,1980_B08,human,Homo Sapiens,1315957174,NYGC
NY-MX12024-2,10xRSeq_Mult,HMBA_Human_Atlas+HMBA_Human_Atlas_H,ARC-RSEQ,1316210179,A8XR_231205_01_A02,R8XR-23121902,MTX-12024,10000,Nuclei,1061736705,L8XR_231207_01_B07,1980_C08,human,Homo Sapiens,1315957173,NYGC
NY-MX12024-3,10xRSeq_Mult,HMBA_Human_Atlas+HMBA_Human_Atlas_H,ARC-RSEQ,1316210161,A8XR_231205_01_B01,R8XR-23121902,MTX-12024,10000,Nuclei,1061736705,L8XR_231207_01_C08,1984_A02,human,Homo Sapiens,1315747041,NYGC
NY-MX12024-4,10xRSeq_Mult,HMBA_Human_Atlas+HMBA_Human_Atlas_H,ARC-RSEQ,1316210163,A8XR_231205_01_C01,R8XR-23121902,MTX-12024,10000,Nuclei,1061736705,L8XR_231207_01_D08,1984_B02,human,Homo Sapiens,1315747040,NYGC
NY-MX12024-5,10xRSeq_Mult,HMBA_Human_Atlas+HMBA_Human_Atlas_H,ARC-RSEQ,1316210159,A8XR_231205_01_A01,R8XR-23121902,MTX-12024,4565,Nuclei,1061736705,L8XR_231207_01_A07,1984_E02,human,Homo Sapiens,1315958932,NYGC
NY-MX12024-6,10xRSeq_Mult,HMBA_Human_Atlas+HMBA_Human_Atlas_H,ARC-RSEQ,1316210167,A8XR_231205_01_D01,R8XR-23121902,MTX-12024,10000,Nuclei,1061736705,L8XR_231207_01_E08,1984_F02,human,Homo Sapiens,1315958931,NYGC
NY-MX12024-7,10xRSeq_Mult,HMBA_Human_Atlas+HMBA_Human_Atlas_H,ARC-RSEQ,1316210169,A8XR_231205_01_E01,R8XR-23121902,MTX-12024,10000,Nuclei,1061736705,L8XR_231207_01_H06,1984.1_G02,human,Homo Sapiens,1315747035,NYGC
NY-MX12024-8,10xRSeq_Mult,HMBA_Human_Atlas+HMBA_Human_Atlas_H,ARC-RSEQ,1316210171,A8XR_231205_01_F01,R8XR-23121902,MTX-12024,10000,Nuclei,1061736705,L8XR_231207_01_F08,1984.1_H02,human,Homo Sapiens,1315958929,NYGC
NY-MX12024-9,10xRSeq_Mult,HMBA_Human_Atlas+HMBA_Human_Atlas_H,ARC-RSEQ,1317853836,A8XR_231212_01_A01,R8XR-23121902,MTX-12024,10000,Nuclei,1061736705,L8XR_231214_01_D11,1986_A04,human,Homo Sapiens,1316195823,NYGC
NY-MX12025-1,10xRSeq_Mult,HMBA_Human_Atlas+HMBA_Human_Atlas_H,ARC-RSEQ,1317853838,A8XR_231212_01_B01,R8XR-23121903,MTX-12025,10000,Nuclei,1061736705,L8XR_231214_01_E11,1986_B04,human,Homo Sapiens,1316195822,NYGC
NY-MX12025-2,10xRSeq_Mult,HMBA_Human_Atlas+HMBA_Human_Atlas_H,ARC-RSEQ,1317853840,A8XR_231212_01_C01,R8XR-23121903,MTX-12025,10000,Nuclei,1061736705,L8XR_231214_01_F11,1986_C04,human,Homo Sapiens,1316195821,NYGC
NY-MX12025-3,10xRSeq_Mult,HMBA_Human_Atlas+HMBA_Human_Atlas_H,ARC-RSEQ,1317853617,A8XR_231208_01_C01,R8XR-23121903,MTX-12025,10000,Nuclei,1061736705,L8XR_231214_01_B11,1988_A06,human,Homo Sapiens,1317696786,NYGC
NY-MX12025-4,10xRSeq_Mult,HMBA_Human_Atlas+HMBA_Human_Atlas_H,ARC-RSEQ,1317853621,A8XR_231208_01_E01,R8XR-23121903,MTX-12025,10000,Nuclei,1061736705,L8XR_231214_01_G10,1988_B06,human,Homo Sapiens,1317696785,NYGC
NY-MX12025-5,10xRSeq_Mult,HMBA_Human_Atlas+HMBA_Human_Atlas_H,ARC-RSEQ,1317853624,A8XR_231208_01_F01,R8XR-23121903,MTX-12025,10000,Nuclei,1061736705,L8XR_231214_01_C11,1988_C06,human,Homo Sapiens,1317696784,NYGC
NY-MX12025-6,10xRSeq_Mult,HMBA_Human_Atlas+HMBA_Human_Atlas_H,ARC-RSEQ,1317853766,A8XR_231212_02_A01,R8XR-23121903,MTX-12025,10000,Nuclei,1061736705,L8XR_231214_03_F10,1990_A08,human,Homo Sapiens,1317468389,NYGC
NY-MX12025-7,10xRSeq_Mult,HMBA_Human_Atlas+HMBA_Human_Atlas_H,ARC-RSEQ,1317853776,A8XR_231212_02_F01,R8XR-23121903,MTX-12025,10000,Nuclei,1061736705,L8XR_231214_03_E10,1990_B08,human,Homo Sapiens,1317468388,NYGC
NY-MX12025-8,10xRSeq_Mult,HMBA_Human_Atlas+HMBA_Human_Atlas_H,ARC-RSEQ,1317853768,A8XR_231212_02_B01,R8XR-23121903,MTX-12025,10000,Nuclei,1061736705,L8XR_231214_03_D10,1990_C08,human,Homo Sapiens,1317468387,NYGC
NY-MX12025-9,10xRSeq_Mult,HMBA_Human_Atlas+HMBA_Human_Atlas_H,ARC-RSEQ,1317853770,A8XR_231212_02_C01,R8XR-23121903,MTX-12025,10000,Nuclei,1061736705,L8XR_231214_03_A10,1993_A02,human,Homo Sapiens,1317466039,NYGC
NY-MX12026-1,10xRSeq_Mult,HMBA_Human_Atlas+HMBA_Human_Atlas_H,ARC-RSEQ,1317853772,A8XR_231212_02_D01,R8XR-24010903,MTX-12026,10000,Nuclei,1061736705,L8XR_231214_03_B10,1993_B02,human,Homo Sapiens,1317466038,NYGC
NY-MX12026-2,10xRSeq_Mult,HMBA_Human_Atlas+HMBA_Human_Atlas_H,ARC-RSEQ,1317853774,A8XR_231212_02_E01,R8XR-24010903,MTX-12026,10000,Nuclei,1061736705,L8XR_231214_01_H01,1993_C02,human,Homo Sapiens,1317466037,NYGC
NY-MX12026-3,10xRSeq_Mult,HMBA_Human_Atlas+HMBA_Human_Atlas_H,ARC-RSEQ,1319231860,A8XR_231215_01_A01,R8XR-24010903,MTX-12026,10000,Nuclei,1061736705,L8XR_231221_04_H04,1996_A04,human,Homo Sapiens,1318571112,NYGC
NY-MX12026-4,10xRSeq_Mult,HMBA_Macaque_Atlas+HMBA_Macaque_Atlas_Cx,ARC-RSEQ,1319232093,A8XR_231219_01_A01,R8XR-24010903,MTX-12026,3602,Nuclei,1061736705,L8XR_231221_02_E03,2000_A07,macaque,Macaca mulatta,1319199448,NYGC
NY-MX12026-5,10xRSeq_Mult,HMBA_Macaque_Atlas+HMBA_Macaque_Atlas_Cx,ARC-RSEQ,1319232095,A8XR_231219_01_B01,R8XR-24010903,MTX-12026,10000,Nuclei,1061736705,L8XR_231221_02_B04,2000_B07,macaque,Macaca mulatta,1319199449,NYGC
NY-MX12026-6,10xRSeq_Mult,HMBA_Macaque_Atlas+HMBA_Macaque_Atlas_Cx,ARC-RSEQ,1319232098,A8XR_231219_01_C01,R8XR-24010903,MTX-12026,10000,Nuclei,1061736705,L8XR_231221_02_C04,2003_A02,macaque,Macaca mulatta,1319194903,NYGC
NY-MX12026-7,10xRSeq_Mult,HMBA_Macaque_Atlas+HMBA_Macaque_Atlas_Cx,ARC-RSEQ,1319232100,A8XR_231219_01_D01,R8XR-24010903,MTX-12026,10000,Nuclei,1061736705,L8XR_231221_02_F03,2003_B02,macaque,Macaca mulatta,1319194904,NYGC
NY-MX12026-8,10xRSeq_Mult,HMBA_Macaque_Atlas+HMBA_Macaque_Atlas_Cx,ARC-RSEQ,1319232134,A8XR_231219_01_F02,R8XR-24010903,MTX-12026,10000,Nuclei,1061736705,L8XR_231221_02_C03,2003_C02,macaque,Macaca mulatta,1319194905,NYGC
NY-MX12026-9,10xRSeq_Mult,HMBA_Macaque_Atlas+HMBA_Macaque_Atlas_Cx,ARC-RSEQ,1321670210,A8XR_231222_01_A01,R8XR-24010903,MTX-12026,10000,Nuclei,1061736705,L8XR_240104_01_G07,2004_A03,macaque,Macaca mulatta,1319003294,NYGC
NY-MX12027-1,10xRSeq_Mult,HMBA_Macaque_Atlas+HMBA_Macaque_Atlas_Cx,ARC-RSEQ,1321670212,A8XR_231222_01_B01,R8XR-24011702,MTX-12027,10000,Nuclei,1061736705,L8XR_240104_01_H07,2004_B03,macaque,Macaca mulatta,1319003295,NYGC
NY-MX12027-2,10xRSeq_Mult,HMBA_Macaque_Atlas+HMBA_Macaque_Atlas_Cx,ARC-RSEQ,1321670215,A8XR_231222_01_C01,R8XR-24011702,MTX-12027,10000,Nuclei,1061736705,L8XR_240104_01_D06,2004_C03,macaque,Macaca mulatta,1319003296,NYGC
NY-MX12027-3,10xRSeq_Mult,BG_paper_Human+HMBA_Human_Atlas+HMBA_Human_Atlas_BN_BF,ARC-RSEQ,1321670217,A8XR_231222_01_D01,R8XR-24011702,MTX-12027,10000,Nuclei,1061736705,L8XR_240104_01_E06,2006_A05,human,Homo Sapiens,1318997635,NYGC
NY-MX12027-4,10xRSeq_Mult,BG_paper_Human+HMBA_Human_Atlas+HMBA_Human_Atlas_BN_BF,ARC-RSEQ,1321670219,A8XR_231222_01_E01,R8XR-24011702,MTX-12027,10000,Nuclei,1061736705,L8XR_240104_01_F05,2006_B05,human,Homo Sapiens,1318997636,NYGC
NY-MX12027-5,10xRSeq_Mult,HMBA_Human_Atlas+HMBA_Human_Atlas_BN_BF,ARC-RSEQ,1321670231,A8XR_231222_01_B02,R8XR-24011702,MTX-12027,10000,Nuclei,1061736705,L8XR_240104_01_A07,2006_C05,human,Homo Sapiens,1318997637,NYGC
NY-MX12027-6,10xRSeq_Mult,HMBA_Cross_Species,ARC-RSEQ,1321670377,A8XR_240102_01_A01,R8XR-24011702,MTX-12027,10000,Nuclei,1061736705,L8XR_240104_01_A08,2011_A09,rat,Rattus norvegicus,1321244971,NYGC
NY-MX12027-7,10xRSeq_Mult,HMBA_Cross_Species,ARC-RSEQ,1321670379,A8XR_240102_01_B01,R8XR-24011702,MTX-12027,10000,Nuclei,1061736705,L8XR_240104_01_F07,2011_B09,rat,Rattus norvegicus,1321245081,NYGC
NY-MX12027-8,10xRSeq_Mult,BG_paper_Human+HMBA_Human_Atlas+HMBA_Human_Atlas_BN_BF,ARC-RSEQ,1323308393,A8XR_240109_01_C01,R8XR-24011702,MTX-12027,10000,Nuclei,1061736705,L8XR_240111_01_H08,2013_A01,human,Homo Sapiens,1322415565,NYGC
NY-MX12027-9,10xRSeq_Mult,BG_paper_Human+HMBA_Human_Atlas+HMBA_Human_Atlas_BN_BF,ARC-RSEQ,1323308395,A8XR_240109_01_D01,R8XR-24011702,MTX-12027,10000,Nuclei,1061736705,L8XR_240111_01_A09,2013_B01,human,Homo Sapiens,1322415566,NYGC
NY-MX12028-1,10xRSeq_Mult,BG_paper_Human+HMBA_Human_Atlas+HMBA_Human_Atlas_BN_BF,ARC-RSEQ,1323308398,A8XR_240109_01_E01,R8XR-24011703,MTX-12028,10000,Nuclei,1061736705,L8XR_240111_01_B09,2013_C01,human,Homo Sapiens,1322415567,NYGC
NY-MX12028-2,10xRSeq_Mult,BG_paper_Human+HMBA_Human_Atlas+HMBA_Human_Atlas_BN_BF,ARC-RSEQ,1323308400,A8XR_240109_01_F01,R8XR-24011703,MTX-12028,10000,Nuclei,1061736705,L8XR_240111_21_E10,2016_A03,human,Homo Sapiens,1322462306,NYGC
NY-MX12028-3,10xRSeq_Mult,BG_paper_Human+HMBA_Human_Atlas+HMBA_Human_Atlas_BN_BF,ARC-RSEQ,1323308402,A8XR_240109_01_G01,R8XR-24011703,MTX-12028,10000,Nuclei,1061736705,L8XR_240111_01_C09,2016_C03,human,Homo Sapiens,1322462308,NYGC
NY-MX12028-4,10xRSeq_Mult,BG_paper_Human+HMBA_Human_Atlas+HMBA_Human_Atlas_BN_BF,ARC-RSEQ,1323308390,A8XR_240109_01_B01,R8XR-24011703,MTX-12028,10000,Nuclei,1061736705,L8XR_240111_01_H09,2012_A05,human,Homo Sapiens,1322468632,NYGC
NY-MX12028-5,10xRSeq_Mult,BG_paper_Human+HMBA_Human_Atlas+HMBA_Human_Atlas_BN_BF,ARC-RSEQ,1323308409,A8XR_240109_01_H01,R8XR-24011703,MTX-12028,10000,Nuclei,1061736705,L8XR_240111_01_D09,2012_B05,human,Homo Sapiens,1322468633,NYGC
NY-MX12028-6,10xRSeq_Mult,BG_paper_Human+HMBA_Human_Atlas+HMBA_Human_Atlas_BN_BF,ARC-RSEQ,1323308388,A8XR_240109_01_A01,R8XR-24011703,MTX-12028,10000,Nuclei,1061736705,L8XR_240111_01_G08,2012_C05,human,Homo Sapiens,1322468634,NYGC
NY-MX12028-7,10xRSeq_Mult,BG_paper_Human+HMBA_Human_Atlas+HMBA_Human_Atlas_BN_BF,ARC-RSEQ,1323308413,A8XR_240109_01_A02,R8XR-24011703,MTX-12028,10000,Nuclei,1061736705,L8XR_240111_01_E09,2018_A01,human,Homo Sapiens,1323267541,NYGC
NY-MX12028-8,10xRSeq_Mult,BG_paper_Human+HMBA_Human_Atlas+HMBA_Human_Atlas_BN_BF,ARC-RSEQ,1323308415,A8XR_240109_01_B02,R8XR-24011703,MTX-12028,10000,Nuclei,1061736705,L8XR_240111_01_F09,2018_B01,human,Homo Sapiens,1323267542,NYGC
NY-MX12028-9,10xRSeq_Mult,BG_paper_Human+HMBA_Human_Atlas+HMBA_Human_Atlas_BN_BF,ARC-RSEQ,1323308417,A8XR_240109_01_C02,R8XR-24011703,MTX-12028,10000,Nuclei,1061736705,L8XR_240111_21_F10,2018_C01,human,Homo Sapiens,1323267543,NYGC
NY-MX12029-1,10xRSeq_Mult,BG_paper_Human+HMBA_Human_Atlas+HMBA_Human_Atlas_BN_BF,ARC-RSEQ,1323308438,A8XR_240109_01_C03,R8XR-24012303,MTX-12029,10000,Nuclei,1061736705,L8XR_240118_21_C01,2016_B03,human,Homo Sapiens,1322462307,NYGC
NY-MX12029-2,10xRSeq_Mult,BG_paper_Human+HMBA_Human_Atlas+HMBA_Human_Atlas_BN_BF,ARC-RSEQ,1323308422,A8XR_240109_01_D02,R8XR-24012303,MTX-12029,10000,Nuclei,1061736705,L8XR_240118_21_A01,2018_D01,human,Homo Sapiens,1323250427,NYGC
NY-MX12029-3,10xRSeq_Mult,BG_paper_Human+HMBA_Human_Atlas+HMBA_Human_Atlas_BN_BF,ARC-RSEQ,1323308424,A8XR_240109_01_E02,R8XR-24012303,MTX-12029,10000,Nuclei,1061736705,L8XR_240111_21_G10,2018_E01,human,Homo Sapiens,1323250428,NYGC
NY-MX12029-4,10xRSeq_Mult,HMBA_Macaque_Atlas+HMBA_Macaque_Atlas_BN_BF,ARC-RSEQ,1324765511,A8XR_240112_01_D01,R8XR-24012303,MTX-12029,10000,Nuclei,1061736705,L8XR_240118_21_B03,2019_A02,macaque,Macaca mulatta,1322740280,NYGC
NY-MX12029-5,10xRSeq_Mult,BG_paper_Macaque+HMBA_Macaque_Atlas+HMBA_Macaque_Atlas_BN_BF,ARC-RSEQ,1324765513,A8XR_240112_01_E01,R8XR-24012303,MTX-12029,10000,Nuclei,1061736705,L8XR_240118_21_B02,2019_B02,macaque,Macaca mulatta,1322740281,NYGC
NY-MX12029-6,10xRSeq_Mult,BG_paper_Macaque+HMBA_Macaque_Atlas+HMBA_Macaque_Atlas_BN_BF,ARC-RSEQ,1324765515,A8XR_240112_01_F01,R8XR-24012303,MTX-12029,9875,Nuclei,1061736705,L8XR_240118_21_C03,2019_C02,macaque,Macaca mulatta,1322740282,NYGC
NY-MX12029-7,10xRSeq_Mult,HMBA_Macaque_Atlas+HMBA_Macaque_Atlas_Cx,ARC-RSEQ,1324765505,A8XR_240112_01_A01,R8XR-24012303,MTX-12029,10000,Nuclei,1061736705,L8XR_240118_21_D03,2021_A04,macaque,Macaca mulatta,1323253550,NYGC
NY-MX12029-8,10xRSeq_Mult,BG_paper_Macaque+HMBA_Macaque_Atlas+HMBA_Macaque_Atlas_BN_BF,ARC-RSEQ,1324765507,A8XR_240112_01_B01,R8XR-24012303,MTX-12029,10000,Nuclei,1061736705,L8XR_240118_21_A03,2021_B04,macaque,Macaca mulatta,1323253551,NYGC
NY-MX12029-9,10xRSeq_Mult,BG_paper_Macaque+HMBA_Macaque_Atlas+HMBA_Macaque_Atlas_BN_BF,ARC-RSEQ,1324765509,A8XR_240112_01_C01,R8XR-24012303,MTX-12029,10000,Nuclei,1061736705,L8XR_240118_21_A02,2021_C04,macaque,Macaca mulatta,1323253552,NYGC
NY-MX12030-1,10xRSeq_Mult,BG_paper_Macaque+HMBA_Macaque_Atlas+HMBA_Macaque_Atlas_M,ARC-RSEQ,1324980082,A8XR_240116_01_A01,R8XR-24013003,MTX-12030,4409,Nuclei,1061736705,L8XR_240118_01_E11,2026_A08,macaque,Macaca mulatta,1324971873,NYGC
NY-MX12030-10,10xRSeq_Mult,HMBA_Cross_Species,ARC-RSEQ,1326440340,A8XR_240123_01_E01,R8XR-24013003,MTX-12030,10000,Nuclei,1061736705,L8XR_240125_21_B06,2034_B05,armadillo,Dasypus novemcinctus,1326058908,NYGC
NY-MX12030-2,10xRSeq_Mult,BG_paper_Macaque+HMBA_Macaque_Atlas+HMBA_Macaque_Atlas_BN_BF,ARC-RSEQ,1324980084,A8XR_240116_01_B01,R8XR-24013003,MTX-12030,10000,Nuclei,1061736705,L8XR_240118_01_H11,2026_B08,macaque,Macaca mulatta,1324971872,NYGC
NY-MX12030-3,10xRSeq_Mult,HMBA_Macaque_Atlas+HMBA_Macaque_Atlas_THM,ARC-RSEQ,1324980087,A8XR_240116_01_C01,R8XR-24013003,MTX-12030,10000,Nuclei,1061736705,L8XR_240118_01_A12,2026_C08,macaque,Macaca mulatta,1324971871,NYGC
NY-MX12030-4,10xRSeq_Mult,BG_paper_Macaque+HMBA_Macaque_Atlas+HMBA_Macaque_Atlas_BN_BF,ARC-RSEQ,1326439832,A8XR_240119_01_A01,R8XR-24013003,MTX-12030,10000,Nuclei,1061736705,L8XR_240125_02_D12,2028_A01,macaque,Macaca mulatta,1324805319,NYGC
NY-MX12030-5,10xRSeq_Mult,HMBA_Macaque_Atlas+HMBA_Macaque_Atlas_Cx,ARC-RSEQ,1326439834,A8XR_240119_01_B01,R8XR-24013003,MTX-12030,10000,Nuclei,1061736705,L8XR_240125_02_H03,2028_B01,macaque,Macaca mulatta,1324805320,NYGC
NY-MX12030-6,10xRSeq_Mult,HMBA_Macaque_Atlas+HMBA_Macaque_Atlas_Cx,ARC-RSEQ,1326439837,A8XR_240119_01_C01,R8XR-24013003,MTX-12030,10000,Nuclei,1061736705,L8XR_240125_02_A04,2028_C01,macaque,Macaca mulatta,1324805321,NYGC
NY-MX12030-7,10xRSeq_Mult,HMBA_Cross_Species,ARC-RSEQ,1326439839,A8XR_240119_01_D01,R8XR-24013003,MTX-12030,10000,Nuclei,1061736705,L8XR_240125_02_E03,2031_A02,opossum,Monodelphis domestica,1326058512,NYGC
NY-MX12030-8,10xRSeq_Mult,HMBA_Cross_Species,ARC-RSEQ,1326439841,A8XR_240119_01_E01,R8XR-24013003,MTX-12030,7065,Nuclei,1061736705,L8XR_240125_02_F03,2031_B02,opossum,Monodelphis domestica,1326058695,NYGC
NY-MX12030-9,10xRSeq_Mult,HMBA_Cross_Species,ARC-RSEQ,1326440330,A8XR_240123_01_A01,R8XR-24013003,MTX-12030,4347,Nuclei,1061736705,L8XR_240125_21_A06,2034_A05,armadillo,Dasypus novemcinctus,1326058797,NYGC
NY-MX12031-1,10xRSeq_Mult,HMBA_Cross_Species,ARC-RSEQ,1326440343,A8XR_240123_01_F01,R8XR-24020603,MTX-12031,10000,Nuclei,1061736705,L8XR_240125_21_C06,2034_C05,armadillo,Dasypus novemcinctus,1326059180,NYGC
NY-MX12031-10,10xRSeq_Mult,HMBA_Human_Atlas+HMBA_Human_Atlas_THM,ARC-RSEQ,1327378422,A8XR_240126_01_H01,R8XR-24020603,MTX-12031,10000,Nuclei,1061736705,L8XR_240201_21_F08,2040_A04,human,Homo Sapiens,1326991736,NYGC
NY-MX12031-2,10xRSeq_Mult,HMBA_Human_Atlas+HMBA_Human_Atlas_THM,ARC-RSEQ,1326440332,A8XR_240123_01_B01,R8XR-24020603,MTX-12031,10000,Nuclei,1061736705,L8XR_240125_21_B05,2035_A01,human,Homo Sapiens,1325765627,NYGC
NY-MX12031-3,10xRSeq_Mult,HMBA_Human_Atlas+HMBA_Human_Atlas_AMY,ARC-RSEQ,1326440336,A8XR_240123_01_C01,R8XR-24020603,MTX-12031,10000,Nuclei,1061736705,L8XR_240125_21_G05,2035_B01,human,Homo Sapiens,1325765626,NYGC
NY-MX12031-4,10xRSeq_Mult,BG_paper_Macaque+HMBA_Macaque_Atlas+HMBA_Macaque_Atlas_BN_BF,ARC-RSEQ,1326440338,A8XR_240123_01_D01,R8XR-24020603,MTX-12031,10000,Nuclei,1061736705,L8XR_240125_21_E05,2035_C01,macaque,Macaca mulatta,1325765625,NYGC
NY-MX12031-5,10xRSeq_Mult,HMBA_Human_Atlas+HMBA_Human_Atlas_AMY,ARC-RSEQ,1327378409,A8XR_240126_01_C01,R8XR-24020603,MTX-12031,10000,Nuclei,1061736705,L8XR_240201_21_D09,2038_A02,human,Homo Sapiens,1326205524,NYGC
NY-MX12031-6,10xRSeq_Mult,HMBA_Human_Atlas+HMBA_Human_Atlas_AMY,ARC-RSEQ,1327378411,A8XR_240126_01_D01,R8XR-24020603,MTX-12031,10000,Nuclei,1061736705,L8XR_240201_21_E09,2038_B02,human,Homo Sapiens,1326205523,NYGC
NY-MX12031-7,10xRSeq_Mult,HMBA_Human_Atlas+HMBA_Human_Atlas_THM,ARC-RSEQ,1327378414,A8XR_240126_01_E01,R8XR-24020603,MTX-12031,10000,Nuclei,1061736705,L8XR_240201_21_F09,2038_C02,human,Homo Sapiens,1326205522,NYGC
NY-MX12031-8,10xRSeq_Mult,HMBA_Cross_Species,ARC-RSEQ,1327378404,A8XR_240126_01_A01,R8XR-24020603,MTX-12031,3959,Nuclei,1061736705,L8XR_240201_21_E10,2041_A05,armadillo,Dasypus novemcinctus,1326475230,NYGC
NY-MX12031-9,10xRSeq_Mult,HMBA_Cross_Species,ARC-RSEQ,1327378406,A8XR_240126_01_B01,R8XR-24020603,MTX-12031,3959,Nuclei,1061736705,L8XR_240201_21_C10,2041_B05,armadillo,Dasypus novemcinctus,1326475231,NYGC
NY-MX12035-1,10xRSeq_Mult,HMBA_Cross_Species,ARC-RSEQ,1329324107,A8XR_240202_01_D02,R8XR-24021304,MTX-12035,7841,Nuclei,1061736705,L8XR_240208_21_G01,2050_1_C04,armadillo,Dasypus novemcinctus,1328826575,NYGC
NY-MX12035-2,10xRSeq_Mult,BG_paper_Macaque+HMBA_Macaque_Atlas+HMBA_Macaque_Atlas_BN_BF,ARC-RSEQ,1329324095,A8XR_240202_01_G01,R8XR-24021304,MTX-12035,10000,Nuclei,1061736705,L8XR_240208_21_F02,2052_A06,macaque,Macaca mulatta,1328615647,NYGC
NY-MX12035-3,10xRSeq_Mult,HMBA_Macaque_Atlas+HMBA_Macaque_Atlas_Cx,ARC-RSEQ,1329324097,A8XR_240202_01_H01,R8XR-24021304,MTX-12035,7857,Nuclei,1061736705,L8XR_240208_21_A03,2052_B06,macaque,Macaca mulatta,1328615646,NYGC
NY-MX12035-4,10xRSeq_Mult,HMBA_Macaque_Atlas+HMBA_Macaque_Atlas_BN_BF,ARC-RSEQ,1329324099,A8XR_240202_01_A02,R8XR-24021304,MTX-12035,10000,Nuclei,1061736705,L8XR_240208_21_H12,2052_C06,macaque,Macaca mulatta,1328615645,NYGC
NY-MX12035-5,10xRSeq_Mult,HMBA_Human_Atlas+HMBA_Human_Atlas_THM,ARC-RSEQ,1329324101,A8XR_240202_01_B02,R8XR-24021304,MTX-12035,9627,Nuclei,1061736705,L8XR_240208_21_G02,2052_D06,human,Homo Sapiens,1328860285,NYGC
NY-MX12035-6,10xRSeq_Mult,HMBA_Macaque_Atlas+HMBA_Macaque_Atlas_AMY,ARC-RSEQ,1329324104,A8XR_240202_01_C02,R8XR-24021304,MTX-12035,10000,Nuclei,1061736705,L8XR_240208_21_H02,2052_F06,macaque,Macaca mulatta,1328860283,NYGC
NY-MX12035-7,10xRSeq_Mult,HMBA_Macaque_Atlas+HMBA_Macaque_Atlas_AMY,ARC-RSEQ,1329324080,A8XR_240202_01_A01,R8XR-24021304,MTX-12035,10000,Nuclei,1061736705,L8XR_240208_21_D02,2052_1_G06,macaque,Macaca mulatta,1328860282,NYGC
NY-MX12035-8,10xRSeq_Mult,BICAN_Dev_Atlas+BICAN_Dev_P12,ARC-RSEQ,1329331254,A8XR_240206_01_A02,R8XR-24021304,MTX-12035,10000,Nuclei,1061736705,L8XR_240208_01_B03,2053_A07,mouse,Mus musculus,1329312087,NYGC
NY-MX12035-9,10xRSeq_Mult,BICAN_Dev_Atlas+BICAN_Dev_P12,ARC-RSEQ,1329331256,A8XR_240206_01_B02,R8XR-24021304,MTX-12035,10000,Nuclei,1061736705,L8XR_240208_01_C03,2053_B07,mouse,Mus musculus,1329312088,NYGC
NY-MX12036-1,10xRSeq_Mult,BICAN_Dev_Atlas+BICAN_Dev_P12,ARC-RSEQ,1329331259,A8XR_240206_01_C02,R8XR-24021305,MTX-12036,10000,Nuclei,1061736705,L8XR_240208_01_E03,2053_C07,mouse,Mus musculus,1329312089,NYGC
NY-MX12036-10,10xRSeq_Mult,HMBA_Macaque_Atlas+HMBA_Macaque_Atlas_AMY,ARC-RSEQ,1329331249,A8XR_240206_01_G01,R8XR-24021305,MTX-12036,7857,Nuclei,1061736705,L8XR_240208_01_H03,2056_C01,macaque,Macaca mulatta,1329121709,NYGC
NY-MX12036-2,10xRSeq_Mult,BICAN_Dev_Atlas+BICAN_Dev_P12,ARC-RSEQ,1329331261,A8XR_240206_01_D02,R8XR-24021305,MTX-12036,10000,Nuclei,1061736705,L8XR_240208_01_D03,2053_D07,mouse,Mus musculus,1329312090,NYGC
NY-MX12036-3,10xRSeq_Mult,BICAN_Dev_Atlas+BICAN_Dev_P12,ARC-RSEQ,1329331264,A8XR_240206_01_E02,R8XR-24021305,MTX-12036,10000,Nuclei,1061736705,L8XR_240208_01_F03,2053_E07,mouse,Mus musculus,1329312091,NYGC
NY-MX12036-4,10xRSeq_Mult,BICAN_Dev_Atlas+BICAN_Dev_P12,ARC-RSEQ,1329331266,A8XR_240206_01_F02,R8XR-24021305,MTX-12036,10000,Nuclei,1061736705,L8XR_240208_01_G03,2053_F07,mouse,Mus musculus,1329312092,NYGC
NY-MX12036-5,10xRSeq_Mult,HMBA_Cross_Species,ARC-RSEQ,1329331235,A8XR_240206_01_A01,R8XR-24021305,MTX-12036,3726,Nuclei,1061736705,L8XR_240208_01_A04,2055_A09,ferret,Mustela putorius furo,1328826944,NYGC
NY-MX12036-6,10xRSeq_Mult,HMBA_Cross_Species,ARC-RSEQ,1329331252,A8XR_240206_01_H01,R8XR-24021305,MTX-12036,10000,Nuclei,1061736705,L8XR_240208_01_F04,2055_B09,ferret,Mustela putorius furo,1328827168,NYGC
NY-MX12036-7,10xRSeq_Mult,BG_paper_Macaque+HMBA_Macaque_Atlas+HMBA_Macaque_Atlas_BN_BF,ARC-RSEQ,1329331237,A8XR_240206_01_B01,R8XR-24021305,MTX-12036,10000,Nuclei,1061736705,L8XR_240208_01_B04,2054_A08,macaque,Macaca mulatta,1328502162,NYGC
NY-MX12036-8,10xRSeq_Mult,HMBA_Macaque_Atlas+HMBA_Macaque_Atlas_HTH,ARC-RSEQ,1329331240,A8XR_240206_01_C01,R8XR-24021305,MTX-12036,10000,Nuclei,1061736705,L8XR_240208_01_C04,2054_B08,macaque,Macaca mulatta,1328502180,NYGC
NY-MX12036-9,10xRSeq_Mult,BG_paper_Macaque+HMBA_Macaque_Atlas+HMBA_Macaque_Atlas_BN_BF,ARC-RSEQ,1329331243,A8XR_240206_01_D01,R8XR-24021305,MTX-12036,10000,Nuclei,1061736705,L8XR_240208_01_G04,2054_C08,macaque,Macaca mulatta,1328502179,NYGC
NY-MX12037-1,10xRSeq_Mult,HMBA_Macaque_Atlas+HMBA_Macaque_Atlas_BN_BF,ARC-RSEQ,1329331245,A8XR_240206_01_E01,R8XR-24022003,MTX-12037,10000,Nuclei,1061736705,L8XR_240208_01_D04,2056_A01,macaque,Macaca mulatta,1329121711,NYGC
NY-MX12037-2,10xRSeq_Mult,BG_paper_Macaque+HMBA_Macaque_Atlas+HMBA_Macaque_Atlas_BN_BF,ARC-RSEQ,1329331247,A8XR_240206_01_F01,R8XR-24022003,MTX-12037,10000,Nuclei,1061736705,L8XR_240208_01_E04,2056_B01,macaque,Macaca mulatta,1329121710,NYGC
NY-MX12037-3,10xRSeq_Mult,HMBA_Macaque_Atlas+HMBA_Macaque_Atlas_AMY,ARC-RSEQ,1331017806,A8XR_240209_01_B02,R8XR-24022003,MTX-12037,10000,Nuclei,1061736705,L8XR_240215_21_C07,2058_A03,macaque,Macaca mulatta,1329290290,NYGC
NY-MX12037-4,10xRSeq_Mult,BG_paper_Human+HMBA_Human_Atlas+HMBA_Human_Atlas_BN_BF,ARC-RSEQ,1331244469,A8XR_240209_01_B01,R8XR-24022003,MTX-12037,10000,Nuclei,1061736705,L8XR_240215_21_H06,2058_B03,human,Homo Sapiens,1329290289,NYGC
NY-MX12037-5,10xRSeq_Mult,BG_paper_Human+HMBA_Human_Atlas+HMBA_Human_Atlas_M,ARC-RSEQ,1331244467,A8XR_240209_01_A01,R8XR-24022003,MTX-12037,10000,Nuclei,1061736705,L8XR_240215_21_E05,2058_C03,human,Homo Sapiens,1329290288,NYGC
NY-MX12037-6,10xRSeq_Mult,HMBA_Human_Atlas+HMBA_Human_Atlas_HTH,ARC-RSEQ,1331017790,A8XR_240209_01_C01,R8XR-24022003,MTX-12037,10000,Nuclei,1061736705,L8XR_240215_21_A07,2059_A04,human,Homo Sapiens,1330662326,NYGC
NY-MX12037-7,10xRSeq_Mult,HMBA_Human_Atlas+HMBA_Human_Atlas_HTH,ARC-RSEQ,1331017792,A8XR_240209_01_D01,R8XR-24022003,MTX-12037,10000,Nuclei,1061736705,L8XR_240215_21_B07,2059_B04,human,Homo Sapiens,1330662325,NYGC
NY-MX12037-8,10xRSeq_Mult,HMBA_Human_Atlas+HMBA_Human_Atlas_HTH,ARC-RSEQ,1331017794,A8XR_240209_01_E01,R8XR-24022003,MTX-12037,10000,Nuclei,1061736705,L8XR_240215_21_F05,2059_C04,human,Homo Sapiens,1330662324,NYGC
NY-MX12037-9,10xRSeq_Mult,HMBA_Human_Atlas+HMBA_Human_Atlas_HTH,ARC-RSEQ,1331017797,A8XR_240209_01_F01,R8XR-24022003,MTX-12037,10000,Nuclei,1061736705,L8XR_240215_21_G05,2059_D04,human,Homo Sapiens,1330662323,NYGC
NY-MX12038-1,10xRSeq_Mult,HMBA_Human_Atlas+HMBA_Human_Atlas_AMY,ARC-RSEQ,1331017799,A8XR_240209_01_G01,R8XR-24022004,MTX-12038,10000,Nuclei,1061736705,L8XR_240215_21_H05,2059_E04,human,Homo Sapiens,1330662322,NYGC
NY-MX12038-10,10xRSeq_Mult,BICAN_Dev_Atlas+BICAN_Dev_P12,ARC-RSEQ,1331168998,A8XR_240213_01_D03,R8XR-24022004,MTX-12038,10000,Nuclei,1061736705,L8XR_240215_01_A09,2063_G07,mouse,Mus musculus,1330974300,NYGC
NY-MX12038-2,10xRSeq_Mult,HMBA_Cross_Species,ARC-RSEQ,1331017801,A8XR_240209_01_H01,R8XR-24022004,MTX-12038,4580,Nuclei,1061736705,L8XR_240215_21_A05,2060_A05,ferret,Mustela putorius furo,1330757356,NYGC
NY-MX12038-3,10xRSeq_Mult,HMBA_Cross_Species,ARC-RSEQ,1331017803,A8XR_240209_01_A02,R8XR-24022004,MTX-12038,8229,Nuclei,1061736705,L8XR_240215_21_A06,2060_B05,ferret,Mustela putorius furo,1330757566,NYGC
NY-MX12038-4,10xRSeq_Mult,BICAN_Dev_Atlas+BICAN_Dev_P12,ARC-RSEQ,1331168976,A8XR_240213_01_F02,R8XR-24022004,MTX-12038,10000,Nuclei,1061736705,L8XR_240215_01_C08,2063_A07,mouse,Mus musculus,1330139633,NYGC
NY-MX12038-5,10xRSeq_Mult,BICAN_Dev_Atlas+BICAN_Dev_P12,ARC-RSEQ,1331168979,A8XR_240213_01_G02,R8XR-24022004,MTX-12038,10000,Nuclei,1061736705,L8XR_240215_01_G08,2063_B07,mouse,Mus musculus,1330139634,NYGC
NY-MX12038-6,10xRSeq_Mult,BICAN_Dev_Atlas+BICAN_Dev_P12,ARC-RSEQ,1331168984,A8XR_240213_01_H02,R8XR-24022004,MTX-12038,10000,Nuclei,1061736705,L8XR_240215_01_E09,2063_C07,mouse,Mus musculus,1330139635,NYGC
NY-MX12038-7,10xRSeq_Mult,BICAN_Dev_Atlas+BICAN_Dev_P12,ARC-RSEQ,1331168987,A8XR_240213_01_A03,R8XR-24022004,MTX-12038,10000,Nuclei,1061736705,L8XR_240215_01_F09,2063_D07,mouse,Mus musculus,1330139636,NYGC
NY-MX12038-8,10xRSeq_Mult,BICAN_Dev_Atlas+BICAN_Dev_P12,ARC-RSEQ,1331168992,A8XR_240213_01_B03,R8XR-24022004,MTX-12038,10000,Nuclei,1061736705,L8XR_240215_01_H08,2063_E07,mouse,Mus musculus,1330974298,NYGC
NY-MX12038-9,10xRSeq_Mult,BICAN_Dev_Atlas+BICAN_Dev_P12,ARC-RSEQ,1331168995,A8XR_240213_01_C03,R8XR-24022004,MTX-12038,10000,Nuclei,1061736705,L8XR_240215_01_A08,2063_F07,mouse,Mus musculus,1330974299,NYGC
NY-MX12039-1,10xRSeq_Mult,BICAN_Dev_Atlas+BICAN_Dev_P12,ARC-RSEQ,1331168972,A8XR_240213_01_E02,R8XR-24022702,MTX-12039,10000,Nuclei,1061736705,L8XR_240215_01_D09,2063_H07,mouse,Mus musculus,1330974301,NYGC
NY-MX12039-2,10xRSeq_Mult,HMBA_Human_Atlas+HMBA_Human_Atlas_BN_BF,ARC-RSEQ,1332632411,A8XR_240220_01_H02,R8XR-24022702,MTX-12039,10000,Nuclei,1061736705,L8XR_240222_21_H01,2064_A08,human,Homo Sapiens,1330707625,NYGC
NY-MX12039-3,10xRSeq_Mult,HMBA_Human_Atlas+HMBA_Human_Atlas_AMY,ARC-RSEQ,1332632414,A8XR_240220_01_A03,R8XR-24022702,MTX-12039,10000,Nuclei,1061736705,L8XR_240222_21_A02,2064_B08,human,Homo Sapiens,1330707624,NYGC
NY-MX12039-4,10xRSeq_Mult,HMBA_Human_Atlas+HMBA_Human_Atlas_AMY,ARC-RSEQ,1331168926,A8XR_240213_01_C01,R8XR-24022702,MTX-12039,10000,Nuclei,1061736705,L8XR_240215_01_B09,2064_C08,human,Homo Sapiens,1330707623,NYGC
NY-MX12039-5,10xRSeq_Mult,HMBA_Human_Atlas+HMBA_Human_Atlas_THM,ARC-RSEQ,1331168942,A8XR_240213_01_G01,R8XR-24022702,MTX-12039,10000,Nuclei,1061736705,L8XR_240215_01_F08,2066_A01,human,Homo Sapiens,1330946307,NYGC
NY-MX12039-6,10xRSeq_Mult,HMBA_Human_Atlas+HMBA_Human_Atlas_THM,ARC-RSEQ,1332632416,A8XR_240220_01_B03,R8XR-24022702,MTX-12039,10000,Nuclei,1061736705,L8XR_240222_21_E01,2066_B01,human,Homo Sapiens,1330946305,NYGC
NY-MX12039-7,10xRSeq_Mult,HMBA_Human_Atlas+HMBA_Human_Atlas_THM,ARC-RSEQ,1331168952,A8XR_240213_01_A02,R8XR-24022702,MTX-12039,10000,Nuclei,1061736705,L8XR_240215_01_C09,2066_C01,human,Homo Sapiens,1330946304,NYGC
NY-MX12039-8,10xRSeq_Mult,HMBA_Macaque_Atlas+HMBA_Macaque_Atlas_Cx,ARC-RSEQ,1332609347,A8XR_240216_01_D02,R8XR-24022702,MTX-12039,10000,Nuclei,1061736705,L8XR_240222_01_D10,2067_A02,macaque,Macaca mulatta,1331012411,NYGC
NY-MX12039-9,10xRSeq_Mult,BG_paper_Macaque+HMBA_Macaque_Atlas+HMBA_Macaque_Atlas_BN_BF,ARC-RSEQ,1332609295,A8XR_240216_01_A01,R8XR-24022702,MTX-12039,10000,Nuclei,1061736705,L8XR_240222_01_D12,2067_B02,macaque,Macaca mulatta,1331012410,NYGC
NY-MX12040-1,10xRSeq_Mult,BG_paper_Macaque+HMBA_Macaque_Atlas+HMBA_Macaque_Atlas_BN_BF,ARC-RSEQ,1332609309,A8XR_240216_01_C01,R8XR-24022703,MTX-12040,10000,Nuclei,1061736705,L8XR_240222_01_E12,2069_B04,macaque,Macaca mulatta,1330947242,NYGC
NY-MX12040-2,10xRSeq_Mult,BG_paper_Macaque+HMBA_Macaque_Atlas+HMBA_Macaque_Atlas_BN_BF,ARC-RSEQ,1332609314,A8XR_240216_01_D01,R8XR-24022703,MTX-12040,10000,Nuclei,1061736705,L8XR_240222_01_G11,2069_C04,macaque,Macaca mulatta,1330947241,NYGC
NY-MX12040-3,10xRSeq_Mult,HMBA_Macaque_Atlas+HMBA_Macaque_Atlas_Cx,ARC-RSEQ,1332609319,A8XR_240216_01_E01,R8XR-24022703,MTX-12040,10000,Nuclei,1061736705,L8XR_240222_01_A12,2069_1_D04,macaque,Macaca mulatta,1330947240,NYGC
NY-MX12040-4,10xRSeq_Mult,BICAN_Dev_Atlas+BICAN_Dev_P12,ARC-RSEQ,1332609365,A8XR_240216_01_A03,R8XR-24022703,MTX-12040,10000,Nuclei,1061736705,L8XR_240222_01_A11,2071_A06,mouse,Mus musculus,1331808704,NYGC
NY-MX12040-5,10xRSeq_Mult,BICAN_Dev_Atlas+BICAN_Dev_P12,ARC-RSEQ,1332609368,A8XR_240216_01_B03,R8XR-24022703,MTX-12040,10000,Nuclei,1061736705,L8XR_240222_01_B11,2071_B06,mouse,Mus musculus,1331808705,NYGC
NY-MX12040-6,10xRSeq_Mult,BICAN_Dev_Atlas+BICAN_Dev_P12,ARC-RSEQ,1332609373,A8XR_240216_01_C03,R8XR-24022703,MTX-12040,10000,Nuclei,1061736705,L8XR_240222_01_C11,2071_C06,mouse,Mus musculus,1331808706,NYGC
NY-MX12040-7,10xRSeq_Mult,BICAN_Dev_Atlas+BICAN_Dev_P12,ARC-RSEQ,1332609378,A8XR_240216_01_D03,R8XR-24022703,MTX-12040,10000,Nuclei,1061736705,L8XR_240222_01_D11,2071_D06,mouse,Mus musculus,1331808707,NYGC
NY-MX12040-8,10xRSeq_Mult,BICAN_Dev_Atlas+BICAN_Dev_P12,ARC-RSEQ,1332609382,A8XR_240216_01_E03,R8XR-24022703,MTX-12040,10000,Nuclei,1061736705,L8XR_240222_01_B12,2071_E06,mouse,Mus musculus,1330971173,NYGC
NY-MX12040-9,10xRSeq_Mult,BG_paper_Macaque+HMBA_Macaque_Atlas+HMBA_Macaque_Atlas_BN_BF,ARC-RSEQ,1332632408,A8XR_240220_01_G02,R8XR-24022703,MTX-12040,10000,Nuclei,1061736705,L8XR_240222_21_B03,2077_F02,macaque,Macaca mulatta,1332478095,NYGC
NY-MX12041-1,10xRSeq_Mult,BICAN_Dev_Atlas+BICAN_Dev_P12,ARC-RSEQ,1332609385,A8XR_240216_01_F03,R8XR-24022704,MTX-12041,10000,Nuclei,1061736705,L8XR_240222_01_C12,2071_F06,mouse,Mus musculus,1330971174,NYGC
NY-MX12041-2,10xRSeq_Mult,BICAN_Dev_Atlas+BICAN_Dev_P12,ARC-RSEQ,1332609389,A8XR_240216_01_G03,R8XR-24022704,MTX-12041,10000,Nuclei,1061736705,L8XR_240222_01_E11,2071_G06,mouse,Mus musculus,1330971175,NYGC
NY-MX12041-3,10xRSeq_Mult,BICAN_Dev_Atlas+BICAN_Dev_P12,ARC-RSEQ,1332609398,A8XR_240216_01_H03,R8XR-24022704,MTX-12041,10000,Nuclei,1061736705,L8XR_240222_01_F11,2071_H06,mouse,Mus musculus,1330971176,NYGC
NY-MX12041-4,10xRSeq_Mult,HMBA_Macaque_Atlas+HMBA_Macaque_Atlas_BN_BF,ARC-RSEQ,1332609336,A8XR_240216_01_A02,R8XR-24022704,MTX-12041,10000,Nuclei,1061736705,L8XR_240222_01_F12,2072_B07,macaque,Macaca mulatta,1332290514,NYGC
NY-MX12041-5,10xRSeq_Mult,BG_paper_Macaque+HMBA_Macaque_Atlas+HMBA_Macaque_Atlas_BN_BF,ARC-RSEQ,1332609339,A8XR_240216_01_B02,R8XR-24022704,MTX-12041,10000,Nuclei,1061736705,L8XR_240222_01_G12,2072_C07,macaque,Macaca mulatta,1332290513,NYGC
NY-MX12041-6,10xRSeq_Mult,HMBA_Macaque_Atlas+HMBA_Macaque_Atlas_BN_BF,ARC-RSEQ,1332609342,A8XR_240216_01_C02,R8XR-24022704,MTX-12041,10000,Nuclei,1061736705,L8XR_240222_01_H12,2072_1_D07,macaque,Macaca mulatta,1332290512,NYGC
NY-MX12041-7,10xRSeq_Mult,BG_paper_Macaque+HMBA_Macaque_Atlas+HMBA_Macaque_Atlas_BN_BF,ARC-RSEQ,1332632380,A8XR_240220_01_A01,R8XR-24022704,MTX-12041,10000,Nuclei,1061736705,L8XR_240222_21_C04,2074_A09,macaque,Macaca mulatta,1332479537,NYGC
NY-MX12041-8,10xRSeq_Mult,HMBA_Macaque_Atlas+HMBA_Macaque_Atlas_AMY,ARC-RSEQ,1332632383,A8XR_240220_01_E01,R8XR-24022704,MTX-12041,10000,Nuclei,1061736705,L8XR_240222_21_E02,2074_B09,macaque,Macaca mulatta,1332479536,NYGC
NY-MX12041-9,10xRSeq_Mult,HMBA_Macaque_Atlas+HMBA_Macaque_Atlas_AMY,ARC-RSEQ,1332632385,A8XR_240220_01_F01,R8XR-24022704,MTX-12041,10000,Nuclei,1061736705,L8XR_240222_21_F02,2074_C09,macaque,Macaca mulatta,1332479535,NYGC
NY-MX12042-1,10xRSeq_Mult,BICAN_Dev_Atlas+BICAN_Dev_P12,ARC-RSEQ,1332632425,A8XR_240220_01_F03,R8XR-24022705,MTX-12042,10000,Nuclei,1061736705,L8XR_240222_21_A04,2073_E08,mouse,Mus musculus,1332353105,NYGC
NY-MX12042-2,10xRSeq_Mult,BICAN_Dev_Atlas+BICAN_Dev_P12,ARC-RSEQ,1332632427,A8XR_240220_01_G03,R8XR-24022705,MTX-12042,10000,Nuclei,1061736705,L8XR_240222_21_C03,2073_F08,mouse,Mus musculus,1332353106,NYGC
NY-MX12042-3,10xRSeq_Mult,BICAN_Dev_Atlas+BICAN_Dev_P12,ARC-RSEQ,1332632429,A8XR_240220_01_H03,R8XR-24022705,MTX-12042,10000,Nuclei,1061736705,L8XR_240222_21_D03,2073_G08,mouse,Mus musculus,1332353107,NYGC
NY-MX12042-4,10xRSeq_Mult,BICAN_Dev_Atlas+BICAN_Dev_P12,ARC-RSEQ,1332632433,A8XR_240220_01_A04,R8XR-24022705,MTX-12042,10000,Nuclei,1061736705,L8XR_240222_21_B04,2073_1_H08,mouse,Mus musculus,1332353108,NYGC
NY-MX12042-5,10xRSeq_Mult,BG_paper_Macaque+HMBA_Macaque_Atlas+HMBA_Macaque_Atlas_BN_BF,ARC-RSEQ,1332632398,A8XR_240220_01_B02,R8XR-24022705,MTX-12042,10000,Nuclei,1061736705,L8XR_240222_21_H03,2077_A02,macaque,Macaca mulatta,1331831904,NYGC
NY-MX12042-6,10xRSeq_Mult,HMBA_Macaque_Atlas+HMBA_Macaque_Atlas_AMY,ARC-RSEQ,1332632400,A8XR_240220_01_C02,R8XR-24022705,MTX-12042,10000,Nuclei,1061736705,L8XR_240222_21_D04,2077_B02,macaque,Macaca mulatta,1331831903,NYGC
NY-MX12042-7,10xRSeq_Mult,HMBA_Macaque_Atlas+HMBA_Macaque_Atlas_BN_BF,ARC-RSEQ,1332632402,A8XR_240220_01_D02,R8XR-24022705,MTX-12042,10000,Nuclei,1061736705,L8XR_240222_21_G02,2077_C02,macaque,Macaca mulatta,1331831902,NYGC
NY-MX12042-8,10xRSeq_Mult,HMBA_Macaque_Atlas+HMBA_Macaque_Atlas_BN_BF,ARC-RSEQ,1332632404,A8XR_240220_01_E02,R8XR-24022705,MTX-12042,10000,Nuclei,1061736705,L8XR_240222_21_H02,2077_D02,macaque,Macaca mulatta,1332478097,NYGC
NY-MX12042-9,10xRSeq_Mult,BG_paper_Macaque+HMBA_Macaque_Atlas+HMBA_Macaque_Atlas_BN_BF,ARC-RSEQ,1332632406,A8XR_240220_01_F02,R8XR-24022705,MTX-12042,10000,Nuclei,1061736705,L8XR_240222_21_A03,2077_E02,macaque,Macaca mulatta,1332478096,NYGC
NY-MX12043-1,10xRSeq_Mult,BICAN_Dev_Atlas+BICAN_Dev_P12,ARC-RSEQ,1334615575,A8XR_240223_01_C02,R8XR-24030503,MTX-12043,10000,Nuclei,1061736705,L8XR_240229_04_C07,2078_A03,mouse,Mus musculus,1333458924,NYGC
NY-MX12043-2,10xRSeq_Mult,BICAN_Dev_Atlas+BICAN_Dev_P12,ARC-RSEQ,1334615577,A8XR_240223_01_D02,R8XR-24030503,MTX-12043,10000,Nuclei,1061736705,L8XR_240229_04_D07,2078_B03,mouse,Mus musculus,1333458925,NYGC
NY-MX12043-3,10xRSeq_Mult,BICAN_Dev_Atlas+BICAN_Dev_P12,ARC-RSEQ,1334615579,A8XR_240223_01_E02,R8XR-24030503,MTX-12043,10000,Nuclei,1061736705,L8XR_240229_04_E07,2078_C03,mouse,Mus musculus,1333458926,NYGC
NY-MX12043-4,10xRSeq_Mult,BICAN_Dev_Atlas+BICAN_Dev_P12,ARC-RSEQ,1334615582,A8XR_240223_01_F02,R8XR-24030503,MTX-12043,10000,Nuclei,1061736705,L8XR_240229_04_B06,2078_D03,mouse,Mus musculus,1333458927,NYGC
NY-MX12043-5,10xRSeq_Mult,BICAN_Dev_Atlas+BICAN_Dev_P12,ARC-RSEQ,1334615584,A8XR_240223_01_G02,R8XR-24030503,MTX-12043,10000,Nuclei,1061736705,L8XR_240229_04_C06,2078_E03,mouse,Mus musculus,1332035294,NYGC
NY-MX12043-6,10xRSeq_Mult,BICAN_Dev_Atlas+BICAN_Dev_P12,ARC-RSEQ,1334615587,A8XR_240223_01_H02,R8XR-24030503,MTX-12043,10000,Nuclei,1061736705,L8XR_240229_04_D06,2078_F03,mouse,Mus musculus,1332035295,NYGC
NY-MX12043-7,10xRSeq_Mult,BICAN_Dev_Atlas+BICAN_Dev_P12,ARC-RSEQ,1334615590,A8XR_240223_01_A03,R8XR-24030503,MTX-12043,10000,Nuclei,1061736705,L8XR_240229_04_H04,2078_G03,mouse,Mus musculus,1332035296,NYGC
NY-MX12043-8,10xRSeq_Mult,BICAN_Dev_Atlas+BICAN_Dev_P12,ARC-RSEQ,1334615592,A8XR_240223_01_B03,R8XR-24030503,MTX-12043,10000,Nuclei,1061736705,L8XR_240229_04_A05,2078_H03,mouse,Mus musculus,1332035297,NYGC
NY-MX12043-9,10xRSeq_Mult,HMBA_Human_Atlas+HMBA_Human_Atlas_H,ARC-RSEQ,1334615549,A8XR_240223_01_B01,R8XR-24030503,MTX-12043,10000,Nuclei,1061736705,L8XR_240229_04_H05,2079_A04,human,Homo Sapiens,1332805312,NYGC
NY-MX12044-1,10xRSeq_Mult,HMBA_Human_Atlas+HMBA_Human_Atlas_H,ARC-RSEQ,1334615554,A8XR_240223_01_C01,R8XR-24030504,MTX-12044,10000,Nuclei,1061736705,L8XR_240229_04_F06,2079_B04,human,Homo Sapiens,1332805310,NYGC
NY-MX12044-2,10xRSeq_Mult,HMBA_Human_Atlas+HMBA_Human_Atlas_H,ARC-RSEQ,1334615557,A8XR_240223_01_D01,R8XR-24030504,MTX-12044,10000,Nuclei,1061736705,L8XR_240229_04_G06,2079_C04,human,Homo Sapiens,1332805328,NYGC
NY-MX12044-3,10xRSeq_Mult,HMBA_Human_Atlas+HMBA_Human_Atlas_H,ARC-RSEQ,1334615560,A8XR_240223_01_E01,R8XR-24030504,MTX-12044,10000,Nuclei,1061736705,L8XR_240229_04_G07,2080_A05,human,Homo Sapiens,1332854824,NYGC
NY-MX12044-4,10xRSeq_Mult,HMBA_Human_Atlas+HMBA_Human_Atlas_H,ARC-RSEQ,1334615546,A8XR_240223_01_A01,R8XR-24030504,MTX-12044,10000,Nuclei,1061736705,L8XR_240229_04_F07,2080_B05,human,Homo Sapiens,1332854823,NYGC
NY-MX12044-5,10xRSeq_Mult,HMBA_Human_Atlas+HMBA_Human_Atlas_H,ARC-RSEQ,1334615562,A8XR_240223_01_F01,R8XR-24030504,MTX-12044,10000,Nuclei,1061736705,L8XR_240229_04_H07,2080_C05,human,Homo Sapiens,1332854822,NYGC
NY-MX12044-6,10xRSeq_Mult,HMBA_Cross_Species,ARC-RSEQ,1334615564,A8XR_240223_01_G01,R8XR-24030504,MTX-12044,10000,Nuclei,1061736705,L8XR_240229_04_H06,2081_A06,treeshrew,Tupaia belangeri,1333536515,NYGC
NY-MX12044-7,10xRSeq_Mult,HMBA_Cross_Species,ARC-RSEQ,1334615567,A8XR_240223_01_H01,R8XR-24030504,MTX-12044,10000,Nuclei,1061736705,L8XR_240229_04_A07,2081_B06,treeshrew,Tupaia belangeri,1333536979,NYGC
NY-MX12044-8,10xRSeq_Mult,BICAN_Dev_Atlas+BICAN_Dev_P28,ARC-RSEQ,1334615595,A8XR_240223_01_C03,R8XR-24030504,MTX-12044,10000,Nuclei,1061736705,L8XR_240229_04_B05,2083_A07,mouse,Mus musculus,1333789278,NYGC
NY-MX12044-9,10xRSeq_Mult,BICAN_Dev_Atlas+BICAN_Dev_P28,ARC-RSEQ,1334615597,A8XR_240223_01_D03,R8XR-24030504,MTX-12044,10000,Nuclei,1061736705,L8XR_240229_04_C05,2083_B07,mouse,Mus musculus,1333789280,NYGC
NY-MX12045-1,10xRSeq_Mult,BICAN_Dev_Atlas+BICAN_Dev_P28,ARC-RSEQ,1334615569,A8XR_240223_01_A02,R8XR-24030505,MTX-12045,10000,Nuclei,1061736705,L8XR_240229_04_A06,2083_C07,mouse,Mus musculus,1333789282,NYGC
NY-MX12045-2,10xRSeq_Mult,BICAN_Dev_Atlas+BICAN_Dev_P28,ARC-RSEQ,1334615599,A8XR_240223_01_E03,R8XR-24030505,MTX-12045,10000,Nuclei,1061736705,L8XR_240229_04_D05,2083_D07,mouse,Mus musculus,1333789285,NYGC
NY-MX12045-3,10xRSeq_Mult,BICAN_Dev_Atlas+BICAN_Dev_P28,ARC-RSEQ,1334615601,A8XR_240223_01_F03,R8XR-24030505,MTX-12045,10000,Nuclei,1061736705,L8XR_240229_04_E05,2083_E07,mouse,Mus musculus,1333789287,NYGC
NY-MX12045-4,10xRSeq_Mult,BICAN_Dev_Atlas+BICAN_Dev_P28,ARC-RSEQ,1334615605,A8XR_240223_01_G03,R8XR-24030505,MTX-12045,10000,Nuclei,1061736705,L8XR_240229_04_F05,2083_F07,mouse,Mus musculus,1333789289,NYGC
NY-MX12045-5,10xRSeq_Mult,HMBA_Human_Atlas+HMBA_Human_Atlas_H,ARC-RSEQ,1334659081,A8XR_240227_02_A01,R8XR-24030505,MTX-12045,10000,Nuclei,1061736705,L8XR_240229_02_A10,2085_A08,human,Homo Sapiens,1333383906,NYGC
NY-MX12045-6,10xRSeq_Mult,HMBA_Human_Atlas+HMBA_Human_Atlas_H,ARC-RSEQ,1334659083,A8XR_240227_02_B01,R8XR-24030505,MTX-12045,10000,Nuclei,1061736705,L8XR_240229_02_G09,2085_B08,human,Homo Sapiens,1333383905,NYGC
NY-MX12045-7,10xRSeq_Mult,HMBA_Human_Atlas+HMBA_Human_Atlas_HTH,ARC-RSEQ,1334659085,A8XR_240227_02_C01,R8XR-24030505,MTX-12045,10000,Nuclei,1061736705,L8XR_240229_02_H09,2085_C08,human,Homo Sapiens,1333383904,NYGC
NY-MX12045-8,10xRSeq_Mult,HMBA_Cross_Species,ARC-RSEQ,1334659089,A8XR_240227_02_D01,R8XR-24030505,MTX-12045,10000,Nuclei,1061736705,L8XR_240229_02_D09,2086_A09,treeshrew,Tupaia belangeri,1333537775,NYGC
NY-MX12045-9,10xRSeq_Mult,HMBA_Cross_Species,ARC-RSEQ,1334659101,A8XR_240227_02_A02,R8XR-24030505,MTX-12045,10000,Nuclei,1061736705,L8XR_240229_02_F09,2086_B09,treeshrew,Tupaia belangeri,1333545228,NYGC
NY-MX12046-1,10xRSeq_Mult,HMBA_Human_Atlas+HMBA_Human_Atlas_BN_BF,ARC-RSEQ,1336433880,A8XR_240301_01_C02,R8XR-24031203,MTX-12046,10000,Nuclei,1061736705,L8XR_240307_21_F12,2097_B09,human,Homo Sapiens,1336297393,NYGC
NY-MX12046-2,10xRSeq_Mult,HMBA_Human_Atlas+HMBA_Human_Atlas_AMY,ARC-RSEQ,1336433882,A8XR_240301_01_D02,R8XR-24031203,MTX-12046,10000,Nuclei,1061736705,L8XR_240307_21_G12,2097_C09,human,Homo Sapiens,1336297392,NYGC
NY-MX12046-3,10xRSeq_Mult,BICAN_Dev_Atlas+BICAN_Dev_P28,ARC-RSEQ,1336387579,A8XR_240305_01_A02,R8XR-24031203,MTX-12046,9565,Nuclei,1061736705,L8XR_240307_02_G04,2099_A10,mouse,Mus musculus,1336005317,NYGC
NY-MX12046-4,10xRSeq_Mult,BICAN_Dev_Atlas+BICAN_Dev_P28,ARC-RSEQ,1336387581,A8XR_240305_01_B02,R8XR-24031203,MTX-12046,9565,Nuclei,1061736705,L8XR_240307_02_H04,2099_B10,mouse,Mus musculus,1336005318,NYGC
NY-MX12046-5,10xRSeq_Mult,BICAN_Dev_Atlas+BICAN_Dev_P28,ARC-RSEQ,1336387584,A8XR_240305_01_C02,R8XR-24031203,MTX-12046,10000,Nuclei,1061736705,L8XR_240307_02_D03,2099_C10,mouse,Mus musculus,1336005319,NYGC
NY-MX12046-6,10xRSeq_Mult,BICAN_Dev_Atlas+BICAN_Dev_P28,ARC-RSEQ,1336387586,A8XR_240305_01_D02,R8XR-24031203,MTX-12046,10000,Nuclei,1061736705,L8XR_240307_02_E03,2099_D10,mouse,Mus musculus,1336005320,NYGC
NY-MX12046-7,10xRSeq_Mult,BICAN_Dev_Atlas+BICAN_Dev_P28,ARC-RSEQ,1336387588,A8XR_240305_01_E02,R8XR-24031203,MTX-12046,10000,Nuclei,1061736705,L8XR_240307_02_F03,2099_E10,mouse,Mus musculus,1335210940,NYGC
NY-MX12046-8,10xRSeq_Mult,BICAN_Dev_Atlas+BICAN_Dev_P28,ARC-RSEQ,1336387591,A8XR_240305_01_F02,R8XR-24031203,MTX-12046,10000,Nuclei,1061736705,L8XR_240307_02_G03,2099_F10,mouse,Mus musculus,1335210941,NYGC
NY-MX12046-9,10xRSeq_Mult,BICAN_Dev_Atlas+BICAN_Dev_P12,ARC-RSEQ,1336387593,A8XR_240305_01_G02,R8XR-24031203,MTX-12046,10000,Nuclei,1061736705,L8XR_240307_02_C05,2099_G10,mouse,Mus musculus,1335210942,NYGC
NY-MX12047-1,10xRSeq_Mult,BICAN_Dev_Atlas+BICAN_Dev_P12,ARC-RSEQ,1336387596,A8XR_240305_01_H02,R8XR-24031204,MTX-12047,10000,Nuclei,1061736705,L8XR_240307_02_D05,2099_H10,mouse,Mus musculus,1335210943,NYGC
NY-MX12047-2,10xRSeq_Mult,BICAN_Dev_Atlas+BICAN_Dev_P28,ARC-RSEQ,1336387598,A8XR_240305_01_A03,R8XR-24031204,MTX-12047,10000,Nuclei,1061736705,L8XR_240307_02_H03,2102_A01,mouse,Mus musculus,1336334653,NYGC
NY-MX12047-3,10xRSeq_Mult,BICAN_Dev_Atlas+BICAN_Dev_P28,ARC-RSEQ,1336387600,A8XR_240305_01_B03,R8XR-24031204,MTX-12047,10000,Nuclei,1061736705,L8XR_240307_02_H02,2102_B01,mouse,Mus musculus,1336334654,NYGC
NY-MX12047-4,10xRSeq_Mult,BICAN_Dev_Atlas+BICAN_Dev_P28,ARC-RSEQ,1336387602,A8XR_240305_01_C03,R8XR-24031204,MTX-12047,10000,Nuclei,1061736705,L8XR_240307_02_A03,2102_C01,mouse,Mus musculus,1336334655,NYGC
NY-MX12047-5,10xRSeq_Mult,BICAN_Dev_Atlas+BICAN_Dev_P28,ARC-RSEQ,1336387605,A8XR_240305_01_D03,R8XR-24031204,MTX-12047,10000,Nuclei,1061736705,L8XR_240307_02_B03,2102_D01,mouse,Mus musculus,1336334656,NYGC
NY-MX12047-6,10xRSeq_Mult,BICAN_Dev_Atlas+BICAN_Dev_P28,ARC-RSEQ,1336387607,A8XR_240305_01_E03,R8XR-24031204,MTX-12047,10000,Nuclei,1061736705,L8XR_240307_02_F02,2102_E01,mouse,Mus musculus,1335449820,NYGC
NY-MX12047-7,10xRSeq_Mult,BICAN_Dev_Atlas+BICAN_Dev_P28,ARC-RSEQ,1336387609,A8XR_240305_01_F03,R8XR-24031204,MTX-12047,10000,Nuclei,1061736705,L8XR_240307_02_A04,2102_G01,mouse,Mus musculus,1335449822,NYGC
NY-MX12047-8,10xRSeq_Mult,BICAN_Dev_Atlas+BICAN_Dev_P28,ARC-RSEQ,1336387612,A8XR_240305_01_G03,R8XR-24031204,MTX-12047,10000,Nuclei,1061736705,L8XR_240307_02_B04,2102_H01,mouse,Mus musculus,1335449823,NYGC
NY-MX12047-9,10xRSeq_Mult,BICAN_Dev_Atlas+BICAN_Dev_P28,ARC-RSEQ,1336387614,A8XR_240305_01_H03,R8XR-24031204,MTX-12047,10000,Nuclei,1061736705,L8XR_240307_02_G02,2102_1_F01,mouse,Mus musculus,1335449821,NYGC
NY-MX12048-1,10xRSeq_Mult,HMBA_Macaque_Atlas+HMBA_Macaque_Atlas_THM,ARC-RSEQ,1336387567,A8XR_240305_01_D01,R8XR-24031902,MTX-12048,10000,Nuclei,1061736705,L8XR_240307_02_D04,2103_B02,macaque,Macaca mulatta,1335498446,NYGC
NY-MX12048-2,10xRSeq_Mult,HMBA_Macaque_Atlas+HMBA_Macaque_Atlas_THM,ARC-RSEQ,1336387570,A8XR_240305_01_E01,R8XR-24031902,MTX-12048,10000,Nuclei,1061736705,L8XR_240307_02_A05,2103_C02,macaque,Macaca mulatta,1335498445,NYGC
NY-MX12048-3,10xRSeq_Mult,BG_paper_Macaque+HMBA_Macaque_Atlas+HMBA_Macaque_Atlas_BN_BF,ARC-RSEQ,1336387572,A8XR_240305_01_F01,R8XR-24031902,MTX-12048,10000,Nuclei,1061736705,L8XR_240307_02_E04,2103_D02,macaque,Macaca mulatta,1335232176,NYGC
NY-MX12048-4,10xRSeq_Mult,BG_paper_Macaque+HMBA_Macaque_Atlas+HMBA_Macaque_Atlas_BN_BF,ARC-RSEQ,1336387574,A8XR_240305_01_G01,R8XR-24031902,MTX-12048,10000,Nuclei,1061736705,L8XR_240307_02_F04,2103_E02,macaque,Macaca mulatta,1335232175,NYGC
NY-MX12048-5,10xRSeq_Mult,HMBA_Macaque_Atlas+HMBA_Macaque_Atlas_THM,ARC-RSEQ,1336387577,A8XR_240305_01_H01,R8XR-24031902,MTX-12048,10000,Nuclei,1061736705,L8XR_240307_02_B05,2103_F02,macaque,Macaca mulatta,1335232174,NYGC
NY-MX12048-6,10xRSeq_Mult,BICAN_Dev_Atlas+BICAN_Dev_P28,ARC-RSEQ,1337769577,A8XR_240308_01_C02,R8XR-24031902,MTX-12048,10000,Nuclei,1061736705,L8XR_240314_21_A07,2104_A03,mouse,Mus musculus,1336030041,NYGC
NY-MX12048-7,10xRSeq_Mult,BICAN_Dev_Atlas+BICAN_Dev_P28,ARC-RSEQ,1337769583,A8XR_240308_01_D02,R8XR-24031902,MTX-12048,10000,Nuclei,1061736705,L8XR_240314_21_G06,2104_B03,mouse,Mus musculus,1336030042,NYGC
NY-MX12048-8,10xRSeq_Mult,HMBA_Macaque_Atlas+HMBA_Macaque_Atlas_HTH,ARC-RSEQ,1337769520,A8XR_240308_01_D01,R8XR-24031902,MTX-12048,10000,Nuclei,1061736705,L8XR_240314_21_C06,2105_A04,macaque,Macaca mulatta,1336894140,NYGC
NY-MX12048-9,10xRSeq_Mult,HMBA_Macaque_Atlas+HMBA_Macaque_Atlas_HTH,ARC-RSEQ,1337769505,A8XR_240308_01_B01,R8XR-24031902,MTX-12048,10000,Nuclei,1061736705,L8XR_240314_21_F05,2105_B04,macaque,Macaca mulatta,1336894159,NYGC
NY-MX12049-1,10xRSeq_Mult,HMBA_Macaque_Atlas+HMBA_Macaque_Atlas_HTH,ARC-RSEQ,1337769527,A8XR_240308_01_E01,R8XR-24031903,MTX-12049,10000,Nuclei,1061736705,L8XR_240314_21_D06,2105_C04,macaque,Macaca mulatta,1336894158,NYGC
NY-MX12049-2,10xRSeq_Mult,HMBA_Macaque_Atlas+HMBA_Macaque_Atlas_HTH,ARC-RSEQ,1337769535,A8XR_240308_01_F01,R8XR-24031903,MTX-12049,10000,Nuclei,1061736705,L8XR_240314_21_B07,2108_A07,macaque,Macaca mulatta,1336889440,NYGC
NY-MX12049-3,10xRSeq_Mult,HMBA_Macaque_Atlas+HMBA_Macaque_Atlas_HTH,ARC-RSEQ,1337769545,A8XR_240308_01_G01,R8XR-24031903,MTX-12049,10000,Nuclei,1061736705,L8XR_240314_21_C07,2108_B07,macaque,Macaca mulatta,1336889439,NYGC
NY-MX12049-4,10xRSeq_Mult,BG_paper_Macaque+HMBA_Macaque_Atlas+HMBA_Macaque_Atlas_BN_BF,ARC-RSEQ,1337769553,A8XR_240308_01_H01,R8XR-24031903,MTX-12049,10000,Nuclei,1061736705,L8XR_240314_21_D07,2108_C07,macaque,Macaca mulatta,1336889438,NYGC
NY-MX12049-5,10xRSeq_Mult,HMBA_Macaque_Atlas+HMBA_Macaque_Atlas_THM,ARC-RSEQ,1337777469,A8XR_240312_02_A01,R8XR-24031903,MTX-12049,10000,Nuclei,1061736705,L8XR_240314_02_G08,2115_A10,macaque,Macaca mulatta,1337430201,NYGC
NY-MX12049-6,10xRSeq_Mult,BG_paper_Macaque+HMBA_Macaque_Atlas+HMBA_Macaque_Atlas_BN_BF,ARC-RSEQ,1337777473,A8XR_240312_02_B01,R8XR-24031903,MTX-12049,10000,Nuclei,1061736705,L8XR_240314_02_H08,2115_B10,macaque,Macaca mulatta,1337430200,NYGC
NY-MX12049-7,10xRSeq_Mult,BG_paper_Macaque+HMBA_Macaque_Atlas+HMBA_Macaque_Atlas_BN_BF,ARC-RSEQ,1337777478,A8XR_240312_02_C01,R8XR-24031903,MTX-12049,10000,Nuclei,1061736705,L8XR_240314_02_D08,2115_C10,macaque,Macaca mulatta,1337430199,NYGC
NY-MX12049-8,10xRSeq_Mult,HMBA_Human_Atlas+HMBA_Human_Atlas_Cx,ARC-RSEQ,1337777481,A8XR_240312_02_D01,R8XR-24031903,MTX-12049,10000,Nuclei,1061736705,L8XR_240314_02_A09,2118_A01,human,Homo Sapiens,1336944518,NYGC
NY-MX12049-9,10xRSeq_Mult,HMBA_Human_Atlas+HMBA_Human_Atlas_Cx,ARC-RSEQ,1337777484,A8XR_240312_02_E01,R8XR-24031903,MTX-12049,10000,Nuclei,1061736705,L8XR_240314_02_B09,2118_B01,human,Homo Sapiens,1336944517,NYGC
NY-MX12050-1,10xRSeq_Mult,HMBA_Human_Atlas+HMBA_Human_Atlas_Cx,ARC-RSEQ,1337777488,A8XR_240312_02_F01,R8XR-24032602,MTX-12050,10000,Nuclei,1061736705,L8XR_240314_02_C09,2118_C01,human,Homo Sapiens,1336944516,NYGC
NY-MX12050-2,10xRSeq_Mult,HMBA_Macaque_Atlas+HMBA_Macaque_Atlas_THM,ARC-RSEQ,1339410535,A8XR_240315_01_B01,R8XR-24032602,MTX-12050,10000,Nuclei,1061736705,L8XR_240322_02_B02,2119_A02,macaque,Macaca mulatta,1338657283,NYGC
NY-MX12050-3,10xRSeq_Mult,HMBA_Macaque_Atlas+HMBA_Macaque_Atlas_Cx,ARC-RSEQ,1339410537,A8XR_240315_01_C01,R8XR-24032602,MTX-12050,10000,Nuclei,1061736705,L8XR_240322_02_F01,2119_B02,macaque,Macaca mulatta,1338657282,NYGC
NY-MX12050-4,10xRSeq_Mult,HMBA_Macaque_Atlas+HMBA_Macaque_Atlas_Cx,ARC-RSEQ,1339410539,A8XR_240315_01_D01,R8XR-24032602,MTX-12050,10000,Nuclei,1061736705,L8XR_240322_02_C02,2119_C02,macaque,Macaca mulatta,1338657281,NYGC
NY-MX12050-5,10xRSeq_Mult,HMBA_Human_Atlas+HMBA_Human_Atlas_THM,ARC-RSEQ,1339410541,A8XR_240315_01_E01,R8XR-24032602,MTX-12050,10000,Nuclei,1061736705,L8XR_240322_02_H01,2123_A05,human,Homo Sapiens,1338610519,NYGC
NY-MX12050-6,10xRSeq_Mult,HMBA_Human_Atlas+HMBA_Human_Atlas_THM,ARC-RSEQ,1339410543,A8XR_240315_01_F01,R8XR-24032602,MTX-12050,10000,Nuclei,1061736705,L8XR_240322_02_A02,2123_B05,human,Homo Sapiens,1338610518,NYGC
NY-MX12050-7,10xRSeq_Mult,HMBA_Human_Atlas+HMBA_Human_Atlas_THM,ARC-RSEQ,1339410546,A8XR_240315_01_G01,R8XR-24032602,MTX-12050,10000,Nuclei,1061736705,L8XR_240322_02_D02,2123_C05,human,Homo Sapiens,1338610517,NYGC
NY-MX12050-8,10xRSeq_Mult,HMBA_Cross_Species,ARC-RSEQ,1339379662,A8XR_240319_02_A01,R8XR-24032602,MTX-12050,10000,Nuclei,1061736705,L8XR_240321_02_D12,2129_A08,treeshrew,Tupaia belangeri,1339196613,NYGC
NY-MX12050-9,10xRSeq_Mult,HMBA_Cross_Species,ARC-RSEQ,1339379664,A8XR_240319_02_B01,R8XR-24032602,MTX-12050,10000,Nuclei,1061736705,L8XR_240321_02_B12,2129_B08,treeshrew,Tupaia belangeri,1339196698,NYGC
NY-MX12051-1,10xRSeq_Mult,HMBA_Human_Atlas+HMBA_Human_Atlas_THM,ARC-RSEQ,1339379666,A8XR_240319_02_C01,R8XR-24040203,MTX-12051,10000,Nuclei,1061736705,L8XR_240321_02_C12,2130_A01,human,Homo Sapiens,1339349546,NYGC
NY-MX12051-2,10xRSeq_Mult,HMBA_Human_Atlas+HMBA_Human_Atlas_THM,ARC-RSEQ,1339379669,A8XR_240319_02_D01,R8XR-24040203,MTX-12051,10000,Nuclei,1061736705,L8XR_240321_02_E12,2130_B01,human,Homo Sapiens,1339349545,NYGC
NY-MX12051-3,10xRSeq_Mult,HMBA_Human_Atlas+HMBA_Human_Atlas_THM,ARC-RSEQ,1339379671,A8XR_240319_02_E01,R8XR-24040203,MTX-12051,10000,Nuclei,1061736705,L8XR_240321_02_F12,2130_C01,human,Homo Sapiens,1339349544,NYGC
NY-MX12051-4,10xRSeq_Mult,HMBA_Human_Atlas+HMBA_Human_Atlas_Cx,ARC-RSEQ,1341493476,A8XR_240322_01_A01,R8XR-24040203,MTX-12051,10000,Nuclei,1061736705,L8XR_240328_02_E06,2131_A02,human,Homo Sapiens,1338936503,NYGC
NY-MX12051-5,10xRSeq_Mult,HMBA_Human_Atlas+HMBA_Human_Atlas_Cx,ARC-RSEQ,1341493482,A8XR_240322_01_B01,R8XR-24040203,MTX-12051,10000,Nuclei,1061736705,L8XR_240328_02_B06,2131_B02,human,Homo Sapiens,1338936501,NYGC
NY-MX12051-6,10xRSeq_Mult,HMBA_Human_Atlas+HMBA_Human_Atlas_Cx,ARC-RSEQ,1341493486,A8XR_240322_01_C01,R8XR-24040203,MTX-12051,10000,Nuclei,1061736705,L8XR_240328_02_H05,2131_1_D02,human,Homo Sapiens,1338936499,NYGC
NY-MX12051-7,10xRSeq_Mult,HMBA_Human_Atlas+HMBA_Human_Atlas_Cx,ARC-RSEQ,1341493489,A8XR_240322_01_D01,R8XR-24040203,MTX-12051,10000,Nuclei,1061736705,L8XR_240328_02_C06,2132_A03,human,Homo Sapiens,1339371908,NYGC
NY-MX12051-8,10xRSeq_Mult,BICAN_Dev_Atlas+BICAN_Dev_P28,ARC-RSEQ,1341494652,A8XR_240326_02_D02,R8XR-24040203,MTX-12051,10000,Nuclei,1061736705,L8XR_240329_02_G07,2144_F01,mouse,Mus musculus,1340334348,NYGC
NY-MX12051-9,10xRSeq_Mult,BICAN_Dev_Atlas+BICAN_Dev_P28,ARC-RSEQ,1341494659,A8XR_240326_02_E02,R8XR-24040203,MTX-12051,10000,Nuclei,1061736705,L8XR_240329_02_A07,2144_1_G01,mouse,Mus musculus,1340334349,NYGC
NY-MX12052-1,10xRSeq_Mult,HMBA_Human_Atlas+HMBA_Human_Atlas_Cx,ARC-RSEQ,1341493493,A8XR_240322_01_E01,R8XR-24032604,MTX-12052,10000,Nuclei,1061736705,L8XR_240328_02_D06,2132_B03,human,Homo Sapiens,1339371907,NYGC
NY-MX12052-2,10xRSeq_Mult,HMBA_Human_Atlas+HMBA_Human_Atlas_Cx,ARC-RSEQ,1341493497,A8XR_240322_01_F01,R8XR-24032604,MTX-12052,10000,Nuclei,1061736705,L8XR_240328_02_A06,2132_C03,human,Homo Sapiens,1339371906,NYGC
NY-MX12052-3,10xRSeq_Mult,HMBA_Cross_Species,ARC-RSEQ,1341494614,A8XR_240326_02_E01,R8XR-24032604,MTX-12052,10000,Nuclei,1061736705,L8XR_240329_02_C08,2141_A07,pig,Sus scrofa,1340665365,NYGC
NY-MX12052-4,10xRSeq_Mult,HMBA_Cross_Species,ARC-RSEQ,1341494618,A8XR_240326_02_F01,R8XR-24032604,MTX-12052,10000,Nuclei,1061736705,L8XR_240329_02_D08,2141_B07,pig,Sus scrofa,1340665366,NYGC
NY-MX12052-5,10xRSeq_Mult,HMBA_Cross_Species,ARC-RSEQ,1341494622,A8XR_240326_02_G01,R8XR-24032604,MTX-12052,10000,Nuclei,1061736705,L8XR_240329_02_E07,2141_C07,pig,Sus scrofa,1340666045,NYGC
NY-MX12052-6,10xRSeq_Mult,BICAN_Dev_Atlas+BICAN_Dev_P28,ARC-RSEQ,1341494628,A8XR_240326_02_H01,R8XR-24032604,MTX-12052,10000,Nuclei,1061736705,L8XR_240329_02_B07,2144_A01,mouse,Mus musculus,1340334343,NYGC
NY-MX12052-7,10xRSeq_Mult,BICAN_Dev_Atlas+BICAN_Dev_P28,ARC-RSEQ,1341494634,A8XR_240326_02_A02,R8XR-24032604,MTX-12052,10000,Nuclei,1061736705,L8XR_240329_02_C07,2144_B01,mouse,Mus musculus,1340334344,NYGC
NY-MX12052-8,10xRSeq_Mult,BICAN_Dev_Atlas+BICAN_Dev_P28,ARC-RSEQ,1341494641,A8XR_240326_02_B02,R8XR-24032604,MTX-12052,10000,Nuclei,1061736705,L8XR_240329_02_D07,2144_D01,mouse,Mus musculus,1340334346,NYGC
NY-MX12052-9,10xRSeq_Mult,BICAN_Dev_Atlas+BICAN_Dev_P28,ARC-RSEQ,1341494647,A8XR_240326_02_C02,R8XR-24032604,MTX-12052,10000,Nuclei,1061736705,L8XR_240329_02_F07,2144_E01,mouse,Mus musculus,1340334347,NYGC
NY-MX12053-1,10xRSeq_Mult,BICAN_Dev_Atlas+BICAN_Dev_P8,ARC-RSEQ,1341493500,A8XR_240322_01_G01,R8XR-24040904,MTX-12053,10000,Nuclei,1061736705,L8XR_240328_02_A05,2120_A03,mouse,Mus musculus,1337932468,NYGC
NY-MX12053-10,10xRSeq_Mult,HMBA_Macaque_Atlas+HMBA_Macaque_Atlas_H,ARC-RSEQ,1342763328,A8XR_240329_01_B01,R8XR-24040904,MTX-12053,5776,Nuclei,1061736705,L8XR_240404_03_G10,2147_E04,macaque,Macaca mulatta,1342132259,NYGC
NY-MX12053-11,10xRSeq_Mult,HMBA_Macaque_Atlas+HMBA_Macaque_Atlas_H,ARC-RSEQ,1342763366,A8XR_240329_01_E02,R8XR-24040904,MTX-12053,10000,Nuclei,1061736705,L8XR_240404_03_D12,2147_F04,macaque,Macaca mulatta,1342132258,NYGC
NY-MX12053-2,10xRSeq_Mult,BICAN_Dev_Atlas+BICAN_Dev_P8,ARC-RSEQ,1341493506,A8XR_240322_01_H01,R8XR-24040904,MTX-12053,10000,Nuclei,1061736705,L8XR_240328_02_B05,2120_1_C03,mouse,Mus musculus,1337932471,NYGC
NY-MX12053-3,10xRSeq_Mult,HMBA_Human_Atlas+HMBA_Human_Atlas_Cx,ARC-RSEQ,1341494603,A8XR_240326_02_B01,R8XR-24040904,MTX-12053,4161,Nuclei,1061736705,L8XR_240329_02_A08,2145_A02,human,Homo Sapiens,1340903793,NYGC
NY-MX12053-4,10xRSeq_Mult,HMBA_Human_Atlas+HMBA_Human_Atlas_Cx,ARC-RSEQ,1341494606,A8XR_240326_02_C01,R8XR-24040904,MTX-12053,5528,Nuclei,1061736705,L8XR_240329_02_B08,2145_B02,human,Homo Sapiens,1340903792,NYGC
NY-MX12053-5,10xRSeq_Mult,HMBA_Macaque_Atlas+HMBA_Macaque_Atlas_H,ARC-RSEQ,1341494600,A8XR_240326_02_A01,R8XR-24040904,MTX-12053,4192,Nuclei,1061736705,L8XR_240329_02_H07,2145_C02,macaque,Macaca mulatta,1340903791,NYGC
NY-MX12053-6,10xRSeq_Mult,HMBA_Macaque_Atlas+HMBA_Macaque_Atlas_H,ARC-RSEQ,1342763364,A8XR_240329_01_D02,R8XR-24040904,MTX-12053,10000,Nuclei,1061736705,L8XR_240404_03_C12,2147_A04,macaque,Macaca mulatta,1342126278,NYGC
NY-MX12053-7,10xRSeq_Mult,HMBA_Macaque_Atlas+HMBA_Macaque_Atlas_H,ARC-RSEQ,1342763338,A8XR_240329_01_F01,R8XR-24040904,MTX-12053,10000,Nuclei,1061736705,L8XR_240404_03_B11,2147_B04,macaque,Macaca mulatta,1342126277,NYGC
NY-MX12053-8,10xRSeq_Mult,HMBA_Macaque_Atlas+HMBA_Macaque_Atlas_H,ARC-RSEQ,1342763340,A8XR_240329_01_G01,R8XR-24040904,MTX-12053,10000,Nuclei,1061736705,L8XR_240404_03_E10,2147_C04,macaque,Macaca mulatta,1342126276,NYGC
NY-MX12053-9,10xRSeq_Mult,HMBA_Macaque_Atlas+HMBA_Macaque_Atlas_H,ARC-RSEQ,1342763344,A8XR_240329_01_H01,R8XR-24040904,MTX-12053,6770,Nuclei,1061736705,L8XR_240404_03_H11,2147_D04,macaque,Macaca mulatta,1342132260,NYGC
NY-MX12054-1,10xRSeq_Mult,HMBA_Macaque_Atlas+HMBA_Macaque_Atlas_H,ARC-RSEQ,1342763330,A8XR_240329_01_C01,R8XR-24040905,MTX-12054,10000,Nuclei,1061736705,L8XR_240404_03_G11,2149_A06,macaque,Macaca mulatta,1341423992,NYGC
NY-MX12054-10,10xRSeq_Mult,HMBA_Macaque_Atlas+HMBA_Macaque_Atlas_H,ARC-RSEQ,1342764399,A8XR_240402_02_A01,R8XR-24040905,MTX-12054,10000,Nuclei,1061736705,L8XR_240404_02_F09,2161_A01,macaque,Macaca mulatta,1342495005,NYGC
NY-MX12054-2,10xRSeq_Mult,HMBA_Macaque_Atlas+HMBA_Macaque_Atlas_H,ARC-RSEQ,1342763346,A8XR_240329_01_A02,R8XR-24040905,MTX-12054,10000,Nuclei,1061736705,L8XR_240404_03_A12,2149_B06,macaque,Macaca mulatta,1341423991,NYGC
NY-MX12054-3,10xRSeq_Mult,HMBA_Macaque_Atlas+HMBA_Macaque_Atlas_H,ARC-RSEQ,1342763355,A8XR_240329_01_B02,R8XR-24040905,MTX-12054,10000,Nuclei,1061736705,L8XR_240404_03_B12,2149_C06,macaque,Macaca mulatta,1341423990,NYGC
NY-MX12054-4,10xRSeq_Mult,HMBA_Macaque_Atlas+HMBA_Macaque_Atlas_H,ARC-RSEQ,1342763333,A8XR_240329_01_D01,R8XR-24040905,MTX-12054,4074,Nuclei,1061736705,L8XR_240404_03_H10,2153_A08,macaque,Macaca mulatta,1342087735,NYGC
NY-MX12054-5,10xRSeq_Mult,HMBA_Macaque_Atlas+HMBA_Macaque_Atlas_H,ARC-RSEQ,1342763360,A8XR_240329_01_C02,R8XR-24040905,MTX-12054,10000,Nuclei,1061736705,L8XR_240404_03_C11,2153_B08,macaque,Macaca mulatta,1342087734,NYGC
NY-MX12054-6,10xRSeq_Mult,HMBA_Macaque_Atlas+HMBA_Macaque_Atlas_H,ARC-RSEQ,1342763336,A8XR_240329_01_E01,R8XR-24040905,MTX-12054,4627,Nuclei,1061736705,L8XR_240404_03_A11,2153_C08,macaque,Macaca mulatta,1342087732,NYGC
NY-MX12054-7,10xRSeq_Mult,HMBA_Cross_Species,ARC-RSEQ,1342764407,A8XR_240402_02_D01,R8XR-24040905,MTX-12054,10000,Nuclei,1061736705,L8XR_240404_02_H09,2157_A10,pig,Sus scrofa,1342305578,NYGC
NY-MX12054-8,10xRSeq_Mult,HMBA_Cross_Species,ARC-RSEQ,1342764410,A8XR_240402_02_E01,R8XR-24040905,MTX-12054,10000,Nuclei,1061736705,L8XR_240404_02_A10,2157_B10,pig,Sus scrofa,1342305674,NYGC
NY-MX12054-9,10xRSeq_Mult,HMBA_Cross_Species,ARC-RSEQ,1342764412,A8XR_240402_02_F01,R8XR-24040905,MTX-12054,10000,Nuclei,1061736705,L8XR_240404_02_B10,2157_C10,pig,Sus scrofa,1342305675,NYGC
NY-MX12055-1,10xRSeq_Mult,HMBA_Macaque_Atlas+HMBA_Macaque_Atlas_H,ARC-RSEQ,1342764405,A8XR_240402_02_C01,R8XR-24041603,MTX-12055,10000,Nuclei,1061736705,L8XR_240404_02_E09,2161_B01,macaque,Macaca mulatta,1342495004,NYGC
NY-MX12055-10,10xRSeq_Mult,HMBA_Macaque_Atlas+HMBA_Macaque_Atlas_H,ARC-RSEQ,1344837218,A8XR_240405_01_D01,R8XR-24041603,MTX-12055,10000,Nuclei,1061736705,L8XR_240411_02_F03,2167_B04,macaque,Macaca mulatta,1342988474,NYGC
NY-MX12055-2,10xRSeq_Mult,HMBA_Macaque_Atlas+HMBA_Macaque_Atlas_H,ARC-RSEQ,1342764402,A8XR_240402_02_B01,R8XR-24041603,MTX-12055,10000,Nuclei,1061736705,L8XR_240404_02_G09,2161_C01,macaque,Macaca mulatta,1342495003,NYGC
NY-MX12055-3,10xRSeq_Mult,HMBA_Macaque_Atlas+HMBA_Macaque_Atlas_CB,ARC-RSEQ,1344837223,A8XR_240405_01_F01,R8XR-24041603,MTX-12055,10000,Nuclei,1061736705,L8XR_240411_02_G03,2166_A03,macaque,Macaca mulatta,1342936424,NYGC
NY-MX12055-4,10xRSeq_Mult,HMBA_Macaque_Atlas+HMBA_Macaque_Atlas_H,ARC-RSEQ,1344837226,A8XR_240405_01_G01,R8XR-24041603,MTX-12055,10000,Nuclei,1061736705,L8XR_240411_02_G02,2166_B03,macaque,Macaca mulatta,1342936423,NYGC
NY-MX12055-5,10xRSeq_Mult,HMBA_Macaque_Atlas+HMBA_Macaque_Atlas_H,ARC-RSEQ,1344837229,A8XR_240405_01_H01,R8XR-24041603,MTX-12055,9441,Nuclei,1061736705,L8XR_240411_02_H03,2166_C03,macaque,Macaca mulatta,1342936422,NYGC
NY-MX12055-6,10xRSeq_Mult,HMBA_Macaque_Atlas+HMBA_Macaque_Atlas_H,ARC-RSEQ,1344837207,A8XR_240405_01_A01,R8XR-24041603,MTX-12055,5776,Nuclei,1061736705,L8XR_240411_02_A03,2178_A11,macaque,Macaca mulatta,1343861558,NYGC
NY-MX12055-7,10xRSeq_Mult,HMBA_Macaque_Atlas+HMBA_Macaque_Atlas_H,ARC-RSEQ,1344837211,A8XR_240405_01_B01,R8XR-24041603,MTX-12055,9254,Nuclei,1061736705,L8XR_240411_02_B03,2178_B11,macaque,Macaca mulatta,1343861557,NYGC
NY-MX12055-8,10xRSeq_Mult,HMBA_Macaque_Atlas+HMBA_Macaque_Atlas_CB,ARC-RSEQ,1344837231,A8XR_240405_01_A02,R8XR-24041603,MTX-12055,6552,Nuclei,1061736705,L8XR_240411_02_H02,2178_C11,macaque,Macaca mulatta,1343861556,NYGC
NY-MX12055-9,10xRSeq_Mult,HMBA_Macaque_Atlas+HMBA_Macaque_Atlas_H,ARC-RSEQ,1344837215,A8XR_240405_01_C01,R8XR-24041603,MTX-12055,10000,Nuclei,1061736705,L8XR_240411_02_E03,2167_A04,macaque,Macaca mulatta,1342988475,NYGC
NY-MX12056-1,10xRSeq_Mult,HMBA_Macaque_Atlas+HMBA_Macaque_Atlas_H,ARC-RSEQ,1344837221,A8XR_240405_01_E01,R8XR-24041604,MTX-12056,10000,Nuclei,1061736705,L8XR_240411_02_C03,2167_C04,macaque,Macaca mulatta,1342988473,NYGC
NY-MX12056-2,10xRSeq_Mult,HMBA_Macaque_Atlas+HMBA_Macaque_Atlas_Cx,ARC-RSEQ,1344838461,A8XR_240409_01_B01,R8XR-24041604,MTX-12056,10000,Nuclei,1061736705,L8XR_240411_02_A04,2174_A08,macaque,Macaca mulatta,1343555294,NYGC
NY-MX12056-3,10xRSeq_Mult,HMBA_Macaque_Atlas+HMBA_Macaque_Atlas_THM,ARC-RSEQ,1344838463,A8XR_240409_01_C01,R8XR-24041604,MTX-12056,10000,Nuclei,1061736705,L8XR_240411_02_B04,2174_B08,macaque,Macaca mulatta,1343555293,NYGC
NY-MX12056-4,10xRSeq_Mult,HMBA_Macaque_Atlas+HMBA_Macaque_Atlas_THM,ARC-RSEQ,1344838466,A8XR_240409_01_D01,R8XR-24041604,MTX-12056,10000,Nuclei,1061736705,L8XR_240411_02_C04,2179_A01,macaque,Macaca mulatta,1343900134,NYGC
NY-MX12056-5,10xRSeq_Mult,HMBA_Macaque_Atlas+HMBA_Macaque_Atlas_Cx,ARC-RSEQ,1344838469,A8XR_240409_01_E01,R8XR-24041604,MTX-12056,10000,Nuclei,1061736705,L8XR_240411_02_D04,2179_B01,macaque,Macaca mulatta,1343900133,NYGC
NY-MX12056-6,10xRSeq_Mult,HMBA_Macaque_Atlas+HMBA_Macaque_Atlas_THM,ARC-RSEQ,1344838472,A8XR_240409_01_F01,R8XR-24041604,MTX-12056,10000,Nuclei,1061736705,L8XR_240411_02_E04,2179_C01,macaque,Macaca mulatta,1343900132,NYGC
NY-MX12056-7,10xRSeq_Mult,HMBA_Macaque_Atlas+HMBA_Macaque_Atlas_Cx,ARC-RSEQ,1344838479,A8XR_240409_01_A02,R8XR-24041604,MTX-12056,7205,Nuclei,1061736705,L8XR_240411_02_D03,2179_D01,macaque,Macaca mulatta,1344061256,NYGC
NY-MX12056-8,10xRSeq_Mult,HMBA_Macaque_Atlas+HMBA_Macaque_Atlas_THM,ARC-RSEQ,1344838474,A8XR_240409_01_G01,R8XR-24041604,MTX-12056,10000,Nuclei,1061736705,L8XR_240411_02_G04,2179_E01,macaque,Macaca mulatta,1344061255,NYGC
NY-MX12056-9,10xRSeq_Mult,BG_paper_Macaque+HMBA_Macaque_Atlas+HMBA_Macaque_Atlas_BN_BF,ARC-RSEQ,1344838477,A8XR_240409_01_H01,R8XR-24041604,MTX-12056,10000,Nuclei,1061736705,L8XR_240411_02_F04,2179_1_G01,macaque,Macaca mulatta,1344061253,NYGC
NY-MX12057-1,10xRSeq_Mult,HMBA_Macaque_Atlas+HMBA_Macaque_Atlas_Cx,ARC-RSEQ,1346356070,A8XR_240412_01_E01,R8TX-24042302,MTX-12057,10000,Nuclei,1061736705,L8XR_240418_02_E09,2181_A03,macaque,Macaca mulatta,1343895999,NYGC
NY-MX12057-10,10xRSeq_Mult,HMBA_Macaque_Atlas+HMBA_Macaque_Atlas_Cx,ARC-RSEQ,1346356642,A8XR_240416_02_A01,R8TX-24042302,MTX-12057,4567,Nuclei,1061736705,L8XR_240418_02_H08,2191_1_G01,macaque,Macaca mulatta,1346011566,NYGC
NY-MX12057-2,10xRSeq_Mult,HMBA_Macaque_Atlas+HMBA_Macaque_Atlas_THM,ARC-RSEQ,1346356072,A8XR_240412_01_F01,R8TX-24042302,MTX-12057,10000,Nuclei,1061736705,L8XR_240418_02_D10,2181_B03,macaque,Macaca mulatta,1343895998,NYGC
NY-MX12057-3,10xRSeq_Mult,HMBA_Macaque_Atlas+HMBA_Macaque_Atlas_THM,ARC-RSEQ,1346356075,A8XR_240412_01_G01,R8TX-24042302,MTX-12057,10000,Nuclei,1061736705,L8XR_240418_02_F09,2181_C03,macaque,Macaca mulatta,1343895997,NYGC
NY-MX12057-4,10xRSeq_Mult,HMBA_Macaque_Atlas+HMBA_Macaque_Atlas_Cx,ARC-RSEQ,1346356080,A8XR_240412_01_A02,R8TX-24042302,MTX-12057,10000,Nuclei,1061736705,L8XR_240418_02_E10,2183_A05,macaque,Macaca mulatta,1344821127,NYGC
NY-MX12057-5,10xRSeq_Mult,HMBA_Macaque_Atlas+HMBA_Macaque_Atlas_M,ARC-RSEQ,1346356060,A8XR_240412_01_A01,R8TX-24042302,MTX-12057,10000,Nuclei,1061736705,L8XR_240418_02_H10,2183_B05,macaque,Macaca mulatta,1344821126,NYGC
NY-MX12057-6,10xRSeq_Mult,HMBA_Macaque_Atlas+HMBA_Macaque_Atlas_M,ARC-RSEQ,1346356062,A8XR_240412_01_B01,R8TX-24042302,MTX-12057,10000,Nuclei,1061736705,L8XR_240418_02_G10,2183_C05,macaque,Macaca mulatta,1344821125,NYGC
NY-MX12057-7,10xRSeq_Mult,HMBA_Macaque_Atlas+HMBA_Macaque_Atlas_M,ARC-RSEQ,1346356078,A8XR_240412_01_H01,R8TX-24042302,MTX-12057,10000,Nuclei,1061736705,L8XR_240418_02_G09,2185_A07,macaque,Macaca mulatta,1345491694,NYGC
NY-MX12057-8,10xRSeq_Mult,HMBA_Macaque_Atlas+HMBA_Macaque_Atlas_M,ARC-RSEQ,1346356064,A8XR_240412_01_C01,R8TX-24042302,MTX-12057,7764,Nuclei,1061736705,L8XR_240418_02_A11,2185_B07,macaque,Macaca mulatta,1345491693,NYGC
NY-MX12057-9,10xRSeq_Mult,HMBA_Macaque_Atlas+HMBA_Macaque_Atlas_M,ARC-RSEQ,1346356068,A8XR_240412_01_D01,R8TX-24042302,MTX-12057,6211,Nuclei,1061736705,L8XR_240418_02_B11,2185_C07,macaque,Macaca mulatta,1345491692,NYGC
NY-MX12058-1,10xRSeq_Mult,HMBA_Cross_Species,ARC-RSEQ,1346356654,A8XR_240416_02_F01,R8XR-24043001,MTX-12058,8540,Nuclei,1061736705,L8XR_240418_02_B10,2190_A10,owl_monkey,Aotus nancymaae,1345701919,NYGC
NY-MX12058-2,10xRSeq_Mult,HMBA_Cross_Species,ARC-RSEQ,1346356656,A8XR_240416_02_G01,R8XR-24043001,MTX-12058,10000,Nuclei,1061736705,L8XR_240418_02_C09,2190_B10,owl_monkey,Aotus nancymaae,1345702120,NYGC
NY-MX12058-3,10xRSeq_Mult,HMBA_Cross_Species,ARC-RSEQ,1346356658,A8XR_240416_02_H01,R8XR-24043001,MTX-12058,7919,Nuclei,1061736705,L8XR_240418_02_C10,2190_C10,owl_monkey,Aotus nancymaae,1345702250,NYGC
NY-MX12058-4,10xRSeq_Mult,HMBA_Macaque_Atlas+HMBA_Macaque_Atlas_Cx,ARC-RSEQ,1346356646,A8XR_240416_02_C01,R8XR-24043001,MTX-12058,10000,Nuclei,1061736705,L8XR_240418_02_A10,2191_A01,macaque,Macaca mulatta,1346011572,NYGC
NY-MX12058-5,10xRSeq_Mult,HMBA_Macaque_Atlas+HMBA_Macaque_Atlas_Cx,ARC-RSEQ,1346356660,A8XR_240416_02_A02,R8XR-24043001,MTX-12058,9316,Nuclei,1061736705,L8XR_240418_02_D09,2191_C01,macaque,Macaca mulatta,1346011570,NYGC
NY-MX12058-6,10xRSeq_Mult,HMBA_Macaque_Atlas+HMBA_Macaque_Atlas_THM,ARC-RSEQ,1346356648,A8XR_240416_02_D01,R8XR-24043001,MTX-12058,10000,Nuclei,1061736705,L8XR_240418_02_F10,2191_D01,macaque,Macaca mulatta,1346011962,NYGC
NY-MX12058-7,10xRSeq_Mult,HMBA_Macaque_Atlas+HMBA_Macaque_Atlas_CB,ARC-RSEQ,1346356651,A8XR_240416_02_E01,R8XR-24043001,MTX-12058,10000,Nuclei,1061736705,L8XR_240418_02_B09,2191_F01,macaque,Macaca mulatta,1346011959,NYGC
NY-MX12058-8,10xRSeq_Mult,HMBA_Macaque_Atlas+HMBA_Macaque_Atlas_CB,ARC-RSEQ,1346356644,A8XR_240416_02_B01,R8XR-24043001,MTX-12058,10000,Nuclei,1061736705,L8XR_240418_02_A09,2191_1_H01,macaque,Macaca mulatta,1346011957,NYGC
NY-MX12058-9,10xRSeq_Mult,HMBA_Macaque_Atlas+HMBA_Macaque_Atlas_CB,ARC-RSEQ,1347831789,A8XR_240419_01_B01,R8XR-24043001,MTX-12058,10000,Nuclei,1061736705,L8XR_240425_01_H01,2192_A02,macaque,Macaca mulatta,1346013684,NYGC
NY-MX12059-1,10xRSeq_Mult,HMBA_Macaque_Atlas+HMBA_Macaque_Atlas_CB,ARC-RSEQ,1347831791,A8XR_240419_01_C01,R8XR-24043002,MTX-12059,10000,Nuclei,1061736705,L8XR_240425_01_A02,2192_B02,macaque,Macaca mulatta,1346013683,NYGC
NY-MX12059-2,10xRSeq_Mult,HMBA_Macaque_Atlas+HMBA_Macaque_Atlas_CB,ARC-RSEQ,1347831793,A8XR_240419_01_D01,R8XR-24043002,MTX-12059,10000,Nuclei,1061736705,L8XR_240425_01_B02,2192_C02,macaque,Macaca mulatta,1346013682,NYGC
NY-MX12059-3,10xRSeq_Mult,HMBA_Macaque_Atlas+HMBA_Macaque_Atlas_CB,ARC-RSEQ,1347831795,A8XR_240419_01_E01,R8XR-24043002,MTX-12059,10000,Nuclei,1061736705,L8XR_240425_01_C02,2192_D02,macaque,Macaca mulatta,1346013681,NYGC
NY-MX12059-4,10xRSeq_Mult,HMBA_Macaque_Atlas+HMBA_Macaque_Atlas_H,ARC-RSEQ,1347831797,A8XR_240419_01_F01,R8XR-24043002,MTX-12059,10000,Nuclei,1061736705,L8XR_240425_01_D02,2195_A04,macaque,Macaca mulatta,1347294147,NYGC
NY-MX12059-5,10xRSeq_Mult,HMBA_Macaque_Atlas+HMBA_Macaque_Atlas_H,ARC-RSEQ,1347831800,A8XR_240419_01_G01,R8XR-24043002,MTX-12059,9068,Nuclei,1061736705,L8XR_240425_01_C04,2195_B04,macaque,Macaca mulatta,1347294519,NYGC
NY-MX12059-6,10xRSeq_Mult,HMBA_Macaque_Atlas+HMBA_Macaque_Atlas_H,ARC-RSEQ,1347831787,A8XR_240419_01_A01,R8XR-24043002,MTX-12059,10000,Nuclei,1061736705,L8XR_240425_01_F12,2195_C04,macaque,Macaca mulatta,1347294518,NYGC
NY-MX12059-7,10xRSeq_Mult,HMBA_Macaque_Atlas+HMBA_Macaque_Atlas_H,ARC-RSEQ,1347831372,A8XR_240423_01_B01,R8XR-24043002,MTX-12059,10000,Nuclei,1061736705,L8XR_240425_01_G03,2200_A08,macaque,Macaca mulatta,1347813023,NYGC
NY-MX12059-8,10xRSeq_Mult,HMBA_Macaque_Atlas+HMBA_Macaque_Atlas_H,ARC-RSEQ,1347831374,A8XR_240423_01_C01,R8XR-24043002,MTX-12059,10000,Nuclei,1061736705,L8XR_240425_01_H03,2200_B08,macaque,Macaca mulatta,1347813022,NYGC
NY-MX12059-9,10xRSeq_Mult,HMBA_Macaque_Atlas+HMBA_Macaque_Atlas_H,ARC-RSEQ,1347831369,A8XR_240423_01_A01,R8XR-24043002,MTX-12059,10000,Nuclei,1061736705,L8XR_240425_01_D04,2200_C08,macaque,Macaca mulatta,1347813021,NYGC
NY-MX12060-1,10xRSeq_Mult,HMBA_Cross_Species,ARC-RSEQ,1347831383,A8XR_240423_01_G01,R8XR-24050703,MTX-12060,10000,Nuclei,1061736705,L8XR_240425_01_E03,2201_A09,owl_monkey,Aotus nancymaae,1347615155,NYGC
NY-MX12060-2,10xRSeq_Mult,HMBA_Cross_Species,ARC-RSEQ,1347831385,A8XR_240423_01_H01,R8XR-24050703,MTX-12060,10000,Nuclei,1061736705,L8XR_240425_01_A04,2201_B09,owl_monkey,Aotus nancymaae,1347615225,NYGC
NY-MX12060-3,10xRSeq_Mult,HMBA_Cross_Species,ARC-RSEQ,1347831388,A8XR_240423_01_A02,R8XR-24050703,MTX-12060,10000,Nuclei,1061736705,L8XR_240425_01_B04,2201_1_D09,owl_monkey,Aotus nancymaae,1347615297,NYGC
NY-MX12060-4,10xRSeq_Mult,HMBA_Macaque_Atlas+HMBA_Macaque_Atlas_CB,ARC-RSEQ,1363746493,A8XR_240426_01_G01,R8XR-24050703,MTX-12060,10000,Nuclei,1061736705,L8XR_240502_02_E07,2202_A01,macaque,Macaca mulatta,1347250056,NYGC
NY-MX12060-5,10xRSeq_Mult,HMBA_Macaque_Atlas+HMBA_Macaque_Atlas_CB,ARC-RSEQ,1347831378,A8XR_240423_01_E01,R8XR-24050703,MTX-12060,10000,Nuclei,1061736705,L8XR_240425_01_C03,2202_B01,macaque,Macaca mulatta,1347250055,NYGC
NY-MX12060-6,10xRSeq_Mult,HMBA_Macaque_Atlas+HMBA_Macaque_Atlas_CB,ARC-RSEQ,1347831380,A8XR_240423_01_F01,R8XR-24050703,MTX-12060,10000,Nuclei,1061736705,L8XR_240425_01_D03,2202_1_D01,macaque,Macaca mulatta,1347250053,NYGC
NY-MX12060-7,10xRSeq_Mult,HMBA_Macaque_Atlas+HMBA_Macaque_Atlas_H,ARC-RSEQ,1363746481,A8XR_240426_01_B01,R8XR-24050703,MTX-12060,10000,Nuclei,1061736705,L8XR_240502_02_B07,2204_A03,macaque,Macaca mulatta,1348638789,NYGC
NY-MX12060-8,10xRSeq_Mult,HMBA_Macaque_Atlas+HMBA_Macaque_Atlas_H,ARC-RSEQ,1363746483,A8XR_240426_01_C01,R8XR-24050703,MTX-12060,10000,Nuclei,1061736705,L8XR_240502_02_C07,2204_B03,macaque,Macaca mulatta,1348638787,NYGC
NY-MX12060-9,10xRSeq_Mult,HMBA_Macaque_Atlas+HMBA_Macaque_Atlas_H,ARC-RSEQ,1363746479,A8XR_240426_01_A01,R8XR-24050703,MTX-12060,10000,Nuclei,1061736705,L8XR_240502_02_H08,2204_C03,macaque,Macaca mulatta,1348638785,NYGC
NY-MX12060-1,10xRSeq_Mult,HMBA_Cross_Species,ARC-RSEQ,1347831383,A8XR_240423_01_G01,R8XR-24050703,MTX-12060,10000,Nuclei,1061736705,L8XR_240425_01_E03,2201_A09,owl_monkey,Aotus nancymaae,1347615155,NYGC
NY-MX12060-2,10xRSeq_Mult,HMBA_Cross_Species,ARC-RSEQ,1347831385,A8XR_240423_01_H01,R8XR-24050703,MTX-12060,10000,Nuclei,1061736705,L8XR_240425_01_A04,2201_B09,owl_monkey,Aotus nancymaae,1347615225,NYGC
NY-MX12060-3,10xRSeq_Mult,HMBA_Cross_Species,ARC-RSEQ,1347831388,A8XR_240423_01_A02,R8XR-24050703,MTX-12060,10000,Nuclei,1061736705,L8XR_240425_01_B04,2201_1_D09,owl_monkey,Aotus nancymaae,1347615297,NYGC
NY-MX12060-4,10xRSeq_Mult,HMBA_Macaque_Atlas+HMBA_Macaque_Atlas_CB,ARC-RSEQ,1363746493,A8XR_240426_01_G01,R8XR-24050703,MTX-12060,10000,Nuclei,1061736705,L8XR_240502_02_E07,2202_A01,macaque,Macaca mulatta,1347250056,NYGC
NY-MX12060-5,10xRSeq_Mult,HMBA_Macaque_Atlas+HMBA_Macaque_Atlas_CB,ARC-RSEQ,1347831378,A8XR_240423_01_E01,R8XR-24050703,MTX-12060,10000,Nuclei,1061736705,L8XR_240425_01_C03,2202_B01,macaque,Macaca mulatta,1347250055,NYGC
NY-MX12060-6,10xRSeq_Mult,HMBA_Macaque_Atlas+HMBA_Macaque_Atlas_CB,ARC-RSEQ,1347831380,A8XR_240423_01_F01,R8XR-24050703,MTX-12060,10000,Nuclei,1061736705,L8XR_240425_01_D03,2202_1_D01,macaque,Macaca mulatta,1347250053,NYGC
NY-MX12060-7,10xRSeq_Mult,HMBA_Macaque_Atlas+HMBA_Macaque_Atlas_H,ARC-RSEQ,1363746481,A8XR_240426_01_B01,R8XR-24050703,MTX-12060,10000,Nuclei,1061736705,L8XR_240502_02_B07,2204_A03,macaque,Macaca mulatta,1348638789,NYGC
NY-MX12060-8,10xRSeq_Mult,HMBA_Macaque_Atlas+HMBA_Macaque_Atlas_H,ARC-RSEQ,1363746483,A8XR_240426_01_C01,R8XR-24050703,MTX-12060,10000,Nuclei,1061736705,L8XR_240502_02_C07,2204_B03,macaque,Macaca mulatta,1348638787,NYGC
NY-MX12060-9,10xRSeq_Mult,HMBA_Macaque_Atlas+HMBA_Macaque_Atlas_H,ARC-RSEQ,1363746479,A8XR_240426_01_A01,R8XR-24050703,MTX-12060,10000,Nuclei,1061736705,L8XR_240502_02_H08,2204_C03,macaque,Macaca mulatta,1348638785,NYGC
NY-MX12061-1,10xRSeq_Mult,HMBA_Macaque_Atlas+HMBA_Macaque_Atlas_H,ARC-RSEQ,1363746487,A8XR_240426_01_D01,R8XR-24051402,MTX-12061,10000,Nuclei,1061736705,L8XR_240502_02_G08,2207_A05,macaque,Macaca mulatta,1348644098,NYGC
NY-MX12061-2,10xRSeq_Mult,HMBA_Macaque_Atlas+HMBA_Macaque_Atlas_H,ARC-RSEQ,1363746491,A8XR_240426_01_F01,R8XR-24051402,MTX-12061,10000,Nuclei,1061736705,L8XR_240502_02_D07,2207_C05,macaque,Macaca mulatta,1348644096,NYGC
NY-MX12061-3,10xRSeq_Mult,HMBA_Macaque_Atlas+HMBA_Macaque_Atlas_CB,ARC-RSEQ,1363881546,A8XR_240430_02_D01,R8XR-24051402,MTX-12061,9316,Nuclei,1061736705,L8XR_240502_02_E08,2210_A08,macaque,Macaca mulatta,1363862259,NYGC
NY-MX12061-4,10xRSeq_Mult,HMBA_Macaque_Atlas+HMBA_Macaque_Atlas_CB,ARC-RSEQ,1363881550,A8XR_240430_02_E01,R8XR-24051402,MTX-12061,9409,Nuclei,1061736705,L8XR_240502_02_F08,2210_B08,macaque,Macaca mulatta,1363862257,NYGC
NY-MX12061-5,10xRSeq_Mult,HMBA_Macaque_Atlas+HMBA_Macaque_Atlas_CB,ARC-RSEQ,1363881540,A8XR_240430_02_A01,R8XR-24051402,MTX-12061,4658,Nuclei,1061736705,L8XR_240502_02_A09,2210_C08,macaque,Macaca mulatta,1363862256,NYGC
NY-MX12061-6,10xRSeq_Mult,HMBA_Macaque_Atlas+HMBA_Macaque_Atlas_CB,ARC-RSEQ,1363881542,A8XR_240430_02_B01,R8XR-24051402,MTX-12061,10000,Nuclei,1061736705,L8XR_240502_02_H07,2213_A02,macaque,Macaca mulatta,1363854804,NYGC
NY-MX12061-7,10xRSeq_Mult,HMBA_Macaque_Atlas+HMBA_Macaque_Atlas_CB,ARC-RSEQ,1363881544,A8XR_240430_02_C01,R8XR-24051402,MTX-12061,10000,Nuclei,1061736705,L8XR_240502_02_A08,2213_1_D02,macaque,Macaca mulatta,1363854800,NYGC
NY-MX12061-8,10xRSeq_Mult,HMBA_Human_Atlas+HMBA_Human_Atlas_CB,ARC-RSEQ,1365236947,A8XR_240503_01_A01,R8XR-24051402,MTX-12061,10000,Nuclei,1061736705,L8XR_240509_01_C11,2215_A03,human,Homo Sapiens,1363652494,NYGC
NY-MX12061-9,10xRSeq_Mult,HMBA_Human_Atlas+HMBA_Human_Atlas_CB,ARC-RSEQ,1365236974,A8XR_240503_01_B01,R8XR-24051402,MTX-12061,9751,Nuclei,1061736705,L8XR_240509_01_A12,2215_B03,human,Homo Sapiens,1363652493,NYGC
NY-MX12061-1,10xRSeq_Mult,HMBA_Macaque_Atlas+HMBA_Macaque_Atlas_H,ARC-RSEQ,1363746487,A8XR_240426_01_D01,R8XR-24051402,MTX-12061,10000,Nuclei,1061736705,L8XR_240502_02_G08,2207_A05,macaque,Macaca mulatta,1348644098,NYGC
NY-MX12061-2,10xRSeq_Mult,HMBA_Macaque_Atlas+HMBA_Macaque_Atlas_H,ARC-RSEQ,1363746491,A8XR_240426_01_F01,R8XR-24051402,MTX-12061,10000,Nuclei,1061736705,L8XR_240502_02_D07,2207_C05,macaque,Macaca mulatta,1348644096,NYGC
NY-MX12061-3,10xRSeq_Mult,HMBA_Macaque_Atlas+HMBA_Macaque_Atlas_CB,ARC-RSEQ,1363881546,A8XR_240430_02_D01,R8XR-24051402,MTX-12061,9316,Nuclei,1061736705,L8XR_240502_02_E08,2210_A08,macaque,Macaca mulatta,1363862259,NYGC
NY-MX12061-4,10xRSeq_Mult,HMBA_Macaque_Atlas+HMBA_Macaque_Atlas_CB,ARC-RSEQ,1363881550,A8XR_240430_02_E01,R8XR-24051402,MTX-12061,9409,Nuclei,1061736705,L8XR_240502_02_F08,2210_B08,macaque,Macaca mulatta,1363862257,NYGC
NY-MX12061-5,10xRSeq_Mult,HMBA_Macaque_Atlas+HMBA_Macaque_Atlas_CB,ARC-RSEQ,1363881540,A8XR_240430_02_A01,R8XR-24051402,MTX-12061,4658,Nuclei,1061736705,L8XR_240502_02_A09,2210_C08,macaque,Macaca mulatta,1363862256,NYGC
NY-MX12061-6,10xRSeq_Mult,HMBA_Macaque_Atlas+HMBA_Macaque_Atlas_CB,ARC-RSEQ,1363881542,A8XR_240430_02_B01,R8XR-24051402,MTX-12061,10000,Nuclei,1061736705,L8XR_240502_02_H07,2213_A02,macaque,Macaca mulatta,1363854804,NYGC
NY-MX12061-7,10xRSeq_Mult,HMBA_Macaque_Atlas+HMBA_Macaque_Atlas_CB,ARC-RSEQ,1363881544,A8XR_240430_02_C01,R8XR-24051402,MTX-12061,10000,Nuclei,1061736705,L8XR_240502_02_A08,2213_1_D02,macaque,Macaca mulatta,1363854800,NYGC
NY-MX12061-8,10xRSeq_Mult,HMBA_Human_Atlas+HMBA_Human_Atlas_CB,ARC-RSEQ,1365236947,A8XR_240503_01_A01,R8XR-24051402,MTX-12061,10000,Nuclei,1061736705,L8XR_240509_01_C11,2215_A03,human,Homo Sapiens,1363652494,NYGC
NY-MX12061-9,10xRSeq_Mult,HMBA_Human_Atlas+HMBA_Human_Atlas_CB,ARC-RSEQ,1365236974,A8XR_240503_01_B01,R8XR-24051402,MTX-12061,9751,Nuclei,1061736705,L8XR_240509_01_A12,2215_B03,human,Homo Sapiens,1363652493,NYGC
NY-MX12062-1,10xRSeq_Mult,HMBA_Human_Atlas+HMBA_Human_Atlas_CB,ARC-RSEQ,1365236976,A8XR_240503_01_C01,R8XR-24051403,MTX-12062,10000,Nuclei,1061736705,L8XR_240509_01_D11,2215_C03,human,Homo Sapiens,1363652492,NYGC
NY-MX12062-2,10xRSeq_Mult,HMBA_Human_Atlas+HMBA_Human_Atlas_CB,ARC-RSEQ,1365236979,A8XR_240503_01_D01,R8XR-24051403,MTX-12062,10000,Nuclei,1061736705,L8XR_240509_01_E11,2215_D03,human,Homo Sapiens,1364640107,NYGC
NY-MX12062-3,10xRSeq_Mult,HMBA_Human_Atlas+HMBA_Human_Atlas_CB,ARC-RSEQ,1365236982,A8XR_240503_01_E01,R8XR-24051403,MTX-12062,10000,Nuclei,1061736705,L8XR_240509_01_F11,2215_E03,human,Homo Sapiens,1364640106,NYGC
NY-MX12062-4,10xRSeq_Mult,HMBA_Human_Atlas+HMBA_Human_Atlas_CB,ARC-RSEQ,1365236985,A8XR_240503_01_F01,R8XR-24051403,MTX-12062,10000,Nuclei,1061736705,L8XR_240509_01_G11,2215_F03,human,Homo Sapiens,1364640105,NYGC
NY-MX12062-5,10xRSeq_Mult,HMBA_Macaque_Atlas+HMBA_Macaque_Atlas_H,ARC-RSEQ,1365237417,A8XR_240507_01_A01,R8XR-24051403,MTX-12062,10000,Nuclei,1061736705,L8XR_240509_21_E09,2222_A07,macaque,Macaca mulatta,1364402076,NYGC
NY-MX12062-6,10xRSeq_Mult,HMBA_Macaque_Atlas+HMBA_Macaque_Atlas_H,ARC-RSEQ,1365237419,A8XR_240507_01_B01,R8XR-24051403,MTX-12062,10000,Nuclei,1061736705,L8XR_240509_21_A10,2222_B07,macaque,Macaca mulatta,1364402075,NYGC
NY-MX12062-7,10xRSeq_Mult,HMBA_Macaque_Atlas+HMBA_Macaque_Atlas_H,ARC-RSEQ,1365237422,A8XR_240507_01_C01,R8XR-24051403,MTX-12062,10000,Nuclei,1061736705,L8XR_240509_21_B10,2222_C07,macaque,Macaca mulatta,1364402074,NYGC
NY-MX12062-8,10xRSeq_Mult,HMBA_Human_Atlas+HMBA_Human_Atlas_CB,ARC-RSEQ,1365237425,A8XR_240507_01_D01,R8XR-24051403,MTX-12062,10000,Nuclei,1061736705,L8XR_240509_21_F09,2224_A01,human,Homo Sapiens,1365019786,NYGC
NY-MX12062-9,10xRSeq_Mult,HMBA_Human_Atlas+HMBA_Human_Atlas_CB,ARC-RSEQ,1365237428,A8XR_240507_01_E01,R8XR-24051403,MTX-12062,10000,Nuclei,1061736705,L8XR_240509_21_G09,2224_C01,human,Homo Sapiens,1365019784,NYGC
NY-MX12062-1,10xRSeq_Mult,HMBA_Human_Atlas+HMBA_Human_Atlas_CB,ARC-RSEQ,1365236976,A8XR_240503_01_C01,R8XR-24051403,MTX-12062,10000,Nuclei,1061736705,L8XR_240509_01_D11,2215_C03,human,Homo Sapiens,1363652492,NYGC
NY-MX12062-2,10xRSeq_Mult,HMBA_Human_Atlas+HMBA_Human_Atlas_CB,ARC-RSEQ,1365236979,A8XR_240503_01_D01,R8XR-24051403,MTX-12062,10000,Nuclei,1061736705,L8XR_240509_01_E11,2215_D03,human,Homo Sapiens,1364640107,NYGC
NY-MX12062-3,10xRSeq_Mult,HMBA_Human_Atlas+HMBA_Human_Atlas_CB,ARC-RSEQ,1365236982,A8XR_240503_01_E01,R8XR-24051403,MTX-12062,10000,Nuclei,1061736705,L8XR_240509_01_F11,2215_E03,human,Homo Sapiens,1364640106,NYGC
NY-MX12062-4,10xRSeq_Mult,HMBA_Human_Atlas+HMBA_Human_Atlas_CB,ARC-RSEQ,1365236985,A8XR_240503_01_F01,R8XR-24051403,MTX-12062,10000,Nuclei,1061736705,L8XR_240509_01_G11,2215_F03,human,Homo Sapiens,1364640105,NYGC
NY-MX12062-5,10xRSeq_Mult,HMBA_Macaque_Atlas+HMBA_Macaque_Atlas_H,ARC-RSEQ,1365237417,A8XR_240507_01_A01,R8XR-24051403,MTX-12062,10000,Nuclei,1061736705,L8XR_240509_21_E09,2222_A07,macaque,Macaca mulatta,1364402076,NYGC
NY-MX12062-6,10xRSeq_Mult,HMBA_Macaque_Atlas+HMBA_Macaque_Atlas_H,ARC-RSEQ,1365237419,A8XR_240507_01_B01,R8XR-24051403,MTX-12062,10000,Nuclei,1061736705,L8XR_240509_21_A10,2222_B07,macaque,Macaca mulatta,1364402075,NYGC
NY-MX12062-7,10xRSeq_Mult,HMBA_Macaque_Atlas+HMBA_Macaque_Atlas_H,ARC-RSEQ,1365237422,A8XR_240507_01_C01,R8XR-24051403,MTX-12062,10000,Nuclei,1061736705,L8XR_240509_21_B10,2222_C07,macaque,Macaca mulatta,1364402074,NYGC
NY-MX12062-8,10xRSeq_Mult,HMBA_Human_Atlas+HMBA_Human_Atlas_CB,ARC-RSEQ,1365237425,A8XR_240507_01_D01,R8XR-24051403,MTX-12062,10000,Nuclei,1061736705,L8XR_240509_21_F09,2224_A01,human,Homo Sapiens,1365019786,NYGC
NY-MX12062-9,10xRSeq_Mult,HMBA_Human_Atlas+HMBA_Human_Atlas_CB,ARC-RSEQ,1365237428,A8XR_240507_01_E01,R8XR-24051403,MTX-12062,10000,Nuclei,1061736705,L8XR_240509_21_G09,2224_C01,human,Homo Sapiens,1365019784,NYGC
NY-MX12063-1,10xRSeq_Mult,HMBA_Human_Atlas+HMBA_Human_Atlas_CB,ARC-RSEQ,1365237430,A8XR_240507_01_F01,R8XR-24052101,MTX-12063,10000,Nuclei,1061736705,L8XR_240509_21_H09,2224_1_D01,human,Homo Sapiens,1365019783,NYGC
NY-MX12063-2,10xRSeq_Mult,HMBA_Human_Atlas+HMBA_Human_Atlas_CB,ARC-RSEQ,1366921655,A8XR_240510_01_B01,R8XR-24052101,MTX-12063,10000,Nuclei,1061736705,L8XR_240516_21_B02,2225_A02,human,Homo Sapiens,1366204850,NYGC
NY-MX12063-3,10xRSeq_Mult,HMBA_Human_Atlas+HMBA_Human_Atlas_CB,ARC-RSEQ,1366921658,A8XR_240510_01_C01,R8XR-24052101,MTX-12063,10000,Nuclei,1061736705,L8XR_240516_21_F01,2225_B02,human,Homo Sapiens,1366204848,NYGC
NY-MX12063-4,10xRSeq_Mult,HMBA_Human_Atlas+HMBA_Human_Atlas_CB,ARC-RSEQ,1366921660,A8XR_240510_01_D01,R8XR-24052101,MTX-12063,10000,Nuclei,1061736705,L8XR_240516_21_C02,2225_C02,human,Homo Sapiens,1366204847,NYGC
NY-MX12063-5,10xRSeq_Mult,HMBA_Human_Atlas+HMBA_Human_Atlas_CB,ARC-RSEQ,1366921662,A8XR_240510_01_E01,R8XR-24052101,MTX-12063,10000,Nuclei,1061736705,L8XR_240516_21_G01,2227_A04,human,Homo Sapiens,1365184438,NYGC
NY-MX12063-6,10xRSeq_Mult,HMBA_Human_Atlas+HMBA_Human_Atlas_CB,ARC-RSEQ,1366921653,A8XR_240510_01_A01,R8XR-24052101,MTX-12063,10000,Nuclei,1061736705,L8XR_240516_21_A02,2227_B04,human,Homo Sapiens,1365184436,NYGC
NY-MX12063-7,10xRSeq_Mult,HMBA_Macaque_Atlas+HMBA_Macaque_Atlas_CB,ARC-RSEQ,1366921664,A8XR_240510_01_F01,R8XR-24052101,MTX-12063,10000,Nuclei,1061736705,L8XR_240516_21_D02,2227_C04,macaque,Macaca mulatta,1365184435,NYGC
NY-MX12063-8,10xRSeq_Mult,BG_paper_Human+HMBA_Human_Atlas+HMBA_Human_Atlas_BN_BF,ARC-RSEQ,1366921666,A8XR_240510_01_G01,R8XR-24052101,MTX-12063,10000,Nuclei,1061736705,L8XR_240516_21_D12,2229_A06,human,Homo Sapiens,1366482747,NYGC
NY-MX12063-9,10xRSeq_Mult,BG_paper_Human+HMBA_Human_Atlas+HMBA_Human_Atlas_BN_BF,ARC-RSEQ,1366921668,A8XR_240510_01_H01,R8XR-24052101,MTX-12063,10000,Nuclei,1061736705,L8XR_240516_21_E12,2229_B06,human,Homo Sapiens,1366482746,NYGC
NY-MX12063-1,10xRSeq_Mult,HMBA_Human_Atlas+HMBA_Human_Atlas_CB,ARC-RSEQ,1365237430,A8XR_240507_01_F01,R8XR-24052101,MTX-12063,10000,Nuclei,1061736705,L8XR_240509_21_H09,2224_1_D01,human,Homo Sapiens,1365019783,NYGC
NY-MX12063-2,10xRSeq_Mult,HMBA_Human_Atlas+HMBA_Human_Atlas_CB,ARC-RSEQ,1366921655,A8XR_240510_01_B01,R8XR-24052101,MTX-12063,10000,Nuclei,1061736705,L8XR_240516_21_B02,2225_A02,human,Homo Sapiens,1366204850,NYGC
NY-MX12063-3,10xRSeq_Mult,HMBA_Human_Atlas+HMBA_Human_Atlas_CB,ARC-RSEQ,1366921658,A8XR_240510_01_C01,R8XR-24052101,MTX-12063,10000,Nuclei,1061736705,L8XR_240516_21_F01,2225_B02,human,Homo Sapiens,1366204848,NYGC
NY-MX12063-4,10xRSeq_Mult,HMBA_Human_Atlas+HMBA_Human_Atlas_CB,ARC-RSEQ,1366921660,A8XR_240510_01_D01,R8XR-24052101,MTX-12063,10000,Nuclei,1061736705,L8XR_240516_21_C02,2225_C02,human,Homo Sapiens,1366204847,NYGC
NY-MX12063-5,10xRSeq_Mult,HMBA_Human_Atlas+HMBA_Human_Atlas_CB,ARC-RSEQ,1366921662,A8XR_240510_01_E01,R8XR-24052101,MTX-12063,10000,Nuclei,1061736705,L8XR_240516_21_G01,2227_A04,human,Homo Sapiens,1365184438,NYGC
NY-MX12063-6,10xRSeq_Mult,HMBA_Human_Atlas+HMBA_Human_Atlas_CB,ARC-RSEQ,1366921653,A8XR_240510_01_A01,R8XR-24052101,MTX-12063,10000,Nuclei,1061736705,L8XR_240516_21_A02,2227_B04,human,Homo Sapiens,1365184436,NYGC
NY-MX12063-7,10xRSeq_Mult,HMBA_Macaque_Atlas+HMBA_Macaque_Atlas_CB,ARC-RSEQ,1366921664,A8XR_240510_01_F01,R8XR-24052101,MTX-12063,10000,Nuclei,1061736705,L8XR_240516_21_D02,2227_C04,macaque,Macaca mulatta,1365184435,NYGC
NY-MX12063-8,10xRSeq_Mult,BG_paper_Human+HMBA_Human_Atlas+HMBA_Human_Atlas_BN_BF,ARC-RSEQ,1366921666,A8XR_240510_01_G01,R8XR-24052101,MTX-12063,10000,Nuclei,1061736705,L8XR_240516_21_D12,2229_A06,human,Homo Sapiens,1366482747,NYGC
NY-MX12063-9,10xRSeq_Mult,BG_paper_Human+HMBA_Human_Atlas+HMBA_Human_Atlas_BN_BF,ARC-RSEQ,1366921668,A8XR_240510_01_H01,R8XR-24052101,MTX-12063,10000,Nuclei,1061736705,L8XR_240516_21_E12,2229_B06,human,Homo Sapiens,1366482746,NYGC
NY-MX12064-1,10xRSeq_Mult,BG_paper_Human+HMBA_Human_Atlas+HMBA_Human_Atlas_BN_BF,ARC-RSEQ,1366921671,A8XR_240510_01_A02,R8XR-24052902,MTX-12064,10000,Nuclei,1061736705,L8XR_240516_21_H12,2229_C06,human,Homo Sapiens,1366482745,NYGC
NY-MX12064-2,10xRSeq_Mult,BG_paper_Human+HMBA_Human_Atlas+HMBA_Human_Atlas_BN_BF,ARC-RSEQ,1366921674,A8XR_240510_01_B02,R8XR-24052902,MTX-12064,10000,Nuclei,1061736705,L8XR_240516_21_F12,2229_D06,human,Homo Sapiens,1366482744,NYGC
NY-MX12064-3,10xRSeq_Mult,HMBA_Cross_Species,ARC-RSEQ,1366921899,A8XR_240514_01_E01,R8XR-24052902,MTX-12064,9472,Nuclei,1061736705,L8XR_240523_22_F07,2231_B08,pig,Sus scrofa,1366492311,NYGC
NY-MX12064-4,10xRSeq_Mult,HMBA_Cross_Species,ARC-RSEQ,1366921901,A8XR_240514_01_F01,R8XR-24052902,MTX-12064,9472,Nuclei,1061736705,L8XR_240516_22_A04,2231_C08,pig,Sus scrofa,1366492312,NYGC
NY-MX12064-5,10xRSeq_Mult,HMBA_Cross_Species,ARC-RSEQ,1366921890,A8XR_240514_01_A01,R8XR-24052902,MTX-12064,6987,Nuclei,1061736705,L8XR_240516_22_H02,2231_1_D08,pig,Sus scrofa,1366492245,NYGC
NY-MX12064-6,10xRSeq_Mult,HMBA_Human_Atlas+HMBA_Human_Atlas_BN_BF,ARC-RSEQ,1366921892,A8XR_240514_01_B01,R8XR-24052902,MTX-12064,8260,Nuclei,1061736705,L8XR_240516_22_A03,2233_A02,human,Homo Sapiens,1366488706,NYGC
NY-MX12064-7,10xRSeq_Mult,BG_paper_Human+HMBA_Human_Atlas+HMBA_Human_Atlas_BN_BF,ARC-RSEQ,1366921894,A8XR_240514_01_C01,R8XR-24052902,MTX-12064,10000,Nuclei,1061736705,L8XR_240516_22_B03,2233_B02,human,Homo Sapiens,1366488705,NYGC
NY-MX12064-8,10xRSeq_Mult,BG_paper_Human+HMBA_Human_Atlas+HMBA_Human_Atlas_BN_BF,ARC-RSEQ,1366921897,A8XR_240514_01_D01,R8XR-24052902,MTX-12064,10000,Nuclei,1061736705,L8XR_240516_22_C03,2233_1_D02,human,Homo Sapiens,1366488703,NYGC
NY-MX12064-9,10xRSeq_Mult,HMBA_Human_Atlas+HMBA_Human_Atlas_BN_BF,ARC-RSEQ,1368152877,A8XR_240517_01_A01,R8XR-24052902,MTX-12064,10000,Nuclei,1061736705,L8XR_240523_21_F04,2235_A03,human,Homo Sapiens,1366913891,NYGC
NY-MX12064-1,10xRSeq_Mult,BG_paper_Human+HMBA_Human_Atlas+HMBA_Human_Atlas_BN_BF,ARC-RSEQ,1366921671,A8XR_240510_01_A02,R8XR-24052902,MTX-12064,10000,Nuclei,1061736705,L8XR_240516_21_H12,2229_C06,human,Homo Sapiens,1366482745,NYGC
NY-MX12064-2,10xRSeq_Mult,BG_paper_Human+HMBA_Human_Atlas+HMBA_Human_Atlas_BN_BF,ARC-RSEQ,1366921674,A8XR_240510_01_B02,R8XR-24052902,MTX-12064,10000,Nuclei,1061736705,L8XR_240516_21_F12,2229_D06,human,Homo Sapiens,1366482744,NYGC
NY-MX12064-3,10xRSeq_Mult,HMBA_Cross_Species,ARC-RSEQ,1366921899,A8XR_240514_01_E01,R8XR-24052902,MTX-12064,9472,Nuclei,1061736705,L8XR_240523_22_F07,2231_B08,pig,Sus scrofa,1366492311,NYGC
NY-MX12064-4,10xRSeq_Mult,HMBA_Cross_Species,ARC-RSEQ,1366921901,A8XR_240514_01_F01,R8XR-24052902,MTX-12064,9472,Nuclei,1061736705,L8XR_240516_22_A04,2231_C08,pig,Sus scrofa,1366492312,NYGC
NY-MX12064-5,10xRSeq_Mult,HMBA_Cross_Species,ARC-RSEQ,1366921890,A8XR_240514_01_A01,R8XR-24052902,MTX-12064,6987,Nuclei,1061736705,L8XR_240516_22_H02,2231_1_D08,pig,Sus scrofa,1366492245,NYGC
NY-MX12064-6,10xRSeq_Mult,HMBA_Human_Atlas+HMBA_Human_Atlas_BN_BF,ARC-RSEQ,1366921892,A8XR_240514_01_B01,R8XR-24052902,MTX-12064,8260,Nuclei,1061736705,L8XR_240516_22_A03,2233_A02,human,Homo Sapiens,1366488706,NYGC
NY-MX12064-7,10xRSeq_Mult,BG_paper_Human+HMBA_Human_Atlas+HMBA_Human_Atlas_BN_BF,ARC-RSEQ,1366921894,A8XR_240514_01_C01,R8XR-24052902,MTX-12064,10000,Nuclei,1061736705,L8XR_240516_22_B03,2233_B02,human,Homo Sapiens,1366488705,NYGC
NY-MX12064-8,10xRSeq_Mult,BG_paper_Human+HMBA_Human_Atlas+HMBA_Human_Atlas_BN_BF,ARC-RSEQ,1366921897,A8XR_240514_01_D01,R8XR-24052902,MTX-12064,10000,Nuclei,1061736705,L8XR_240516_22_C03,2233_1_D02,human,Homo Sapiens,1366488703,NYGC
NY-MX12064-9,10xRSeq_Mult,HMBA_Human_Atlas+HMBA_Human_Atlas_BN_BF,ARC-RSEQ,1368152877,A8XR_240517_01_A01,R8XR-24052902,MTX-12064,10000,Nuclei,1061736705,L8XR_240523_21_F04,2235_A03,human,Homo Sapiens,1366913891,NYGC
NY-MX12065-1,10xRSeq_Mult,BG_paper_Human+HMBA_Human_Atlas+HMBA_Human_Atlas_BN_BF,ARC-RSEQ,1368152879,A8XR_240517_01_B01,R8XR-24052903,MTX-12065,9689,Nuclei,1061736705,L8XR_240523_21_H04,2235_B03,human,Homo Sapiens,1366913890,NYGC
NY-MX12065-2,10xRSeq_Mult,HMBA_Human_Atlas+HMBA_Human_Atlas_BN_BF,ARC-RSEQ,1368152882,A8XR_240517_01_C01,R8XR-24052903,MTX-12065,10000,Nuclei,1061736705,L8XR_240523_21_B05,2235_C03,human,Homo Sapiens,1366913889,NYGC
NY-MX12065-3,10xRSeq_Mult,HMBA_Human_Atlas+HMBA_Human_Atlas_BN_BF,ARC-RSEQ,1368152884,A8XR_240517_01_D01,R8XR-24052903,MTX-12065,10000,Nuclei,1061736705,L8XR_240523_21_C05,2235_D03,human,Homo Sapiens,1366729626,NYGC
NY-MX12065-4,10xRSeq_Mult,BG_paper_Human+HMBA_Human_Atlas+HMBA_Human_Atlas_BN_BF,ARC-RSEQ,1368152886,A8XR_240517_01_E01,R8XR-24052903,MTX-12065,10000,Nuclei,1061736705,L8XR_240523_22_C08,2235_E03,human,Homo Sapiens,1366729625,NYGC
NY-MX12065-5,10xRSeq_Mult,BG_paper_Human+HMBA_Human_Atlas+HMBA_Human_Atlas_BN_BF,ARC-RSEQ,1368152890,A8XR_240517_01_F01,R8XR-24052903,MTX-12065,10000,Nuclei,1061736705,L8XR_240523_21_A05,2235_F03,human,Homo Sapiens,1366729624,NYGC
NY-MX12065-6,10xRSeq_Mult,HMBA_Human_Atlas+HMBA_Human_Atlas_HTH,ARC-RSEQ,1368152896,A8XR_240517_01_A02,R8XR-24052903,MTX-12065,10000,Nuclei,1061736705,L8XR_240523_22_A06,2238_C05,human,Homo Sapiens,1367688460,NYGC
NY-MX12065-7,10xRSeq_Mult,HMBA_Macaque_Atlas+HMBA_NHP_SpC,ARC-RSEQ,1368373030,A8XR_240521_01_B02,R8XR-24052903,MTX-12065,10000,Nuclei,1061736705,L8XR_240523_22_B08,2243_A09,macaque_nemestrina,Macaca nemestrina,1367748967,NYGC
NY-MX12065-8,10xRSeq_Mult,HMBA_Human_Atlas+HMBA_Human_Atlas_HTH,ARC-RSEQ,1368373009,A8XR_240521_01_A01,R8XR-24052903,MTX-12065,10000,Nuclei,1061736705,L8XR_240523_22_G07,2242_A08,human,Homo Sapiens,1367735668,NYGC
NY-MX12065-9,10xRSeq_Mult,HMBA_Human_Atlas+HMBA_Human_Atlas_HTH,ARC-RSEQ,1368373011,A8XR_240521_01_B01,R8XR-24052903,MTX-12065,10000,Nuclei,1061736705,L8XR_240523_22_F06,2242_B08,human,Homo Sapiens,1367735667,NYGC
NY-MX12065-1,10xRSeq_Mult,BG_paper_Human+HMBA_Human_Atlas+HMBA_Human_Atlas_BN_BF,ARC-RSEQ,1368152879,A8XR_240517_01_B01,R8XR-24052903,MTX-12065,9689,Nuclei,1061736705,L8XR_240523_21_H04,2235_B03,human,Homo Sapiens,1366913890,NYGC
NY-MX12065-2,10xRSeq_Mult,HMBA_Human_Atlas+HMBA_Human_Atlas_BN_BF,ARC-RSEQ,1368152882,A8XR_240517_01_C01,R8XR-24052903,MTX-12065,10000,Nuclei,1061736705,L8XR_240523_21_B05,2235_C03,human,Homo Sapiens,1366913889,NYGC
NY-MX12065-3,10xRSeq_Mult,HMBA_Human_Atlas+HMBA_Human_Atlas_BN_BF,ARC-RSEQ,1368152884,A8XR_240517_01_D01,R8XR-24052903,MTX-12065,10000,Nuclei,1061736705,L8XR_240523_21_C05,2235_D03,human,Homo Sapiens,1366729626,NYGC
NY-MX12065-4,10xRSeq_Mult,BG_paper_Human+HMBA_Human_Atlas+HMBA_Human_Atlas_BN_BF,ARC-RSEQ,1368152886,A8XR_240517_01_E01,R8XR-24052903,MTX-12065,10000,Nuclei,1061736705,L8XR_240523_22_C08,2235_E03,human,Homo Sapiens,1366729625,NYGC
NY-MX12065-5,10xRSeq_Mult,BG_paper_Human+HMBA_Human_Atlas+HMBA_Human_Atlas_BN_BF,ARC-RSEQ,1368152890,A8XR_240517_01_F01,R8XR-24052903,MTX-12065,10000,Nuclei,1061736705,L8XR_240523_21_A05,2235_F03,human,Homo Sapiens,1366729624,NYGC
NY-MX12065-6,10xRSeq_Mult,HMBA_Human_Atlas+HMBA_Human_Atlas_HTH,ARC-RSEQ,1368152896,A8XR_240517_01_A02,R8XR-24052903,MTX-12065,10000,Nuclei,1061736705,L8XR_240523_22_A06,2238_C05,human,Homo Sapiens,1367688460,NYGC
NY-MX12065-7,10xRSeq_Mult,HMBA_Macaque_Atlas+HMBA_NHP_SpC,ARC-RSEQ,1368373030,A8XR_240521_01_B02,R8XR-24052903,MTX-12065,10000,Nuclei,1061736705,L8XR_240523_22_B08,2243_A09,macaque_nemestrina,Macaca nemestrina,1367748967,NYGC
NY-MX12065-8,10xRSeq_Mult,HMBA_Human_Atlas+HMBA_Human_Atlas_HTH,ARC-RSEQ,1368373009,A8XR_240521_01_A01,R8XR-24052903,MTX-12065,10000,Nuclei,1061736705,L8XR_240523_22_G07,2242_A08,human,Homo Sapiens,1367735668,NYGC
NY-MX12065-9,10xRSeq_Mult,HMBA_Human_Atlas+HMBA_Human_Atlas_HTH,ARC-RSEQ,1368373011,A8XR_240521_01_B01,R8XR-24052903,MTX-12065,10000,Nuclei,1061736705,L8XR_240523_22_F06,2242_B08,human,Homo Sapiens,1367735667,NYGC
NY-MX12066-1,10xRSeq_Mult,HMBA_Human_Atlas+HMBA_Human_Atlas_HTH,ARC-RSEQ,1368152892,A8XR_240517_01_G01,R8XR-24060403,MTX-12066,10000,Nuclei,1061736705,L8XR_240530_01_B10,2238_A05,human,Homo Sapiens,1367688462,NYGC
NY-MX12066-2,10xRSeq_Mult,HMBA_Human_Atlas+HMBA_Human_Atlas_HTH,ARC-RSEQ,1368152894,A8XR_240517_01_H01,R8XR-24060403,MTX-12066,10000,Nuclei,1061736705,L8XR_240530_01_F09,2238_B05,human,Homo Sapiens,1367688461,NYGC
NY-MX12066-3,10xRSeq_Mult,HMBA_Human_Atlas+HMBA_Human_Atlas_HTH,ARC-RSEQ,1368373014,A8XR_240521_01_C01,R8XR-24060403,MTX-12066,10000,Nuclei,1061736705,L8XR_240523_22_G06,2242_C08,human,Homo Sapiens,1367735666,NYGC
NY-MX12066-4,10xRSeq_Mult,HMBA_Human_Atlas+HMBA_Human_Atlas_HTH,ARC-RSEQ,1368373017,A8XR_240521_01_D01,R8XR-24060403,MTX-12066,8602,Nuclei,1061736705,L8XR_240523_22_H06,2244_A01,human,Homo Sapiens,1368309914,NYGC
NY-MX12066-5,10xRSeq_Mult,HMBA_Human_Atlas+HMBA_Human_Atlas_BN_BF,ARC-RSEQ,1368373019,A8XR_240521_01_E01,R8XR-24060403,MTX-12066,10000,Nuclei,1061736705,L8XR_240523_22_A07,2244_B01,human,Homo Sapiens,1368309913,NYGC
NY-MX12066-6,10xRSeq_Mult,HMBA_Human_Atlas+HMBA_Human_Atlas_BN_BF,ARC-RSEQ,1368373021,A8XR_240521_01_F01,R8XR-24060403,MTX-12066,10000,Nuclei,1061736705,L8XR_240523_22_B07,2244_C01,human,Homo Sapiens,1368309912,NYGC
NY-MX12066-7,10xRSeq_Mult,HMBA_Human_Atlas+HMBA_Human_Atlas_HTH,ARC-RSEQ,1368373024,A8XR_240521_01_G01,R8XR-24060403,MTX-12066,10000,Nuclei,1061736705,L8XR_240523_22_C07,2244_D01,human,Homo Sapiens,1368318629,NYGC
NY-MX12066-8,10xRSeq_Mult,HMBA_Human_Atlas+HMBA_Human_Atlas_HTH,ARC-RSEQ,1368373026,A8XR_240521_01_H01,R8XR-24060403,MTX-12066,10000,Nuclei,1061736705,L8XR_240523_22_H07,2244_E01,human,Homo Sapiens,1368318628,NYGC
NY-MX12066-9,10xRSeq_Mult,HMBA_Human_Atlas+HMBA_Human_Atlas_HTH,ARC-RSEQ,1368373028,A8XR_240521_01_A02,R8XR-24060403,MTX-12066,10000,Nuclei,1061736705,L8XR_240523_22_A08,2244_F01,human,Homo Sapiens,1368318627,NYGC
NY-MX12067-1,10xRSeq_Mult,HMBA_Human_Atlas+HMBA_Human_Atlas_Cx,ARC-RSEQ,1369762670,A8XR_240524_01_A01,R8XR-24061103,MTX-12067,10000,Nuclei,1061736705,L8XR_240530_01_G09,2245_A02,human,Homo Sapiens,1368329651,NYGC
NY-MX12067-2,10xRSeq_Mult,BG_paper_Human+HMBA_Human_Atlas+HMBA_Human_Atlas_BN_BF,ARC-RSEQ,1369762672,A8XR_240524_01_B01,R8XR-24061103,MTX-12067,10000,Nuclei,1061736705,L8XR_240530_01_H09,2245_B02,human,Homo Sapiens,1368329650,NYGC
NY-MX12067-3,10xRSeq_Mult,HMBA_Human_Atlas+HMBA_Human_Atlas_HTH,ARC-RSEQ,1369762674,A8XR_240524_01_C01,R8XR-24061103,MTX-12067,10000,Nuclei,1061736705,L8XR_240530_01_C09,2245_C02,human,Homo Sapiens,1368329648,NYGC
NY-MX12067-4,10xRSeq_Mult,HMBA_Macaque_Atlas+HMBA_NHP_SpC,ARC-RSEQ,1369762677,A8XR_240524_01_D01,R8XR-24061103,MTX-12067,10000,Nuclei,1061736705,L8XR_240530_01_A10,2248_A04,macaque_nemestrina,Macaca nemestrina,1369597896,NYGC
NY-MX12067-5,10xRSeq_Mult,HMBA_Human_Atlas+HMBA_Human_Atlas_HTH,ARC-RSEQ,1371238111,A8XR_240531_01_E01,R8XR-24061103,MTX-12067,10000,Nuclei,1061736705,L8XR_240607_02_A05,2253_A01,human,Homo Sapiens,1369550136,NYGC
NY-MX12067-6,10xRSeq_Mult,BG_paper_Human+HMBA_Human_Atlas+HMBA_Human_Atlas_BN_BF,ARC-RSEQ,1371238114,A8XR_240531_01_F01,R8XR-24061103,MTX-12067,10000,Nuclei,1061736705,L8XR_240607_02_B05,2253_B01,human,Homo Sapiens,1369550135,NYGC
NY-MX12067-7,10xRSeq_Mult,BG_paper_Human+HMBA_Human_Atlas+HMBA_Human_Atlas_BN_BF,ARC-RSEQ,1371238116,A8XR_240531_01_G01,R8XR-24061103,MTX-12067,10000,Nuclei,1061736705,L8XR_240606_22_F02,2253_C01,human,Homo Sapiens,1369550134,NYGC
NY-MX12067-8,10xV4,10xV4_Pilot+BICAN_Dev_Atlas+BICAN_Dev_P14,CELL_RANGER_DUAL_INDEX,1371247677,A8TX_240604_02_A01,R8XR-24061103,MTX-12067,19977,Cells,1338019172,L8TX_240606_01_E03,2262_A02,mouse,Mus musculus,1370956713,NYGC
NY-MX12068-1,10xRSeq_Mult,BG_paper_Human+HMBA_Human_Atlas+HMBA_Human_Atlas_BN_BF,ARC-RSEQ,1371238118,A8XR_240531_01_H01,R8XR-24061104,MTX-12068,10000,Nuclei,1061736705,L8XR_240606_22_G02,2256_A03,human,Homo Sapiens,1370496178,NYGC
NY-MX12068-2,10xRSeq_Mult,HMBA_Human_Atlas+HMBA_Human_Atlas_AMY,ARC-RSEQ,1371238120,A8XR_240531_01_A02,R8XR-24061104,MTX-12068,10000,Nuclei,1061736705,L8XR_240607_02_C05,2256_B03,human,Homo Sapiens,1370496177,NYGC
NY-MX12068-3,10xRSeq_Mult,BG_paper_Human+HMBA_Human_Atlas+HMBA_Human_Atlas_BN_BF,ARC-RSEQ,1371238122,A8XR_240531_01_B02,R8XR-24061104,MTX-12068,10000,Nuclei,1061736705,L8XR_240606_22_E02,2256_C03,human,Homo Sapiens,1370496176,NYGC
NY-MX12068-4,10xRSeq_Mult,HMBA_Macaque_Atlas+HMBA_NHP_SpC,ARC-RSEQ,1371247482,A8XR_240604_01_B01,R8XR-24061104,MTX-12068,10000,Nuclei,1061736705,L8XR_240607_02_H05,2261_A07,macaque_nemestrina,Macaca nemestrina,1371142865,NYGC
NY-MX12068-5,10xRSeq_Mult,HMBA_Macaque_Atlas+HMBA_NHP_SpC,ARC-RSEQ,1371247484,A8XR_240604_01_C01,R8XR-24061104,MTX-12068,10000,Nuclei,1061736705,L8XR_240606_22_H02,2261_B07,macaque_nemestrina,Macaca nemestrina,1371143042,NYGC
NY-MX12068-6,10xRSeq_Mult,HMBA_Human_Atlas+HMBA_Human_Atlas_AMY,ARC-RSEQ,1371247487,A8XR_240604_01_D01,R8XR-24061104,MTX-12068,10000,Nuclei,1061736705,L8XR_240606_22_D02,2263_A01,human,Homo Sapiens,1370957842,NYGC
NY-MX12068-7,10xRSeq_Mult,BG_paper_Human+HMBA_Human_Atlas+HMBA_Human_Atlas_BN_BF,ARC-RSEQ,1371247490,A8XR_240604_01_E01,R8XR-24061104,MTX-12068,10000,Nuclei,1061736705,L8XR_240607_02_F05,2263_B01,human,Homo Sapiens,1370957841,NYGC
NY-MX12068-8,10xV4,10xV4_Pilot+BICAN_Dev_Atlas+BICAN_Dev_P14,CELL_RANGER_DUAL_INDEX,1371247679,A8TX_240604_02_B01,R8XR-24061104,MTX-12068,19980,Cells,1338019172,L8TX_240606_01_F03,2262_B02,mouse,Mus musculus,1370956714,NYGC
NY-MX12069-1,10xRSeq_Mult,BG_paper_Human+HMBA_Human_Atlas+HMBA_Human_Atlas_BN_BF,ARC-RSEQ,1371247480,A8XR_240604_01_A01,R8XR-24061801,MTX-12069,10000,Nuclei,1061736705,L8XR_240606_22_C02,2263_C01,human,Homo Sapiens,1370957840,NYGC
NY-MX12069-2,10xRSeq_Mult,BG_paper_Human+HMBA_Human_Atlas+HMBA_Human_Atlas_BN_BF,ARC-RSEQ,1371247493,A8XR_240604_01_F01,R8XR-24061801,MTX-12069,10000,Nuclei,1061736705,L8XR_240606_22_A02,2263_D01,human,Homo Sapiens,1370704046,NYGC
NY-MX12069-3,10xRSeq_Mult,BG_paper_Human+HMBA_Human_Atlas+HMBA_Human_Atlas_BN_BF,ARC-RSEQ,1371247495,A8XR_240604_01_G01,R8XR-24061801,MTX-12069,10000,Nuclei,1061736705,L8XR_240607_02_G04,2263_E01,human,Homo Sapiens,1370704045,NYGC
NY-MX12069-4,10xRSeq_Mult,HMBA_Human_Atlas+HMBA_Human_Atlas_M,ARC-RSEQ,1371247497,A8XR_240604_01_H01,R8XR-24061801,MTX-12069,10000,Nuclei,1061736705,L8XR_240607_02_G05,2263_F01,human,Homo Sapiens,1370704044,NYGC
NY-MX12069-5,10xRSeq_Mult,HMBA_Human_Atlas+HMBA_Human_Atlas_M,ARC-RSEQ,1372628821,A8XR_240607_01_A01,R8XR-24061801,MTX-12069,10000,Nuclei,1061736705,L8XR_240613_01_F07,2266_A03,human,Homo Sapiens,1371205111,NYGC
NY-MX12069-6,10xRSeq_Mult,HMBA_Human_Atlas+HMBA_Human_Atlas_M,ARC-RSEQ,1372628823,A8XR_240607_01_B01,R8XR-24061801,MTX-12069,10000,Nuclei,1061736705,L8XR_240613_01_G07,2266_B03,human,Homo Sapiens,1371205110,NYGC
NY-MX12069-7,10xRSeq_Mult,HMBA_Human_Atlas+HMBA_Human_Atlas_M,ARC-RSEQ,1372628826,A8XR_240607_01_C01,R8XR-24061801,MTX-12069,10000,Nuclei,1061736705,L8XR_240613_01_H07,2266_C03,human,Homo Sapiens,1371205109,NYGC
NY-MX12069-8,10xRSeq_Mult,BG_paper_Human+HMBA_Human_Atlas+HMBA_Human_Atlas_M,ARC-RSEQ,1372628828,A8XR_240607_01_D01,R8XR-24061801,MTX-12069,10000,Nuclei,1061736705,L8XR_240613_01_H06,2269_1_D06,human,Homo Sapiens,1372047642,NYGC
NY-MX12069-9,10xRSeq_Mult,BG_paper_Human+HMBA_Human_Atlas+HMBA_Human_Atlas_BN_BF,ARC-RSEQ,1372628831,A8XR_240607_01_E01,R8XR-24061801,MTX-12069,10000,Nuclei,1061736705,L8XR_240613_01_H08,2269_1_E06,human,Homo Sapiens,1372047641,NYGC
NY-MX12070-1,10xRSeq_Mult,BG_paper_Human+HMBA_Human_Atlas+HMBA_Human_Atlas_BN_BF,ARC-RSEQ,1372628834,A8XR_240607_01_F01,R8XR-24061802,MTX-12070,10000,Nuclei,1061736705,L8XR_240613_01_A08,2269_1_F06,human,Homo Sapiens,1372047640,NYGC
NY-MX12070-2,10xRSeq_Mult,HMBA_Cross_Species,ARC-RSEQ,1373247576,A8XR_240611_01_B02,R8XR-24061802,MTX-12070,10000,Nuclei,1061736705,L8XR_240613_01_B09,2273_A10,chimp,Pan troglodytes,1372383808,NYGC
NY-MX12070-3,10xRSeq_Mult,HMBA_Cross_Species,ARC-RSEQ,1373247579,A8XR_240611_01_C02,R8XR-24061802,MTX-12070,10000,Nuclei,1061736705,L8XR_240613_01_F08,2273_B10,chimp,Pan troglodytes,1372383809,NYGC
NY-MX12070-4,10xRSeq_Mult,HMBA_Cross_Species,ARC-RSEQ,1373247581,A8XR_240611_01_D02,R8XR-24061802,MTX-12070,10000,Nuclei,1061736705,L8XR_240613_01_G08,2273_C10,chimp,Pan troglodytes,1372384146,NYGC
NY-MX12070-5,10xRSeq_Mult,BG_paper_Human+HMBA_Human_Atlas+HMBA_Human_Atlas_BN_BF,ARC-RSEQ,1373247554,A8XR_240611_01_A01,R8XR-24061802,MTX-12070,10000,Nuclei,1061736705,L8XR_240613_01_B08,2271_A08,human,Homo Sapiens,1371420097,NYGC
NY-MX12070-6,10xRSeq_Mult,BG_paper_Human+HMBA_Human_Atlas+HMBA_Human_Atlas_BN_BF,ARC-RSEQ,1373247557,A8XR_240611_01_B01,R8XR-24061802,MTX-12070,10000,Nuclei,1061736705,L8XR_240613_01_C08,2271_B08,human,Homo Sapiens,1371420096,NYGC
NY-MX12070-7,10xRSeq_Mult,BG_paper_Human+HMBA_Human_Atlas+HMBA_Human_Atlas_BN_BF,ARC-RSEQ,1373247559,A8XR_240611_01_C01,R8XR-24061802,MTX-12070,10000,Nuclei,1061736705,L8XR_240613_01_D08,2271_C08,human,Homo Sapiens,1371420095,NYGC
NY-MX12070-8,10xRSeq_Mult,HMBA_Human_Atlas+HMBA_Human_Atlas_Cx,ARC-RSEQ,1373247562,A8XR_240611_01_D01,R8XR-24061802,MTX-12070,10000,Nuclei,1061736705,L8XR_240613_01_C09,2275_A02,human,Homo Sapiens,1372899873,NYGC
NY-MX12070-9,10xRSeq_Mult,HMBA_Human_Atlas+HMBA_Human_Atlas_Cx,ARC-RSEQ,1373247565,A8XR_240611_01_E01,R8XR-24061802,MTX-12070,10000,Nuclei,1061736705,L8XR_240613_01_A07,2275_B02,human,Homo Sapiens,1372899871,NYGC
NY-MX12071-1,10xRSeq_Mult,HMBA_Human_Atlas+HMBA_Human_Atlas_Cx,ARC-RSEQ,1373247567,A8XR_240611_01_F01,R8XR-24062502,MTX-12071,10000,Nuclei,1061736705,L8XR_240613_01_A09,2275_C02,human,Homo Sapiens,1372899870,NYGC
NY-MX12071-2,10xRSeq_Mult,BG_paper_Human+HMBA_Human_Atlas+HMBA_Human_Atlas_BN_BF,ARC-RSEQ,1373247569,A8XR_240611_01_G01,R8XR-24062502,MTX-12071,10000,Nuclei,1061736705,L8XR_240613_01_B07,2275_D02,human,Homo Sapiens,1372051586,NYGC
NY-MX12071-3,10xRSeq_Mult,BG_paper_Human+HMBA_Human_Atlas+HMBA_Human_Atlas_BN_BF,ARC-RSEQ,1373247571,A8XR_240611_01_H01,R8XR-24062502,MTX-12071,10000,Nuclei,1061736705,L8XR_240613_01_C07,2275_E02,human,Homo Sapiens,1372051585,NYGC
NY-MX12071-4,10xRSeq_Mult,HMBA_Human_Atlas+HMBA_Human_Atlas_Cx,ARC-RSEQ,1373247573,A8XR_240611_01_A02,R8XR-24062502,MTX-12071,10000,Nuclei,1061736705,L8XR_240613_01_E08,2275_F02,human,Homo Sapiens,1372051584,NYGC
NY-MX12071-5,10xRSeq_Mult,HMBA_Human_Atlas+HMBA_Human_Atlas_Cx,ARC-RSEQ,1374596352,A8XR_240614_01_A01,R8XR-24062502,MTX-12071,8726,Nuclei,1061736705,L8XR_240620_01_B12,2277_A04,human,Homo Sapiens,1373192197,NYGC
NY-MX12071-6,10xRSeq_Mult,HMBA_Human_Atlas+HMBA_Human_Atlas_Cx,ARC-RSEQ,1374596358,A8XR_240614_01_B01,R8XR-24062502,MTX-12071,10000,Nuclei,1061736705,L8XR_240620_01_C12,2277_B04,human,Homo Sapiens,1373192196,NYGC
NY-MX12071-7,10xRSeq_Mult,BG_paper_Human+HMBA_Human_Atlas+HMBA_Human_Atlas_BN_BF,ARC-RSEQ,1374596360,A8XR_240614_01_C01,R8XR-24062502,MTX-12071,10000,Nuclei,1061736705,L8XR_240620_01_F10,2277_C04,human,Homo Sapiens,1373192195,NYGC
NY-MX12071-8,10xRSeq_Mult,BG_paper_Human+HMBA_Human_Atlas+HMBA_Human_Atlas_BN_BF,ARC-RSEQ,1374596363,A8XR_240614_01_D01,R8XR-24062502,MTX-12071,10000,Nuclei,1061736705,L8XR_240620_01_G10,2278_A05,human,Homo Sapiens,1372641623,NYGC
NY-MX12071-9,10xRSeq_Mult,BG_paper_Human+HMBA_Human_Atlas+HMBA_Human_Atlas_BN_BF,ARC-RSEQ,1374596365,A8XR_240614_01_E01,R8XR-24062502,MTX-12071,10000,Nuclei,1061736705,L8XR_240620_01_H10,2278_B05,human,Homo Sapiens,1372641622,NYGC
NY-MX12072-1,10xRSeq_Mult,BG_paper_Human+HMBA_Human_Atlas+HMBA_Human_Atlas_BN_BF,ARC-RSEQ,1374596368,A8XR_240614_01_F01,R8XR-24062503,MTX-12072,10000,Nuclei,1061736705,L8XR_240620_01_A11,2278_C05,human,Homo Sapiens,1372641621,NYGC
NY-MX12072-2,10xRSeq_Mult,HMBA_Cross_Species,ARC-RSEQ,1374596370,A8XR_240614_01_G01,R8XR-24062503,MTX-12072,10000,Nuclei,1061736705,L8XR_240620_01_B11,2279_A06,chimp,Pan troglodytes,1373273052,NYGC
NY-MX12072-3,10xRSeq_Mult,HMBA_Cross_Species,ARC-RSEQ,1374596372,A8XR_240614_01_H01,R8XR-24062503,MTX-12072,10000,Nuclei,1061736705,L8XR_240620_01_C11,2279_B06,chimp,Pan troglodytes,1373273053,NYGC
NY-MX12072-4,10xRSeq_Mult,HMBA_Cross_Species,ARC-RSEQ,1374596375,A8XR_240614_01_A02,R8XR-24062503,MTX-12072,10000,Nuclei,1061736705,L8XR_240620_01_D10,2279_C06,chimp,Pan troglodytes,1373276257,NYGC
NY-MX12072-5,10xRSeq_Mult,BG_paper_Human+HMBA_Human_Atlas+HMBA_Human_Atlas_BN_BF,ARC-RSEQ,1374598929,A8XR_240618_01_A01,R8XR-24062503,MTX-12072,10000,Nuclei,1061736705,L8XR_240620_01_D11,2283_A08,human,Homo Sapiens,1373273262,NYGC
NY-MX12072-6,10xRSeq_Mult,BG_paper_Human+HMBA_Human_Atlas+HMBA_Human_Atlas_BN_BF,ARC-RSEQ,1374598932,A8XR_240618_01_B01,R8XR-24062503,MTX-12072,10000,Nuclei,1061736705,L8XR_240620_01_E11,2283_B08,human,Homo Sapiens,1373273261,NYGC
NY-MX12072-7,10xRSeq_Mult,HMBA_Human_Atlas+HMBA_Human_Atlas_THM,ARC-RSEQ,1374598934,A8XR_240618_01_C01,R8XR-24062503,MTX-12072,10000,Nuclei,1061736705,L8XR_240620_01_F11,2283_C08,human,Homo Sapiens,1373273260,NYGC
NY-MX12072-8,10xRSeq_Mult,HMBA_Human_Atlas+HMBA_Human_Atlas_THM,ARC-RSEQ,1374598942,A8XR_240618_01_F01,R8XR-24062503,MTX-12072,10000,Nuclei,1061736705,L8XR_240620_01_G11,2285_A01,human,Homo Sapiens,1374165492,NYGC
NY-MX12072-9,10xRSeq_Mult,HMBA_Human_Atlas+HMBA_Human_Atlas_THM,ARC-RSEQ,1374598944,A8XR_240618_01_G01,R8XR-24062503,MTX-12072,10000,Nuclei,1061736705,L8XR_240620_01_H11,2285_B01,human,Homo Sapiens,1374165491,NYGC
NY-MX12073-1,10xRSeq_Mult,HMBA_Human_Atlas+HMBA_Human_Atlas_THM,ARC-RSEQ,1374598947,A8XR_240618_01_H01,R8XR-24070203,MTX-12073,10000,Nuclei,1061736705,L8XR_240620_01_A12,2285_C01,human,Homo Sapiens,1374165490,NYGC
NY-MX12073-2,10xRSeq_Mult,HMBA_Human_Atlas+HMBA_Human_Atlas_Cx,ARC-RSEQ,1374598949,A8XR_240618_01_A02,R8XR-24070203,MTX-12073,10000,Nuclei,1061736705,L8XR_240620_01_A10,2285_D01,human,Homo Sapiens,1373966853,NYGC
NY-MX12073-3,10xRSeq_Mult,HMBA_Human_Atlas+HMBA_Human_Atlas_Cx,ARC-RSEQ,1374598951,A8XR_240618_01_B02,R8XR-24070203,MTX-12073,10000,Nuclei,1061736705,L8XR_240620_01_B10,2285_E01,human,Homo Sapiens,1373966852,NYGC
NY-MX12073-4,10xRSeq_Mult,HMBA_Human_Atlas+HMBA_Human_Atlas_Cx,ARC-RSEQ,1374598955,A8XR_240618_01_C02,R8XR-24070203,MTX-12073,10000,Nuclei,1061736705,L8XR_240620_01_C10,2285_F01,human,Homo Sapiens,1373966851,NYGC
NY-MX12073-5,10xRSeq_Mult,HMBA_Human_Atlas+HMBA_Human_Atlas_Cx,ARC-RSEQ,1376121668,A8XR_240621_01_A01,R8XR-24070203,MTX-12073,10000,Nuclei,1061736705,L8XR_240627_21_E03,2289_B04,human,Homo Sapiens,1374613799,NYGC
NY-MX12073-6,10xRSeq_Mult,HMBA_Human_Atlas+HMBA_Human_Atlas_THM,ARC-RSEQ,1376121670,A8XR_240621_01_B01,R8XR-24070203,MTX-12073,10000,Nuclei,1061736705,L8XR_240627_21_A04,2289_C04,human,Homo Sapiens,1374613798,NYGC
NY-MX12073-7,10xRSeq_Mult,BG_paper_Human+HMBA_Human_Atlas+HMBA_Human_Atlas_BN_BF,ARC-RSEQ,1376121672,A8XR_240621_01_C01,R8XR-24070203,MTX-12073,10000,Nuclei,1061736705,L8XR_240627_21_A02,2289_D04,human,Homo Sapiens,1376030385,NYGC
NY-MX12073-8,10xRSeq_Mult,BG_paper_Human+HMBA_Human_Atlas+HMBA_Human_Atlas_BN_BF,ARC-RSEQ,1376121674,A8XR_240621_01_D01,R8XR-24070203,MTX-12073,10000,Nuclei,1061736705,L8XR_240627_21_D02,2289_E04,human,Homo Sapiens,1376030384,NYGC
NY-MX12073-9,10xRSeq_Mult,BG_paper_Human+HMBA_Human_Atlas+HMBA_Human_Atlas_BN_BF,ARC-RSEQ,1376121676,A8XR_240621_01_E01,R8XR-24070203,MTX-12073,10000,Nuclei,1061736705,L8XR_240627_21_F01,2289_F04,human,Homo Sapiens,1376030383,NYGC
NY-MX12074-1,10xRSeq_Mult,HMBA_Human_Atlas+HMBA_Human_Atlas_Cx,ARC-RSEQ,1376121678,A8XR_240621_01_F01,R8XR-24070904,MTX-12074,10000,Nuclei,1061736705,L8XR_240627_21_F03,2289_1_G04,human,Homo Sapiens,1374613794,NYGC
NY-MX12074-2,10xRSeq_Mult,HMBA_Macaque_Atlas+HMBA_NHP_SpC,ARC-RSEQ,1376298494,A8XR_240625_01_A01,R8XR-24070904,MTX-12074,10000,Nuclei,1061736705,L8XR_240705_01_E06,2292_A06,macaque_nemestrina,Macaca nemestrina,1376279145,NYGC
NY-MX12074-3,10xRSeq_Mult,HMBA_Macaque_Atlas+HMBA_NHP_SpC,ARC-RSEQ,1376298496,A8XR_240625_01_B01,R8XR-24070904,MTX-12074,10000,Nuclei,1061736705,L8XR_240705_01_F06,2292_B06,macaque_nemestrina,Macaca nemestrina,1376279223,NYGC
NY-MX12074-4,10xRSeq_Mult,HMBA_Human_Atlas+HMBA_Human_Atlas_THM,ARC-RSEQ,1376298498,A8XR_240625_01_C01,R8XR-24070904,MTX-12074,10000,Nuclei,1061736705,L8XR_240627_21_G01,2294_A01,human,Homo Sapiens,1375863927,NYGC
NY-MX12074-5,10xRSeq_Mult,HMBA_Human_Atlas+HMBA_Human_Atlas_THM,ARC-RSEQ,1376298500,A8XR_240625_01_D01,R8XR-24070904,MTX-12074,10000,Nuclei,1061736705,L8XR_240627_21_H02,2294_B01,human,Homo Sapiens,1375863926,NYGC
NY-MX12074-6,10xRSeq_Mult,HMBA_Human_Atlas+HMBA_Human_Atlas_THM,ARC-RSEQ,1376298502,A8XR_240625_01_E01,R8XR-24070904,MTX-12074,10000,Nuclei,1061736705,L8XR_240627_21_H01,2294_C01,human,Homo Sapiens,1375863925,NYGC
NY-MX12074-7,10xRSeq_Mult,HMBA_Human_Atlas+HMBA_Human_Atlas_THM,ARC-RSEQ,1376298505,A8XR_240625_01_F01,R8XR-24070904,MTX-12074,10000,Nuclei,1061736705,L8XR_240627_21_A03,2294_D01,human,Homo Sapiens,1375836372,NYGC
NY-MX12074-8,10xRSeq_Mult,HMBA_Human_Atlas+HMBA_Human_Atlas_THM,ARC-RSEQ,1376298508,A8XR_240625_01_G01,R8XR-24070904,MTX-12074,10000,Nuclei,1061736705,L8XR_240627_21_B03,2294_F01,human,Homo Sapiens,1375836370,NYGC
NY-MX12074-9,10xRSeq_Mult,HMBA_Human_Atlas+HMBA_Human_Atlas_THM,ARC-RSEQ,1376298510,A8XR_240625_01_H01,R8XR-24070904,MTX-12074,10000,Nuclei,1061736705,L8XR_240627_21_B02,2294_1_G01,human,Homo Sapiens,1375836369,NYGC
NY-MX12075-1,10xRSeq_Mult,HMBA_Human_Atlas+HMBA_Human_Atlas_BN_BF,ARC-RSEQ,1378192608,A8XR_240628_01_C01,R8XR-24070905,MTX-12075,10000,Nuclei,1061736705,L8XR_240705_01_C06,2295_A02,human,Homo Sapiens,1375870011,NYGC
NY-MX12075-2,10xRSeq_Mult,HMBA_Human_Atlas+HMBA_Human_Atlas_BN_BF,ARC-RSEQ,1378192611,A8XR_240628_01_D01,R8XR-24070905,MTX-12075,10000,Nuclei,1061736705,L8XR_240705_01_D07,2295_B02,human,Homo Sapiens,1375870010,NYGC
NY-MX12075-3,10xRSeq_Mult,BG_paper_Human+HMBA_Human_Atlas+HMBA_Human_Atlas_BN_BF,ARC-RSEQ,1378192613,A8XR_240628_01_E01,R8XR-24070905,MTX-12075,10000,Nuclei,1061736705,L8XR_240705_01_F05,2295_C02,human,Homo Sapiens,1375870009,NYGC
NY-MX12075-4,10xRSeq_Mult,BG_paper_Human+HMBA_Human_Atlas+HMBA_Human_Atlas_BN_BF,ARC-RSEQ,1378192617,A8XR_240628_01_F01,R8XR-24070905,MTX-12075,10000,Nuclei,1061736705,L8XR_240705_01_G05,2295_D02,human,Homo Sapiens,1375864976,NYGC
NY-MX12075-5,10xRSeq_Mult,BG_paper_Human+HMBA_Human_Atlas+HMBA_Human_Atlas_BN_BF,ARC-RSEQ,1378192620,A8XR_240628_01_G01,R8XR-24070905,MTX-12075,10000,Nuclei,1061736705,L8XR_240705_01_H05,2295_E02,human,Homo Sapiens,1375864975,NYGC
NY-MX12075-6,10xRSeq_Mult,HMBA_Human_Atlas+HMBA_Human_Atlas_THM,ARC-RSEQ,1378192623,A8XR_240628_01_H01,R8XR-24070905,MTX-12075,10000,Nuclei,1061736705,L8XR_240705_01_D06,2295_F02,human,Homo Sapiens,1375864973,NYGC
NY-MX12075-7,10xRSeq_Mult,HMBA_Macaque_Atlas+HMBA_NHP_SpC,ARC-RSEQ,1378192625,A8XR_240628_01_A02,R8XR-24070905,MTX-12075,10000,Nuclei,1061736705,L8XR_240705_01_E07,2297_A04,macaque_nemestrina,Macaca nemestrina,1378171300,NYGC
NY-MX12075-8,10xRSeq_Mult,HMBA_Macaque_Atlas+HMBA_NHP_SpC,ARC-RSEQ,1378192599,A8XR_240628_01_A01,R8XR-24070905,MTX-12075,10000,Nuclei,1061736705,L8XR_240705_01_C07,2297_B04,macaque_nemestrina,Macaca nemestrina,1378174581,NYGC
NY-MX12075-9,10xRSeq_Mult,HMBA_Cross_Species,ARC-RSEQ,1378192743,A8XR_240702_01_G01,R8XR-24070905,MTX-12075,10000,Nuclei,1061736705,L8XR_240705_01_E05,2303_A07,gray_mouse_lemur,Microcebus murinus,1378188312,NYGC
NY-MX12076-1,10xRSeq_Mult,HMBA_Cross_Species,ARC-RSEQ,1378192747,A8XR_240702_01_H01,R8XR-24071601,MTX-12076,10000,Nuclei,1061736705,L8XR_240705_01_B07,2303_B07,gray_mouse_lemur,Microcebus murinus,1378188383,NYGC
NY-MX12076-2,10xRSeq_Mult,BG_paper_Human+HMBA_Human_Atlas+HMBA_Human_Atlas_BN_BF,ARC-RSEQ,1378192721,A8XR_240702_01_A01,R8XR-24071601,MTX-12076,10000,Nuclei,1061736705,L8XR_240705_01_G06,2305_A01,human,Homo Sapiens,1377338466,NYGC
NY-MX12076-3,10xRSeq_Mult,BG_paper_Human+HMBA_Human_Atlas+HMBA_Human_Atlas_BN_BF,ARC-RSEQ,1378192723,A8XR_240702_01_B01,R8XR-24071601,MTX-12076,10000,Nuclei,1061736705,L8XR_240705_01_D05,2305_B01,human,Homo Sapiens,1377338465,NYGC
NY-MX12076-4,10xRSeq_Mult,BG_paper_Human+HMBA_Human_Atlas+HMBA_Human_Atlas_BN_BF,ARC-RSEQ,1378192725,A8XR_240702_01_C01,R8XR-24071601,MTX-12076,10000,Nuclei,1061736705,L8XR_240705_01_H06,2305_C01,human,Homo Sapiens,1377338464,NYGC
NY-MX12076-5,10xRSeq_Mult,BG_paper_Human+HMBA_Human_Atlas+HMBA_Human_Atlas_BN_BF,ARC-RSEQ,1378192730,A8XR_240702_01_D01,R8XR-24071601,MTX-12076,10000,Nuclei,1061736705,L8XR_240705_01_A07,2305_D01,human,Homo Sapiens,1377312057,NYGC
NY-MX12076-6,10xRSeq_Mult,BG_paper_Human+HMBA_Human_Atlas+HMBA_Human_Atlas_BN_BF,ARC-RSEQ,1378192735,A8XR_240702_01_E01,R8XR-24071601,MTX-12076,10000,Nuclei,1061736705,L8XR_240705_01_A06,2305_E01,human,Homo Sapiens,1377312056,NYGC
NY-MX12076-7,10xRSeq_Mult,BG_paper_Human+HMBA_Human_Atlas+HMBA_Human_Atlas_BN_BF,ARC-RSEQ,1378192740,A8XR_240702_01_F01,R8XR-24071601,MTX-12076,10000,Nuclei,1061736705,L8XR_240705_01_B06,2305_F01,human,Homo Sapiens,1377312055,NYGC
NY-MX12076-8,10xRSeq_Mult,BG_paper_Human+HMBA_Human_Atlas+HMBA_Human_Atlas_BN_BF,ARC-RSEQ,1379697834,A8XR_240705_01_B01,R8XR-24071601,MTX-12076,10000,Nuclei,1061736705,L8XR_240711_01_A09,2306_A02,human,Homo Sapiens,1378669729,NYGC
NY-MX12076-9,10xRSeq_Mult,BG_paper_Human+HMBA_Human_Atlas+HMBA_Human_Atlas_BN_BF,ARC-RSEQ,1379697836,A8XR_240705_01_C01,R8XR-24071601,MTX-12076,10000,Nuclei,1061736705,L8XR_240711_01_B08,2306_B02,human,Homo Sapiens,1378669728,NYGC
NY-MX12077-1,10xRSeq_Mult,BG_paper_Human+HMBA_Human_Atlas+HMBA_Human_Atlas_BN_BF,ARC-RSEQ,1379697839,A8XR_240705_01_D01,R8XR-24071602,MTX-12077,10000,Nuclei,1061736705,L8XR_240711_01_C08,2306_C02,human,Homo Sapiens,1378669727,NYGC
NY-MX12077-2,10xRSeq_Mult,BG_paper_Human+HMBA_Human_Atlas+HMBA_Human_Atlas_BN_BF,ARC-RSEQ,1379697841,A8XR_240705_01_E01,R8XR-24071602,MTX-12077,10000,Nuclei,1061736705,L8XR_240711_01_A08,2309_A05,human,Homo Sapiens,1378167784,NYGC
NY-MX12077-3,10xRSeq_Mult,HMBA_Human_Atlas+HMBA_Human_Atlas_THM,ARC-RSEQ,1379697843,A8XR_240705_01_F01,R8XR-24071602,MTX-12077,10000,Nuclei,1061736705,L8XR_240711_01_E09,2309_B05,human,Homo Sapiens,1378167783,NYGC
NY-MX12077-4,10xRSeq_Mult,HMBA_Human_Atlas+HMBA_Human_Atlas_THM,ARC-RSEQ,1379697845,A8XR_240705_01_G01,R8XR-24071602,MTX-12077,10000,Nuclei,1061736705,L8XR_240711_01_B09,2309_C05,human,Homo Sapiens,1378167782,NYGC
NY-MX12077-5,10xRSeq_Mult,HMBA_Cross_Species,ARC-RSEQ,1379697848,A8XR_240705_01_H01,R8XR-24071602,MTX-12077,10000,Nuclei,1061736705,L8XR_240711_01_C09,2310_A06,gray_mouse_lemur,Microcebus murinus,1378671835,NYGC
NY-MX12077-6,10xRSeq_Mult,HMBA_Cross_Species,ARC-RSEQ,1379697851,A8XR_240705_01_A02,R8XR-24071602,MTX-12077,10000,Nuclei,1061736705,L8XR_240711_01_D09,2310_B06,gray_mouse_lemur,Microcebus murinus,1378671836,NYGC
NY-MX12077-7,10xRSeq_Mult,HMBA_Cross_Species,ARC-RSEQ,1379697853,A8XR_240705_01_B02,R8XR-24071602,MTX-12077,10000,Nuclei,1061736705,L8XR_240711_01_D08,2310_C06,gray_mouse_lemur,Microcebus murinus,1378671938,NYGC
NY-MX12077-8,10xRSeq_Mult,HMBA_Cross_Species,ARC-RSEQ,1379697855,A8XR_240705_01_C02,R8XR-24071602,MTX-12077,10000,Nuclei,1061736705,L8XR_240711_01_E08,2310_D06,gray_mouse_lemur,Microcebus murinus,1378671939,NYGC
NY-MX12077-9,10xRSeq_Mult,HMBA_Macaque_Atlas+HMBA_NHP_SpC,ARC-RSEQ,1379527298,A8XR_240709_01_B01,R8XR-24071602,MTX-12077,10000,Nuclei,1061736705,L8XR_240711_21_G11,2312_A08,macaque_nemestrina,Macaca nemestrina,1378677200,NYGC
NY-MX12078-1,10xRSeq_Mult,HMBA_Macaque_Atlas+HMBA_NHP_SpC,ARC-RSEQ,1379527315,A8XR_240709_01_A02,R8XR-24072304,MTX-12078,10000,Nuclei,1061736705,L8XR_240711_21_D11,2312_B08,macaque_nemestrina,Macaca nemestrina,1378677281,NYGC
NY-MX12078-2,10xRSeq_Mult,HMBA_Human_Atlas+HMBA_Human_Atlas_THM,ARC-RSEQ,1379527300,A8XR_240709_01_C01,R8XR-24072304,MTX-12078,10000,Nuclei,1061736705,L8XR_240711_21_A11,2314_A02,human,Homo Sapiens,1378737536,NYGC
NY-MX12078-3,10xRSeq_Mult,HMBA_Human_Atlas+HMBA_Human_Atlas_THM,ARC-RSEQ,1379527302,A8XR_240709_01_D01,R8XR-24072304,MTX-12078,10000,Nuclei,1061736705,L8XR_240711_21_E10,2314_B02,human,Homo Sapiens,1378737535,NYGC
NY-MX12078-4,10xRSeq_Mult,HMBA_Human_Atlas+HMBA_Human_Atlas_HTH,ARC-RSEQ,1379527304,A8XR_240709_01_E01,R8XR-24072304,MTX-12078,10000,Nuclei,1061736705,L8XR_240711_21_F10,2314_C02,human,Homo Sapiens,1378737534,NYGC
NY-MX12078-5,10xRSeq_Mult,BG_paper_exclude+HMBA_Human_Atlas+HMBA_Human_Atlas_M,ARC-RSEQ,1379527296,A8XR_240709_01_A01,R8XR-24072304,MTX-12078,10000,Nuclei,1061736705,L8XR_240711_21_E11,2314_D02,human,Homo Sapiens,1379226875,NYGC
NY-MX12078-6,10xRSeq_Mult,HMBA_Human_Atlas+HMBA_Human_Atlas_THM,ARC-RSEQ,1379527306,A8XR_240709_01_F01,R8XR-24072304,MTX-12078,10000,Nuclei,1061736705,L8XR_240711_21_B11,2314_E02,human,Homo Sapiens,1379226874,NYGC
NY-MX12078-7,10xRSeq_Mult,BG_paper_Human+HMBA_Human_Atlas+HMBA_Human_Atlas_BN_BF,ARC-RSEQ,1379527309,A8XR_240709_01_G01,R8XR-24072304,MTX-12078,10000,Nuclei,1061736705,L8XR_240711_21_F11,2314_F02,human,Homo Sapiens,1379226873,NYGC
NY-MX12078-8,10xRSeq_Mult,HMBA_Human_Atlas+HMBA_Human_Atlas_M,ARC-RSEQ,1381074865,A8XR_240712_01_B01,R8XR-24072304,MTX-12078,10000,Nuclei,1061736705,L8XR_240718_21_D02,2315_B03,human,Homo Sapiens,1379427302,NYGC
NY-MX12078-9,10xRSeq_Mult,HMBA_Human_Atlas+HMBA_Human_Atlas_HTH,ARC-RSEQ,1381074867,A8XR_240712_01_C01,R8XR-24072304,MTX-12078,10000,Nuclei,1061736705,L8XR_240718_21_E02,2315_C03,human,Homo Sapiens,1379427301,NYGC
NY-MX12079-1,10xRSeq_Mult,HMBA_Human_Atlas+HMBA_Human_Atlas_THM,ARC-RSEQ,1381074870,A8XR_240712_01_D01,R8XR-24072305,MTX-12079,10000,Nuclei,1061736705,L8XR_240718_21_E12,2317_A05,human,Homo Sapiens,1379221023,NYGC
NY-MX12079-2,10xRSeq_Mult,BG_paper_Human+HMBA_Human_Atlas+HMBA_Human_Atlas_BN_BF,ARC-RSEQ,1381074874,A8XR_240712_01_F01,R8XR-24072305,MTX-12079,10000,Nuclei,1061736705,L8XR_240718_21_F12,2317_C05,human,Homo Sapiens,1379221021,NYGC
NY-MX12079-3,10xRSeq_Mult,HMBA_Cross_Species,ARC-RSEQ,1381074880,A8XR_240712_01_H01,R8XR-24072305,MTX-12079,6444,Nuclei,1061736705,L8XR_240718_21_F02,2318_B06,gray_mouse_lemur,Microcebus murinus,1380246042,NYGC
NY-MX12079-4,10xRSeq_Mult,HMBA_Cross_Species,ARC-RSEQ,1381075356,A8XR_240716_01_H01,R8XR-24072305,MTX-12079,9627,Nuclei,1061736705,L8XR_240718_21_A02,2324_B08,gray_mouse_lemur,Microcebus murinus,1380272272,NYGC
NY-MX12079-5,10xRSeq_Mult,HMBA_Cross_Species,ARC-RSEQ,1381075359,A8XR_240716_01_A02,R8XR-24072305,MTX-12079,9627,Nuclei,1061736705,L8XR_240718_21_B02,2324_C08,gray_mouse_lemur,Microcebus murinus,1380272273,NYGC
NY-MX12079-6,10xRSeq_Mult,HMBA_Human_Atlas+HMBA_Human_Atlas_Cx,ARC-RSEQ,1381075340,A8XR_240716_01_A01,R8XR-24072305,MTX-12079,10000,Nuclei,1061736705,L8XR_240718_21_B01,2326_A01,human,Homo Sapiens,1380261556,NYGC
NY-MX12079-7,10xRSeq_Mult,HMBA_Human_Atlas+HMBA_Human_Atlas_BN_BF,ARC-RSEQ,1381075342,A8XR_240716_01_B01,R8XR-24072305,MTX-12079,10000,Nuclei,1061736705,L8XR_240718_21_C01,2326_B01,human,Homo Sapiens,1380261555,NYGC
NY-MX12079-8,10xRSeq_Mult,HMBA_Human_Atlas+HMBA_Human_Atlas_BN_BF,ARC-RSEQ,1381075344,A8XR_240716_01_C01,R8XR-24072305,MTX-12079,10000,Nuclei,1061736705,L8XR_240718_21_D01,2326_C01,human,Homo Sapiens,1380261554,NYGC
NY-MX12079-9,10xRSeq_Mult,HMBA_Human_Atlas+HMBA_Human_Atlas_BN_BF,ARC-RSEQ,1381075347,A8XR_240716_01_D01,R8XR-24072305,MTX-12079,10000,Nuclei,1061736705,L8XR_240718_21_E01,2326_D01,human,Homo Sapiens,1380252307,NYGC
NY-MX12080-1,10xRSeq_Mult,HMBA_Human_Atlas+HMBA_Human_Atlas_M,ARC-RSEQ,1381074862,A8XR_240712_01_A01,R8XR-24073004,MTX-12080,10000,Nuclei,1061736705,L8XR_240725_01_H06,2315_A03,human,Homo Sapiens,1379427303,NYGC
NY-MX12080-2,10xRSeq_Mult,BG_paper_Human+HMBA_Human_Atlas+HMBA_Human_Atlas_BN_BF,ARC-RSEQ,1381074872,A8XR_240712_01_E01,R8XR-24073004,MTX-12080,10000,Nuclei,1061736705,L8XR_240725_01_H07,2317_B05,human,Homo Sapiens,1379221022,NYGC
NY-MX12080-3,10xRSeq_Mult,HMBA_Cross_Species,ARC-RSEQ,1381074877,A8XR_240712_01_G01,R8XR-24073004,MTX-12080,10000,Nuclei,1061736705,L8XR_240725_01_G07,2318_A06,gray_mouse_lemur,Microcebus murinus,1380245986,NYGC
NY-MX12080-4,10xRSeq_Mult,HMBA_Cross_Species,ARC-RSEQ,1381074882,A8XR_240712_01_A02,R8XR-24073004,MTX-12080,6444,Nuclei,1061736705,L8XR_240718_21_H11,2318_C06,gray_mouse_lemur,Microcebus murinus,1380246043,NYGC
NY-MX12080-5,10xRSeq_Mult,HMBA_Cross_Species,ARC-RSEQ,1381075354,A8XR_240716_01_G01,R8XR-24073004,MTX-12080,10000,Nuclei,1061736705,L8XR_240725_01_G06,2324_A08,gray_mouse_lemur,Microcebus murinus,1380272187,NYGC
NY-MX12080-6,10xRSeq_Mult,BG_paper_Human+HMBA_Human_Atlas+HMBA_Human_Atlas_BN_BF,ARC-RSEQ,1381075350,A8XR_240716_01_E01,R8XR-24073004,MTX-12080,10000,Nuclei,1061736705,L8XR_240718_21_F01,2326_E01,human,Homo Sapiens,1380252306,NYGC
NY-MX12080-7,10xRSeq_Mult,BG_paper_Human+HMBA_Human_Atlas+HMBA_Human_Atlas_BN_BF,ARC-RSEQ,1381075352,A8XR_240716_01_F01,R8XR-24073004,MTX-12080,10000,Nuclei,1061736705,L8XR_240718_21_G01,2326_F01,human,Homo Sapiens,1380252305,NYGC
NY-MX12080-8,10xRSeq_Mult,HMBA_Human_Atlas+HMBA_Human_Atlas_BN_BF,ARC-RSEQ,1382525846,A8XR_240719_01_A01,R8XR-24073004,MTX-12080,10000,Nuclei,1061736705,L8XR_240725_01_G05,2328_A03,human,Homo Sapiens,1380937606,NYGC
NY-MX12080-9,10xRSeq_Mult,BG_paper_Human+HMBA_Human_Atlas+HMBA_Human_Atlas_BN_BF,ARC-RSEQ,1382525848,A8XR_240719_01_B01,R8XR-24073004,MTX-12080,10000,Nuclei,1061736705,L8XR_240725_01_H05,2328_B03,human,Homo Sapiens,1380937605,NYGC
NY-MX12081-1,10xRSeq_Mult,BG_paper_Human+HMBA_Human_Atlas+HMBA_Human_Atlas_BN_BF,ARC-RSEQ,1382525850,A8XR_240719_01_C01,R8XR-24073005,MTX-12081,10000,Nuclei,1061736705,L8XR_240725_01_B07,2328_C03,human,Homo Sapiens,1380937599,NYGC
NY-MX12081-2,10xRSeq_Mult,HMBA_Human_Atlas+HMBA_Human_Atlas_HTH,ARC-RSEQ,1382525852,A8XR_240719_01_D01,R8XR-24073005,MTX-12081,10000,Nuclei,1061736705,L8XR_240725_01_C07,2336_A08,human,Homo Sapiens,1381830469,NYGC
NY-MX12081-3,10xRSeq_Mult,HMBA_Human_Atlas+HMBA_Human_Atlas_THM,ARC-RSEQ,1382525854,A8XR_240719_01_E01,R8XR-24073005,MTX-12081,10000,Nuclei,1061736705,L8XR_240725_01_D07,2336_C08,human,Homo Sapiens,1381830467,NYGC
NY-MX12081-4,10xRSeq_Mult,HMBA_Human_Atlas+HMBA_Human_Atlas_HTH,ARC-RSEQ,1382525857,A8XR_240719_01_F01,R8XR-24073005,MTX-12081,10000,Nuclei,1061736705,L8XR_240725_01_E07,2336_1_D08,human,Homo Sapiens,1381830466,NYGC
NY-MX12081-5,10xRSeq_Mult,BG_paper_Human+HMBA_Human_Atlas+HMBA_Human_Atlas_BN_BF,ARC-RSEQ,1383180753,A8XR_240723_01_B01,R8XR-24073005,MTX-12081,10000,Nuclei,1061736705,L8XR_240725_01_F05,2330_A09,human,Homo Sapiens,1381891086,NYGC
NY-MX12081-6,10xRSeq_Mult,HMBA_Human_Atlas+HMBA_Human_Atlas_HTH,ARC-RSEQ,1383180755,A8XR_240723_01_C01,R8XR-24073005,MTX-12081,10000,Nuclei,1061736705,L8XR_240725_01_F07,2330_B09,human,Homo Sapiens,1381891085,NYGC
NY-MX12081-7,10xRSeq_Mult,HMBA_Human_Atlas+HMBA_Human_Atlas_HTH,ARC-RSEQ,1383180757,A8XR_240723_01_D01,R8XR-24073005,MTX-12081,10000,Cells,1061736705,L8XR_240725_01_D06,2330_C09,human,Homo Sapiens,1381891084,NYGC
NY-MX12081-8,10xRSeq_Mult,HMBA_Human_Atlas+HMBA_Human_Atlas_THM,ARC-RSEQ,1383180760,A8XR_240723_01_E01,R8XR-24073005,MTX-12081,10000,Nuclei,1061736705,L8XR_240725_01_E06,2341_A02,human,Homo Sapiens,1381875078,NYGC
NY-MX12081-9,10xRSeq_Mult,HMBA_Human_Atlas+HMBA_Human_Atlas_THM,ARC-RSEQ,1383180762,A8XR_240723_01_F01,R8XR-24073005,MTX-12081,10000,Nuclei,1061736705,L8XR_240725_01_F06,2341_B02,human,Homo Sapiens,1381875077,NYGC
NY-MX12082-1,10xRSeq_Mult,BG_paper_Human+HMBA_Human_Atlas+HMBA_Human_Atlas_BN_BF,ARC-RSEQ,1383180764,A8XR_240723_01_G01,R8XR-24080605,MTX-12082,10000,Nuclei,1061736705,L8XR_240725_01_C05,2341_C02,human,Homo Sapiens,1381875075,NYGC
NY-MX12082-2,10xRSeq_Mult,BG_paper_Human+HMBA_Human_Atlas+HMBA_Human_Atlas_BN_BF,ARC-RSEQ,1383990906,A8XR_240730_01_A01,R8XR-24080605,MTX-12082,10000,Nuclei,1061736705,L8XR_240801_02_A11,2344_A05,human,Homo Sapiens,1382073582,NYGC
NY-MX12082-3,10xRSeq_Mult,HMBA_Human_Atlas+HMBA_Human_Atlas_THM,ARC-RSEQ,1383990909,A8XR_240730_01_B01,R8XR-24080605,MTX-12082,10000,Nuclei,1061736705,L8XR_240801_02_B11,2344_B05,human,Homo Sapiens,1382073581,NYGC
NY-MX12082-4,10xRSeq_Mult,HMBA_Human_Atlas+HMBA_Human_Atlas_THM,ARC-RSEQ,1383990912,A8XR_240730_01_C01,R8XR-24080605,MTX-12082,10000,Nuclei,1061736705,L8XR_240801_02_G09,2344_C05,human,Homo Sapiens,1382073580,NYGC
NY-MX12082-5,10xRSeq_Mult,BG_paper_Human+HMBA_Human_Atlas+HMBA_Human_Atlas_BN_BF,ARC-RSEQ,1383990915,A8XR_240730_01_D01,R8XR-24080605,MTX-12082,10000,Nuclei,1061736705,L8XR_240801_02_C11,2346_A06,human,Homo Sapiens,1383372965,NYGC
NY-MX12082-6,10xRSeq_Mult,BG_paper_Human+HMBA_Human_Atlas+HMBA_Human_Atlas_BN_BF,ARC-RSEQ,1383990917,A8XR_240730_01_E01,R8XR-24080605,MTX-12082,10000,Nuclei,1061736705,L8XR_240801_02_H09,2346_B06,human,Homo Sapiens,1383372964,NYGC
NY-MX12082-7,10xRSeq_Mult,BG_paper_Human+HMBA_Human_Atlas+HMBA_Human_Atlas_BN_BF,ARC-RSEQ,1383990919,A8XR_240730_01_F01,R8XR-24080605,MTX-12082,10000,Nuclei,1061736705,L8XR_240801_02_A10,2346_C06,human,Homo Sapiens,1383372963,NYGC
NY-MX12082-8,10xRSeq_Mult,BG_paper_Human+HMBA_Human_Atlas+HMBA_Human_Atlas_BN_BF,ARC-RSEQ,1383990921,A8XR_240730_01_G01,R8XR-24080605,MTX-12082,10000,Nuclei,1061736705,L8XR_240801_02_E09,2349_A08,human,Homo Sapiens,1382643897,NYGC
NY-MX12082-9,10xRSeq_Mult,BG_paper_Human+HMBA_Human_Atlas+HMBA_Human_Atlas_BN_BF,ARC-RSEQ,1383990925,A8XR_240730_01_A02,R8XR-24080605,MTX-12082,10000,Nuclei,1061736705,L8XR_240801_02_C10,2349_C08,human,Homo Sapiens,1382643895,NYGC
NY-TX14001-1,10xV3.1D,BICAN_Dev_Atlas+P0_Pilot,CELL_RANGER_DUAL_INDEX,1271111729,A8TX_230508_01_B01,R8TX-23062101,RTX-14001,10702,Cells,1159883646,L8TX_230511_21_B11,1708_B11,mouse,Mus musculus,1269220802,NYGC
NY-TX14001-2,10xV3.1D,BICAN_Dev_Atlas+P0_Pilot,CELL_RANGER_DUAL_INDEX,1271111731,A8TX_230508_01_C01,R8TX-23062101,RTX-14001,10682,Cells,1159883646,L8TX_230511_21_F10,1708_C11,mouse,Mus musculus,1269220803,NYGC
NY-TX14001-3,10xV3.1D,BICAN_Dev_Atlas+P0_Pilot,CELL_RANGER_DUAL_INDEX,1271111733,A8TX_230508_01_D01,R8TX-23062101,RTX-14001,10721,Cells,1159883646,L8TX_230511_21_G10,1708_D11,mouse,Mus musculus,1269220804,NYGC
NY-TX14001-4,10xV3.1D,BICAN_Dev_Atlas+P0_Pilot,CELL_RANGER_DUAL_INDEX,1271111736,A8TX_230508_01_E01,R8TX-23062101,RTX-14001,10713,Cells,1159883646,L8TX_230511_21_C11,1708_E11,mouse,Mus musculus,1269220805,NYGC
NY-TX14001-5,10xV3.1D,BICAN_Dev_Atlas+P0_Pilot,CELL_RANGER_DUAL_INDEX,1271111738,A8TX_230508_01_F01,R8TX-23062101,RTX-14001,10715,Cells,1159883646,L8TX_230511_21_H10,1708_F11,mouse,Mus musculus,1269220806,NYGC
NY-TX14001-6,10xV3.1D,BICAN_Dev_Atlas+P0_Pilot,CELL_RANGER_DUAL_INDEX,1271111741,A8TX_230508_01_G01,R8TX-23062101,RTX-14001,10714,Cells,1159883646,L8TX_230511_21_A11,1708_G11,mouse,Mus musculus,1269220807,NYGC
NY-TX14001-7,10xV3.1D,BICAN_Dev_Atlas+P0_Pilot,CELL_RANGER_DUAL_INDEX,1276771760,A8TX_230605_01_E01,R8TX-23062101,RTX-14001,10723,Cells,1159883646,L8TX_230608_21_G05,1732_A12,mouse,Mus musculus,1274296619,NYGC
NY-TX14001-8,10xV3.1D,BICAN_Dev_Atlas+P0_Pilot,CELL_RANGER_DUAL_INDEX,1276771762,A8TX_230605_01_F01,R8TX-23062101,RTX-14001,10722,Cells,1159883646,L8TX_230608_21_C06,1732_B12,mouse,Mus musculus,1274296620,NYGC
NY-TX14002-1,10xV3.1_HT,BICAN_Dev_Atlas+BICAN_Dev_P4,CELL_RANGER_DUAL_INDEX,1284085672,A8HX_230710_01_A02,R8TX-23071901,RTX-14002,19961,Cells,1159883766,L8HX_230714_01_B03,1774_A02,mouse,Mus musculus,1281524474,NYGC
NY-TX14002-2,10xV3.1_HT,BICAN_Dev_Atlas+BICAN_Dev_P4,CELL_RANGER_DUAL_INDEX,1284085676,A8HX_230710_01_B02,R8TX-23071901,RTX-14002,19949,Cells,1159883766,L8HX_230713_22_H02,1774_B02,mouse,Mus musculus,1281524483,NYGC
NY-TX14002-3,10xV3.1_HT,BICAN_Dev_Atlas+BICAN_Dev_P4,CELL_RANGER_DUAL_INDEX,1284085678,A8HX_230710_01_A01,R8TX-23071901,RTX-14002,19986,Cells,1159883766,L8HX_230714_01_C03,1771_A01,mouse,Mus musculus,1282872451,NYGC
NY-TX14002-4,10xV3.1_HT,BICAN_Dev_Atlas+BICAN_Dev_P4,CELL_RANGER_DUAL_INDEX,1284085680,A8HX_230710_01_A03,R8TX-23071901,RTX-14002,19962,Cells,1159883766,L8HX_230714_01_D03,1771_A03,mouse,Mus musculus,1282872460,NYGC
NY-TX14003-1,10xV3.1D,BICAN_Dev_Atlas+P0_Pilot,CELL_RANGER_DUAL_INDEX,1287255337,A8TX_230725_01_B01,R8TX-23080101,RTX-14003,10707,Cells,1159883646,L8TX_230727_21_H03,1781_A01,mouse,Mus musculus,1287224563,NYGC
NY-TX14003-2,10xV3.1D,BICAN_Dev_Atlas+P0_Pilot,CELL_RANGER_DUAL_INDEX,1287255342,A8TX_230725_01_C01,R8TX-23080101,RTX-14003,10680,Cells,1159883646,L8TX_230727_21_A04,1781_B01,mouse,Mus musculus,1287224564,NYGC
NY-TX14003-3,10xV3.1_HT,BICAN_Dev_Atlas+BICAN_Dev_P4,CELL_RANGER_DUAL_INDEX,1287256118,A8HX_230725_03_A02,R8TX-23080101,RTX-14003,19951,Cells,1159883766,L8HX_230727_23_C06,1786_A02,mouse,Mus musculus,1285171362,NYGC
NY-TX14003-4,10xV3.1_HT,BICAN_Dev_Atlas+BICAN_Dev_P4,CELL_RANGER_DUAL_INDEX,1287256121,A8HX_230725_03_A03,R8TX-23080101,RTX-14003,19983,Cells,1159883766,L8HX_230727_23_D06,1790_A03,mouse,Mus musculus,1285837157,NYGC
NY-TX14003-5,10xV3.1_HT,BICAN_Dev_Atlas+BICAN_Dev_P4,CELL_RANGER_DUAL_INDEX,1287256123,A8HX_230725_03_B03,R8TX-23080101,RTX-14003,19968,Cells,1159883766,L8HX_230727_23_E06,1790_B03,mouse,Mus musculus,1285837158,NYGC
NY-TX14004-1,10xV3.1_HT,BICAN_Dev_Atlas+BICAN_Dev_P4,CELL_RANGER_DUAL_INDEX,1287256116,A8HX_230725_03_A01,R8TX-23081501,RTX-14004,14957,Cells,1159883766,L8HX_230727_23_B06,1786_A01,mouse,Mus musculus,1285171347,NYGC
NY-TX14004-2,10xV3.1_HT,BICAN_Dev_Atlas+BICAN_Dev_P4,CELL_RANGER_DUAL_INDEX,1287256125,A8HX_230725_03_A04,R8TX-23081501,RTX-14004,19967,Cells,1159883766,L8HX_230727_23_F06,1790_A04,mouse,Mus musculus,1285837177,NYGC
NY-TX14004-3,10xV3.1_HT,BICAN_Dev_Atlas+BICAN_Dev_P4,CELL_RANGER_DUAL_INDEX,1287256127,A8HX_230725_03_B04,R8TX-23081501,RTX-14004,20000,Cells,1159883766,L8HX_230727_23_G06,1790_B04,mouse,Mus musculus,1285837178,NYGC
NY-TX14004-4,10xV3.1_HT,BICAN_Dev_Atlas+BICAN_Dev_P14,CELL_RANGER_DUAL_INDEX,1289056551,A8HX_230807_01_A01,R8TX-23081501,RTX-14004,19956,Cells,1159883766,L8HX_230810_02_C10,1801_A01,mouse,Mus musculus,1287737509,NYGC
NY-TX14005-1,10xV3.1_HT,BICAN_Dev_Atlas+BICAN_Dev_P14,CELL_RANGER_DUAL_INDEX,1289056555,A8HX_230807_01_B01,R8TX-23081502,RTX-14005,19968,Cells,1159883766,L8HX_230810_02_A10,1801_B01,mouse,Mus musculus,1287737510,NYGC
NY-TX14005-2,10xV3.1_HT,BICAN_Dev_Atlas+BICAN_Dev_P14,CELL_RANGER_DUAL_INDEX,1289056557,A8HX_230807_01_C01,R8TX-23081502,RTX-14005,20000,Cells,1159883766,L8HX_230810_02_D10,1801_C01,mouse,Mus musculus,1287737511,NYGC
NY-TX14005-3,10xV3.1_HT,BICAN_Dev_Atlas+BICAN_Dev_P14,CELL_RANGER_DUAL_INDEX,1289056559,A8HX_230807_01_A02,R8TX-23081502,RTX-14005,19962,Cells,1159883766,L8HX_230810_02_E10,1801_A02,mouse,Mus musculus,1287737519,NYGC
NY-TX14005-4,10xV3.1_HT,BICAN_Dev_Atlas+BICAN_Dev_P14,CELL_RANGER_DUAL_INDEX,1289056561,A8HX_230807_01_B02,R8TX-23081502,RTX-14005,20001,Cells,1159883766,L8HX_230810_02_F10,1801_B02,mouse,Mus musculus,1287737520,NYGC
NY-TX14006-1,10xV3.1_HT,BICAN_Dev_Atlas+BICAN_Dev_P14,CELL_RANGER_DUAL_INDEX,1289056563,A8HX_230807_01_C02,R8TX-23081503,RTX-14006,19993,Cells,1159883766,L8HX_230810_02_G10,1801_C02,mouse,Mus musculus,1287737521,NYGC
NY-TX14006-2,10xV3.1_HT,BICAN_Dev_Atlas+BICAN_Dev_P14,CELL_RANGER_DUAL_INDEX,1289056567,A8HX_230807_01_A03,R8TX-23081503,RTX-14006,19956,Cells,1159883766,L8HX_230810_02_B10,1803_A03,mouse,Mus musculus,1288361269,NYGC
NY-TX14006-3,10xV3.1_HT,BICAN_Dev_Atlas+BICAN_Dev_P14,CELL_RANGER_DUAL_INDEX,1289056569,A8HX_230807_01_B03,R8TX-23081503,RTX-14006,19988,Cells,1159883766,L8HX_230810_02_H10,1803_B03,mouse,Mus musculus,1288361270,NYGC
NY-TX14006-4,10xV3.1_HT,BICAN_Dev_Atlas+BICAN_Dev_P14,CELL_RANGER_DUAL_INDEX,1289056573,A8HX_230807_01_A04,R8TX-23081503,RTX-14006,19986,Cells,1159883766,L8HX_230810_02_A11,1803_A04,mouse,Mus musculus,1288361278,NYGC
NY-TX14007-1,10xV3.1_HT,BICAN_Dev_Atlas+BICAN_Dev_P14,CELL_RANGER_DUAL_INDEX,1289056577,A8HX_230807_01_B04,R8TX-23082201,RTX-14007,19981,Cells,1159883766,L8HX_230810_02_B11,1803_B04,mouse,Mus musculus,1288361279,NYGC
NY-TX14007-2,10xV3.1_HT,BICAN_Dev_Atlas+BICAN_Dev_P14,CELL_RANGER_DUAL_INDEX,1289056581,A8HX_230807_01_A05,R8TX-23082201,RTX-14007,19968,Cells,1159883766,L8HX_230810_02_C11,1805_A05,mouse,Mus musculus,1288765788,NYGC
NY-TX14007-3,10xV3.1_HT,BICAN_Dev_Atlas+BICAN_Dev_P14,CELL_RANGER_DUAL_INDEX,1289056583,A8HX_230807_01_A06,R8TX-23082201,RTX-14007,19956,Cells,1159883766,L8HX_230810_02_D11,1805_A06,mouse,Mus musculus,1288765798,NYGC
NY-TX14007-4,10xV3.1_HT,BICAN_Dev_Atlas+BICAN_Dev_P14,CELL_RANGER_DUAL_INDEX,1290765156,A8HX_230814_01_A01,R8TX-23082201,RTX-14007,19968,Cells,1159883766,L8HX_230817_02_E12,1809_A01,mouse,Mus musculus,1288752891,NYGC
NY-TX14008-1,10xV3.1_HT,BICAN_Dev_Atlas+BICAN_Dev_P14,CELL_RANGER_DUAL_INDEX,1290765158,A8HX_230814_01_A02,R8TX-23090601,RTX-14008,19966,Cells,1159883766,L8HX_230817_02_F12,1809_A02,mouse,Mus musculus,1288752901,NYGC
NY-TX14008-2,10xV3.1_HT,BICAN_Dev_Atlas+BICAN_Dev_P4,CELL_RANGER_DUAL_INDEX,1292275474,A8HX_230821_01_A03,R8TX-23090601,RTX-14008,19998,Cells,1159883766,L8HX_230824_02_D04,1827_A03,mouse,Mus musculus,1291822540,NYGC
NY-TX14008-3,10xV3.1_HT,BICAN_Dev_Atlas+BICAN_Dev_P4,CELL_RANGER_DUAL_INDEX,1292275476,A8HX_230821_01_A04,R8TX-23090601,RTX-14008,19991,Cells,1159883766,L8HX_230824_02_E04,1827_A04,mouse,Mus musculus,1291822549,NYGC
NY-TX14008-4,10xV3.1_CP,HMBA_Macaque_Pop,CELL_RANGER_DUAL_INDEX,1293796921,A8CP_230828_02_A01,R8TX-23090601,RTX-14008,10680,Nuclei,1159883788,L8CP_230831_04_F09,1834_A01,macaque,Macaca mulatta,1292687616,NYGC
NY-TX14008-5,10xV3.1_CP,HMBA_Macaque_Pop,CELL_RANGER_DUAL_INDEX,1293796923,A8CP_230828_02_B01,R8TX-23090601,RTX-14008,10725,Nuclei,1159883788,L8CP_230831_04_E09,1834_B01,macaque,Macaca mulatta,1292689328,NYGC
NY-TX14008-6,10xV3.1_CP-BC,HMBA_Macaque_Pop,CELL_RANGER_DUAL_INDEX,1293797695,A8BC_230828_03_A01,R8TX-23090601,RTX-14008,10680,Nuclei,1281337459,L8BC_230831_05_E01,1834_A01,macaque,Macaca mulatta,1292687625,NYGC
NY-TX14008-7,10xV3.1_CP-BC,HMBA_Macaque_Pop,CELL_RANGER_DUAL_INDEX,1293797697,A8BC_230828_03_B01,R8TX-23090601,RTX-14008,10725,Nuclei,1281337459,L8BC_230831_05_F01,1834_B01,macaque,Macaca mulatta,1292689337,NYGC
NY-TX14009-1,10xV3.1_HT,BICAN_Dev_Atlas+BICAN_Dev_P14,CELL_RANGER_DUAL_INDEX,1294251072,A8HX_230828_01_A01,R8TX-23090602,RTX-14009,19993,Cells,1159883766,L8HX_230831_02_F06,1832_A01,mouse,Mus musculus,1292031938,NYGC
NY-TX14009-2,10xV3.1_HT,BICAN_Dev_Atlas+BICAN_Dev_P14,CELL_RANGER_DUAL_INDEX,1294251074,A8HX_230828_01_A02,R8TX-23090602,RTX-14009,19958,Cells,1159883766,L8HX_230831_02_G06,1832_A02,mouse,Mus musculus,1292031948,NYGC
NY-TX14009-3,10xV3.1_HT,BICAN_Dev_Atlas+BICAN_Dev_P14,CELL_RANGER_DUAL_INDEX,1294251076,A8HX_230828_01_A03,R8TX-23090602,RTX-14009,19956,Cells,1159883766,L8HX_230831_02_H06,1833_A03,mouse,Mus musculus,1292675100,NYGC
NY-TX14009-4,10xV3.1_HT,BICAN_Dev_Atlas+BICAN_Dev_P14,CELL_RANGER_DUAL_INDEX,1294251079,A8HX_230828_01_A04,R8TX-23090602,RTX-14009,19981,Cells,1159883766,L8HX_230831_02_A07,1833_A04,mouse,Mus musculus,1292675110,NYGC
NY-TX14010-1,10xV3.1_HT,BICAN_Dev_Atlas+BICAN_Dev_P8,CELL_RANGER_DUAL_INDEX,1295195479,A8HX_230905_03_A01,R8TX-23091201,RTX-14010,19971,Cells,1159883766,L8HX_230907_03_H11,1845_A01,mouse,Mus musculus,1294955818,NYGC
NY-TX14010-2,10xV3.1_HT,BICAN_Dev_Atlas+BICAN_Dev_P8,CELL_RANGER_DUAL_INDEX,1295195482,A8HX_230905_03_B01,R8TX-23091201,RTX-14010,19988,Cells,1159883766,L8HX_230907_03_A12,1845_B01,mouse,Mus musculus,1294955820,NYGC
NY-TX14010-3,10xV3.1_HT,BICAN_Dev_Atlas+BICAN_Dev_P8,CELL_RANGER_DUAL_INDEX,1295195485,A8HX_230905_03_A02,R8TX-23091201,RTX-14010,19973,Cells,1159883766,L8HX_230907_03_B12,1845_A02,mouse,Mus musculus,1294955839,NYGC
NY-TX14010-4,10xV3.1_HT,BICAN_Dev_Atlas+BICAN_Dev_P8,CELL_RANGER_DUAL_INDEX,1295195487,A8HX_230905_03_B02,R8TX-23091201,RTX-14010,19985,Cells,1159883766,L8HX_230907_03_C12,1845_B02,mouse,Mus musculus,1294955841,NYGC
NY-TX14011-1,10xV3.1_HT,BICAN_Dev_Atlas+BICAN_Dev_P8,CELL_RANGER_DUAL_INDEX,1295195489,A8HX_230905_03_A03,R8TX-23091901,RTX-14011,19965,Cells,1159883766,L8HX_230907_03_G11,1848_A03,mouse,Mus musculus,1294997011,NYGC
NY-TX14011-2,10xV3.1_HT,BICAN_Dev_Atlas+BICAN_Dev_P8,CELL_RANGER_DUAL_INDEX,1295195491,A8HX_230905_03_A04,R8TX-23091901,RTX-14011,19975,Cells,1159883766,L8HX_230907_03_D12,1848_A04,mouse,Mus musculus,1294997020,NYGC
NY-TX14011-3,10xV3.1_HT,BICAN_Dev_Atlas+BICAN_Dev_P14,CELL_RANGER_DUAL_INDEX,1296465251,A8HX_230911_01_A01,R8TX-23091901,RTX-14011,19933,Cells,1159883766,L8HX_230914_02_B04,1855_A01,mouse,Mus musculus,1295623103,NYGC
NY-TX14011-4,10xV3.1_HT,BICAN_Dev_Atlas+BICAN_Dev_P14,CELL_RANGER_DUAL_INDEX,1296465254,A8HX_230911_01_A02,R8TX-23091901,RTX-14011,19995,Cells,1159883766,L8HX_230914_02_C04,1855_A02,mouse,Mus musculus,1295623113,NYGC
NY-TX14012-1,10xV3.1_HT,BICAN_Dev_Atlas+BICAN_Dev_P8,CELL_RANGER_DUAL_INDEX,1298470470,A8HX_230918_01_A01,R8TX-23092601,RTX-14012,19968,Cells,1159883766,L8HX_230921_03_D07,1865_A01,mouse,Mus musculus,1296906744,NYGC
NY-TX14012-2,10xV3.1_HT,BICAN_Dev_Atlas+BICAN_Dev_P8,CELL_RANGER_DUAL_INDEX,1298470472,A8HX_230918_01_A02,R8TX-23092601,RTX-14012,19963,Cells,1159883766,L8HX_230921_03_G07,1865_A02,mouse,Mus musculus,1296906754,NYGC
NY-TX14012-3,10xV3.1_HT,BICAN_Dev_Atlas+BICAN_Dev_P8,CELL_RANGER_DUAL_INDEX,1298470480,A8HX_230918_01_A04,R8TX-23092601,RTX-14012,19986,Cells,1159883766,L8HX_230921_03_E07,1866_A04,mouse,Mus musculus,1298006170,NYGC
NY-TX14012-4,10xV3.1_HT,BICAN_Dev_Atlas+BICAN_Dev_P8,CELL_RANGER_DUAL_INDEX,1298470483,A8HX_230918_01_B04,R8TX-23092601,RTX-14012,19973,Cells,1159883766,L8HX_230921_03_F07,1866_B04,mouse,Mus musculus,1298006172,NYGC
NY-TX14012-5,10xRSeq_Mult,HMBA_Cross_Species,ARC-RSEQ,1294127833,A8XR_230829_01_C02,R8TX-23092601,RTX-14012,6133,Nuclei,1061736705,L8XR_230831_01_G05,1839_B07,opossum,Monodelphis domestica,1292737275,NYGC
NY-TX14013-1,10xV3.1_HT,BICAN_Dev_Atlas+BICAN_Dev_P8,CELL_RANGER_DUAL_INDEX,1298470474,A8HX_230918_01_A03,R8TX-23101001,RTX-14013,19989,Cells,1159883766,L8HX_230921_03_H07,1866_A03,mouse,Mus musculus,1298006161,NYGC
NY-TX14013-2,10xV3.1_HT,BICAN_Dev_Atlas+BICAN_Dev_P8,CELL_RANGER_DUAL_INDEX,1298470478,A8HX_230918_01_B03,R8TX-23101001,RTX-14013,9975,Cells,1159883766,L8HX_230921_03_E05,1866_B03,mouse,Mus musculus,1298006162,NYGC
NY-TX14013-3,10xV3.1_HT,BICAN_Dev_Atlas+BICAN_Dev_P8,CELL_RANGER_DUAL_INDEX,1301415324,A8HX_231002_01_A01,R8TX-23101001,RTX-14013,19973,Cells,1159883766,L8HX_231005_02_E03,1886_A01,mouse,Mus musculus,1300174677,NYGC
NY-TX14013-4,10xV3.1_HT,BICAN_Dev_Atlas+BICAN_Dev_P8,CELL_RANGER_DUAL_INDEX,1301415326,A8HX_231002_01_A02,R8TX-23101001,RTX-14013,19968,Cells,1159883766,L8HX_231005_02_F03,1886_A02,mouse,Mus musculus,1300174687,NYGC
NY-TX14013-5,10xV3.1_HT,BICAN_Dev_Atlas+BICAN_Dev_P8,CELL_RANGER_DUAL_INDEX,1301415328,A8HX_231002_01_A03,R8TX-23101001,RTX-14013,19976,Cells,1159883766,L8HX_231005_02_G03,1889_A03,mouse,Mus musculus,1300225634,NYGC
NY-TX14014-1,10xV3.1_HT,BICAN_Dev_Atlas+BICAN_Dev_P8,CELL_RANGER_DUAL_INDEX,1304921135,A8HX_231016_01_A05,R8TX-23102401,RTX-14014,19978,Cells,1159883766,L8HX_231019_02_B08,1908_A05,mouse,Mus musculus,1304790269,NYGC
NY-TX14014-2,10xV3.1_HT,BICAN_Dev_Atlas+BICAN_Dev_P8,CELL_RANGER_DUAL_INDEX,1304921137,A8HX_231016_01_A06,R8TX-23102401,RTX-14014,19993,Cells,1159883766,L8HX_231019_02_E07,1908_A06,mouse,Mus musculus,1304790279,NYGC
NY-TX14014-3,10xV3.1_HT_CP,HMBA_Macaque_Pop,CELL_RANGER_DUAL_INDEX,1305183456,A8HC_231013_01_A01,R8TX-23102401,RTX-14014,19949,Nuclei,1297784728,L8HC_231019_03_G06,1915_A01,macaque,Macaca mulatta,1305101145,NYGC
NY-TX14014-4,10xV3.1_HT_CP,HMBA_Macaque_Pop,CELL_RANGER_DUAL_INDEX,1305183458,A8HC_231013_01_A02,R8TX-23102401,RTX-14014,19876,Nuclei,1297784728,L8HC_231019_03_H06,1915_A02,macaque,Macaca mulatta,1305103962,NYGC
NY-TX14014-5,10xV3.1_HT_CP-BC,HMBA_Macaque_Pop,CELL_RANGER_DUAL_INDEX,1305185093,A8HB_231013_02_A01,R8TX-23102401,RTX-14014,19949,Nuclei,1297784483,L8HB_231018_01_G01,1915_A01,macaque,Macaca mulatta,1305101094,NYGC
NY-TX14014-6,10xV3.1_HT_CP-BC,HMBA_Macaque_Pop,CELL_RANGER_DUAL_INDEX,1305185098,A8HB_231013_02_A02,R8TX-23102401,RTX-14014,19876,Nuclei,1297784483,L8HB_231018_01_H01,1915_A02,macaque,Macaca mulatta,1305104018,NYGC
NY-TX14015-1,10xV3.1_HT,BICAN_Dev_Atlas+BICAN_Dev_P8,CELL_RANGER_DUAL_INDEX,1301415330,A8HX_231002_01_A04,R8TX-23102402,RTX-14015,19975,Cells,1159883766,L8HX_231005_02_H03,1889_A04,mouse,Mus musculus,1300225643,NYGC
NY-TX14015-2,10xV3.1_HT,BICAN_Dev_Atlas+BICAN_Dev_P28,CELL_RANGER_DUAL_INDEX,1304921117,A8HX_231016_01_A01,R8TX-23102402,RTX-14015,19952,Cells,1159883766,L8HX_231019_02_A07,1906_A01,mouse,Mus musculus,1304406990,NYGC
NY-TX14015-3,10xV3.1_HT,BICAN_Dev_Atlas+BICAN_Dev_P28,CELL_RANGER_DUAL_INDEX,1304921120,A8HX_231016_01_B01,R8TX-23102402,RTX-14015,19986,Cells,1159883766,L8HX_231019_02_H07,1906_B01,mouse,Mus musculus,1304406991,NYGC
NY-TX14015-4,10xV3.1_HT,BICAN_Dev_Atlas+BICAN_Dev_P28,CELL_RANGER_DUAL_INDEX,1304921122,A8HX_231016_01_A02,R8TX-23102402,RTX-14015,19956,Cells,1159883766,L8HX_231019_02_A08,1906_A02,mouse,Mus musculus,1304406999,NYGC
NY-TX14016-1,10xV3.1_HT,BICAN_Dev_Atlas+BICAN_Dev_P28,CELL_RANGER_DUAL_INDEX,1304921124,A8HX_231016_01_B02,R8TX-23102403,RTX-14016,19988,Cells,1159883766,L8HX_231019_02_B07,1906_B02,mouse,Mus musculus,1304407000,NYGC
NY-TX14016-2,10xV3.1_HT,BICAN_Dev_Atlas+BICAN_Dev_P28,CELL_RANGER_DUAL_INDEX,1304921127,A8HX_231016_01_C02,R8TX-23102403,RTX-14016,19956,Cells,1159883766,L8HX_231019_02_C08,1906_C02,mouse,Mus musculus,1304407001,NYGC
NY-TX14016-3,10xV3.1_HT,BICAN_Dev_Atlas+BICAN_Dev_P28,CELL_RANGER_DUAL_INDEX,1304921129,A8HX_231016_01_A03,R8TX-23102403,RTX-14016,19981,Cells,1159883766,L8HX_231019_02_C07,1907_A03,mouse,Mus musculus,1302757387,NYGC
NY-TX14016-4,10xV3.1_HT,BICAN_Dev_Atlas+BICAN_Dev_P28,CELL_RANGER_DUAL_INDEX,1304921132,A8HX_231016_01_A04,R8TX-23102403,RTX-14016,19949,Cells,1159883766,L8HX_231019_02_D07,1907_A04,mouse,Mus musculus,1302757397,NYGC
NY-TX14017-1,10xV3.1_HT,BICAN_Dev_Atlas+BICAN_Dev_P8,CELL_RANGER_DUAL_INDEX,1304921139,A8HX_231016_01_A07,R8TX-23103101,RTX-14017,20000,Cells,1159883766,L8HX_231019_02_F07,1911_A07,mouse,Mus musculus,1303543853,NYGC
NY-TX14017-2,10xV3.1_HT,BICAN_Dev_Atlas+BICAN_Dev_P8,CELL_RANGER_DUAL_INDEX,1304921142,A8HX_231016_01_A08,R8TX-23103101,RTX-14017,19986,Cells,1159883766,L8HX_231019_02_G07,1911_A08,mouse,Mus musculus,1303543863,NYGC
NY-TX14017-3,10xV3.1_HT_CP,HMBA_Macaque_Pop,CELL_RANGER_DUAL_INDEX,1307572937,A8HC_231020_01_A01,R8TX-23103101,RTX-14017,39000,Nuclei,1297784728,L8HC_231026_03_B12,1924_A01,macaque,Macaca mulatta,1305151556,NYGC
NY-TX14017-4,10xV3.1_HT_CP-BC,HMBA_Macaque_Pop,CELL_RANGER_DUAL_INDEX,1307572849,A8HB_231020_02_A01,R8TX-23103101,RTX-14017,39000,Nuclei,1297784483,L8HB_231025_01_A02,1924_A01,macaque,Macaca mulatta,1305151567,NYGC
NY-TX14018-1,10xV3.1_HT_CP,HMBA_Macaque_Pop,CELL_RANGER_DUAL_INDEX,1307572939,A8HC_231020_01_A02,R8TX-23103102,RTX-14018,38976,Nuclei,1297784728,L8HC_231026_03_C12,1924_A02,macaque,Macaca mulatta,1305151576,NYGC
NY-TX14018-2,10xV3.1_HT_CP-BC,HMBA_Macaque_Pop,CELL_RANGER_DUAL_INDEX,1307572851,A8HB_231020_02_A02,R8TX-23103102,RTX-14018,38976,Nuclei,1297784483,L8HB_231025_01_B02,1924_A02,macaque,Macaca mulatta,1305151587,NYGC
NY-TX14018-3,10xV3.1_HT,BICAN_Dev_Atlas+BICAN_Dev_P4,CELL_RANGER_DUAL_INDEX,1306622496,A8HX_231024_03_A01,R8TX-23103102,RTX-14018,19988,Cells,1159883766,L8HX_231026_06_F03,1930_A01,mouse,Mus musculus,1306531503,NYGC
NY-TX14018-4,10xV3.1_HT,BICAN_Dev_Atlas+BICAN_Dev_P4,CELL_RANGER_DUAL_INDEX,1306622500,A8HX_231024_03_B01,R8TX-23103102,RTX-14018,20001,Cells,1159883766,L8HX_231026_06_C03,1930_B01,mouse,Mus musculus,1306531504,NYGC
NY-TX14019-1,10xV3.1_HT,BICAN_Dev_Atlas+BICAN_Dev_P4,CELL_RANGER_DUAL_INDEX,1306622503,A8HX_231024_03_A02,R8TX-23103103,RTX-14019,19968,Cells,1159883766,L8HX_231026_06_G03,1930_A02,mouse,Mus musculus,1306531512,NYGC
NY-TX14019-2,10xV3.1_HT,BICAN_Dev_Atlas+BICAN_Dev_P4,CELL_RANGER_DUAL_INDEX,1306622505,A8HX_231024_03_B02,R8TX-23103103,RTX-14019,19972,Cells,1159883766,L8HX_231026_06_D03,1930_B02,mouse,Mus musculus,1306531514,NYGC
NY-TX14019-3,10xV3.1_HT,BICAN_Dev_Atlas+BICAN_Dev_P4,CELL_RANGER_DUAL_INDEX,1306622510,A8HX_231024_03_A03,R8TX-23103103,RTX-14019,19976,Cells,1159883766,L8HX_231026_06_H03,1931_A03,mouse,Mus musculus,1305776755,NYGC
NY-TX14019-4,10xV3.1_HT,BICAN_Dev_Atlas+BICAN_Dev_P4,CELL_RANGER_DUAL_INDEX,1306622514,A8HX_231024_03_A04,R8TX-23103103,RTX-14019,19985,Cells,1159883766,L8HX_231026_06_E03,1931_A04,mouse,Mus musculus,1305776764,NYGC
NY-TX14020-1,10xV3.1_HT,BICAN_Dev_Atlas+BICAN_Dev_P4,CELL_RANGER_DUAL_INDEX,1308441055,A8HX_231030_01_A05,R8TX-23110701,RTX-14020,19958,Cells,1159883766,L8HX_231102_02_C09,1937_A05,mouse,Mus musculus,1307716356,NYGC
NY-TX14020-2,10xV3.1_HT,BICAN_Dev_Atlas+BICAN_Dev_P4,CELL_RANGER_DUAL_INDEX,1308441057,A8HX_231030_01_A06,R8TX-23110701,RTX-14020,19950,Cells,1159883766,L8HX_231102_02_D09,1937_A06,mouse,Mus musculus,1307716365,NYGC
NY-TX14020-3,10xV3.1_HT,BICAN_Dev_Atlas+BICAN_Dev_P8,CELL_RANGER_DUAL_INDEX,1308441061,A8HX_231030_01_A07,R8TX-23110701,RTX-14020,19983,Cells,1159883766,L8HX_231102_02_E09,1938_A07,mouse,Mus musculus,1308227144,NYGC
NY-TX14020-4,10xV3.1_HT,BICAN_Dev_Atlas+BICAN_Dev_P8,CELL_RANGER_DUAL_INDEX,1308441063,A8HX_231030_01_A08,R8TX-23110701,RTX-14020,19973,Cells,1159883766,L8HX_231102_02_F09,1938_A08,mouse,Mus musculus,1308227153,NYGC
NY-TX14021-1,10xV3.1_HT,BICAN_Dev_Atlas+BICAN_Dev_P12,CELL_RANGER_DUAL_INDEX,1309856939,A8HX_231106_02_A01,R8TX-23111401,RTX-14021,19971,Cells,1159883766,L8HX_231109_02_E04,1943_A01,mouse,Mus musculus,1309455004,NYGC
NY-TX14021-2,10xV3.1_HT,BICAN_Dev_Atlas+BICAN_Dev_P12,CELL_RANGER_DUAL_INDEX,1309856941,A8HX_231106_02_B01,R8TX-23111401,RTX-14021,19968,Cells,1159883766,L8HX_231109_02_F04,1943_B01,mouse,Mus musculus,1309455005,NYGC
NY-TX14021-3,10xV3.1_HT,BICAN_Dev_Atlas+BICAN_Dev_P12,CELL_RANGER_DUAL_INDEX,1309856943,A8HX_231106_02_C01,R8TX-23111401,RTX-14021,19947,Cells,1159883766,L8HX_231109_02_G04,1943_C01,mouse,Mus musculus,1309455006,NYGC
NY-TX14021-4,10xV3.1_HT,BICAN_Dev_Atlas+BICAN_Dev_P12,CELL_RANGER_DUAL_INDEX,1309856945,A8HX_231106_02_A02,R8TX-23111401,RTX-14021,19956,Cells,1159883766,L8HX_231109_02_B04,1943_A02,mouse,Mus musculus,1309455014,NYGC
NY-TX14022-1,10xV3.1_HT,BICAN_Dev_Atlas+BICAN_Dev_P12,CELL_RANGER_DUAL_INDEX,1309856948,A8HX_231106_02_B02,R8TX-23111402,RTX-14022,19956,Cells,1159883766,L8HX_231109_02_H04,1943_B02,mouse,Mus musculus,1309455015,NYGC
NY-TX14022-2,10xV3.1_HT,BICAN_Dev_Atlas+BICAN_Dev_P12,CELL_RANGER_DUAL_INDEX,1309856951,A8HX_231106_02_C02,R8TX-23111402,RTX-14022,19969,Cells,1159883766,L8HX_231109_02_A05,1943_C02,mouse,Mus musculus,1309455016,NYGC
NY-TX14022-3,10xV3.1_HT,BICAN_Dev_Atlas+BICAN_Dev_P12,CELL_RANGER_DUAL_INDEX,1309856953,A8HX_231106_02_A03,R8TX-23111402,RTX-14022,19995,Cells,1159883766,L8HX_231109_02_C04,1945_A03,mouse,Mus musculus,1308244980,NYGC
NY-TX14022-4,10xV3.1_HT,BICAN_Dev_Atlas+BICAN_Dev_P12,CELL_RANGER_DUAL_INDEX,1309856955,A8HX_231106_02_A04,R8TX-23111402,RTX-14022,19973,Cells,1159883766,L8HX_231109_02_D04,1945_A04,mouse,Mus musculus,1308244990,NYGC
NY-TX14023-1,10xV3.1_HT_CP,HMBA_Macaque_Pop,CELL_RANGER_DUAL_INDEX,1309858453,A8HC_231107_03_A01,R8TX-23111403,RTX-14023,26000,Nuclei,1297784728,L8HC_231109_03_B05,1946_A01,macaque,Macaca mulatta,1309528888,NYGC
NY-TX14023-2,10xV3.1_HT_CP,HMBA_Macaque_Pop,CELL_RANGER_DUAL_INDEX,1309858455,A8HC_231107_03_A02,R8TX-23111403,RTX-14023,25990,Nuclei,1297784728,L8HC_231109_03_C05,1946_A02,macaque,Macaca mulatta,1309529025,NYGC
NY-TX14023-3,10xV3.1_HT_CP-BC,HMBA_Macaque_Pop,CELL_RANGER_DUAL_INDEX,1309858705,A8HB_231107_04_A01,R8TX-23111403,RTX-14023,26000,Nuclei,1297784483,L8HB_231109_04_C02,1946_A01,macaque,Macaca mulatta,1309528967,NYGC
NY-TX14023-4,10xV3.1_HT_CP-BC,HMBA_Macaque_Pop,CELL_RANGER_DUAL_INDEX,1309858708,A8HB_231107_04_A02,R8TX-23111403,RTX-14023,25990,Nuclei,1297784483,L8HB_231109_04_D02,1946_A02,macaque,Macaca mulatta,1309529065,NYGC
NY-TX14023-5,10xV3.1_HT_CP,HMBA_Macaque_Pop,CELL_RANGER_DUAL_INDEX,1305183458,A8HC_231013_01_A02,R8TX-23111403,RTX-14023,19876,Nuclei,1297784728,L8HC_231019_03_H06,1915_A02,macaque,Macaca mulatta,1305103962,NYGC
NY-TX14024-1,10xV3.1_HT_CP,HMBA_Macaque_Pop,CELL_RANGER_DUAL_INDEX,1312663776,A8HC_231120_01_A01,R8TX-23120501,RTX-14024,38990,Nuclei,1297784728,L8HC_231130_02_H12,1965_A01,macaque,Macaca mulatta,1311877663,NYGC
NY-TX14024-2,10xV3.1_HT_CP,HMBA_Macaque_Pop,CELL_RANGER_DUAL_INDEX,1312663784,A8HC_231120_01_A02,R8TX-23120501,RTX-14024,33979,Nuclei,1297784728,L8HC_231130_02_G12,1965_A02,macaque,Macaca mulatta,1311881877,NYGC
NY-TX14024-3,10xV3.1_HT_CP-BC,HMBA_Macaque_Pop,CELL_RANGER_DUAL_INDEX,1312665511,A8HB_231120_02_A01,R8TX-23120501,RTX-14024,38990,Nuclei,1297784483,L8HB_231128_02_E02,1965_A01,macaque,Macaca mulatta,1311877711,NYGC
NY-TX14024-4,10xV3.1_HT_CP-BC,HMBA_Macaque_Pop,CELL_RANGER_DUAL_INDEX,1312665515,A8HB_231120_02_A02,R8TX-23120501,RTX-14024,33979,Nuclei,1297784483,L8HB_231128_02_F02,1965_A02,macaque,Macaca mulatta,1311882006,NYGC
NY-TX14025-1,10xV3.1_HT_CP,HMBA_Macaque_Pop,CELL_RANGER_DUAL_INDEX,1316214034,A8HC_231201_01_A01,R8TX-23121201,RTX-14025,39951,Nuclei,1297784728,L8HC_231207_02_E09,1978_A01,macaque,Macaca mulatta,1315978291,NYGC
NY-TX14025-2,10xV3.1_HT_CP,HMBA_Macaque_Pop,CELL_RANGER_DUAL_INDEX,1316214037,A8HC_231201_01_A02,R8TX-23121201,RTX-14025,39975,Nuclei,1297784728,L8HC_231207_02_F09,1978_A02,macaque,Macaca mulatta,1315978461,NYGC
NY-TX14025-3,10xV3.1_HT_CP-BC,HMBA_Macaque_Pop,CELL_RANGER_DUAL_INDEX,1316214620,A8HB_231201_02_A01,R8TX-23121201,RTX-14025,39951,Nuclei,1297784483,L8HB_231207_03_G02,1978_A01,macaque,Macaca mulatta,1315978402,NYGC
NY-TX14025-4,10xV3.1_HT_CP-BC,HMBA_Macaque_Pop,CELL_RANGER_DUAL_INDEX,1316214625,A8HB_231201_02_A02,R8TX-23121201,RTX-14025,39975,Nuclei,1297784483,L8HB_231207_03_H02,1978_A02,macaque,Macaca mulatta,1315978524,NYGC
NY-TX14026-1,10xV3.1_HT,BICAN_Dev_Atlas+BICAN_Dev_P26,CELL_RANGER_DUAL_INDEX,1318637314,A8HX_231130_01_B01,R8TX-23121901,RTX-14026,19985,Cells,1159883766,L8HX_231214_02_G12,1982_B01,mouse,Mus musculus,1316161805,NYGC
NY-TX14026-2,10xV3.1_HT,BICAN_Dev_Atlas+BICAN_Dev_P26,CELL_RANGER_DUAL_INDEX,1318637316,A8HX_231130_01_B02,R8TX-23121901,RTX-14026,19986,Cells,1159883766,L8HX_231214_02_H12,1982_B02,mouse,Mus musculus,1316161815,NYGC
NY-TX14026-3,10xV3.1_HT_CP,HMBA_Macaque_Pop,CELL_RANGER_DUAL_INDEX,1305183458,A8HC_231013_01_A02,R8TX-23121901,RTX-14026,19876,Nuclei,1297784728,L8HC_231019_03_H06,1915_A02,macaque,Macaca mulatta,1305103962,NYGC
NY-TX14026-4,10xV3.1_HT_CP,HMBA_Macaque_Pop,CELL_RANGER_DUAL_INDEX,1307572937,A8HC_231020_01_A01,R8TX-23121901,RTX-14026,39000,Nuclei,1297784728,L8HC_231026_03_B12,1924_A01,macaque,Macaca mulatta,1305151556,NYGC
NY-TX14026-5,10xV3.1_HT_CP,HMBA_Macaque_Pop,CELL_RANGER_DUAL_INDEX,1307572939,A8HC_231020_01_A02,R8TX-23121901,RTX-14026,38976,Nuclei,1297784728,L8HC_231026_03_C12,1924_A02,macaque,Macaca mulatta,1305151576,NYGC
NY-TX14027-1,10xV3.1_HT_CP,HMBA_Macaque_Pop,CELL_RANGER_DUAL_INDEX,1319017651,A8HC_231215_02_A01,R8TX-24010301,RTX-14027,39897,Nuclei,1297784728,L8HC_231221_03_H03,1999_A01,macaque,Macaca mulatta,1318963430,NYGC
NY-TX14027-2,10xV3.1_HT_CP,HMBA_Macaque_Pop,CELL_RANGER_DUAL_INDEX,1319017655,A8HC_231215_02_A02,R8TX-24010301,RTX-14027,39944,Nuclei,1297784728,L8HC_231221_03_A04,1999_A02,macaque,Macaca mulatta,1318963495,NYGC
NY-TX14027-3,10xV3.1_HT_CP-BC,HMBA_Macaque_Pop,CELL_RANGER_DUAL_INDEX,1319017547,A8HB_231215_03_A01,R8TX-24010301,RTX-14027,39897,Nuclei,1297784483,L8HB_231219_02_A03,1999_A01,macaque,Macaca mulatta,1318963462,NYGC
NY-TX14027-4,10xV3.1_HT_CP-BC,HMBA_Macaque_Pop,CELL_RANGER_DUAL_INDEX,1319017550,A8HB_231215_03_A02,R8TX-24010301,RTX-14027,39944,Nuclei,1297784483,L8HB_231219_02_B03,1999_A02,macaque,Macaca mulatta,1318963594,NYGC
NY-TX14028-1,10xV3.1_HT_CP,HMBA_Macaque_Pop,CELL_RANGER_DUAL_INDEX,1321489604,A8HC_240102_01_A02,R8TX-24010901,RTX-14028,39991,Nuclei,1297784728,L8HC_240104_02_E08,2009_A02,macaque,Macaca mulatta,1321247478,NYGC
NY-TX14028-2,10xV3.1_HT_CP-BC,HMBA_Macaque_Pop,CELL_RANGER_DUAL_INDEX,1321489564,A8HB_240102_02_A02,R8TX-24010901,RTX-14028,39991,Nuclei,1297784483,L8HB_240104_03_D03,2009_A02,macaque,Macaca mulatta,1321247539,NYGC
NY-TX14028-3,10xV3.1_HT_CP,HMBA_Macaque_Pop,CELL_RANGER_DUAL_INDEX,1321489606,A8HC_240102_01_B01,R8TX-24010901,RTX-14028,39980,Nuclei,1297784728,L8HC_240104_02_C08,2009.1_B01,macaque,Macaca mulatta,1321247389,NYGC
NY-TX14028-4,10xV3.1_HT_CP-BC,HMBA_Macaque_Pop,CELL_RANGER_DUAL_INDEX,1321489566,A8HB_240102_02_B01,R8TX-24010901,RTX-14028,39980,Nuclei,1297784483,L8HB_240104_03_E03,2009.1_B01,macaque,Macaca mulatta,1321247434,NYGC
NY-TX14029-1,10xV3.1_HT_CP,HMBA_Macaque_Pop,CELL_RANGER_DUAL_INDEX,1324827723,A8HC_240116_02_A01,R8TX-24012301,RTX-14029,39926,Nuclei,1297784728,L8HC_240118_02_C12,2024_A01,macaque,Macaca mulatta,1324751668,NYGC
NY-TX14029-2,10xV3.1_HT_CP,HMBA_Macaque_Pop,CELL_RANGER_DUAL_INDEX,1324827726,A8HC_240116_02_A02,R8TX-24012301,RTX-14029,39944,Nuclei,1297784728,L8HC_240118_02_B12,2024_A02,macaque,Macaca mulatta,1324751743,NYGC
NY-TX14029-3,10xV3.1_HT_CP-BC,HMBA_Macaque_Pop,CELL_RANGER_DUAL_INDEX,1324827756,A8HB_240116_03_A01,R8TX-24012301,RTX-14029,39926,Nuclei,1297784483,L8HB_240118_03_G03,2024_A01,macaque,Macaca mulatta,1324751704,NYGC
NY-TX14029-4,10xV3.1_HT_CP-BC,HMBA_Macaque_Pop,CELL_RANGER_DUAL_INDEX,1324827761,A8HB_240116_03_A02,R8TX-24012301,RTX-14029,39944,Nuclei,1297784483,L8HB_240118_03_H03,2024_A02,macaque,Macaca mulatta,1324751784,NYGC
NY-TX14032-1,10xV3.1_HT_CP,HMBA_Macaque_Pop,CELL_RANGER_DUAL_INDEX,1331027996,A8HC_240213_02_A01,R8TX-24022001,RTX-14032,39897,Nuclei,1297784728,L8HC_240215_02_G09,2062_A01,macaque,Macaca mulatta,1330772769,NYGC
NY-TX14032-2,10xV3.1_HT_CP,HMBA_Macaque_Pop,CELL_RANGER_DUAL_INDEX,1331027999,A8HC_240213_02_B01,R8TX-24022001,RTX-14032,39983,Nuclei,1297784728,L8HC_240215_02_A10,2062_A02,macaque,Macaca mulatta,1330772967,NYGC
NY-TX14032-3,10xV3.1_HT_CP-BC,HMBA_Macaque_Pop,CELL_RANGER_DUAL_INDEX,1331028702,A8HB_240213_03_A01,R8TX-24022001,RTX-14032,39897,Nuclei,1297784483,L8HB_240215_03_C04,2062_A01,macaque,Macaca mulatta,1330772806,NYGC
NY-TX14032-4,10xV3.1_HT_CP-BC,HMBA_Macaque_Pop,CELL_RANGER_DUAL_INDEX,1331028706,A8HB_240213_03_B01,R8TX-24022001,RTX-14032,39983,Nuclei,1297784483,L8HB_240215_03_D04,2062_A02,macaque,Macaca mulatta,1330773030,NYGC
NY-TX14033-1,10xV3.1_HT_CP,HMBA_Macaque_Pop,CELL_RANGER_DUAL_INDEX,1334656512,A8HC_240226_01_A01,R8TX-24030501,RTX-14033,39998,Nuclei,1297784728,L8HC_240229_03_B10,2084_A01,macaque,Macaca mulatta,1333545534,NYGC
NY-TX14033-2,10xV3.1_HT_CP,HMBA_Macaque_Pop,CELL_RANGER_DUAL_INDEX,1334656515,A8HC_240226_01_B01,R8TX-24030501,RTX-14033,39949,Nuclei,1297784728,L8HC_240229_03_C10,2084_A02,macaque,Macaca mulatta,1333546413,NYGC
NY-TX14033-3,10xV3.1_HT_CP-BC,HMBA_Macaque_Pop,CELL_RANGER_DUAL_INDEX,1334656877,A8HB_240226_02_A01,R8TX-24030501,RTX-14033,39998,Nuclei,1297784483,L8HB_240228_01_E04,2084_A01,macaque,Macaca mulatta,1333545681,NYGC
NY-TX14033-4,10xV3.1_HT_CP-BC,HMBA_Macaque_Pop,CELL_RANGER_DUAL_INDEX,1334656880,A8HB_240226_02_B01,R8TX-24030501,RTX-14033,39949,Nuclei,1297784483,L8HB_240228_01_F04,2084_A02,macaque,Macaca mulatta,1333546593,NYGC
NY-TX14034-1,10xV3.1_HT_CP,HMBA_Macaque_Pop,CELL_RANGER_DUAL_INDEX,1337269964,A8HC_240311_01_A01,R8TX-24031901,RTX-14034,39962,Nuclei,1297784728,L8HC_240314_03_D09,2114_A01,macaque,Macaca mulatta,1336929821,NYGC
NY-TX14034-2,10xV3.1_HT_CP,HMBA_Macaque_Pop,CELL_RANGER_DUAL_INDEX,1337269966,A8HC_240311_01_B01,R8TX-24031901,RTX-14034,39969,Nuclei,1297784728,L8HC_240314_03_E09,2114_A02,macaque,Macaca mulatta,1336929904,NYGC
NY-TX14034-3,10xV3.1_HT_CP-BC,HMBA_Macaque_Pop,CELL_RANGER_DUAL_INDEX,1337270132,A8HB_240311_02_A01,R8TX-24031901,RTX-14034,39962,Nuclei,1297784483,L8HB_240313_01_G04,2114_A01,macaque,Macaca mulatta,1336929868,NYGC
NY-TX14034-4,10xV3.1_HT_CP-BC,HMBA_Macaque_Pop,CELL_RANGER_DUAL_INDEX,1337270135,A8HB_240311_02_B01,R8TX-24031901,RTX-14034,39969,Nuclei,1297784483,L8HB_240313_01_H04,2114_A02,macaque,Macaca mulatta,1336929928,NYGC
NY-TX14035-1,10xV3.1_HT_CP,HMBA_Macaque_Pop,CELL_RANGER_DUAL_INDEX,1341489136,A8HC_240326_03_A01,R8TX-24040201,RTX-14035,39975,Nuclei,1297784728,L8HC_240328_03_F06,2139_A01,macaque,Macaca mulatta,1340673377,NYGC
NY-TX14035-2,10xV3.1_HT_CP-BC,HMBA_Macaque_Pop,CELL_RANGER_DUAL_INDEX,1341491608,A8HB_240326_04_A01,R8TX-24040201,RTX-14035,39975,Nuclei,1297784483,L8HB_240327_01_A05,2139_A01,macaque,Macaca mulatta,1340673603,NYGC
NY-TX14035-3,10xV3.1_HT_CP,HMBA_Macaque_Pop,CELL_RANGER_DUAL_INDEX,1341489142,A8HC_240326_03_C01,R8TX-24040201,RTX-14035,39969,Nuclei,1297784728,L8HC_240328_03_H12,2139_1_B02,macaque,Macaca mulatta,1340673908,NYGC
NY-TX14035-4,10xV3.1_HT_CP-BC,HMBA_Macaque_Pop,CELL_RANGER_DUAL_INDEX,1341491614,A8HB_240326_04_C01,R8TX-24040201,RTX-14035,39969,Nuclei,1297784483,L8HB_240327_01_C05,2139_1_B02,macaque,Macaca mulatta,1340674134,NYGC
NY-TX14035-1,10xV3.1_HT_CP,HMBA_Macaque_Pop,CELL_RANGER_DUAL_INDEX,1341489136,A8HC_240326_03_A01,R8TX-24040201,RTX-14035,39975,Nuclei,1297784728,L8HC_240328_03_F06,2139_A01,macaque,Macaca mulatta,1340673377,NYGC
NY-TX14035-2,10xV3.1_HT_CP-BC,HMBA_Macaque_Pop,CELL_RANGER_DUAL_INDEX,1341491608,A8HB_240326_04_A01,R8TX-24040201,RTX-14035,39975,Nuclei,1297784483,L8HB_240327_01_A05,2139_A01,macaque,Macaca mulatta,1340673603,NYGC
NY-TX14035-3,10xV3.1_HT_CP,HMBA_Macaque_Pop,CELL_RANGER_DUAL_INDEX,1341489142,A8HC_240326_03_C01,R8TX-24040201,RTX-14035,39969,Nuclei,1297784728,L8HC_240328_03_H12,2139_1_B02,macaque,Macaca mulatta,1340673908,NYGC
NY-TX14035-4,10xV3.1_HT_CP-BC,HMBA_Macaque_Pop,CELL_RANGER_DUAL_INDEX,1341491614,A8HB_240326_04_C01,R8TX-24040201,RTX-14035,39969,Nuclei,1297784483,L8HB_240327_01_C05,2139_1_B02,macaque,Macaca mulatta,1340674134,NYGC
NY-TX14035-1,10xV3.1_HT_CP,HMBA_Macaque_Pop,CELL_RANGER_DUAL_INDEX,1341489136,A8HC_240326_03_A01,R8TX-24040201,RTX-14035,39975,Nuclei,1297784728,L8HC_240328_03_F06,2139_A01,macaque,Macaca mulatta,1340673377,NYGC
NY-TX14035-2,10xV3.1_HT_CP-BC,HMBA_Macaque_Pop,CELL_RANGER_DUAL_INDEX,1341491608,A8HB_240326_04_A01,R8TX-24040201,RTX-14035,39975,Nuclei,1297784483,L8HB_240327_01_A05,2139_A01,macaque,Macaca mulatta,1340673603,NYGC
NY-TX14035-3,10xV3.1_HT_CP,HMBA_Macaque_Pop,CELL_RANGER_DUAL_INDEX,1341489142,A8HC_240326_03_C01,R8TX-24040201,RTX-14035,39969,Nuclei,1297784728,L8HC_240328_03_H12,2139_1_B02,macaque,Macaca mulatta,1340673908,NYGC
NY-TX14035-4,10xV3.1_HT_CP-BC,HMBA_Macaque_Pop,CELL_RANGER_DUAL_INDEX,1341491614,A8HB_240326_04_C01,R8TX-24040201,RTX-14035,39969,Nuclei,1297784483,L8HB_240327_01_C05,2139_1_B02,macaque,Macaca mulatta,1340674134,NYGC
NY-TX14035-1,10xV3.1_HT_CP,HMBA_Macaque_Pop,CELL_RANGER_DUAL_INDEX,1341489136,A8HC_240326_03_A01,R8TX-24040201,RTX-14035,39975,Nuclei,1297784728,L8HC_240328_03_F06,2139_A01,macaque,Macaca mulatta,1340673377,NYGC
NY-TX14035-2,10xV3.1_HT_CP-BC,HMBA_Macaque_Pop,CELL_RANGER_DUAL_INDEX,1341491608,A8HB_240326_04_A01,R8TX-24040201,RTX-14035,39975,Nuclei,1297784483,L8HB_240327_01_A05,2139_A01,macaque,Macaca mulatta,1340673603,NYGC
NY-TX14035-3,10xV3.1_HT_CP,HMBA_Macaque_Pop,CELL_RANGER_DUAL_INDEX,1341489142,A8HC_240326_03_C01,R8TX-24040201,RTX-14035,39969,Nuclei,1297784728,L8HC_240328_03_H12,2139_1_B02,macaque,Macaca mulatta,1340673908,NYGC
NY-TX14035-4,10xV3.1_HT_CP-BC,HMBA_Macaque_Pop,CELL_RANGER_DUAL_INDEX,1341491614,A8HB_240326_04_C01,R8TX-24040201,RTX-14035,39969,Nuclei,1297784483,L8HB_240327_01_C05,2139_1_B02,macaque,Macaca mulatta,1340674134,NYGC
NY-TX14036-1,10xV3.1D,10xV4_Pilot+BICAN_Dev_Atlas+BICAN_Dev_P0,CELL_RANGER_DUAL_INDEX,1342943824,A8TX_240402_01_A02,R8TX-240409-01,RTX-14036,10638,Cells,1159883646,L8TX_240404_01_D09,2164_A01,mouse,Mus musculus,1342727734,NYGC
NY-TX14036-2,10xV4,10xV4_Pilot+BICAN_Dev_Atlas+BICAN_Dev_P0,CELL_RANGER_DUAL_INDEX,1342958437,A8TX_240402_03_G01,R8TX-240409-01,RTX-14036,19988,Cells,1338019172,L8TX_240404_04_D01,2163_A01,mouse,Mus musculus,1342727723,NYGC
NY-TX14036-3,10xV4,10xV4_Pilot+BICAN_Dev_Atlas+BICAN_Dev_P0,CELL_RANGER_DUAL_INDEX,1342958441,A8TX_240402_03_H01,R8TX-240409-01,RTX-14036,19924,Cells,1338019172,L8TX_240404_04_E12,2163_B01,mouse,Mus musculus,1342727724,NYGC
NY-TX14036-4,10xV4,10xV4_Pilot+BICAN_Dev_Atlas+BICAN_Dev_P0,CELL_RANGER_DUAL_INDEX,1342958444,A8TX_240402_03_A02,R8TX-240409-01,RTX-14036,19935,Cells,1338019172,L8TX_240404_04_A01,2163_C01,mouse,Mus musculus,1342727725,NYGC
NY-TX14036-5,10xV4,10xV4_Pilot+BICAN_Dev_Atlas+BICAN_Dev_P0,CELL_RANGER_DUAL_INDEX,1342958433,A8TX_240402_03_F01,R8TX-240409-01,RTX-14036,9910,Cells,1338019172,L8TX_240404_04_C01,2163_D01,mouse,Mus musculus,1342727726,NYGC
NY-TX14037-1,10xV3.1_HT_CP,HMBA_Macaque_Pop,CELL_RANGER_DUAL_INDEX,1344765645,A8HC_240409_02_A01,R8TX-24041601,RTX-14037,39936,Nuclei,1297784728,L8HC_240411_04_A05,2173_A01,macaque,Macaca mulatta,1343941023,NYGC
NY-TX14037-2,10xV3.1_HT_CP,HMBA_Macaque_Pop,CELL_RANGER_DUAL_INDEX,1344765647,A8HC_240409_02_B01,R8TX-24041601,RTX-14037,39983,Nuclei,1297784728,L8HC_240411_04_B05,2173_A02,macaque,Macaca mulatta,1343941137,NYGC
NY-TX14037-3,10xV3.1_HT_CP-BC,HMBA_Macaque_Pop,CELL_RANGER_DUAL_INDEX,1344767293,A8HB_240409_03_A01,R8TX-24041601,RTX-14037,39936,Nuclei,1297784483,L8HB_240410_01_D05,2173_A01,macaque,Macaca mulatta,1343941090,NYGC
NY-TX14037-4,10xV3.1_HT_CP-BC,HMBA_Macaque_Pop,CELL_RANGER_DUAL_INDEX,1344767297,A8HB_240409_03_B01,R8TX-24041601,RTX-14037,39983,Nuclei,1297784483,L8HB_240410_01_E05,2173_A02,macaque,Macaca mulatta,1343941203,NYGC
NY-TX14038-1,10xV3.1_HT_CP,HMBA_Macaque_Pop,CELL_RANGER_DUAL_INDEX,1365258975,A8HC_240508_01_A01,R8TX-24051401,RTX-14038,39975,Nuclei,1297784728,L8HC_240509_02_B12,2220_A01,macaque,Macaca mulatta,1364450555,NYGC
NY-TX14038-2,10xV3.1_HT_CP,HMBA_Macaque_Pop,CELL_RANGER_DUAL_INDEX,1365258978,A8HC_240508_01_B01,R8TX-24051401,RTX-14038,39969,Nuclei,1297784728,L8HC_240509_02_C12,2220_A02,macaque,Macaca mulatta,1364450638,NYGC
NY-TX14038-3,10xV3.1_HT_CP-BC,HMBA_Macaque_Pop,CELL_RANGER_DUAL_INDEX,1365259652,A8HB_240508_02_A01,R8TX-24051401,RTX-14038,39975,Nuclei,1297784483,L8HB_240509_03_H05,2220_A01,macaque,Macaca mulatta,1364450599,NYGC
NY-TX14038-4,10xV3.1_HT_CP-BC,HMBA_Macaque_Pop,CELL_RANGER_DUAL_INDEX,1365259654,A8HB_240508_02_B01,R8TX-24051401,RTX-14038,39969,Nuclei,1297784483,L8HB_240509_03_A06,2220_A02,macaque,Macaca mulatta,1364450667,NYGC
NY-TX14038-1,10xV3.1_HT_CP,HMBA_Macaque_Pop,CELL_RANGER_DUAL_INDEX,1365258975,A8HC_240508_01_A01,R8TX-24051401,RTX-14038,39975,Nuclei,1297784728,L8HC_240509_02_B12,2220_A01,macaque,Macaca mulatta,1364450555,NYGC
NY-TX14038-2,10xV3.1_HT_CP,HMBA_Macaque_Pop,CELL_RANGER_DUAL_INDEX,1365258978,A8HC_240508_01_B01,R8TX-24051401,RTX-14038,39969,Nuclei,1297784728,L8HC_240509_02_C12,2220_A02,macaque,Macaca mulatta,1364450638,NYGC
NY-TX14038-3,10xV3.1_HT_CP-BC,HMBA_Macaque_Pop,CELL_RANGER_DUAL_INDEX,1365259652,A8HB_240508_02_A01,R8TX-24051401,RTX-14038,39975,Nuclei,1297784483,L8HB_240509_03_H05,2220_A01,macaque,Macaca mulatta,1364450599,NYGC
NY-TX14038-4,10xV3.1_HT_CP-BC,HMBA_Macaque_Pop,CELL_RANGER_DUAL_INDEX,1365259654,A8HB_240508_02_B01,R8TX-24051401,RTX-14038,39969,Nuclei,1297784483,L8HB_240509_03_A06,2220_A02,macaque,Macaca mulatta,1364450667,NYGC
NY-TX14039-1,10xV3.1_HT_CP,HMBA_Macaque_Pop,CELL_RANGER_DUAL_INDEX,1347807017,A8HC_240422_01_A01,R8TX-24052901,RTX-14039,39995,Nuclei,1297784728,L8HC_240425_02_G12,2198_A01,macaque,Macaca mulatta,1347614593,NYGC
NY-TX14039-2,10xV3.1_HT_CP-BC,HMBA_Macaque_Pop,CELL_RANGER_DUAL_INDEX,1347807106,A8HB_240422_02_A01,R8TX-24052901,RTX-14039,39995,Nuclei,1297784483,L8HB_240424_01_F05,2198_A01,macaque,Macaca mulatta,1347614623,NYGC
NY-TX14039-3,10xV3.1_HT_CP,HMBA_Macaque_Pop,CELL_RANGER_DUAL_INDEX,1368598617,A8HC_240520_01_A01,R8TX-24052901,RTX-14039,39952,Nuclei,1297784728,L8HC_240523_23_D08,2240_A01,macaque,Macaca mulatta,1367749012,NYGC
NY-TX14039-4,10xV3.1_HT_CP-BC,HMBA_Macaque_Pop,CELL_RANGER_DUAL_INDEX,1368598778,A8HB_240520_02_A01,R8TX-24052901,RTX-14039,39952,Nuclei,1297784483,L8HB_240522_01_B06,2240_A01,macaque,Macaca mulatta,1367749055,NYGC
NY-TX14039-1,10xV3.1_HT_CP,HMBA_Macaque_Pop,CELL_RANGER_DUAL_INDEX,1347807017,A8HC_240422_01_A01,R8TX-24052901,RTX-14039,39995,Nuclei,1297784728,L8HC_240425_02_G12,2198_A01,macaque,Macaca mulatta,1347614593,NYGC
NY-TX14039-2,10xV3.1_HT_CP-BC,HMBA_Macaque_Pop,CELL_RANGER_DUAL_INDEX,1347807106,A8HB_240422_02_A01,R8TX-24052901,RTX-14039,39995,Nuclei,1297784483,L8HB_240424_01_F05,2198_A01,macaque,Macaca mulatta,1347614623,NYGC
NY-TX14039-3,10xV3.1_HT_CP,HMBA_Macaque_Pop,CELL_RANGER_DUAL_INDEX,1368598617,A8HC_240520_01_A01,R8TX-24052901,RTX-14039,39952,Nuclei,1297784728,L8HC_240523_23_D08,2240_A01,macaque,Macaca mulatta,1367749012,NYGC
NY-TX14039-4,10xV3.1_HT_CP-BC,HMBA_Macaque_Pop,CELL_RANGER_DUAL_INDEX,1368598778,A8HB_240520_02_A01,R8TX-24052901,RTX-14039,39952,Nuclei,1297784483,L8HB_240522_01_B06,2240_A01,macaque,Macaca mulatta,1367749055,NYGC
NY-TX14040-1,10xV4,10xV4_Pilot+BICAN_Dev_Atlas+BICAN_Dev_P8,CELL_RANGER_DUAL_INDEX,1369374288,A8TX_240524_02_A01,R8TX-24060401,RTX-14040,19913,Cells,1338019172,L8TX_240530_02_C10,2247_A01,mouse,Mus musculus,1369311604,NYGC
NY-TX14040-2,10xV4,10xV4_Pilot+BICAN_Dev_Atlas+BICAN_Dev_P8,CELL_RANGER_DUAL_INDEX,1369374292,A8TX_240524_02_B01,R8TX-24060401,RTX-14040,19996,Cells,1338019172,L8TX_240530_02_D10,2247_B01,mouse,Mus musculus,1369311605,NYGC
NY-TX14040-3,10xV4,10xV4_Pilot+BICAN_Dev_Atlas+BICAN_Dev_P8,CELL_RANGER_DUAL_INDEX,1369374294,A8TX_240524_02_C01,R8TX-24060401,RTX-14040,19935,Cells,1338019172,L8TX_240530_02_H10,2249_A02,mouse,Mus musculus,1368369379,NYGC
NY-TX14040-4,10xV4,10xV4_Pilot+BICAN_Dev_Atlas+BICAN_Dev_P8,CELL_RANGER_DUAL_INDEX,1369374296,A8TX_240524_02_D01,R8TX-24060401,RTX-14040,19953,Cells,1338019172,L8TX_240530_02_E10,2249_B02,mouse,Mus musculus,1368369380,NYGC
NY-TX14041-1,10xV4,10xV4_Pilot+BICAN_Dev_Atlas+BICAN_Dev_P8,CELL_RANGER_DUAL_INDEX,1369374298,A8TX_240524_02_E01,R8TX-24060402,RTX-14041,19982,Cells,1338019172,L8TX_240530_02_F10,2249_C02,mouse,Mus musculus,1368369381,NYGC
NY-TX14041-2,10xV4,10xV4_Pilot+BICAN_Dev_Atlas+BICAN_Dev_P8,CELL_RANGER_DUAL_INDEX,1369374301,A8TX_240524_02_F01,R8TX-24060402,RTX-14041,19935,Cells,1338019172,L8TX_240530_02_G10,2249_D02,mouse,Mus musculus,1368369383,NYGC
NY-TX14041-3,10xV4,10xV4_Pilot+BICAN_Dev_Atlas+BICAN_Dev_P14,CELL_RANGER_DUAL_INDEX,1369789693,A8TX_240529_01_A01,R8TX-24060402,RTX-14041,19982,Cells,1338019172,L8TX_240530_02_A11,2254_A01,mouse,Mus musculus,1369782484,NYGC
NY-TX14041-4,10xV4,10xV4_Pilot+BICAN_Dev_Atlas+BICAN_Dev_P14,CELL_RANGER_DUAL_INDEX,1369789695,A8TX_240529_01_B01,R8TX-24060402,RTX-14041,19940,Cells,1338019172,L8TX_240530_02_B11,2254_B01,mouse,Mus musculus,1369782485,NYGC
NY-TX14042-1,10xV3.1_HT_CP,HMBA_Macaque_Pop,CELL_RANGER_DUAL_INDEX,1368598619,A8HC_240520_01_B01,R8TX-24061101,RTX-14042,39946,Nuclei,1297784728,L8HC_240523_23_E08,2240_A02,macaque,Macaca mulatta,1367749092,NYGC
NY-TX14042-2,10xV3.1_HT_CP-BC,HMBA_Macaque_Pop,CELL_RANGER_DUAL_INDEX,1368598780,A8HB_240520_02_B01,R8TX-24061101,RTX-14042,39946,Nuclei,1297784483,L8HB_240522_01_C06,2240_A02,macaque,Macaca mulatta,1367749123,NYGC
NY-TX14042-3,10xV3.1_HT_CP,HMBA_Macaque_Pop,CELL_RANGER_DUAL_INDEX,1371240342,A8HC_240603_01_B01,R8TX-24061101,RTX-14042,39975,Nuclei,1297784728,L8HC_240606_23_B03,2259_1_B01,macaque,Macaca mulatta,1371143530,NYGC
NY-TX14042-4,10xV3.1_HT_CP-BC,HMBA_Macaque_Pop,CELL_RANGER_DUAL_INDEX,1371240630,A8HB_240603_02_B01,R8TX-24061101,RTX-14042,39975,Nuclei,1297784483,L8HB_240605_01_E06,2259_1_B01,macaque,Macaca mulatta,1371143648,NYGC
NY-TX14043-1,10xV3.1_HT_CP,HMBA_Macaque_Pop,CELL_RANGER_DUAL_INDEX,1371240345,A8HC_240603_01_C01,R8TX-24062501,RTX-14043,40000,Nuclei,1297784728,L8HC_240606_23_C03,2259_1_B02,macaque,Macaca mulatta,1371143710,NYGC
NY-TX14043-2,10xV3.1_HT_CP-BC,HMBA_Macaque_Pop,CELL_RANGER_DUAL_INDEX,1371240632,A8HB_240603_02_C01,R8TX-24062501,RTX-14043,40000,Nuclei,1297784483,L8HB_240605_01_F06,2259_1_B02,macaque,Macaca mulatta,1371143799,NYGC
NY-TX14043-3,10xV3.1_HT_CP,HMBA_Macaque_Pop,CELL_RANGER_DUAL_INDEX,1374154540,A8HC_240617_01_A01,R8TX-24062501,RTX-14043,39967,Nuclei,1297784728,L8HC_240620_02_D12,2281_A01,macaque,Macaca mulatta,1373932245,NYGC
NY-TX14043-4,10xV3.1_HT_CP-BC,HMBA_Macaque_Pop,CELL_RANGER_DUAL_INDEX,1374154742,A8HB_240617_02_A01,R8TX-24062501,RTX-14043,39967,Nuclei,1297784483,L8HB_240621_02_G06,2281_A01,macaque,Macaca mulatta,1373932332,NYGC
NY-TX14044-1,10xV3.1_HT_CP,HMBA_Macaque_Pop,CELL_RANGER_DUAL_INDEX,1374154544,A8HC_240617_01_B01,R8TX-24070901,RTX-14044,39967,Nuclei,1297784728,L8HC_240620_02_E12,2281_A02,macaque,Macaca mulatta,1373934614,NYGC
NY-TX14044-2,10xV3.1_HT_CP-BC,HMBA_Macaque_Pop,CELL_RANGER_DUAL_INDEX,1374154744,A8HB_240617_02_B01,R8TX-24070901,RTX-14044,39967,Nuclei,1297784483,L8HB_240621_02_H06,2281_A02,macaque,Macaca mulatta,1373934707,NYGC
NY-TX14044-3,10xV3.1_HT_CP,HMBA_Macaque_Pop,CELL_RANGER_DUAL_INDEX,1378198218,A8HC_240701_01_B01,R8TX-24070901,RTX-14044,30030,Nuclei,1297784728,L8HC_240705_02_G07,2301_A02,macaque,Macaca mulatta,1378194017,NYGC
NY-TX14044-4,10xV3.1_HT_CP-BC,HMBA_Macaque_Pop,CELL_RANGER_DUAL_INDEX,1378198171,A8HB_240701_02_B01,R8TX-24070901,RTX-14044,30030,Nuclei,1297784483,L8HB_240703_01_B07,2301_A02,macaque,Macaca mulatta,1378194298,NYGC
NY-TX14045-1,10xV3.1_HT_CP,HMBA_Macaque_Pop,CELL_RANGER_DUAL_INDEX,1378198216,A8HC_240701_01_A01,R8TX-24072301,RTX-14045,20020,Nuclei,1297784728,L8HC_240705_02_F07,2301_A01,macaque,Macaca mulatta,1378191539,NYGC
NY-TX14045-2,10xV3.1_HT_CP-BC,HMBA_Macaque_Pop,CELL_RANGER_DUAL_INDEX,1378198166,A8HB_240701_02_A01,R8TX-24072301,RTX-14045,20020,Nuclei,1297784483,L8HB_240703_01_A07,2301_A01,macaque,Macaca mulatta,1378191722,NYGC
NY-TX14045-3,10xV3.1_HT_CP,HMBA_Macaque_Pop,CELL_RANGER_DUAL_INDEX,1305183456,A8HC_231013_01_A01,R8TX-24072301,RTX-14045,19949,Nuclei,1297784728,L8HC_231019_03_G06,1915_A01,macaque,Macaca mulatta,1305101145,NYGC
NY-TX14045-4,10xV3.1_HT_CP,HMBA_Macaque_Pop,CELL_RANGER_DUAL_INDEX,1316214034,A8HC_231201_01_A01,R8TX-24072301,RTX-14045,39951,Nuclei,1297784728,L8HC_231207_02_E09,1978_A01,macaque,Macaca mulatta,1315978291,NYGC
NY-TX14045-5,10xV3.1_HT_CP,HMBA_Macaque_Pop,CELL_RANGER_DUAL_INDEX,1316214037,A8HC_231201_01_A02,R8TX-24072301,RTX-14045,39975,Nuclei,1297784728,L8HC_231207_02_F09,1978_A02,macaque,Macaca mulatta,1315978461,NYGC
NY-TX14046-1,10xV4,10xV4_Pilot+BICAN_Dev_Atlas+BICAN_Dev_P14,CELL_RANGER_DUAL_INDEX,1369789693,A8TX_240529_01_A01,R8TX-24072302,RTX-14046,19982,Cells,1338019172,L8TX_240530_02_A11,2254_A01,mouse,Mus musculus,1369782484,NYGC
NY-TX14046-2,10xV4,10xV4_Pilot+BICAN_Dev_Atlas+BICAN_Dev_P14,CELL_RANGER_DUAL_INDEX,1369789695,A8TX_240529_01_B01,R8TX-24072302,RTX-14046,19940,Cells,1338019172,L8TX_240530_02_B11,2254_B01,mouse,Mus musculus,1369782485,NYGC
NY-TX14046-3,10xV4,BICAN_Dev_Atlas+BICAN_Dev_P12,CELL_RANGER_DUAL_INDEX,1380910142,A8TX_240716_02_E01,R8TX-24072302,RTX-14046,19976,Cells,1338019172,L8TX_240718_01_E03,2320_A02,mouse,Mus musculus,1380444004,NYGC
NY-TX14046-4,10xV4,BICAN_Dev_Atlas+BICAN_Dev_P12,CELL_RANGER_DUAL_INDEX,1380910179,A8TX_240716_02_F01,R8TX-24072302,RTX-14046,19947,Cells,1338019172,L8TX_240718_01_F03,2320_B02,mouse,Mus musculus,1380444005,NYGC
NY-TX14047-1,10xV4,BICAN_Dev_Atlas+BICAN_Dev_P12,CELL_RANGER_DUAL_INDEX,1380910208,A8TX_240716_02_G01,R8TX-24080601,RTX-14047,19996,Cells,1338019172,L8TX_240718_01_G03,2321_A03,mouse,Mus musculus,1379715172,NYGC
NY-TX14047-2,10xV4,BICAN_Dev_Atlas+BICAN_Dev_P12,CELL_RANGER_DUAL_INDEX,1380910244,A8TX_240716_02_H01,R8TX-24080601,RTX-14047,20000,Cells,1338019172,L8TX_240718_01_H03,2321_B03,mouse,Mus musculus,1379715173,NYGC
NY-TX14047-3,10xV4,BICAN_Dev_Atlas+BICAN_Dev_P2,CELL_RANGER_DUAL_INDEX,1383990652,A8TX_240730_02_C01,R8TX-24080601,RTX-14047,19977,Cells,1338019172,L8TX_240801_03_G12,2353_A04,mouse,Mus musculus,1383193637,NYGC
NY-TX14047-4,10xV4,BICAN_Dev_Atlas+BICAN_Dev_P2,CELL_RANGER_DUAL_INDEX,1383990654,A8TX_240730_02_D01,R8TX-24080601,RTX-14047,19977,Cells,1338019172,L8TX_240801_03_B12,2353_B04,mouse,Mus musculus,1383193638,NYGC
NY-TX14048-1,10xV4,BICAN_Dev_Atlas+BICAN_Dev_P2,CELL_RANGER_DUAL_INDEX,1383990656,A8TX_240730_02_E01,R8TX-24080602,RTX-14048,19982,Cells,1338019172,L8TX_240801_03_H12,2353_C04,mouse,Mus musculus,1383193639,NYGC
NY-TX14048-2,10xV4,BICAN_Dev_Atlas+BICAN_Dev_P2,CELL_RANGER_DUAL_INDEX,1383990659,A8TX_240730_02_F01,R8TX-24080602,RTX-14048,19924,Cells,1338019172,L8TX_240801_03_C12,2353_D04,mouse,Mus musculus,1383193640,NYGC
NY-TX14048-3,10xV4,BICAN_Dev_Atlas+BICAN_Dev_P2,CELL_RANGER_DUAL_INDEX,1383990661,A8TX_240730_02_G01,R8TX-24080602,RTX-14048,19976,Cells,1338019172,L8TX_240801_03_D12,2350_A02,mouse,Mus musculus,1382603754,NYGC
NY-TX14048-4,10xV4,BICAN_Dev_Atlas+BICAN_Dev_P2,CELL_RANGER_DUAL_INDEX,1383990663,A8TX_240730_02_H01,R8TX-24080602,RTX-14048,19980,Cells,1338019172,L8TX_240801_03_E12,2350_B02,mouse,Mus musculus,1382603755,NYGC
NY-AT16001-1,10xATAC_Mult,BICAN_Dev_Atlas+P0_Pilot,ARC-ATAC,1271119380,B8XM_230509_01_C02,R8XA-23062103,ATX-16001,10000,Nuclei,1061736689,L8XA_230509_01_D04,1709_A01,mouse,Mus musculus,1269077340,NYGC
NY-AT16001-2,10xATAC_Mult,BICAN_Dev_Atlas+P0_Pilot,ARC-ATAC,1271119383,B8XM_230509_01_D02,R8XA-23062103,ATX-16001,10000,Nuclei,1061736689,L8XA_230509_01_E04,1709_B01,mouse,Mus musculus,1269077341,NYGC
NY-AT16001-3,10xATAC_Mult,BICAN_Dev_Atlas+P0_Pilot,ARC-ATAC,1272524528,B8XM_230516_01_A01,R8XA-23062103,ATX-16001,10000,Nuclei,1061736689,L8XA_230516_01_G05,1710_A02,mouse,Mus musculus,1270819962,NYGC
NY-AT16001-4,10xATAC_Mult,BICAN_Dev_Atlas+P0_Pilot,ARC-ATAC,1272524530,B8XM_230516_01_B01,R8XA-23062103,ATX-16001,10000,Nuclei,1061736689,L8XA_230516_01_G04,1710_B02,mouse,Mus musculus,1270819963,NYGC
NY-AT16001-5,10xATAC_Mult,BICAN_Dev_Atlas+P0_Pilot,ARC-ATAC,1272524533,B8XM_230516_01_C01,R8XA-23062103,ATX-16001,10000,Nuclei,1061736689,L8XA_230516_01_H04,1710_C02,mouse,Mus musculus,1270644555,NYGC
NY-AT16001-6,10xATAC_Mult,BICAN_Dev_Atlas+P0_Pilot,ARC-ATAC,1272524535,B8XM_230516_01_D01,R8XA-23062103,ATX-16001,10000,Nuclei,1061736689,L8XA_230516_01_A05,1710_D02,mouse,Mus musculus,1270644556,NYGC
NY-AT16001-7,10xATAC_Mult,BICAN_Dev_Atlas+P0_Pilot,ARC-ATAC,1272524543,B8XM_230516_01_G01,R8XA-23062103,ATX-16001,10000,Nuclei,1061736689,L8XA_230516_01_C05,1713_A04,mouse,Mus musculus,1271785491,NYGC
NY-AT16001-8,10xATAC_Mult,BICAN_Dev_Atlas+P0_Pilot,ARC-ATAC,1272524545,B8XM_230516_01_H01,R8XA-23062103,ATX-16001,10000,Nuclei,1061736689,L8XA_230516_01_D05,1713_B04,mouse,Mus musculus,1271785492,NYGC
NY-AT16001-9,10xATAC_Mult,BICAN_Dev_Atlas+P0_Pilot,ARC-ATAC,1272524547,B8XM_230516_01_A02,R8XA-23062103,ATX-16001,10000,Nuclei,1061736689,L8XA_230516_01_E05,1713_C04,mouse,Mus musculus,1270459630,NYGC
NY-AT16002-1,10xATAC_Mult,BICAN_Dev_Atlas+P0_Pilot,ARC-ATAC,1272524549,B8XM_230516_01_B02,R8XA-23070503,ATX-16002,10000,Nuclei,1061736689,L8XA_230516_01_F05,1713_D04,mouse,Mus musculus,1270459631,NYGC
NY-AT16002-2,10xATAC_Mult,HMBA_Macaque_Atlas+HMBA_Macaque_Atlas_THM,ARC-ATAC,1276784365,B8XM_230613_01_E01,R8XA-23070503,ATX-16002,4968,Nuclei,1061736689,L8XA_230613_01_B09,1743_A01,macaque,Macaca mulatta,1276525725,NYGC
NY-AT16002-3,10xATAC_Mult,HMBA_Macaque_Atlas+HMBA_Macaque_Atlas_M,ARC-ATAC,1276784368,B8XM_230613_01_F01,R8XA-23070503,ATX-16002,4130,Nuclei,1061736689,L8XA_230613_01_C09,1743_B01,macaque,Macaca mulatta,1276525726,NYGC
NY-AT16002-4,10xATAC_Mult,HMBA_Macaque_Atlas+HMBA_Macaque_Atlas_THM,ARC-ATAC,1278407178,B8XM_230620_01_A01,R8XA-23070503,ATX-16002,10000,Nuclei,1061736689,L8XA_230620_01_F09,1745_A02,macaque,Macaca mulatta,1277942244,NYGC
NY-AT16002-5,10xATAC_Mult,BG_paper_Macaque+HMBA_Macaque_Atlas+HMBA_Macaque_Atlas_BN_BF,ARC-ATAC,1278407185,B8XM_230620_01_D01,R8XA-23070503,ATX-16002,10000,Nuclei,1061736689,L8XA_230620_01_G09,1748_A04,macaque,Macaca mulatta,1277944286,NYGC
NY-AT16002-6,10xATAC_Mult,HMBA_Macaque_Atlas+HMBA_Macaque_Atlas_BN_BF,ARC-ATAC,1278407188,B8XM_230620_01_E01,R8XA-23070503,ATX-16002,10000,Nuclei,1061736689,L8XA_230620_01_H09,1748_B04,macaque,Macaca mulatta,1277944287,NYGC
NY-AT16002-7,10xATAC_Mult,HMBA_Macaque_Atlas+HMBA_Macaque_Atlas_BN_BF,ARC-ATAC,1278407190,B8XM_230620_01_F01,R8XA-23070503,ATX-16002,10000,Nuclei,1061736689,L8XA_230620_01_A10,1748_C04,macaque,Macaca mulatta,1277944288,NYGC
NY-AT16002-8,10xATAC_Mult,BG_paper_Macaque+HMBA_Macaque_Atlas+HMBA_Macaque_Atlas_BN_BF,ARC-ATAC,1279884628,B8XM_230627_01_A01,R8XA-23070503,ATX-16002,10000,Nuclei,1061736689,L8XA_230627_01_B10,1750_A01,macaque,Macaca mulatta,1278014318,NYGC
NY-AT16002-9,10xATAC_Mult,BG_paper_Macaque+HMBA_Macaque_Atlas+HMBA_Macaque_Atlas_BN_BF,ARC-ATAC,1279884630,B8XM_230627_01_B01,R8XA-23070503,ATX-16002,13913,Nuclei,1061736689,L8XA_230627_01_C10,1750_B01,macaque,Macaca mulatta,1278014319,NYGC
NY-AT16003-1,10xATAC_Mult,BG_paper_Macaque+HMBA_Macaque_Atlas+HMBA_Macaque_Atlas_BN_BF,ARC-ATAC,1279884633,B8XM_230627_01_C01,R8XA-23080104,ATX-16003,10000,Nuclei,1061736689,L8XA_230627_01_D10,1751_A02,macaque,Macaca mulatta,1279285227,NYGC
NY-AT16003-10,10xATAC_Mult,BICAN_Dev_Atlas+P0_Pilot,ARC-ATAC,1286078099,B8XM_230725_01_E02,R8XA-23080104,ATX-16003,10000,Nuclei,1061736689,L8XA_230725_01_E03,1791_D01,mouse,Mus musculus,1286072770,NYGC
NY-AT16003-11,10xATAC_Mult,HMBA_Macaque_Atlas+HMBA_Macaque_Atlas_CB,ARC-ATAC,1286078102,B8XM_230725_01_F02,R8XA-23080104,ATX-16003,10000,Nuclei,1061736689,L8XA_230725_01_F03,1792_A02,macaque,Macaca mulatta,1285380595,NYGC
NY-AT16003-12,10xATAC_Mult,HMBA_Macaque_Atlas+HMBA_Macaque_Atlas_CB,ARC-ATAC,1286078104,B8XM_230725_01_G02,R8XA-23080104,ATX-16003,2500,Nuclei,1061736689,L8XA_230725_01_E02,1792_B02,macaque,Macaca mulatta,1285380596,NYGC
NY-AT16003-2,10xATAC_Mult,BG_paper_Macaque+HMBA_Macaque_Atlas+HMBA_Macaque_Atlas_BN_BF,ARC-ATAC,1279884636,B8XM_230627_01_D01,R8XA-23080104,ATX-16003,10000,Nuclei,1061736689,L8XA_230627_01_E10,1751_B02,macaque,Macaca mulatta,1279285229,NYGC
NY-AT16003-3,10xATAC_Mult,HMBA_Macaque_Atlas+HMBA_Macaque_Atlas_H,ARC-ATAC,1285915619,B8XM_230711_01_A01,R8XA-23080104,ATX-16003,4782,Nuclei,1061736689,L8XA_230711_01_A01,1767_A01,macaque,Macaca mulatta,1281312832,NYGC
NY-AT16003-4,10xATAC_Mult,HMBA_Macaque_Atlas+HMBA_Macaque_Atlas_CB,ARC-ATAC,1285915625,B8XM_230711_01_D01,R8XA-23080104,ATX-16003,4068,Nuclei,1061736689,L8XA_230711_01_B01,1770_A04,macaque,Macaca mulatta,1282134239,NYGC
NY-AT16003-5,10xATAC_Mult,HMBA_Macaque_Atlas+HMBA_Macaque_Atlas_CB,ARC-ATAC,1285915628,B8XM_230711_01_E01,R8XA-23080104,ATX-16003,10000,Nuclei,1061736689,L8XA_230711_01_D01,1770_B04,macaque,Macaca mulatta,1282134240,NYGC
NY-AT16003-6,10xATAC_Mult,HMBA_Macaque_Atlas+HMBA_Macaque_Atlas_CB,ARC-ATAC,1285915634,B8XM_230711_01_H01,R8XA-23080104,ATX-16003,2860,Nuclei,1061736689,L8XA_230711_01_C01,1773_A06,macaque,Macaca mulatta,1282715573,NYGC
NY-AT16003-7,10xATAC_Mult,HMBA_Macaque_Atlas+HMBA_Macaque_Atlas_CB,ARC-ATAC,1286078076,B8XM_230725_01_C01,R8XA-23080104,ATX-16003,5962,Nuclei,1061736689,L8XA_230725_01_C02,1787_A03,macaque,Macaca mulatta,1285206980,NYGC
NY-AT16003-8,10xATAC_Mult,HMBA_Macaque_Atlas+HMBA_Macaque_Atlas_CB,ARC-ATAC,1286078079,B8XM_230725_01_D01,R8XA-23080104,ATX-16003,3602,Nuclei,1061736689,L8XA_230725_01_D02,1787_B03,macaque,Macaca mulatta,1285206981,NYGC
NY-AT16003-9,10xATAC_Mult,BICAN_Dev_Atlas+P0_Pilot,ARC-ATAC,1286078096,B8XM_230725_01_D02,R8XA-23080104,ATX-16003,10000,Nuclei,1061736689,L8XA_230725_01_D03,1791_C01,mouse,Mus musculus,1286072769,NYGC
NY-AT16004-1,10xATAC_Mult,HMBA_Macaque_Atlas+HMBA_Macaque_Atlas_H,ARC-ATAC,1291008139,B8XM_230815_01_E03,R8XA-23082205,ATX-16004,10000,Nuclei,1061736689,L8XA_230815_01_D07,1820_A02,macaque,Macaca mulatta,1290813381,NYGC
NY-AT16004-2,10xATAC_Mult,HMBA_Macaque_Atlas+HMBA_Macaque_Atlas_H,ARC-ATAC,1291008141,B8XM_230815_01_F03,R8XA-23082205,ATX-16004,10000,Nuclei,1061736689,L8XA_230815_01_E07,1820_B02,macaque,Macaca mulatta,1290813382,NYGC
NY-AT16004-3,10xATAC_Mult,HMBA_Macaque_Atlas+HMBA_Macaque_Atlas_AMY,ARC-ATAC,1288557853,B8XM_230808_01_A01,R8XA-23082205,ATX-16004,10000,Nuclei,1061736689,L8XA_230808_01_F05,1799_A03,macaque,Macaca mulatta,1287255604,NYGC
NY-AT16004-4,10xATAC_Mult,HMBA_Macaque_Atlas+HMBA_Macaque_Atlas_AMY,ARC-ATAC,1288557856,B8XM_230808_01_B01,R8XA-23082205,ATX-16004,10000,Nuclei,1061736689,L8XA_230808_01_G05,1799_B03,macaque,Macaca mulatta,1287255605,NYGC
NY-AT16004-5,10xATAC_Mult,HMBA_Macaque_Atlas+HMBA_Macaque_Atlas_H,ARC-ATAC,1291008092,B8XM_230815_01_A01,R8XA-23082205,ATX-16004,3478,Nuclei,1061736689,L8XA_230815_01_A07,1811_A02,macaque,Macaca mulatta,1289980881,NYGC
NY-AT16004-6,10xATAC_Mult,BICAN_Dev_Atlas+BICAN_Dev_P4,ARC-ATAC,1291008094,B8XM_230815_01_B01,R8XA-23082205,ATX-16004,10000,Nuclei,1061736689,L8XA_230815_01_F07,1816_A07,mouse,Mus musculus,1289979376,NYGC
NY-AT16004-7,10xATAC_Mult,BICAN_Dev_Atlas+BICAN_Dev_P4,ARC-ATAC,1291008096,B8XM_230815_01_C01,R8XA-23082205,ATX-16004,10000,Nuclei,1061736689,L8XA_230815_01_G07,1816_B07,mouse,Mus musculus,1289979377,NYGC
NY-AT16004-8,10xATAC_Mult,BICAN_Dev_Atlas+BICAN_Dev_P4,ARC-ATAC,1291008099,B8XM_230815_01_D01,R8XA-23082205,ATX-16004,10000,Nuclei,1061736689,L8XA_230815_01_H07,1816_C07,mouse,Mus musculus,1288801186,NYGC
NY-AT16004-9,10xATAC_Mult,BICAN_Dev_Atlas+BICAN_Dev_P4,ARC-ATAC,1291008101,B8XM_230815_01_E01,R8XA-23082205,ATX-16004,10000,Nuclei,1061736689,L8XA_230815_01_A08,1816_D07,mouse,Mus musculus,1288801187,NYGC
NY-AT16005-1,10xATAC_Mult,HMBA_Macaque_Atlas+HMBA_Macaque_Atlas_CB,ARC-ATAC,1291008113,B8XM_230815_01_B02,R8XA-23082206,ATX-16005,10000,Nuclei,1061736689,L8XA_230815_01_B07,1815_A06,macaque,Macaca mulatta,1290005068,NYGC
NY-AT16005-2,10xATAC_Mult,HMBA_Macaque_Atlas+HMBA_Macaque_Atlas_H,ARC-ATAC,1291008115,B8XM_230815_01_C02,R8XA-23082206,ATX-16005,9037,Nuclei,1061736689,L8XA_230815_01_C07,1815_B06,macaque,Macaca mulatta,1290005069,NYGC
NY-AT16005-3,10xATAC_Mult,BICAN_Dev_Atlas+BICAN_Dev_P4,ARC-ATAC,1291008117,B8XM_230815_01_D02,R8XA-23082206,ATX-16005,10000,Nuclei,1061736689,L8XA_230815_01_F08,1829_A10,mouse,Mus musculus,1290244537,NYGC
NY-AT16005-4,10xATAC_Mult,BICAN_Dev_Atlas+BICAN_Dev_P4,ARC-ATAC,1291008120,B8XM_230815_01_E02,R8XA-23082206,ATX-16005,10000,Nuclei,1061736689,L8XA_230815_01_G08,1829_B10,mouse,Mus musculus,1290244538,NYGC
NY-AT16005-5,10xATAC_Mult,BICAN_Dev_Atlas+BICAN_Dev_P4,ARC-ATAC,1291008130,B8XM_230815_01_A03,R8XA-23082206,ATX-16005,10000,Nuclei,1061736689,L8XA_230815_01_H08,1819_A01,mouse,Mus musculus,1290604907,NYGC
NY-AT16005-6,10xATAC_Mult,BICAN_Dev_Atlas+BICAN_Dev_P4,ARC-ATAC,1291008133,B8XM_230815_01_B03,R8XA-23082206,ATX-16005,10000,Nuclei,1061736689,L8XA_230815_01_A09,1819_B01,mouse,Mus musculus,1290604908,NYGC
NY-AT16005-7,10xATAC_Mult,BICAN_Dev_Atlas+BICAN_Dev_P4,ARC-ATAC,1291008135,B8XM_230815_01_C03,R8XA-23082206,ATX-16005,10000,Nuclei,1061736689,L8XA_230815_01_B09,1819_C01,mouse,Mus musculus,1290812740,NYGC
NY-AT16005-8,10xATAC_Mult,BICAN_Dev_Atlas+BICAN_Dev_P4,ARC-ATAC,1291008137,B8XM_230815_01_D03,R8XA-23082206,ATX-16005,10000,Nuclei,1061736689,L8XA_230815_01_C09,1819_D01,mouse,Mus musculus,1290812741,NYGC
NY-AT16006-1,10xATAC_Mult,HMBA_Macaque_Atlas+HMBA_Macaque_Atlas_CB,ARC-ATAC,1293279479,B8XM_230822_01_A01,R8XA-23082902,ATX-16006,7670,Nuclei,1061736689,L8XA_230822_01_A10,1821_A03,macaque,Macaca mulatta,1291738157,NYGC
NY-AT16006-10,10xATAC_Mult,HMBA_Human_Atlas+HMBA_Human_Atlas_M,ARC-ATAC,1293279511,B8XM_230822_01_D02,R8XA-23082902,ATX-16006,10000,Nuclei,1061736689,L8XA_230822_01_D10,1826_B07,human,Homo Sapiens,1292042362,NYGC
NY-AT16006-2,10xATAC_Mult,HMBA_Macaque_Atlas+HMBA_Macaque_Atlas_H,ARC-ATAC,1293279481,B8XM_230822_01_B01,R8XA-23082902,ATX-16006,10000,Nuclei,1061736689,L8XA_230822_01_F09,1821_B03,macaque,Macaca mulatta,1291738158,NYGC
NY-AT16006-3,10xATAC_Mult,BICAN_Dev_Atlas+BICAN_Dev_P4,ARC-ATAC,1293279484,B8XM_230822_01_C01,R8XA-23082902,ATX-16006,10000,Nuclei,1061736689,L8XA_230822_01_G10,1822_A04,mouse,Mus musculus,1291759363,NYGC
NY-AT16006-4,10xATAC_Mult,BICAN_Dev_Atlas+BICAN_Dev_P4,ARC-ATAC,1293279486,B8XM_230822_01_D01,R8XA-23082902,ATX-16006,10000,Nuclei,1061736689,L8XA_230822_01_H10,1822_B04,mouse,Mus musculus,1291759365,NYGC
NY-AT16006-5,10xATAC_Mult,BICAN_Dev_Atlas+BICAN_Dev_P4,ARC-ATAC,1293279494,B8XM_230822_01_E01,R8XA-23082902,ATX-16006,10000,Nuclei,1061736689,L8XA_230822_01_A11,1822_C04,mouse,Mus musculus,1292026304,NYGC
NY-AT16006-6,10xATAC_Mult,BICAN_Dev_Atlas+BICAN_Dev_P4,ARC-ATAC,1293279497,B8XM_230822_01_F01,R8XA-23082902,ATX-16006,10000,Nuclei,1061736689,L8XA_230822_01_B11,1822_D04,mouse,Mus musculus,1292026305,NYGC
NY-AT16006-7,10xATAC_Mult,HMBA_Macaque_Atlas+HMBA_Macaque_Atlas_Cx,ARC-ATAC,1293279499,B8XM_230822_01_G01,R8XA-23082902,ATX-16006,3850,Nuclei,1061736689,L8XA_230822_01_G09,1823_A05,macaque,Macaca mulatta,1292015570,NYGC
NY-AT16006-8,10xATAC_Mult,HMBA_Macaque_Atlas+HMBA_Macaque_Atlas_Cx,ARC-ATAC,1293279502,B8XM_230822_01_H01,R8XA-23082902,ATX-16006,8913,Nuclei,1061736689,L8XA_230822_01_B10,1823_B05,macaque,Macaca mulatta,1292015571,NYGC
NY-AT16006-9,10xATAC_Mult,HMBA_Human_Atlas+HMBA_Human_Atlas_M,ARC-ATAC,1293279508,B8XM_230822_01_C02,R8XA-23082902,ATX-16006,10000,Nuclei,1061736689,L8XA_230822_01_C10,1826_A07,human,Homo Sapiens,1292042363,NYGC
NY-AT16007-1,10xATAC_Mult,HMBA_Cross_Species,ARC-ATAC,1293279513,B8XM_230822_01_E02,R8XA-23090606,ATX-16007,4813,Nuclei,1061736689,L8XA_230822_01_E10,1828_A08,rat,Rattus norvegicus,1291816787,NYGC
NY-AT16007-10,10xATAC_Mult,HMBA_Human_Atlas+HMBA_Human_Atlas_M,ARC-ATAC,1294127325,B8XM_230829_01_G01,R8XA-23090606,ATX-16007,10000,Nuclei,1061736689,L8XA_230829_01_C02,1835_D03,human,Homo Sapiens,1293508139,NYGC
NY-AT16007-11,10xATAC_Mult,HMBA_Cross_Species,ARC-ATAC,1294127332,B8XM_230829_01_B02,R8XA-23090606,ATX-16007,5823,Nuclei,1061736689,L8XA_230829_01_D02,1839_A07,rat,Rattus norvegicus,1292736499,NYGC
NY-AT16007-2,10xATAC_Mult,HMBA_Cross_Species,ARC-ATAC,1293279515,B8XM_230822_01_F02,R8XA-23090606,ATX-16007,4270,Nuclei,1061736689,L8XA_230822_01_F10,1828_B08,rat,Rattus norvegicus,1291817323,NYGC
NY-AT16007-3,10xATAC_Mult,HMBA_Macaque_Atlas+HMBA_Macaque_Atlas_H,ARC-ATAC,1293279518,B8XM_230822_01_G02,R8XA-23090606,ATX-16007,4596,Nuclei,1061736689,L8XA_230822_01_H09,1830_A01,macaque,Macaca mulatta,1292680384,NYGC
NY-AT16007-4,10xATAC_Mult,BICAN_Dev_Atlas+BICAN_Dev_P4,ARC-ATAC,1294127311,B8XM_230829_01_A01,R8XA-23090606,ATX-16007,10000,Nuclei,1061736689,L8XA_230829_01_B03,1831_A02,mouse,Mus musculus,1292677773,NYGC
NY-AT16007-5,10xATAC_Mult,BICAN_Dev_Atlas+BICAN_Dev_P4,ARC-ATAC,1294127313,B8XM_230829_01_B01,R8XA-23090606,ATX-16007,10000,Nuclei,1061736689,L8XA_230829_01_C03,1831_B02,mouse,Mus musculus,1292677774,NYGC
NY-AT16007-6,10xATAC_Mult,BICAN_Dev_Atlas+BICAN_Dev_P4,ARC-ATAC,1294127315,B8XM_230829_01_C01,R8XA-23090606,ATX-16007,10000,Nuclei,1061736689,L8XA_230829_01_D03,1831_C02,mouse,Mus musculus,1292211202,NYGC
NY-AT16007-7,10xATAC_Mult,HMBA_Human_Atlas+HMBA_Human_Atlas_M,ARC-ATAC,1294127317,B8XM_230829_01_D01,R8XA-23090606,ATX-16007,9472,Nuclei,1061736689,L8XA_230829_01_H01,1835_A03,human,Homo Sapiens,1293494549,NYGC
NY-AT16007-8,10xATAC_Mult,HMBA_Human_Atlas+HMBA_Human_Atlas_M,ARC-ATAC,1294127319,B8XM_230829_01_E01,R8XA-23090606,ATX-16007,10000,Nuclei,1061736689,L8XA_230829_01_A02,1835_B03,human,Homo Sapiens,1293494548,NYGC
NY-AT16007-9,10xATAC_Mult,HMBA_Human_Atlas+HMBA_Human_Atlas_M,ARC-ATAC,1294127322,B8XM_230829_01_F01,R8XA-23090606,ATX-16007,10000,Nuclei,1061736689,L8XA_230829_01_B02,1835_C03,human,Homo Sapiens,1293508140,NYGC
NY-AT16008-1,10xATAC_Mult,HMBA_Cross_Species,ARC-ATAC,1294127334,B8XM_230829_01_C02,R8XA-23091204,ATX-16008,6133,Nuclei,1061736689,L8XA_230829_01_E03,1839_B07,opossum,Monodelphis domestica,1292737265,NYGC
NY-AT16008-10,10xATAC_Mult,HMBA_Cross_Species,ARC-ATAC,1296100224,B8XM_230905_01_F01,R8XA-23091204,ATX-16008,7142,Nuclei,1061736689,L8XA_230905_01_E04,1847_B05,opossum,Monodelphis domestica,1294970551,NYGC
NY-AT16008-2,10xATAC_Mult,HMBA_Human_Atlas+HMBA_Human_Atlas_M,ARC-ATAC,1294127336,B8XM_230829_01_D02,R8XA-23091204,ATX-16008,10000,Nuclei,1061736689,L8XA_230829_01_E02,1838_A06,human,Homo Sapiens,1293290794,NYGC
NY-AT16008-3,10xATAC_Mult,HMBA_Human_Atlas+HMBA_Human_Atlas_M,ARC-ATAC,1294127338,B8XM_230829_01_E02,R8XA-23091204,ATX-16008,10000,Nuclei,1061736689,L8XA_230829_01_F02,1838_B06,human,Homo Sapiens,1293290792,NYGC
NY-AT16008-4,10xATAC_Mult,BICAN_Dev_Atlas+BICAN_Dev_P4,ARC-ATAC,1294253232,B8XM_230829_02_H02,R8XA-23091204,ATX-16008,10000,Nuclei,1061736689,L8XA_230829_02_F12,1842_A01,mouse,Mus musculus,1293272567,NYGC
NY-AT16008-5,10xATAC_Mult,BICAN_Dev_Atlas+BICAN_Dev_P4,ARC-ATAC,1294253235,B8XM_230829_02_A03,R8XA-23091204,ATX-16008,10000,Nuclei,1061736689,L8XA_230829_02_G12,1842_B01,mouse,Mus musculus,1293272568,NYGC
NY-AT16008-6,10xATAC_Mult,HMBA_Human_Atlas+HMBA_Human_Atlas_M,ARC-ATAC,1294127340,B8XM_230829_01_F02,R8XA-23091204,ATX-16008,9534,Nuclei,1061736689,L8XA_230829_01_G02,1843_A02,human,Homo Sapiens,1293495851,NYGC
NY-AT16008-7,10xATAC_Mult,HMBA_Human_Atlas+HMBA_Human_Atlas_M,ARC-ATAC,1294127343,B8XM_230829_01_G02,R8XA-23091204,ATX-16008,10000,Nuclei,1061736689,L8XA_230829_01_H02,1843_B02,human,Homo Sapiens,1293495850,NYGC
NY-AT16008-8,10xATAC_Mult,HMBA_Human_Atlas+HMBA_Human_Atlas_M,ARC-ATAC,1294127346,B8XM_230829_01_H02,R8XA-23091204,ATX-16008,10000,Nuclei,1061736689,L8XA_230829_01_A03,1843_C02,human,Homo Sapiens,1293755251,NYGC
NY-AT16008-9,10xATAC_Mult,HMBA_Human_Atlas+HMBA_Human_Atlas_M,ARC-ATAC,1296100217,B8XM_230905_01_C01,R8XA-23091204,ATX-16008,7298,Nuclei,1061736689,L8XA_230905_01_B04,1846_A04,human,Homo Sapiens,1295629368,NYGC
NY-AT16009-1,10xATAC_Mult,HMBA_Human_Atlas+HMBA_Human_Atlas_M,ARC-ATAC,1296100219,B8XM_230905_01_D01,R8XA-23092605,ATX-16009,10000,Nuclei,1061736689,L8XA_230905_01_C04,1846_B04,human,Homo Sapiens,1295629367,NYGC
NY-AT16009-10,10xATAC_Mult,HMBA_Human_Atlas+HMBA_Human_Atlas_M,ARC-ATAC,1296918249,B8XM_230912_01_E03,R8XA-23092605,ATX-16009,10000,Nuclei,1061736689,L8XA_230912_01_E06,1863_B02,human,Homo Sapiens,1296667336,NYGC
NY-AT16009-11,10xATAC_Mult,HMBA_Human_Atlas+HMBA_Human_Atlas_M,ARC-ATAC,1298532750,B8XM_230919_01_C01,R8XA-23092605,ATX-16009,10000,Nuclei,1061736689,L8XA_230919_01_D08,1869_A04,human,Homo Sapiens,1298009993,NYGC
NY-AT16009-2,10xATAC_Mult,HMBA_Cross_Species,ARC-ATAC,1296100222,B8XM_230905_01_E01,R8XA-23092605,ATX-16009,9860,Nuclei,1061736689,L8XA_230905_01_D04,1847_A05,opossum,Monodelphis domestica,1294969758,NYGC
NY-AT16009-3,10xATAC_Mult,BICAN_Dev_Atlas+BICAN_Dev_P4,ARC-ATAC,1296918207,B8XM_230912_01_D01,R8XA-23092605,ATX-16009,10000,Nuclei,1061736689,L8XA_230912_01_A07,1856_D01,mouse,Mus musculus,1295327104,NYGC
NY-AT16009-4,10xATAC_Mult,HMBA_Cross_Species,ARC-ATAC,1296918211,B8XM_230912_01_E01,R8XA-23092605,ATX-16009,2872,Nuclei,1061736689,L8XA_230912_01_B06,1858_A03,opossum,Monodelphis domestica,1296116469,NYGC
NY-AT16009-5,10xATAC_Mult,HMBA_Cross_Species,ARC-ATAC,1296918215,B8XM_230912_01_F01,R8XA-23092605,ATX-16009,4270,Nuclei,1061736689,L8XA_230912_01_C06,1858_B03,rat,Rattus norvegicus,1296117078,NYGC
NY-AT16009-6,10xATAC_Mult,HMBA_Human_Atlas+HMBA_Human_Atlas_M,ARC-ATAC,1296918231,B8XM_230912_01_E02,R8XA-23092605,ATX-16009,3944,Nuclei,1061736689,L8XA_230912_01_H05,1860_A05,human,Homo Sapiens,1296664146,NYGC
NY-AT16009-7,10xATAC_Mult,HMBA_Human_Atlas+HMBA_Human_Atlas_M,ARC-ATAC,1296918234,B8XM_230912_01_F02,R8XA-23092605,ATX-16009,4037,Nuclei,1061736689,L8XA_230912_01_A06,1860_B05,human,Homo Sapiens,1296664145,NYGC
NY-AT16009-8,10xATAC_Mult,HMBA_Cross_Species,ARC-ATAC,1296918236,B8XM_230912_01_G02,R8XA-23092605,ATX-16009,10000,Nuclei,1061736689,L8XA_230912_01_F07,1861_A06,rat,Rattus norvegicus,1296117451,NYGC
NY-AT16009-9,10xATAC_Mult,HMBA_Human_Atlas+HMBA_Human_Atlas_M,ARC-ATAC,1296918247,B8XM_230912_01_D03,R8XA-23092605,ATX-16009,10000,Nuclei,1061736689,L8XA_230912_01_D06,1863_A02,human,Homo Sapiens,1296667338,NYGC
NY-AT16010-1,10xATAC_Mult,HMBA_Human_Atlas+HMBA_Human_Atlas_M,ARC-ATAC,1298532753,B8XM_230919_01_D01,R8XA-23100304,ATX-16010,10000,Nuclei,1061736689,L8XA_230919_01_F08,1869_B04,human,Homo Sapiens,1298009992,NYGC
NY-AT16010-2,10xATAC_Mult,HMBA_Human_Atlas+HMBA_Human_Atlas_M,ARC-ATAC,1298532765,B8XM_230919_01_A02,R8XA-23100304,ATX-16010,10000,Nuclei,1061736689,L8XA_230919_01_G08,1872_A06,human,Homo Sapiens,1297649460,NYGC
NY-AT16010-3,10xATAC_Mult,HMBA_Human_Atlas+HMBA_Human_Atlas_M,ARC-ATAC,1298532767,B8XM_230919_01_B02,R8XA-23100304,ATX-16010,10000,Nuclei,1061736689,L8XA_230919_01_H08,1872_B06,human,Homo Sapiens,1297649459,NYGC
NY-AT16010-4,10xATAC_Mult,BICAN_Dev_Atlas+BICAN_Dev_P4,ARC-ATAC,1298532774,B8XM_230919_01_E02,R8XA-23100304,ATX-16010,10000,Nuclei,1061736689,L8XA_230922_01_C12,1873_C01,mouse,Mus musculus,1297980929,NYGC
NY-AT16010-5,10xATAC_Mult,BICAN_Dev_Atlas+BICAN_Dev_P4,ARC-ATAC,1298532776,B8XM_230919_01_F02,R8XA-23100304,ATX-16010,10000,Nuclei,1061736689,L8XA_230922_01_D12,1873_D01,mouse,Mus musculus,1297980930,NYGC
NY-AT16010-6,10xATAC_Mult,HMBA_Human_Atlas+HMBA_Human_Atlas_M,ARC-ATAC,1299736177,B8XM_230922_01_G01,R8XA-23100304,ATX-16010,10000,Nuclei,1061736689,L8XA_230922_01_A10,1877_A05,human,Homo Sapiens,1298517137,NYGC
NY-AT16010-7,10xATAC_Mult,HMBA_Human_Atlas+HMBA_Human_Atlas_M,ARC-ATAC,1299736179,B8XM_230922_01_H01,R8XA-23100304,ATX-16010,10000,Nuclei,1061736689,L8XA_230922_01_B10,1877_B05,human,Homo Sapiens,1298517136,NYGC
NY-AT16010-8,10xATAC_Mult,HMBA_Human_Atlas+HMBA_Human_Atlas_M,ARC-ATAC,1299736182,B8XM_230922_01_A02,R8XA-23100304,ATX-16010,10000,Nuclei,1061736689,L8XA_230922_01_C10,1877_C05,human,Homo Sapiens,1298444646,NYGC
NY-AT16010-9,10xATAC_Mult,BICAN_Dev_Atlas+BICAN_Dev_P4,ARC-ATAC,1300489712,B8XM_230926_02_C01,R8XA-23100304,ATX-16010,10000,Nuclei,1061736689,L8XA_230926_02_F01,1881_D07,mouse,Mus musculus,1298715240,NYGC
NY-AT16011-1,10xATAC_Mult,HMBA_Human_Atlas+HMBA_Human_Atlas_M,ARC-ATAC,1299736184,B8XM_230922_01_B02,R8XA-23101004,ATX-16011,10000,Nuclei,1061736689,L8XA_230922_01_D10,1877_D05,human,Homo Sapiens,1298444645,NYGC
NY-AT16011-2,10xATAC_Mult,HMBA_Human_Atlas+HMBA_Human_Atlas_M,ARC-ATAC,1299736187,B8XM_230922_01_C02,R8XA-23101004,ATX-16011,10000,Nuclei,1061736689,L8XA_230922_01_E10,1879_A06,human,Homo Sapiens,1299457212,NYGC
NY-AT16011-3,10xATAC_Mult,HMBA_Human_Atlas+HMBA_Human_Atlas_H,ARC-ATAC,1299736189,B8XM_230922_01_D02,R8XA-23101004,ATX-16011,10000,Nuclei,1061736689,L8XA_230922_01_F10,1879_B06,human,Homo Sapiens,1299457211,NYGC
NY-AT16011-4,10xATAC_Mult,BICAN_Dev_Atlas+BICAN_Dev_P14,ARC-ATAC,1300205077,B8XM_230926_01_C01,R8XA-23101004,ATX-16011,10000,Nuclei,1061736689,L8XA_230926_01_E12,1883_A01,mouse,Mus musculus,1300196491,NYGC
NY-AT16011-5,10xATAC_Mult,BICAN_Dev_Atlas+BICAN_Dev_P14,ARC-ATAC,1300205079,B8XM_230926_01_D01,R8XA-23101004,ATX-16011,10000,Nuclei,1061736689,L8XA_230926_01_F12,1883_B01,mouse,Mus musculus,1300196492,NYGC
NY-AT16011-6,10xATAC_Mult,BICAN_Dev_Atlas+BICAN_Dev_P14,ARC-ATAC,1300205081,B8XM_230926_01_E01,R8XA-23101004,ATX-16011,10000,Nuclei,1061736689,L8XA_230926_01_G12,1883_C01,mouse,Mus musculus,1300019260,NYGC
NY-AT16011-7,10xATAC_Mult,BICAN_Dev_Atlas+BICAN_Dev_P14,ARC-ATAC,1300205083,B8XM_230926_01_F01,R8XA-23101004,ATX-16011,10000,Nuclei,1061736689,L8XA_230926_01_H12,1883_D01,mouse,Mus musculus,1300019261,NYGC
NY-AT16011-8,10xATAC_Mult,HMBA_Human_Atlas+HMBA_Human_Atlas_M,ARC-ATAC,1301752559,B8XM_231003_01_C01,R8XA-23101004,ATX-16011,10000,Nuclei,1061736689,L8XA_231003_01_D02,1887_A04,human,Homo Sapiens,1300196587,NYGC
NY-AT16011-9,10xATAC_Mult,HMBA_Human_Atlas+HMBA_Human_Atlas_M,ARC-ATAC,1301752565,B8XM_231003_01_D01,R8XA-23101004,ATX-16011,6559,Nuclei,1061736689,L8XA_231003_01_E02,1887_B04,human,Homo Sapiens,1300196586,NYGC
NY-AT16012-1,10xATAC_Mult,HMBA_Human_Atlas+HMBA_Human_Atlas_H,ARC-ATAC,1301752584,B8XM_231003_01_G01,R8XA-23101704,ATX-16012,10000,Nuclei,1061736689,L8XA_231003_01_F02,1892_A06,human,Homo Sapiens,1300510070,NYGC
NY-AT16012-10,10xATAC_Mult,HMBA_Cross_Species,ARC-ATAC,1303210087,B8XM_231010_01_H01,R8XA-23101704,ATX-16012,6055,Nuclei,1061736689,L8XA_231010_01_G05,1899_B05,opossum,Monodelphis domestica,1302746059,NYGC
NY-AT16012-2,10xATAC_Mult,HMBA_Human_Atlas+HMBA_Human_Atlas_H,ARC-ATAC,1301752589,B8XM_231003_01_H01,R8XA-23101704,ATX-16012,10000,Nuclei,1061736689,L8XA_231003_01_G02,1892_B06,human,Homo Sapiens,1300510069,NYGC
NY-AT16012-3,10xATAC_Mult,HMBA_Human_Atlas+HMBA_Human_Atlas_H,ARC-ATAC,1301754575,B8XM_231003_02_G01,R8XA-23101704,ATX-16012,10000,Nuclei,1061736689,L8XA_231003_02_F03,1895_A01,human,Homo Sapiens,1301040532,NYGC
NY-AT16012-4,10xATAC_Mult,HMBA_Human_Atlas+HMBA_Human_Atlas_H,ARC-ATAC,1301754584,B8XM_231003_02_H01,R8XA-23101704,ATX-16012,10000,Nuclei,1061736689,L8XA_231003_02_G03,1895_B01,human,Homo Sapiens,1301040531,NYGC
NY-AT16012-5,10xATAC_Mult,HMBA_Human_Atlas+HMBA_Human_Atlas_H,ARC-ATAC,1301752591,B8XM_231003_01_A02,R8XA-23101704,ATX-16012,10000,Nuclei,1061736689,L8XA_231003_01_H02,1903_A09,human,Homo Sapiens,1301625663,NYGC
NY-AT16012-6,10xATAC_Mult,HMBA_Human_Atlas+HMBA_Human_Atlas_H,ARC-ATAC,1301752593,B8XM_231003_01_B02,R8XA-23101704,ATX-16012,10000,Nuclei,1061736689,L8XA_231003_01_A03,1903.1_C09,human,Homo Sapiens,1301625661,NYGC
NY-AT16012-7,10xATAC_Mult,HMBA_Human_Atlas+HMBA_Human_Atlas_H,ARC-ATAC,1303210070,B8XM_231010_01_A01,R8XA-23101704,ATX-16012,10000,Nuclei,1061736689,L8XA_231010_01_G04,1896_A02,human,Homo Sapiens,1301412131,NYGC
NY-AT16012-8,10xATAC_Mult,HMBA_Human_Atlas+HMBA_Human_Atlas_H,ARC-ATAC,1303210073,B8XM_231010_01_B01,R8XA-23101704,ATX-16012,10000,Nuclei,1061736689,L8XA_231010_01_H04,1896_B02,human,Homo Sapiens,1301412130,NYGC
NY-AT16012-9,10xATAC_Mult,HMBA_Cross_Species,ARC-ATAC,1303210084,B8XM_231010_01_G01,R8XA-23101704,ATX-16012,2562,Nuclei,1061736689,L8XA_231010_01_F04,1899_A05,opossum,Monodelphis domestica,1302745399,NYGC
NY-AT16013-1,10xATAC_Mult,BICAN_Dev_Atlas+BICAN_Dev_P14,ARC-ATAC,1303210094,B8XM_231010_01_C02,R8XA-23101705,ATX-16013,10000,Nuclei,1061736689,L8XA_231010_01_H05,1901_A07,mouse,Mus musculus,1302002927,NYGC
NY-AT16013-2,10xATAC_Mult,BICAN_Dev_Atlas+BICAN_Dev_P14,ARC-ATAC,1303210096,B8XM_231010_01_D02,R8XA-23101705,ATX-16013,10000,Nuclei,1061736689,L8XA_231010_01_A06,1901_B07,mouse,Mus musculus,1302002928,NYGC
NY-AT16013-3,10xATAC_Mult,BICAN_Dev_Atlas+BICAN_Dev_P14,ARC-ATAC,1303210098,B8XM_231010_01_E02,R8XA-23101705,ATX-16013,10000,Nuclei,1061736689,L8XA_231010_01_B06,1901_C07,mouse,Mus musculus,1302002929,NYGC
NY-AT16013-4,10xATAC_Mult,BICAN_Dev_Atlas+BICAN_Dev_P14,ARC-ATAC,1303210100,B8XM_231010_01_F02,R8XA-23101705,ATX-16013,10000,Nuclei,1061736689,L8XA_231010_01_C06,1901_D07,mouse,Mus musculus,1302002930,NYGC
NY-AT16013-5,10xATAC_Mult,BICAN_Dev_Atlas+BICAN_Dev_P14,ARC-ATAC,1303210102,B8XM_231010_01_G02,R8XA-23101705,ATX-16013,10000,Nuclei,1061736689,L8XA_231010_01_D06,1901_E07,mouse,Mus musculus,1302516729,NYGC
NY-AT16013-6,10xATAC_Mult,BICAN_Dev_Atlas+BICAN_Dev_P14,ARC-ATAC,1303210105,B8XM_231010_01_H02,R8XA-23101705,ATX-16013,10000,Nuclei,1061736689,L8XA_231010_01_E06,1901_F07,mouse,Mus musculus,1302516730,NYGC
NY-AT16013-7,10xATAC_Mult,BICAN_Dev_Atlas+BICAN_Dev_P14,ARC-ATAC,1303210108,B8XM_231010_01_A03,R8XA-23101705,ATX-16013,10000,Nuclei,1061736689,L8XA_231010_01_F06,1901_G07,mouse,Mus musculus,1302516732,NYGC
NY-AT16013-8,10xATAC_Mult,BICAN_Dev_Atlas+BICAN_Dev_P14,ARC-ATAC,1303210110,B8XM_231010_01_B03,R8XA-23101705,ATX-16013,10000,Nuclei,1061736689,L8XA_231010_01_G06,1901_H07,mouse,Mus musculus,1302516733,NYGC
NY-AT16013-9,10xATAC_Mult,HMBA_Human_Atlas+HMBA_Human_Atlas_H,ARC-ATAC,1303210117,B8XM_231010_01_E03,R8XA-23101705,ATX-16013,10000,Nuclei,1061736689,L8XA_231010_01_A05,1904_B01,human,Homo Sapiens,1302517788,NYGC
NY-AT16014-1,10xATAC_Mult,HMBA_Human_Atlas+HMBA_Human_Atlas_H,ARC-ATAC,1303210119,B8XM_231010_01_F03,R8XA-23102407,ATX-16014,10000,Nuclei,1061736689,L8XA_231010_01_B05,1904.1_C01,human,Homo Sapiens,1302517787,NYGC
NY-AT16014-2,10xATAC_Mult,HMBA_Human_Atlas+HMBA_Human_Atlas_H,ARC-ATAC,1305181986,B8XM_231017_01_E01,R8XA-23102407,ATX-16014,10000,Nuclei,1061736689,L8XA_231017_01_D07,1909_B03,human,Homo Sapiens,1303197939,NYGC
NY-AT16014-3,10xATAC_Mult,HMBA_Human_Atlas+HMBA_Human_Atlas_H,ARC-ATAC,1305181989,B8XM_231017_01_F01,R8XA-23102407,ATX-16014,6770,Nuclei,1061736689,L8XA_231017_01_E07,1909_C03,human,Homo Sapiens,1305169037,NYGC
NY-AT16014-4,10xATAC_Mult,HMBA_Human_Atlas+HMBA_Human_Atlas_H,ARC-ATAC,1305181991,B8XM_231017_01_G01,R8XA-23102407,ATX-16014,10000,Nuclei,1061736689,L8XA_231017_01_F07,1909_D03,human,Homo Sapiens,1305169036,NYGC
NY-AT16014-5,10xATAC_Mult,HMBA_Human_Atlas+HMBA_Human_Atlas_H,ARC-ATAC,1305181993,B8XM_231017_01_H01,R8XA-23102407,ATX-16014,10000,Nuclei,1061736689,L8XA_231017_01_G07,1909.1_E03,human,Homo Sapiens,1303197935,NYGC
NY-AT16014-6,10xATAC_Mult,HMBA_Cross_Species,ARC-ATAC,1305181996,B8XM_231017_01_A02,R8XA-23102407,ATX-16014,10000,Nuclei,1061736689,L8XA_231017_01_G08,1910_A04,chimp,Pan troglodytes,1304121625,NYGC
NY-AT16014-7,10xATAC_Mult,HMBA_Cross_Species,ARC-ATAC,1305182001,B8XM_231017_01_B02,R8XA-23102407,ATX-16014,10000,Nuclei,1061736689,L8XA_231017_01_H08,1910_B04,chimp,Pan troglodytes,1304122002,NYGC
NY-AT16014-8,10xATAC_Mult,BICAN_Dev_Atlas+BICAN_Dev_P14,ARC-ATAC,1305182065,B8XM_231017_01_A03,R8XA-23102407,ATX-16014,10000,Nuclei,1061736689,L8XA_231017_01_G09,1916_A06,mouse,Mus musculus,1304882219,NYGC
NY-AT16014-9,10xATAC_Mult,BICAN_Dev_Atlas+BICAN_Dev_P14,ARC-ATAC,1305182077,B8XM_231017_01_B03,R8XA-23102407,ATX-16014,10000,Nuclei,1061736689,L8XA_231017_01_H09,1916_B06,mouse,Mus musculus,1304882220,NYGC
NY-AT16015-1,10xATAC_Mult,BICAN_Dev_Atlas+BICAN_Dev_P14,ARC-ATAC,1305182087,B8XM_231017_01_C03,R8XA-23102408,ATX-16015,10000,Nuclei,1061736689,L8XA_231017_01_A10,1916_C06,mouse,Mus musculus,1304882221,NYGC
NY-AT16015-2,10xATAC_Mult,BICAN_Dev_Atlas+BICAN_Dev_P14,ARC-ATAC,1305182098,B8XM_231017_01_D03,R8XA-23102408,ATX-16015,10000,Nuclei,1061736689,L8XA_231017_01_B10,1916_D06,mouse,Mus musculus,1304882222,NYGC
NY-AT16015-3,10xATAC_Mult,BICAN_Dev_Atlas+BICAN_Dev_P14,ARC-ATAC,1305182105,B8XM_231017_01_E03,R8XA-23102408,ATX-16015,10000,Nuclei,1061736689,L8XA_231017_01_C10,1916_E06,mouse,Mus musculus,1305045872,NYGC
NY-AT16015-4,10xATAC_Mult,BICAN_Dev_Atlas+BICAN_Dev_P14,ARC-ATAC,1305182107,B8XM_231017_01_F03,R8XA-23102408,ATX-16015,10000,Nuclei,1061736689,L8XA_231017_01_D10,1916_F06,mouse,Mus musculus,1305045873,NYGC
NY-AT16015-5,10xATAC_Mult,BICAN_Dev_Atlas+BICAN_Dev_P14,ARC-ATAC,1305182111,B8XM_231017_01_G03,R8XA-23102408,ATX-16015,9409,Nuclei,1061736689,L8XA_231017_01_E10,1916_G06,mouse,Mus musculus,1305045875,NYGC
NY-AT16015-6,10xATAC_Mult,BICAN_Dev_Atlas+BICAN_Dev_P14,ARC-ATAC,1305182114,B8XM_231017_01_H03,R8XA-23102408,ATX-16015,9409,Nuclei,1061736689,L8XA_231017_01_F10,1916_H06,mouse,Mus musculus,1305045876,NYGC
NY-AT16015-7,10xATAC_Mult,HMBA_Cross_Species,ARC-ATAC,1305182119,B8XM_231017_01_A04,R8XA-23102408,ATX-16015,10000,Nuclei,1061736689,L8XA_231017_01_G10,1917_A07,chimp,Pan troglodytes,1304123179,NYGC
NY-AT16015-8,10xATAC_Mult,HMBA_Cross_Species,ARC-ATAC,1305182123,B8XM_231017_01_B04,R8XA-23102408,ATX-16015,7686,Nuclei,1061736689,L8XA_231017_01_H10,1917_B07,chimp,Pan troglodytes,1304124794,NYGC
NY-AT16015-9,10xATAC_Mult,HMBA_Human_Atlas+HMBA_Human_Atlas_H,ARC-ATAC,1305182126,B8XM_231017_01_C04,R8XA-23102408,ATX-16015,10000,Nuclei,1061736689,L8XA_231017_01_H07,1918_A01,human,Homo Sapiens,1304353472,NYGC
NY-AT16016-1,10xATAC_Mult,HMBA_Human_Atlas+HMBA_Human_Atlas_H,ARC-ATAC,1305182131,B8XM_231017_01_D04,R8XA-23103108,ATX-16016,10000,Nuclei,1061736689,L8XA_231017_01_A08,1918_B01,human,Homo Sapiens,1304353471,NYGC
NY-AT16016-2,10xATAC_Mult,HMBA_Human_Atlas+HMBA_Human_Atlas_H,ARC-ATAC,1305182135,B8XM_231017_01_E04,R8XA-23103108,ATX-16016,10000,Nuclei,1061736689,L8XA_231017_01_B08,1918_C01,human,Homo Sapiens,1304353470,NYGC
NY-AT16016-3,10xATAC_Mult,BICAN_Dev_Atlas+BICAN_Dev_P14,ARC-ATAC,1306626413,B8XM_231023_01_A01,R8XA-23103108,ATX-16016,10000,Nuclei,1061736689,L8XA_231023_01_D12,1919_A02,mouse,Mus musculus,1304388124,NYGC
NY-AT16016-4,10xATAC_Mult,BICAN_Dev_Atlas+BICAN_Dev_P14,ARC-ATAC,1306626416,B8XM_231023_01_B01,R8XA-23103108,ATX-16016,10000,Nuclei,1061736689,L8XA_231023_01_E12,1919_B02,mouse,Mus musculus,1304388125,NYGC
NY-AT16016-5,10xATAC_Mult,BICAN_Dev_Atlas+BICAN_Dev_P14,ARC-ATAC,1306626418,B8XM_231023_01_C01,R8XA-23103108,ATX-16016,10000,Nuclei,1061736689,L8XA_231023_01_F12,1919_C02,mouse,Mus musculus,1304388127,NYGC
NY-AT16016-6,10xATAC_Mult,BICAN_Dev_Atlas+BICAN_Dev_P14,ARC-ATAC,1306626420,B8XM_231023_01_D01,R8XA-23103108,ATX-16016,10000,Nuclei,1061736689,L8XA_231023_01_G12,1919_D02,mouse,Mus musculus,1304388128,NYGC
NY-AT16016-7,10xATAC_Mult,BICAN_Dev_Atlas+BICAN_Dev_P14,ARC-ATAC,1306626422,B8XM_231023_01_E01,R8XA-23103108,ATX-16016,10000,Nuclei,1061736689,L8XA_231023_01_H12,1919_E02,mouse,Mus musculus,1305999673,NYGC
NY-AT16016-8,10xATAC_Mult,BICAN_Dev_Atlas+BICAN_Dev_P14,ARC-ATAC,1306626425,B8XM_231023_01_F01,R8XA-23103108,ATX-16016,10000,Nuclei,1061736689,L8XA_231023_01_A01,1919_F02,mouse,Mus musculus,1305999674,NYGC
NY-AT16016-9,10xATAC_Mult,BICAN_Dev_Atlas+BICAN_Dev_P14,ARC-ATAC,1306626428,B8XM_231023_01_G01,R8XA-23103108,ATX-16016,10000,Nuclei,1061736689,L8XA_231023_01_B01,1919_G02,mouse,Mus musculus,1305999675,NYGC
NY-AT16017-1,10xATAC_Mult,BICAN_Dev_Atlas+BICAN_Dev_P14,ARC-ATAC,1306626430,B8XM_231023_01_H01,R8XA-23103109,ATX-16017,10000,Nuclei,1061736689,L8XA_231023_01_C01,1919_H02,mouse,Mus musculus,1305999676,NYGC
NY-AT16017-2,10xATAC_Mult,HMBA_Human_Atlas+HMBA_Human_Atlas_H,ARC-ATAC,1306626433,B8XM_231023_01_A02,R8XA-23103109,ATX-16017,10000,Nuclei,1061736689,L8XA_231023_01_C11,1920_A03,human,Homo Sapiens,1304888405,NYGC
NY-AT16017-3,10xATAC_Mult,HMBA_Human_Atlas+HMBA_Human_Atlas_H,ARC-ATAC,1306626435,B8XM_231023_01_B02,R8XA-23103109,ATX-16017,10000,Nuclei,1061736689,L8XA_231023_01_D11,1920_B03,human,Homo Sapiens,1304888404,NYGC
NY-AT16017-4,10xATAC_Mult,HMBA_Human_Atlas+HMBA_Human_Atlas_H,ARC-ATAC,1306626438,B8XM_231023_01_C02,R8XA-23103109,ATX-16017,10000,Nuclei,1061736689,L8XA_231023_01_E11,1920_C03,human,Homo Sapiens,1304888431,NYGC
NY-AT16017-5,10xATAC_Mult,HMBA_Human_Atlas+HMBA_Human_Atlas_H,ARC-ATAC,1306626440,B8XM_231023_01_D02,R8XA-23103109,ATX-16017,10000,Nuclei,1061736689,L8XA_231023_01_F11,1921_A04,human,Homo Sapiens,1306172964,NYGC
NY-AT16017-6,10xATAC_Mult,HMBA_Human_Atlas+HMBA_Human_Atlas_H,ARC-ATAC,1306626442,B8XM_231023_01_E02,R8XA-23103109,ATX-16017,10000,Nuclei,1061736689,L8XA_231023_01_G11,1921_B04,human,Homo Sapiens,1306172963,NYGC
NY-AT16017-7,10xATAC_Mult,BICAN_Dev_Atlas+BICAN_Dev_P14,ARC-ATAC,1306626456,B8XM_231023_01_C03,R8XA-23103109,ATX-16017,10000,Nuclei,1061736689,L8XA_231023_01_F01,1923_C06,mouse,Mus musculus,1306200289,NYGC
NY-AT16017-8,10xATAC_Mult,BICAN_Dev_Atlas+BICAN_Dev_P14,ARC-ATAC,1306626459,B8XM_231023_01_D03,R8XA-23103109,ATX-16017,10000,Nuclei,1061736689,L8XA_231023_01_G01,1923_D06,mouse,Mus musculus,1306200290,NYGC
NY-AT16017-9,10xATAC_Mult,BICAN_Dev_Atlas+BICAN_Dev_P14,ARC-ATAC,1306626461,B8XM_231023_01_E03,R8XA-23103109,ATX-16017,10000,Nuclei,1061736689,L8XA_231023_01_H01,1923_E06,mouse,Mus musculus,1306201700,NYGC
NY-AT16018-1,10xATAC_Mult,BICAN_Dev_Atlas+BICAN_Dev_P14,ARC-ATAC,1306626463,B8XM_231023_01_F03,R8XA-23103110,ATX-16018,10000,Nuclei,1061736689,L8XA_231023_01_A02,1923_F06,mouse,Mus musculus,1306201701,NYGC
NY-AT16018-2,10xATAC_Mult,BICAN_Dev_Atlas+BICAN_Dev_P14,ARC-ATAC,1306626465,B8XM_231023_01_G03,R8XA-23103110,ATX-16018,10000,Nuclei,1061736689,L8XA_231023_01_B02,1925_A07,mouse,Mus musculus,1305681036,NYGC
NY-AT16018-3,10xATAC_Mult,BICAN_Dev_Atlas+BICAN_Dev_P14,ARC-ATAC,1306626468,B8XM_231023_01_H03,R8XA-23103110,ATX-16018,10000,Nuclei,1061736689,L8XA_231023_01_C02,1925_B07,mouse,Mus musculus,1305681037,NYGC
NY-AT16018-4,10xATAC_Mult,BICAN_Dev_Atlas+BICAN_Dev_P14,ARC-ATAC,1306626471,B8XM_231023_01_A04,R8XA-23103110,ATX-16018,10000,Nuclei,1061736689,L8XA_231023_01_D02,1925_C07,mouse,Mus musculus,1305681038,NYGC
NY-AT16018-5,10xATAC_Mult,BICAN_Dev_Atlas+BICAN_Dev_P14,ARC-ATAC,1306626473,B8XM_231023_01_B04,R8XA-23103110,ATX-16018,10000,Nuclei,1061736689,L8XA_231023_01_E02,1925_D07,mouse,Mus musculus,1305681039,NYGC
NY-AT16018-6,10xATAC_Mult,HMBA_Human_Atlas+HMBA_Human_Atlas_H,ARC-ATAC,1306626480,B8XM_231023_01_E04,R8XA-23103110,ATX-16018,9378,Nuclei,1061736689,L8XA_231023_01_A12,1926_A08,human,Homo Sapiens,1304895655,NYGC
NY-AT16018-7,10xATAC_Mult,HMBA_Human_Atlas+HMBA_Human_Atlas_H,ARC-ATAC,1306626482,B8XM_231023_01_F04,R8XA-23103110,ATX-16018,10000,Nuclei,1061736689,L8XA_231023_01_B12,1926_B08,human,Homo Sapiens,1304895654,NYGC
NY-AT16018-8,10xATAC_Mult,HMBA_Human_Atlas+HMBA_Human_Atlas_H,ARC-ATAC,1306626484,B8XM_231023_01_G04,R8XA-23103110,ATX-16018,10000,Nuclei,1061736689,L8XA_231023_01_C12,1926_C08,human,Homo Sapiens,1304895653,NYGC
NY-AT16018-9,10xATAC_Mult,HMBA_Human_Atlas+HMBA_Human_Atlas_H,ARC-ATAC,1306838076,B8XM_231024_01_D01,R8XA-23103110,ATX-16018,10000,Nuclei,1061736689,L8XA_231024_01_E03,1932_A01,human,Homo Sapiens,1306198492,NYGC
NY-AT16019-1,10xATAC_Mult,HMBA_Human_Atlas+HMBA_Human_Atlas_H,ARC-ATAC,1306838079,B8XM_231024_01_E01,R8XA-23110704,ATX-16019,10000,Nuclei,1061736689,L8XA_231024_01_F03,1932_B01,human,Homo Sapiens,1306198491,NYGC
NY-AT16019-2,10xATAC_Mult,HMBA_Human_Atlas+HMBA_Human_Atlas_H,ARC-ATAC,1306838081,B8XM_231024_01_F01,R8XA-23110704,ATX-16019,10000,Nuclei,1061736689,L8XA_231024_01_G03,1932_C01,human,Homo Sapiens,1306198490,NYGC
NY-AT16019-3,10xATAC_Mult,BICAN_Dev_Atlas+BICAN_Dev_P14,ARC-ATAC,1308442189,B8XM_231031_01_A01,R8XA-23110704,ATX-16019,10000,Nuclei,1061736689,L8XA_231031_01_G04,1933_A02,mouse,Mus musculus,1306535632,NYGC
NY-AT16019-4,10xATAC_Mult,BICAN_Dev_Atlas+BICAN_Dev_P14,ARC-ATAC,1308442191,B8XM_231031_01_B01,R8XA-23110704,ATX-16019,10000,Nuclei,1061736689,L8XA_231031_01_H04,1933_B02,mouse,Mus musculus,1306535633,NYGC
NY-AT16019-5,10xATAC_Mult,BICAN_Dev_Atlas+BICAN_Dev_P14,ARC-ATAC,1308442193,B8XM_231031_01_C01,R8XA-23110704,ATX-16019,10000,Nuclei,1061736689,L8XA_231031_01_A05,1933_C02,mouse,Mus musculus,1306535634,NYGC
NY-AT16019-6,10xATAC_Mult,BICAN_Dev_Atlas+BICAN_Dev_P14,ARC-ATAC,1308442196,B8XM_231031_01_D01,R8XA-23110704,ATX-16019,10000,Nuclei,1061736689,L8XA_231031_01_B05,1933_D02,mouse,Mus musculus,1306535635,NYGC
NY-AT16019-7,10xATAC_Mult,BICAN_Dev_Atlas+BICAN_Dev_P14,ARC-ATAC,1308442198,B8XM_231031_01_E01,R8XA-23110704,ATX-16019,10000,Nuclei,1061736689,L8XA_231031_01_C05,1933_E02,mouse,Mus musculus,1306576978,NYGC
NY-AT16019-8,10xATAC_Mult,HMBA_Human_Atlas+HMBA_Human_Atlas_H,ARC-ATAC,1308442204,B8XM_231031_01_G01,R8XA-23110704,ATX-16019,10000,Nuclei,1061736689,L8XA_231031_01_H03,1935_A04,human,Homo Sapiens,1307577339,NYGC
NY-AT16019-9,10xATAC_Mult,BICAN_Dev_Atlas+P0_Pilot,ARC-ATAC,1263245361,B8XM_230404_01_G01,R8XA-23110704,ATX-16019,10000,Nuclei,1061736689,L8XA_230404_01_G07,1666_C04,mouse,Mus musculus,1260046175,NYGC
NY-AT16020-1,10xATAC_Mult,HMBA_Human_Atlas+HMBA_Human_Atlas_H,ARC-ATAC,1308442206,B8XM_231031_01_H01,R8XA-23111408,ATX-16020,10000,Nuclei,1061736689,L8XA_231031_01_A04,1935_B04,human,Homo Sapiens,1307577338,NYGC
NY-AT16020-10,10xATAC_Mult,HMBA_Human_Atlas+HMBA_Human_Atlas_H,ARC-ATAC,1305182135,B8XM_231017_01_E04,R8XA-23111408,ATX-16020,10000,Nuclei,1061736689,L8XA_231017_01_B08,1918_C01,human,Homo Sapiens,1304353470,NYGC
NY-AT16020-2,10xATAC_Mult,HMBA_Human_Atlas+HMBA_Human_Atlas_H,ARC-ATAC,1308442209,B8XM_231031_01_A02,R8XA-23111408,ATX-16020,10000,Nuclei,1061736689,L8XA_231031_01_B04,1935_C04,human,Homo Sapiens,1307577337,NYGC
NY-AT16020-3,10xATAC_Mult,HMBA_Human_Atlas+HMBA_Human_Atlas_H,ARC-ATAC,1308442232,B8XM_231031_01_C03,R8XA-23111408,ATX-16020,10000,Nuclei,1061736689,L8XA_231031_01_D04,1939_A01,human,Homo Sapiens,1307733742,NYGC
NY-AT16020-4,10xATAC_Mult,HMBA_Human_Atlas+HMBA_Human_Atlas_H,ARC-ATAC,1308442234,B8XM_231031_01_D03,R8XA-23111408,ATX-16020,10000,Nuclei,1061736689,L8XA_231031_01_E04,1939_B01,human,Homo Sapiens,1307733741,NYGC
NY-AT16020-5,10xATAC_Mult,HMBA_Human_Atlas+HMBA_Human_Atlas_H,ARC-ATAC,1308442236,B8XM_231031_01_E03,R8XA-23111408,ATX-16020,10000,Nuclei,1061736689,L8XA_231031_01_F04,1939_C01,human,Homo Sapiens,1307733739,NYGC
NY-AT16020-6,10xATAC_Mult,HMBA_Human_Atlas+HMBA_Human_Atlas_H,ARC-ATAC,1309502757,B8XM_231107_01_E01,R8XA-23111408,ATX-16020,10000,Nuclei,1061736689,L8XA_231107_01_F06,1941_A03,human,Homo Sapiens,1308195325,NYGC
NY-AT16020-7,10xATAC_Mult,HMBA_Human_Atlas+HMBA_Human_Atlas_H,ARC-ATAC,1309502759,B8XM_231107_01_F01,R8XA-23111408,ATX-16020,10000,Nuclei,1061736689,L8XA_231107_01_G06,1941_B03,human,Homo Sapiens,1308195324,NYGC
NY-AT16020-8,10xATAC_Mult,HMBA_Human_Atlas+HMBA_Human_Atlas_H,ARC-ATAC,1309502762,B8XM_231107_01_G01,R8XA-23111408,ATX-16020,10000,Nuclei,1061736689,L8XA_231107_01_H06,1941_C03,human,Homo Sapiens,1308195322,NYGC
NY-AT16020-9,10xATAC_Mult,HMBA_Human_Atlas+HMBA_Human_Atlas_H,ARC-ATAC,1309502778,B8XM_231107_01_F02,R8XA-23111408,ATX-16020,10000,Nuclei,1061736689,L8XA_231107_01_A07,1951_A02,human,Homo Sapiens,1309452985,NYGC
NY-AT16021-1,10xATAC_Mult,HMBA_Human_Atlas+HMBA_Human_Atlas_H,ARC-ATAC,1309502781,B8XM_231107_01_G02,R8XA-23112804,ATX-16021,10000,Nuclei,1061736689,L8XA_231107_01_B07,1951_B02,human,Homo Sapiens,1309452984,NYGC
NY-AT16021-2,10xATAC_Mult,HMBA_Human_Atlas+HMBA_Human_Atlas_H,ARC-ATAC,1309502784,B8XM_231107_01_H02,R8XA-23112804,ATX-16021,10000,Nuclei,1061736689,L8XA_231107_01_C07,1951_C02,human,Homo Sapiens,1309452983,NYGC
NY-AT16021-3,10xATAC_Mult,HMBA_Cross_Species,ARC-ATAC,1309857167,B8XM_231107_02_G01,R8XA-23112804,ATX-16021,10000,Nuclei,1061736689,L8XA_231107_02_C09,1948_B07,chimp,Pan troglodytes,1309516691,NYGC
NY-AT16021-4,10xATAC_Mult,HMBA_Cross_Species,ARC-ATAC,1309857169,B8XM_231107_02_H01,R8XA-23112804,ATX-16021,10000,Nuclei,1061736689,L8XA_231107_02_D09,1948.1_C07,rat,Rattus norvegicus,1309515416,NYGC
NY-AT16021-5,10xATAC_Mult,HMBA_Human_Atlas+HMBA_Human_Atlas_H,ARC-ATAC,1311479633,B8XM_231114_01_D01,R8XA-23112804,ATX-16021,10000,Nuclei,1061736689,L8XA_231114_01_A01,1955_A06,human,Homo Sapiens,1310847203,NYGC
NY-AT16021-6,10xATAC_Mult,BG_paper_Human+HMBA_Human_Atlas+HMBA_Human_Atlas_BN_BF,ARC-ATAC,1311479637,B8XM_231114_01_E01,R8XA-23112804,ATX-16021,10000,Nuclei,1061736689,L8XA_231114_01_H02,1955_B06,human,Homo Sapiens,1310847202,NYGC
NY-AT16021-7,10xATAC_Mult,BG_paper_Human+HMBA_Human_Atlas+HMBA_Human_Atlas_BN_BF,ARC-ATAC,1311479642,B8XM_231114_01_F01,R8XA-23112804,ATX-16021,10000,Nuclei,1061736689,L8XA_231114_01_B12,1955_C06,human,Homo Sapiens,1310847201,NYGC
NY-AT16021-8,10xATAC_Mult,HMBA_Human_Atlas+HMBA_Human_Atlas_H,ARC-ATAC,1311479644,B8XM_231114_01_G01,R8XA-23112804,ATX-16021,10000,Nuclei,1061736689,L8XA_231114_01_B01,1956_A07,human,Homo Sapiens,1310672613,NYGC
NY-AT16021-9,10xATAC_Mult,HMBA_Human_Atlas+HMBA_Human_Atlas_H,ARC-ATAC,1311479646,B8XM_231114_01_H01,R8XA-23112804,ATX-16021,10000,Nuclei,1061736689,L8XA_231114_01_C01,1956_B07,human,Homo Sapiens,1310672612,NYGC
NY-AT16022-1,10xATAC_Mult,HMBA_Human_Atlas+HMBA_Human_Atlas_H,ARC-ATAC,1311479648,B8XM_231114_01_A02,R8XA-23120509,ATX-16022,10000,Nuclei,1061736689,L8XA_231114_01_D01,1956_C07,human,Homo Sapiens,1310672611,NYGC
NY-AT16022-2,10xATAC_Mult,BG_paper_Human+HMBA_Human_Atlas+HMBA_Human_Atlas_BN_BF,ARC-ATAC,1311479675,B8XM_231114_01_E03,R8XA-23120509,ATX-16022,10000,Nuclei,1061736689,L8XA_231114_01_E02,1959_A02,human,Homo Sapiens,1311440060,NYGC
NY-AT16022-3,10xATAC_Mult,BG_paper_Human+HMBA_Human_Atlas+HMBA_Human_Atlas_BN_BF,ARC-ATAC,1311479678,B8XM_231114_01_F03,R8XA-23120509,ATX-16022,10000,Nuclei,1061736689,L8XA_231114_01_F02,1959_B02,human,Homo Sapiens,1311440061,NYGC
NY-AT16022-4,10xATAC_Mult,BG_paper_Human+HMBA_Human_Atlas+HMBA_Human_Atlas_BN_BF,ARC-ATAC,1311479680,B8XM_231114_01_G03,R8XA-23120509,ATX-16022,10000,Nuclei,1061736689,L8XA_231114_01_G02,1959_C02,human,Homo Sapiens,1311440062,NYGC
NY-AT16022-5,10xATAC_Mult,HMBA_Human_Atlas+HMBA_Human_Atlas_H,ARC-ATAC,1312887220,B8XM_231117_01_A01,R8XA-23120509,ATX-16022,10000,Nuclei,1061736689,L8XA_231117_01_B03,1960_A03,human,Homo Sapiens,1312607827,NYGC
NY-AT16022-6,10xATAC_Mult,HMBA_Human_Atlas+HMBA_Human_Atlas_H,ARC-ATAC,1312887222,B8XM_231117_01_B01,R8XA-23120509,ATX-16022,10000,Nuclei,1061736689,L8XA_231117_01_C03,1960_B03,human,Homo Sapiens,1312607826,NYGC
NY-AT16022-7,10xATAC_Mult,HMBA_Human_Atlas+HMBA_Human_Atlas_H,ARC-ATAC,1312887224,B8XM_231117_01_C01,R8XA-23120509,ATX-16022,10000,Nuclei,1061736689,L8XA_231117_01_D03,1960_C03,human,Homo Sapiens,1312607825,NYGC
NY-AT16022-8,10xATAC_Mult,HMBA_Human_Atlas+HMBA_Human_Atlas_H,ARC-ATAC,1312887245,B8XM_231117_01_D02,R8XA-23120509,ATX-16022,10000,Nuclei,1061736689,L8XA_231117_01_E03,1962_A05,human,Homo Sapiens,1312797510,NYGC
NY-AT16022-9,10xATAC_Mult,HMBA_Human_Atlas+HMBA_Human_Atlas_H,ARC-ATAC,1312887248,B8XM_231117_01_E02,R8XA-23120509,ATX-16022,10000,Nuclei,1061736689,L8XA_231117_01_A03,1962_B05,human,Homo Sapiens,1312797509,NYGC
NY-AT16023-1,10xATAC_Mult,HMBA_Human_Atlas+HMBA_Human_Atlas_H,ARC-ATAC,1312887251,B8XM_231117_01_F02,R8XA-23121205,ATX-16023,10000,Nuclei,1061736689,L8XA_231117_01_F03,1962_C05,human,Homo Sapiens,1312797508,NYGC
NY-AT16023-2,10xATAC_Mult,HMBA_Human_Atlas+HMBA_Human_Atlas_H,ARC-ATAC,1314536405,B8XM_231128_01_A02,R8XA-23121205,ATX-16023,10000,Nuclei,1061736689,L8XA_231128_01_D07,1969_A02,human,Homo Sapiens,1312805259,NYGC
NY-AT16023-3,10xATAC_Mult,HMBA_Human_Atlas+HMBA_Human_Atlas_H,ARC-ATAC,1314536407,B8XM_231128_01_B02,R8XA-23121205,ATX-16023,10000,Nuclei,1061736689,L8XA_231128_01_E07,1969_B02,human,Homo Sapiens,1312805258,NYGC
NY-AT16023-4,10xATAC_Mult,HMBA_Human_Atlas+HMBA_Human_Atlas_H,ARC-ATAC,1314536409,B8XM_231128_01_C02,R8XA-23121205,ATX-16023,10000,Nuclei,1061736689,L8XA_231128_01_F07,1969_C02,human,Homo Sapiens,1312805257,NYGC
NY-AT16023-5,10xATAC_Mult,HMBA_Human_Atlas+HMBA_Human_Atlas_H,ARC-ATAC,1314536449,B8XM_231128_01_D04,R8XA-23121205,ATX-16023,10000,Nuclei,1061736689,L8XA_231128_01_G07,1973_A02,human,Homo Sapiens,1313947636,NYGC
NY-AT16023-6,10xATAC_Mult,HMBA_Human_Atlas+HMBA_Human_Atlas_H,ARC-ATAC,1314536451,B8XM_231128_01_E04,R8XA-23121205,ATX-16023,10000,Nuclei,1061736689,L8XA_231128_01_H07,1973_B02,human,Homo Sapiens,1313947635,NYGC
NY-AT16023-7,10xATAC_Mult,HMBA_Human_Atlas+HMBA_Human_Atlas_H,ARC-ATAC,1314536453,B8XM_231128_01_F04,R8XA-23121205,ATX-16023,10000,Nuclei,1061736689,L8XA_231128_01_A08,1973_C02,human,Homo Sapiens,1313947634,NYGC
NY-AT16023-8,10xATAC_Mult,BICAN_Dev_Atlas+BICAN_Dev_P14,ARC-ATAC,1316208210,B8XM_231205_01_E02,R8XA-23121205,ATX-16023,10000,Nuclei,1061736689,L8XA_231205_01_E02,1979_E07,mouse,Mus musculus,1314672787,NYGC
NY-AT16023-9,10xATAC_Mult,HMBA_Human_Atlas+HMBA_Human_Atlas_H,ARC-ATAC,1316208144,B8XM_231205_01_G01,R8XA-23121205,ATX-16023,10000,Nuclei,1061736689,L8XA_231205_01_G01,1980_A08,human,Homo Sapiens,1315957166,NYGC
NY-AT16025-1,10xATAC_Mult,HMBA_Human_Atlas+HMBA_Human_Atlas_H,ARC-ATAC,1317694426,B8XM_231212_01_B01,R8XA-23121907,ATX-16025,10000,Nuclei,1061736689,L8XA_231212_01_G04,1986_B04,human,Homo Sapiens,1316195812,NYGC
NY-AT16025-2,10xATAC_Mult,HMBA_Human_Atlas+HMBA_Human_Atlas_H,ARC-ATAC,1317694428,B8XM_231212_01_C01,R8XA-23121907,ATX-16025,10000,Nuclei,1061736689,L8XA_231212_01_H04,1986_C04,human,Homo Sapiens,1316195811,NYGC
NY-AT16025-3,10xATAC_Mult,HMBA_Human_Atlas+HMBA_Human_Atlas_H,ARC-ATAC,1317851945,B8XM_231208_01_C01,R8XA-23121907,ATX-16025,10000,Nuclei,1061736689,L8XA_231208_01_H03,1988_A06,human,Homo Sapiens,1317696777,NYGC
NY-AT16025-4,10xATAC_Mult,HMBA_Human_Atlas+HMBA_Human_Atlas_H,ARC-ATAC,1317851949,B8XM_231208_01_E01,R8XA-23121907,ATX-16025,10000,Nuclei,1061736689,L8XA_231208_01_A04,1988_B06,human,Homo Sapiens,1317696776,NYGC
NY-AT16025-5,10xATAC_Mult,HMBA_Human_Atlas+HMBA_Human_Atlas_H,ARC-ATAC,1317851953,B8XM_231208_01_F01,R8XA-23121907,ATX-16025,10000,Nuclei,1061736689,L8XA_231208_01_B04,1988_C06,human,Homo Sapiens,1317696775,NYGC
NY-AT16025-6,10xATAC_Mult,HMBA_Human_Atlas+HMBA_Human_Atlas_H,ARC-ATAC,1317852135,B8XM_231212_02_A01,R8XA-23121907,ATX-16025,10000,Nuclei,1061736689,L8XA_231212_02_B06,1990_A08,human,Homo Sapiens,1317468380,NYGC
NY-AT16025-7,10xATAC_Mult,HMBA_Human_Atlas+HMBA_Human_Atlas_H,ARC-ATAC,1317852137,B8XM_231212_02_B01,R8XA-23121907,ATX-16025,10000,Nuclei,1061736689,L8XA_231212_02_C06,1990_B08,human,Homo Sapiens,1317468379,NYGC
NY-AT16025-8,10xATAC_Mult,HMBA_Human_Atlas+HMBA_Human_Atlas_H,ARC-ATAC,1317852139,B8XM_231212_02_C01,R8XA-23121907,ATX-16025,10000,Nuclei,1061736689,L8XA_231212_02_D06,1990_C08,human,Homo Sapiens,1317468378,NYGC
NY-AT16025-9,10xATAC_Mult,HMBA_Human_Atlas+HMBA_Human_Atlas_H,ARC-ATAC,1317852156,B8XM_231212_02_B02,R8XA-23121907,ATX-16025,10000,Nuclei,1061736689,L8XA_231212_02_E06,1993_A02,human,Homo Sapiens,1317466030,NYGC
NY-AT16026-1,10xATAC_Mult,HMBA_Human_Atlas+HMBA_Human_Atlas_H,ARC-ATAC,1317852158,B8XM_231212_02_C02,R8XA-24010904,ATX-16026,10000,Nuclei,1061736689,L8XA_231212_02_F06,1993_B02,human,Homo Sapiens,1317466029,NYGC
NY-AT16026-2,10xATAC_Mult,HMBA_Human_Atlas+HMBA_Human_Atlas_H,ARC-ATAC,1317852160,B8XM_231212_02_D02,R8XA-24010904,ATX-16026,10000,Nuclei,1061736689,L8XA_231212_02_G06,1993_C02,human,Homo Sapiens,1317466028,NYGC
NY-AT16026-3,10xATAC_Mult,HMBA_Human_Atlas+HMBA_Human_Atlas_H,ARC-ATAC,1319228716,B8XM_231215_01_A01,R8XA-24010904,ATX-16026,10000,Nuclei,1061736689,L8XA_231215_01_F07,1996_A04,human,Homo Sapiens,1318571101,NYGC
NY-AT16026-4,10xATAC_Mult,HMBA_Macaque_Atlas+HMBA_Macaque_Atlas_Cx,ARC-ATAC,1319228928,B8XM_231219_01_A01,R8XA-24010904,ATX-16026,3602,Nuclei,1061736689,L8XA_231219_01_F08,2000_A07,macaque,Macaca mulatta,1319199439,NYGC
NY-AT16026-5,10xATAC_Mult,HMBA_Macaque_Atlas+HMBA_Macaque_Atlas_Cx,ARC-ATAC,1319228930,B8XM_231219_01_B01,R8XA-24010904,ATX-16026,10000,Nuclei,1061736689,L8XA_231219_01_G08,2000_B07,macaque,Macaca mulatta,1319199440,NYGC
NY-AT16026-6,10xATAC_Mult,HMBA_Macaque_Atlas+HMBA_Macaque_Atlas_Cx,ARC-ATAC,1319228954,B8XM_231219_01_D02,R8XA-24010904,ATX-16026,10000,Nuclei,1061736689,L8XA_231219_01_F09,2003_A02,macaque,Macaca mulatta,1319194894,NYGC
NY-AT16026-7,10xATAC_Mult,HMBA_Macaque_Atlas+HMBA_Macaque_Atlas_Cx,ARC-ATAC,1319228957,B8XM_231219_01_E02,R8XA-24010904,ATX-16026,10000,Nuclei,1061736689,L8XA_231219_01_G09,2003_B02,macaque,Macaca mulatta,1319194895,NYGC
NY-AT16026-8,10xATAC_Mult,HMBA_Macaque_Atlas+HMBA_Macaque_Atlas_Cx,ARC-ATAC,1319228960,B8XM_231219_01_F02,R8XA-24010904,ATX-16026,10000,Nuclei,1061736689,L8XA_231219_01_H09,2003_C02,macaque,Macaca mulatta,1319194896,NYGC
NY-AT16026-9,10xATAC_Mult,HMBA_Macaque_Atlas+HMBA_Macaque_Atlas_Cx,ARC-ATAC,1321454559,B8XM_231222_01_A01,R8XA-24010904,ATX-16026,10000,Nuclei,1061736689,L8XA_231222_01_D10,2004_A03,macaque,Macaca mulatta,1319003282,NYGC
NY-AT16027-1,10xATAC_Mult,HMBA_Macaque_Atlas+HMBA_Macaque_Atlas_Cx,ARC-ATAC,1321454562,B8XM_231222_01_B01,R8XA-24011704,ATX-16027,10000,Nuclei,1061736689,L8XA_231222_01_E10,2004_B03,macaque,Macaca mulatta,1319003283,NYGC
NY-AT16027-2,10xATAC_Mult,HMBA_Macaque_Atlas+HMBA_Macaque_Atlas_Cx,ARC-ATAC,1321454564,B8XM_231222_01_C01,R8XA-24011704,ATX-16027,10000,Nuclei,1061736689,L8XA_231222_01_F10,2004_C03,macaque,Macaca mulatta,1319003284,NYGC
NY-AT16027-3,10xATAC_Mult,BG_paper_Human+HMBA_Human_Atlas+HMBA_Human_Atlas_BN_BF,ARC-ATAC,1321454576,B8XM_231222_01_H01,R8XA-24011704,ATX-16027,10000,Nuclei,1061736689,L8XA_231222_01_C11,2006_A05,human,Homo Sapiens,1318997626,NYGC
NY-AT16027-4,10xATAC_Mult,BG_paper_Human+HMBA_Human_Atlas+HMBA_Human_Atlas_BN_BF,ARC-ATAC,1321454578,B8XM_231222_01_A02,R8XA-24011704,ATX-16027,10000,Nuclei,1061736689,L8XA_231222_01_D11,2006_B05,human,Homo Sapiens,1318997627,NYGC
NY-AT16027-5,10xATAC_Mult,HMBA_Human_Atlas+HMBA_Human_Atlas_BN_BF,ARC-ATAC,1321454580,B8XM_231222_01_B02,R8XA-24011704,ATX-16027,10000,Nuclei,1061736689,L8XA_231222_01_E11,2006_C05,human,Homo Sapiens,1318997628,NYGC
NY-AT16027-6,10xATAC_Mult,HMBA_Cross_Species,ARC-ATAC,1321670031,B8XM_240102_01_E01,R8XA-24011704,ATX-16027,10000,Nuclei,1061736689,L8XA_240102_01_E01,2011_A09,rat,Rattus norvegicus,1321244937,NYGC
NY-AT16027-7,10xATAC_Mult,HMBA_Cross_Species,ARC-ATAC,1321670033,B8XM_240102_01_F01,R8XA-24011704,ATX-16027,10000,Nuclei,1061736689,L8XA_240102_01_F01,2011_B09,rat,Rattus norvegicus,1321245011,NYGC
NY-AT16027-8,10xATAC_Mult,BG_paper_Human+HMBA_Human_Atlas+HMBA_Human_Atlas_BN_BF,ARC-ATAC,1323307940,B8XM_240109_01_A01,R8XA-24011704,ATX-16027,10000,Nuclei,1061736689,L8XA_240109_01_A02,2013_A01,human,Homo Sapiens,1322415555,NYGC
NY-AT16027-9,10xATAC_Mult,BG_paper_Human+HMBA_Human_Atlas+HMBA_Human_Atlas_BN_BF,ARC-ATAC,1323307942,B8XM_240109_01_B01,R8XA-24011704,ATX-16027,10000,Nuclei,1061736689,L8XA_240109_01_B02,2013_B01,human,Homo Sapiens,1322415556,NYGC
NY-AT16028-1,10xATAC_Mult,BG_paper_Human+HMBA_Human_Atlas+HMBA_Human_Atlas_BN_BF,ARC-ATAC,1323307945,B8XM_240109_01_C01,R8XA-24011705,ATX-16028,10000,Nuclei,1061736689,L8XA_240109_01_C02,2013_C01,human,Homo Sapiens,1322415557,NYGC
NY-AT16028-2,10xATAC_Mult,BG_paper_Human+HMBA_Human_Atlas+HMBA_Human_Atlas_BN_BF,ARC-ATAC,1323307962,B8XM_240109_01_A02,R8XA-24011705,ATX-16028,10000,Nuclei,1061736689,L8XA_240109_01_A03,2016_A03,human,Homo Sapiens,1322462297,NYGC
NY-AT16028-3,10xATAC_Mult,BG_paper_Human+HMBA_Human_Atlas+HMBA_Human_Atlas_BN_BF,ARC-ATAC,1323307967,B8XM_240109_01_C02,R8XA-24011705,ATX-16028,10000,Nuclei,1061736689,L8XA_240109_01_C03,2016_C03,human,Homo Sapiens,1322462299,NYGC
NY-AT16028-4,10xATAC_Mult,BG_paper_Human+HMBA_Human_Atlas+HMBA_Human_Atlas_BN_BF,ARC-ATAC,1323307982,B8XM_240109_01_H02,R8XA-24011705,ATX-16028,10000,Nuclei,1061736689,L8XA_240109_01_H01,2012_A05,human,Homo Sapiens,1322468622,NYGC
NY-AT16028-5,10xATAC_Mult,BG_paper_Human+HMBA_Human_Atlas+HMBA_Human_Atlas_BN_BF,ARC-ATAC,1323307984,B8XM_240109_01_A03,R8XA-24011705,ATX-16028,10000,Nuclei,1061736689,L8XA_240109_01_H03,2012_B05,human,Homo Sapiens,1322468624,NYGC
NY-AT16028-6,10xATAC_Mult,BG_paper_Human+HMBA_Human_Atlas+HMBA_Human_Atlas_BN_BF,ARC-ATAC,1323307986,B8XM_240109_01_B03,R8XA-24011705,ATX-16028,10000,Nuclei,1061736689,L8XA_240109_01_G01,2012_C05,human,Homo Sapiens,1322468625,NYGC
NY-AT16028-7,10xATAC_Mult,BG_paper_Human+HMBA_Human_Atlas+HMBA_Human_Atlas_BN_BF,ARC-ATAC,1323307989,B8XM_240109_01_C03,R8XA-24011705,ATX-16028,10000,Nuclei,1061736689,L8XA_240109_01_A04,2018_A01,human,Homo Sapiens,1323267531,NYGC
NY-AT16028-8,10xATAC_Mult,BG_paper_Human+HMBA_Human_Atlas+HMBA_Human_Atlas_BN_BF,ARC-ATAC,1323307992,B8XM_240109_01_D03,R8XA-24011705,ATX-16028,10000,Nuclei,1061736689,L8XA_240109_01_B04,2018_B01,human,Homo Sapiens,1323267532,NYGC
NY-AT16028-9,10xATAC_Mult,BG_paper_Human+HMBA_Human_Atlas+HMBA_Human_Atlas_BN_BF,ARC-ATAC,1323307994,B8XM_240109_01_E03,R8XA-24011705,ATX-16028,10000,Nuclei,1061736689,L8XA_240109_01_C04,2018_C01,human,Homo Sapiens,1323267533,NYGC
NY-AT16029-1,10xATAC_Mult,BG_paper_Human+HMBA_Human_Atlas+HMBA_Human_Atlas_BN_BF,ARC-ATAC,1323307965,B8XM_240109_01_B02,R8XA-24012305,ATX-16029,10000,Nuclei,1061736689,L8XA_240109_01_B03,2016_B03,human,Homo Sapiens,1322462298,NYGC
NY-AT16029-2,10xATAC_Mult,BG_paper_Human+HMBA_Human_Atlas+HMBA_Human_Atlas_BN_BF,ARC-ATAC,1323307996,B8XM_240109_01_F03,R8XA-24012305,ATX-16029,10000,Nuclei,1061736689,L8XA_240109_01_D04,2018_D01,human,Homo Sapiens,1323250417,NYGC
NY-AT16029-3,10xATAC_Mult,BG_paper_Human+HMBA_Human_Atlas+HMBA_Human_Atlas_BN_BF,ARC-ATAC,1323307998,B8XM_240109_01_G03,R8XA-24012305,ATX-16029,10000,Nuclei,1061736689,L8XA_240109_01_E04,2018_E01,human,Homo Sapiens,1323250418,NYGC
NY-AT16029-4,10xATAC_Mult,HMBA_Macaque_Atlas+HMBA_Macaque_Atlas_BN_BF,ARC-ATAC,1324765151,B8XM_240112_01_A01,R8XA-24012305,ATX-16029,10000,Nuclei,1061736689,L8XA_240112_01_H04,2019_A02,macaque,Macaca mulatta,1322740269,NYGC
NY-AT16029-5,10xATAC_Mult,BG_paper_Macaque+HMBA_Macaque_Atlas+HMBA_Macaque_Atlas_BN_BF,ARC-ATAC,1324765154,B8XM_240112_01_B01,R8XA-24012305,ATX-16029,10000,Nuclei,1061736689,L8XA_240112_01_A05,2019_B02,macaque,Macaca mulatta,1322740270,NYGC
NY-AT16029-6,10xATAC_Mult,BG_paper_Macaque+HMBA_Macaque_Atlas+HMBA_Macaque_Atlas_BN_BF,ARC-ATAC,1324765156,B8XM_240112_01_C01,R8XA-24012305,ATX-16029,9875,Nuclei,1061736689,L8XA_240112_01_B05,2019_C02,macaque,Macaca mulatta,1322740271,NYGC
NY-AT16029-7,10xATAC_Mult,HMBA_Macaque_Atlas+HMBA_Macaque_Atlas_Cx,ARC-ATAC,1324765168,B8XM_240112_01_H01,R8XA-24012305,ATX-16029,10000,Nuclei,1061736689,L8XA_240112_01_F04,2021_A04,macaque,Macaca mulatta,1323253541,NYGC
NY-AT16029-8,10xATAC_Mult,BG_paper_Macaque+HMBA_Macaque_Atlas+HMBA_Macaque_Atlas_BN_BF,ARC-ATAC,1324765170,B8XM_240112_01_A02,R8XA-24012305,ATX-16029,10000,Nuclei,1061736689,L8XA_240112_01_G05,2021_B04,macaque,Macaca mulatta,1323253542,NYGC
NY-AT16029-9,10xATAC_Mult,BG_paper_Macaque+HMBA_Macaque_Atlas+HMBA_Macaque_Atlas_BN_BF,ARC-ATAC,1324765172,B8XM_240112_01_B02,R8XA-24012305,ATX-16029,10000,Nuclei,1061736689,L8XA_240112_01_G04,2021_C04,macaque,Macaca mulatta,1323253543,NYGC
NY-AT16030-1,10xATAC_Mult,BG_paper_Macaque+HMBA_Macaque_Atlas+HMBA_Macaque_Atlas_M,ARC-ATAC,1324979813,B8XM_240116_01_A01,R8XA-24013004,ATX-16030,4409,Nuclei,1061736689,L8XA_240116_01_F06,2026_A08,macaque,Macaca mulatta,1324971864,NYGC
NY-AT16030-10,10xATAC_Mult,HMBA_Cross_Species,ARC-ATAC,1326435548,B8XM_240123_01_F01,R8XA-24013004,ATX-16030,10000,Nuclei,1061736689,L8XA_240123_01_B09,2034_B05,armadillo,Dasypus novemcinctus,1326058860,NYGC
NY-AT16030-2,10xATAC_Mult,BG_paper_Macaque+HMBA_Macaque_Atlas+HMBA_Macaque_Atlas_BN_BF,ARC-ATAC,1324979815,B8XM_240116_01_B01,R8XA-24013004,ATX-16030,10000,Nuclei,1061736689,L8XA_240116_01_G06,2026_B08,macaque,Macaca mulatta,1324971863,NYGC
NY-AT16030-3,10xATAC_Mult,HMBA_Macaque_Atlas+HMBA_Macaque_Atlas_THM,ARC-ATAC,1324979817,B8XM_240116_01_C01,R8XA-24013004,ATX-16030,10000,Nuclei,1061736689,L8XA_240116_01_H06,2026_C08,macaque,Macaca mulatta,1324971862,NYGC
NY-AT16030-4,10xATAC_Mult,BG_paper_Macaque+HMBA_Macaque_Atlas+HMBA_Macaque_Atlas_BN_BF,ARC-ATAC,1326435469,B8XM_240119_01_A01,R8XA-24013004,ATX-16030,10000,Nuclei,1061736689,L8XA_240119_01_C07,2028_A01,macaque,Macaca mulatta,1324805309,NYGC
NY-AT16030-5,10xATAC_Mult,HMBA_Macaque_Atlas+HMBA_Macaque_Atlas_Cx,ARC-ATAC,1326435471,B8XM_240119_01_B01,R8XA-24013004,ATX-16030,10000,Nuclei,1061736689,L8XA_240119_01_D07,2028_B01,macaque,Macaca mulatta,1324805310,NYGC
NY-AT16030-6,10xATAC_Mult,HMBA_Macaque_Atlas+HMBA_Macaque_Atlas_Cx,ARC-ATAC,1326435475,B8XM_240119_01_C01,R8XA-24013004,ATX-16030,10000,Nuclei,1061736689,L8XA_240119_01_E07,2028_C01,macaque,Macaca mulatta,1324805311,NYGC
NY-AT16030-7,10xATAC_Mult,HMBA_Cross_Species,ARC-ATAC,1326435477,B8XM_240119_01_D01,R8XA-24013004,ATX-16030,10000,Nuclei,1061736689,L8XA_240119_01_F07,2031_A02,opossum,Monodelphis domestica,1326058443,NYGC
NY-AT16030-8,10xATAC_Mult,HMBA_Cross_Species,ARC-ATAC,1326435479,B8XM_240119_01_E01,R8XA-24013004,ATX-16030,7065,Nuclei,1061736689,L8XA_240119_01_G07,2031_B02,opossum,Monodelphis domestica,1326058571,NYGC
NY-AT16030-9,10xATAC_Mult,HMBA_Cross_Species,ARC-ATAC,1326435546,B8XM_240123_01_E01,R8XA-24013004,ATX-16030,4347,Nuclei,1061736689,L8XA_240123_01_B08,2034_A05,armadillo,Dasypus novemcinctus,1326058757,NYGC
NY-AT16031-1,10xATAC_Mult,HMBA_Cross_Species,ARC-ATAC,1326435550,B8XM_240123_01_G01,R8XA-24020605,ATX-16031,10000,Nuclei,1061736689,L8XA_240123_01_C09,2034_C05,armadillo,Dasypus novemcinctus,1326059080,NYGC
NY-AT16031-10,10xATAC_Mult,HMBA_Human_Atlas+HMBA_Human_Atlas_THM,ARC-ATAC,1327377168,B8XM_240126_01_B02,R8XA-24020605,ATX-16031,10000,Nuclei,1061736689,L8XA_240126_01_A10,2040_A04,human,Homo Sapiens,1326991727,NYGC
NY-AT16031-2,10xATAC_Mult,HMBA_Human_Atlas+HMBA_Human_Atlas_THM,ARC-ATAC,1326435552,B8XM_240123_01_H01,R8XA-24020605,ATX-16031,10000,Nuclei,1061736689,L8XA_240123_01_C08,2035_A01,human,Homo Sapiens,1325765618,NYGC
NY-AT16031-3,10xATAC_Mult,HMBA_Human_Atlas+HMBA_Human_Atlas_AMY,ARC-ATAC,1326435556,B8XM_240123_01_A02,R8XA-24020605,ATX-16031,10000,Nuclei,1061736689,L8XA_240123_01_D08,2035_B01,human,Homo Sapiens,1325765617,NYGC
NY-AT16031-4,10xATAC_Mult,BG_paper_Macaque+HMBA_Macaque_Atlas+HMBA_Macaque_Atlas_BN_BF,ARC-ATAC,1326435558,B8XM_240123_01_B02,R8XA-24020605,ATX-16031,10000,Nuclei,1061736689,L8XA_240123_01_E08,2035_C01,macaque,Macaca mulatta,1325765616,NYGC
NY-AT16031-5,10xATAC_Mult,HMBA_Human_Atlas+HMBA_Human_Atlas_AMY,ARC-ATAC,1327377135,B8XM_240126_01_A01,R8XA-24020605,ATX-16031,10000,Nuclei,1061736689,L8XA_240126_01_F09,2038_A02,human,Homo Sapiens,1326205513,NYGC
NY-AT16031-6,10xATAC_Mult,HMBA_Human_Atlas+HMBA_Human_Atlas_AMY,ARC-ATAC,1327377139,B8XM_240126_01_B01,R8XA-24020605,ATX-16031,10000,Nuclei,1061736689,L8XA_240126_01_G09,2038_B02,human,Homo Sapiens,1326205512,NYGC
NY-AT16031-7,10xATAC_Mult,HMBA_Human_Atlas+HMBA_Human_Atlas_THM,ARC-ATAC,1327377143,B8XM_240126_01_C01,R8XA-24020605,ATX-16031,10000,Nuclei,1061736689,L8XA_240126_01_H09,2038_C02,human,Homo Sapiens,1326205511,NYGC
NY-AT16031-8,10xATAC_Mult,HMBA_Cross_Species,ARC-ATAC,1327377163,B8XM_240126_01_H01,R8XA-24020605,ATX-16031,3959,Nuclei,1061736689,L8XA_240126_01_D09,2041_A05,armadillo,Dasypus novemcinctus,1326475192,NYGC
NY-AT16031-9,10xATAC_Mult,HMBA_Cross_Species,ARC-ATAC,1327377165,B8XM_240126_01_A02,R8XA-24020605,ATX-16031,3959,Nuclei,1061736689,L8XA_240126_01_E09,2041_B05,armadillo,Dasypus novemcinctus,1326475193,NYGC
NY-AT16032-1,10xATAC_Mult,HMBA_Human_Atlas+HMBA_Human_Atlas_THM,ARC-ATAC,1327377173,B8XM_240126_01_C02,R8XA-24020606,ATX-16032,10000,Nuclei,1061736689,L8XA_240126_01_B10,2040_B04,human,Homo Sapiens,1326991726,NYGC
NY-AT16032-2,10xATAC_Mult,HMBA_Human_Atlas+HMBA_Human_Atlas_THM,ARC-ATAC,1327377176,B8XM_240126_01_D02,R8XA-24020606,ATX-16032,10000,Nuclei,1061736689,L8XA_240126_01_C10,2040_C04,human,Homo Sapiens,1326991725,NYGC
NY-AT16032-3,10xATAC_Mult,BICAN_Dev_Atlas+BICAN_Dev_P12,ARC-ATAC,1327377501,B8XM_240130_01_E01,R8XA-24020606,ATX-16032,10000,Nuclei,1061736689,L8XA_240130_01_D02,2044_E07,mouse,Mus musculus,1326436714,NYGC
NY-AT16032-4,10xATAC_Mult,BICAN_Dev_Atlas+BICAN_Dev_P12,ARC-ATAC,1327377503,B8XM_240130_01_F01,R8XA-24020606,ATX-16032,10000,Nuclei,1061736689,L8XA_240130_01_E02,2044_F07,mouse,Mus musculus,1326436715,NYGC
NY-AT16032-5,10xATAC_Mult,BICAN_Dev_Atlas+BICAN_Dev_P12,ARC-ATAC,1327377505,B8XM_240130_01_G01,R8XA-24020606,ATX-16032,10000,Nuclei,1061736689,L8XA_240130_01_F02,2044_G07,mouse,Mus musculus,1326436716,NYGC
NY-AT16032-6,10xATAC_Mult,BICAN_Dev_Atlas+BICAN_Dev_P12,ARC-ATAC,1327377507,B8XM_240130_01_H01,R8XA-24020606,ATX-16032,10000,Nuclei,1061736689,L8XA_240130_01_G02,2044_H07,mouse,Mus musculus,1326436717,NYGC
NY-AT16032-7,10xATAC_Mult,HMBA_Cross_Species,ARC-ATAC,1327377509,B8XM_240130_01_A02,R8XA-24020606,ATX-16032,10000,Nuclei,1061736689,L8XA_240130_01_H02,2046_A09,ferret,Mustela putorius furo,1326475273,NYGC
NY-AT16032-8,10xATAC_Mult,HMBA_Cross_Species,ARC-ATAC,1327377512,B8XM_240130_01_B02,R8XA-24020606,ATX-16032,5046,Nuclei,1061736689,L8XA_240130_01_A01,2046_B09,ferret,Mustela putorius furo,1326475342,NYGC
NY-AT16032-9,10xATAC_Mult,HMBA_Human_Atlas+HMBA_Human_Atlas_THM,ARC-ATAC,1327377514,B8XM_240130_01_C02,R8XA-24020606,ATX-16032,10000,Nuclei,1061736689,L8XA_240130_01_B01,2045_A08,human,Homo Sapiens,1327185216,NYGC
NY-AT16034-1,10xATAC_Mult,HMBA_Human_Atlas+HMBA_Human_Atlas_THM,ARC-ATAC,1327377517,B8XM_240130_01_D02,R8XA-24021306,ATX-16034,10000,Nuclei,1061736689,L8XA_240130_01_C01,2045_B08,human,Homo Sapiens,1327185215,NYGC
NY-AT16034-2,10xATAC_Mult,HMBA_Human_Atlas+HMBA_Human_Atlas_THM,ARC-ATAC,1327377520,B8XM_240130_01_E02,R8XA-24021306,ATX-16034,10000,Nuclei,1061736689,L8XA_240130_01_D01,2045_C08,human,Homo Sapiens,1327185214,NYGC
NY-AT16034-3,10xATAC_Mult,HMBA_Human_Atlas+HMBA_Human_Atlas_THM,ARC-ATAC,1327377523,B8XM_240130_01_F02,R8XA-24021306,ATX-16034,10000,Nuclei,1061736689,L8XA_240130_01_E01,2047_A01,human,Homo Sapiens,1327016058,NYGC
NY-AT16034-4,10xATAC_Mult,HMBA_Human_Atlas+HMBA_Human_Atlas_THM,ARC-ATAC,1327377525,B8XM_240130_01_G02,R8XA-24021306,ATX-16034,10000,Nuclei,1061736689,L8XA_240130_01_F01,2047_B01,human,Homo Sapiens,1327016057,NYGC
NY-AT16034-5,10xATAC_Mult,HMBA_Human_Atlas+HMBA_Human_Atlas_THM,ARC-ATAC,1327377527,B8XM_240130_01_H02,R8XA-24021306,ATX-16034,10000,Nuclei,1061736689,L8XA_240130_01_G01,2047_C01,human,Homo Sapiens,1327016056,NYGC
NY-AT16034-6,10xATAC_Mult,HMBA_Human_Atlas+HMBA_Human_Atlas_THM,ARC-ATAC,1329323608,B8XM_240202_01_A01,R8XA-24021306,ATX-16034,10000,Nuclei,1061736689,L8XA_240202_01_B03,2049_A03,human,Homo Sapiens,1327898102,NYGC
NY-AT16034-7,10xATAC_Mult,HMBA_Human_Atlas+HMBA_Human_Atlas_THM,ARC-ATAC,1329323610,B8XM_240202_01_B01,R8XA-24021306,ATX-16034,10000,Nuclei,1061736689,L8XA_240202_01_C03,2049_B03,human,Homo Sapiens,1327898101,NYGC
NY-AT16034-8,10xATAC_Mult,HMBA_Human_Atlas+HMBA_Human_Atlas_THM,ARC-ATAC,1329323613,B8XM_240202_01_C01,R8XA-24021306,ATX-16034,10000,Nuclei,1061736689,L8XA_240202_01_D03,2049_C03,human,Homo Sapiens,1327898100,NYGC
NY-AT16034-9,10xATAC_Mult,HMBA_Cross_Species,ARC-ATAC,1329323616,B8XM_240202_01_D01,R8XA-24021306,ATX-16034,4891,Nuclei,1061736689,L8XA_240202_01_E03,2050_B04,armadillo,Dasypus novemcinctus,1328826768,NYGC
NY-AT16035-1,10xATAC_Mult,HMBA_Cross_Species,ARC-ATAC,1329323618,B8XM_240202_01_E01,R8XA-24021307,ATX-16035,7841,Nuclei,1061736689,L8XA_240202_01_C04,2050_1_C04,armadillo,Dasypus novemcinctus,1328826521,NYGC
NY-AT16035-2,10xATAC_Mult,BG_paper_Macaque+HMBA_Macaque_Atlas+HMBA_Macaque_Atlas_BN_BF,ARC-ATAC,1329323629,B8XM_240202_01_B02,R8XA-24021307,ATX-16035,10000,Nuclei,1061736689,L8XA_240202_01_F03,2052_A06,macaque,Macaca mulatta,1328615638,NYGC
NY-AT16035-3,10xATAC_Mult,HMBA_Macaque_Atlas+HMBA_Macaque_Atlas_Cx,ARC-ATAC,1329323631,B8XM_240202_01_C02,R8XA-24021307,ATX-16035,7857,Nuclei,1061736689,L8XA_240202_01_G03,2052_B06,macaque,Macaca mulatta,1328615637,NYGC
NY-AT16035-4,10xATAC_Mult,HMBA_Macaque_Atlas+HMBA_Macaque_Atlas_BN_BF,ARC-ATAC,1329323635,B8XM_240202_01_D02,R8XA-24021307,ATX-16035,10000,Nuclei,1061736689,L8XA_240202_01_H03,2052_C06,macaque,Macaca mulatta,1328615636,NYGC
NY-AT16035-5,10xATAC_Mult,HMBA_Human_Atlas+HMBA_Human_Atlas_THM,ARC-ATAC,1329323637,B8XM_240202_01_E02,R8XA-24021307,ATX-16035,9627,Nuclei,1061736689,L8XA_240202_01_A04,2052_D06,human,Homo Sapiens,1328860276,NYGC
NY-AT16035-6,10xATAC_Mult,HMBA_Macaque_Atlas+HMBA_Macaque_Atlas_AMY,ARC-ATAC,1329323640,B8XM_240202_01_F02,R8XA-24021307,ATX-16035,10000,Nuclei,1061736689,L8XA_240202_01_B04,2052_F06,macaque,Macaca mulatta,1328860273,NYGC
NY-AT16035-7,10xATAC_Mult,HMBA_Macaque_Atlas+HMBA_Macaque_Atlas_AMY,ARC-ATAC,1329323642,B8XM_240202_01_G02,R8XA-24021307,ATX-16035,10000,Nuclei,1061736689,L8XA_240202_01_A03,2052_1_G06,macaque,Macaca mulatta,1328860272,NYGC
NY-AT16035-8,10xATAC_Mult,BICAN_Dev_Atlas+BICAN_Dev_P12,ARC-ATAC,1329329125,B8XM_240206_01_A01,R8XA-24021307,ATX-16035,10000,Nuclei,1061736689,L8XA_240206_01_G05,2053_A07,mouse,Mus musculus,1329312077,NYGC
NY-AT16035-9,10xATAC_Mult,BICAN_Dev_Atlas+BICAN_Dev_P12,ARC-ATAC,1329329127,B8XM_240206_01_B01,R8XA-24021307,ATX-16035,10000,Nuclei,1061736689,L8XA_240206_01_H05,2053_B07,mouse,Mus musculus,1329312078,NYGC
NY-AT16036-1,10xATAC_Mult,BICAN_Dev_Atlas+BICAN_Dev_P12,ARC-ATAC,1329329129,B8XM_240206_01_C01,R8XA-24021308,ATX-16036,10000,Nuclei,1061736689,L8XA_240206_01_A06,2053_C07,mouse,Mus musculus,1329312079,NYGC
NY-AT16036-10,10xATAC_Mult,HMBA_Macaque_Atlas+HMBA_Macaque_Atlas_AMY,ARC-ATAC,1329329161,B8XM_240206_01_F02,R8XA-24021308,ATX-16036,7857,Nuclei,1061736689,L8XA_240206_01_F05,2056_C01,macaque,Macaca mulatta,1329121700,NYGC
NY-AT16036-2,10xATAC_Mult,BICAN_Dev_Atlas+BICAN_Dev_P12,ARC-ATAC,1329329132,B8XM_240206_01_D01,R8XA-24021308,ATX-16036,10000,Nuclei,1061736689,L8XA_240206_01_B06,2053_D07,mouse,Mus musculus,1329312081,NYGC
NY-AT16036-3,10xATAC_Mult,BICAN_Dev_Atlas+BICAN_Dev_P12,ARC-ATAC,1329329136,B8XM_240206_01_E01,R8XA-24021308,ATX-16036,10000,Nuclei,1061736689,L8XA_240206_01_C06,2053_E07,mouse,Mus musculus,1329312082,NYGC
NY-AT16036-4,10xATAC_Mult,BICAN_Dev_Atlas+BICAN_Dev_P12,ARC-ATAC,1329329138,B8XM_240206_01_F01,R8XA-24021308,ATX-16036,10000,Nuclei,1061736689,L8XA_240206_01_D06,2053_F07,mouse,Mus musculus,1329312083,NYGC
NY-AT16036-5,10xATAC_Mult,HMBA_Cross_Species,ARC-ATAC,1329329140,B8XM_240206_01_G01,R8XA-24021308,ATX-16036,3726,Nuclei,1061736689,L8XA_240206_01_H04,2055_A09,ferret,Mustela putorius furo,1328826892,NYGC
NY-AT16036-6,10xATAC_Mult,HMBA_Cross_Species,ARC-ATAC,1329329142,B8XM_240206_01_H01,R8XA-24021308,ATX-16036,10000,Nuclei,1061736689,L8XA_240206_01_E06,2055_B09,ferret,Mustela putorius furo,1328827016,NYGC
NY-AT16036-7,10xATAC_Mult,BG_paper_Macaque+HMBA_Macaque_Atlas+HMBA_Macaque_Atlas_BN_BF,ARC-ATAC,1329329148,B8XM_240206_01_A02,R8XA-24021308,ATX-16036,10000,Nuclei,1061736689,L8XA_240206_01_A05,2054_A08,macaque,Macaca mulatta,1328502152,NYGC
NY-AT16036-8,10xATAC_Mult,HMBA_Macaque_Atlas+HMBA_Macaque_Atlas_HTH,ARC-ATAC,1329329150,B8XM_240206_01_B02,R8XA-24021308,ATX-16036,10000,Nuclei,1061736689,L8XA_240206_01_B05,2054_B08,macaque,Macaca mulatta,1328502170,NYGC
NY-AT16036-9,10xATAC_Mult,BG_paper_Macaque+HMBA_Macaque_Atlas+HMBA_Macaque_Atlas_BN_BF,ARC-ATAC,1329329152,B8XM_240206_01_C02,R8XA-24021308,ATX-16036,10000,Nuclei,1061736689,L8XA_240206_01_C05,2054_C08,macaque,Macaca mulatta,1328502169,NYGC
NY-AT16037-1,10xATAC_Mult,HMBA_Macaque_Atlas+HMBA_Macaque_Atlas_BN_BF,ARC-ATAC,1329329154,B8XM_240206_01_D02,R8XA-24022005,ATX-16037,10000,Nuclei,1061736689,L8XA_240206_01_D05,2056_A01,macaque,Macaca mulatta,1329121702,NYGC
NY-AT16037-2,10xATAC_Mult,BG_paper_Macaque+HMBA_Macaque_Atlas+HMBA_Macaque_Atlas_BN_BF,ARC-ATAC,1329329158,B8XM_240206_01_E02,R8XA-24022005,ATX-16037,10000,Nuclei,1061736689,L8XA_240206_01_E05,2056_B01,macaque,Macaca mulatta,1329121701,NYGC
NY-AT16037-3,10xATAC_Mult,HMBA_Macaque_Atlas+HMBA_Macaque_Atlas_AMY,ARC-ATAC,1331015995,B8XM_240209_01_E01,R8XA-24022005,ATX-16037,10000,Nuclei,1061736689,L8XA_240209_01_G08,2058_A03,macaque,Macaca mulatta,1329290280,NYGC
NY-AT16037-4,10xATAC_Mult,BG_paper_Human+HMBA_Human_Atlas+HMBA_Human_Atlas_BN_BF,ARC-ATAC,1331015997,B8XM_240209_01_F01,R8XA-24022005,ATX-16037,10000,Nuclei,1061736689,L8XA_240209_01_G06,2058_B03,human,Homo Sapiens,1329290279,NYGC
NY-AT16037-5,10xATAC_Mult,BG_paper_Human+HMBA_Human_Atlas+HMBA_Human_Atlas_M,ARC-ATAC,1331016001,B8XM_240209_01_G01,R8XA-24022005,ATX-16037,10000,Nuclei,1061736689,L8XA_240209_01_F06,2058_C03,human,Homo Sapiens,1329290278,NYGC
NY-AT16037-6,10xATAC_Mult,HMBA_Human_Atlas+HMBA_Human_Atlas_HTH,ARC-ATAC,1331016005,B8XM_240209_01_H01,R8XA-24022005,ATX-16037,10000,Nuclei,1061736689,L8XA_240209_01_H06,2059_A04,human,Homo Sapiens,1330662317,NYGC
NY-AT16037-7,10xATAC_Mult,HMBA_Human_Atlas+HMBA_Human_Atlas_HTH,ARC-ATAC,1331016008,B8XM_240209_01_A02,R8XA-24022005,ATX-16037,10000,Nuclei,1061736689,L8XA_240209_01_A07,2059_B04,human,Homo Sapiens,1330662316,NYGC
NY-AT16037-8,10xATAC_Mult,HMBA_Human_Atlas+HMBA_Human_Atlas_HTH,ARC-ATAC,1331016010,B8XM_240209_01_B02,R8XA-24022005,ATX-16037,10000,Nuclei,1061736689,L8XA_240209_01_B07,2059_C04,human,Homo Sapiens,1330662315,NYGC
NY-AT16037-9,10xATAC_Mult,HMBA_Human_Atlas+HMBA_Human_Atlas_HTH,ARC-ATAC,1331016013,B8XM_240209_01_C02,R8XA-24022005,ATX-16037,10000,Nuclei,1061736689,L8XA_240209_01_C07,2059_D04,human,Homo Sapiens,1330662314,NYGC
NY-AT16038-1,10xATAC_Mult,HMBA_Human_Atlas+HMBA_Human_Atlas_AMY,ARC-ATAC,1331016016,B8XM_240209_01_D02,R8XA-24022006,ATX-16038,10000,Nuclei,1061736689,L8XA_240209_01_D07,2059_E04,human,Homo Sapiens,1330662313,NYGC
NY-AT16038-10,10xATAC_Mult,BICAN_Dev_Atlas+BICAN_Dev_P12,ARC-ATAC,1331168308,B8XM_240213_01_G01,R8XA-24022006,ATX-16038,10000,Nuclei,1061736689,L8XA_240213_01_H10,2063_G07,mouse,Mus musculus,1330974291,NYGC
NY-AT16038-2,10xATAC_Mult,HMBA_Cross_Species,ARC-ATAC,1331016020,B8XM_240209_01_E02,R8XA-24022006,ATX-16038,4580,Nuclei,1061736689,L8XA_240209_01_E07,2060_A05,ferret,Mustela putorius furo,1330757107,NYGC
NY-AT16038-3,10xATAC_Mult,HMBA_Cross_Species,ARC-ATAC,1331016023,B8XM_240209_01_F02,R8XA-24022006,ATX-16038,8229,Nuclei,1061736689,L8XA_240209_01_F07,2060_B05,ferret,Mustela putorius furo,1330757491,NYGC
NY-AT16038-4,10xATAC_Mult,BICAN_Dev_Atlas+BICAN_Dev_P12,ARC-ATAC,1331168294,B8XM_240213_01_A01,R8XA-24022006,ATX-16038,10000,Nuclei,1061736689,L8XA_240213_01_B10,2063_A07,mouse,Mus musculus,1330139624,NYGC
NY-AT16038-5,10xATAC_Mult,BICAN_Dev_Atlas+BICAN_Dev_P12,ARC-ATAC,1331168297,B8XM_240213_01_B01,R8XA-24022006,ATX-16038,10000,Nuclei,1061736689,L8XA_240213_01_C10,2063_B07,mouse,Mus musculus,1330139625,NYGC
NY-AT16038-6,10xATAC_Mult,BICAN_Dev_Atlas+BICAN_Dev_P12,ARC-ATAC,1331168299,B8XM_240213_01_C01,R8XA-24022006,ATX-16038,10000,Nuclei,1061736689,L8XA_240213_01_D10,2063_C07,mouse,Mus musculus,1330139626,NYGC
NY-AT16038-7,10xATAC_Mult,BICAN_Dev_Atlas+BICAN_Dev_P12,ARC-ATAC,1331168301,B8XM_240213_01_D01,R8XA-24022006,ATX-16038,10000,Nuclei,1061736689,L8XA_240213_01_E10,2063_D07,mouse,Mus musculus,1330139627,NYGC
NY-AT16038-8,10xATAC_Mult,BICAN_Dev_Atlas+BICAN_Dev_P12,ARC-ATAC,1331168304,B8XM_240213_01_E01,R8XA-24022006,ATX-16038,10000,Nuclei,1061736689,L8XA_240213_01_F10,2063_E07,mouse,Mus musculus,1330974289,NYGC
NY-AT16038-9,10xATAC_Mult,BICAN_Dev_Atlas+BICAN_Dev_P12,ARC-ATAC,1331168306,B8XM_240213_01_F01,R8XA-24022006,ATX-16038,10000,Nuclei,1061736689,L8XA_240213_01_G10,2063_F07,mouse,Mus musculus,1330974290,NYGC
NY-AT16039-1,10xATAC_Mult,BICAN_Dev_Atlas+BICAN_Dev_P12,ARC-ATAC,1331168310,B8XM_240213_01_H01,R8XA-24022707,ATX-16039,10000,Nuclei,1061736689,L8XA_240213_01_H08,2063_H07,mouse,Mus musculus,1330974292,NYGC
NY-AT16039-2,10xATAC_Mult,HMBA_Human_Atlas+HMBA_Human_Atlas_BN_BF,ARC-ATAC,1331168312,B8XM_240213_01_A02,R8XA-24022707,ATX-16039,10000,Nuclei,1061736689,L8XA_240213_01_A09,2064_A08,human,Homo Sapiens,1330707616,NYGC
NY-AT16039-3,10xATAC_Mult,HMBA_Human_Atlas+HMBA_Human_Atlas_AMY,ARC-ATAC,1331168315,B8XM_240213_01_B02,R8XA-24022707,ATX-16039,10000,Nuclei,1061736689,L8XA_240213_01_B09,2064_B08,human,Homo Sapiens,1330707615,NYGC
NY-AT16039-4,10xATAC_Mult,HMBA_Human_Atlas+HMBA_Human_Atlas_AMY,ARC-ATAC,1331168318,B8XM_240213_01_C02,R8XA-24022707,ATX-16039,10000,Nuclei,1061736689,L8XA_240213_01_C09,2064_C08,human,Homo Sapiens,1330707614,NYGC
NY-AT16039-5,10xATAC_Mult,HMBA_Human_Atlas+HMBA_Human_Atlas_THM,ARC-ATAC,1331168327,B8XM_240213_01_G02,R8XA-24022707,ATX-16039,10000,Nuclei,1061736689,L8XA_240213_01_D09,2066_A01,human,Homo Sapiens,1330946292,NYGC
NY-AT16039-6,10xATAC_Mult,HMBA_Human_Atlas+HMBA_Human_Atlas_THM,ARC-ATAC,1331168329,B8XM_240213_01_H02,R8XA-24022707,ATX-16039,10000,Nuclei,1061736689,L8XA_240213_01_E09,2066_B01,human,Homo Sapiens,1330946291,NYGC
NY-AT16039-7,10xATAC_Mult,HMBA_Human_Atlas+HMBA_Human_Atlas_THM,ARC-ATAC,1331168331,B8XM_240213_01_A03,R8XA-24022707,ATX-16039,10000,Nuclei,1061736689,L8XA_240213_01_F09,2066_C01,human,Homo Sapiens,1330946289,NYGC
NY-AT16039-8,10xATAC_Mult,HMBA_Macaque_Atlas+HMBA_Macaque_Atlas_Cx,ARC-ATAC,1332504970,B8XM_240216_01_A01,R8XA-24022707,ATX-16039,10000,Nuclei,1061736689,L8XA_240216_01_A02,2067_A02,macaque,Macaca mulatta,1331012402,NYGC
NY-AT16039-9,10xATAC_Mult,BG_paper_Macaque+HMBA_Macaque_Atlas+HMBA_Macaque_Atlas_BN_BF,ARC-ATAC,1332504975,B8XM_240216_01_B01,R8XA-24022707,ATX-16039,10000,Nuclei,1061736689,L8XA_240216_01_A01,2067_B02,macaque,Macaca mulatta,1331012401,NYGC
NY-AT16040-1,10xATAC_Mult,BG_paper_Macaque+HMBA_Macaque_Atlas+HMBA_Macaque_Atlas_BN_BF,ARC-ATAC,1332505001,B8XM_240216_01_H01,R8XA-24022708,ATX-16040,10000,Nuclei,1061736689,L8XA_240216_01_C01,2069_B04,macaque,Macaca mulatta,1330947231,NYGC
NY-AT16040-2,10xATAC_Mult,BG_paper_Macaque+HMBA_Macaque_Atlas+HMBA_Macaque_Atlas_BN_BF,ARC-ATAC,1332505005,B8XM_240216_01_A02,R8XA-24022708,ATX-16040,10000,Nuclei,1061736689,L8XA_240216_01_D01,2069_C04,macaque,Macaca mulatta,1330947229,NYGC
NY-AT16040-3,10xATAC_Mult,HMBA_Macaque_Atlas+HMBA_Macaque_Atlas_Cx,ARC-ATAC,1332505011,B8XM_240216_01_B02,R8XA-24022708,ATX-16040,10000,Nuclei,1061736689,L8XA_240216_01_E01,2069_1_D04,macaque,Macaca mulatta,1330947228,NYGC
NY-AT16040-4,10xATAC_Mult,BICAN_Dev_Atlas+BICAN_Dev_P12,ARC-ATAC,1332505026,B8XM_240216_01_F02,R8XA-24022708,ATX-16040,10000,Nuclei,1061736689,L8XA_240216_01_A12,2071_A06,mouse,Mus musculus,1331808694,NYGC
NY-AT16040-5,10xATAC_Mult,BICAN_Dev_Atlas+BICAN_Dev_P12,ARC-ATAC,1332505030,B8XM_240216_01_G02,R8XA-24022708,ATX-16040,10000,Nuclei,1061736689,L8XA_240216_01_B12,2071_B06,mouse,Mus musculus,1331808695,NYGC
NY-AT16040-6,10xATAC_Mult,BICAN_Dev_Atlas+BICAN_Dev_P12,ARC-ATAC,1332505033,B8XM_240216_01_H02,R8XA-24022708,ATX-16040,10000,Nuclei,1061736689,L8XA_240216_01_C12,2071_C06,mouse,Mus musculus,1331808696,NYGC
NY-AT16040-7,10xATAC_Mult,BICAN_Dev_Atlas+BICAN_Dev_P12,ARC-ATAC,1332505039,B8XM_240216_01_A03,R8XA-24022708,ATX-16040,10000,Nuclei,1061736689,L8XA_240216_01_D12,2071_D06,mouse,Mus musculus,1331808698,NYGC
NY-AT16040-8,10xATAC_Mult,BICAN_Dev_Atlas+BICAN_Dev_P12,ARC-ATAC,1332505044,B8XM_240216_01_B03,R8XA-24022708,ATX-16040,10000,Nuclei,1061736689,L8XA_240216_01_E12,2071_E06,mouse,Mus musculus,1330971164,NYGC
NY-AT16040-9,10xATAC_Mult,BG_paper_Macaque+HMBA_Macaque_Atlas+HMBA_Macaque_Atlas_BN_BF,ARC-ATAC,1332505822,B8XM_240220_01_G03,R8XA-24022708,ATX-16040,10000,Nuclei,1061736689,L8XA_240220_01_D03,2077_F02,macaque,Macaca mulatta,1332478085,NYGC
NY-AT16041-1,10xATAC_Mult,BICAN_Dev_Atlas+BICAN_Dev_P12,ARC-ATAC,1332505049,B8XM_240216_01_C03,R8XA-24022709,ATX-16041,10000,Nuclei,1061736689,L8XA_240216_01_F12,2071_F06,mouse,Mus musculus,1330971165,NYGC
NY-AT16041-2,10xATAC_Mult,BICAN_Dev_Atlas+BICAN_Dev_P12,ARC-ATAC,1332505053,B8XM_240216_01_D03,R8XA-24022709,ATX-16041,10000,Nuclei,1061736689,L8XA_240216_01_G12,2071_G06,mouse,Mus musculus,1330971166,NYGC
NY-AT16041-3,10xATAC_Mult,BICAN_Dev_Atlas+BICAN_Dev_P12,ARC-ATAC,1332505058,B8XM_240216_01_E03,R8XA-24022709,ATX-16041,10000,Nuclei,1061736689,L8XA_240216_01_H12,2071_H06,mouse,Mus musculus,1330971167,NYGC
NY-AT16041-4,10xATAC_Mult,HMBA_Macaque_Atlas+HMBA_Macaque_Atlas_BN_BF,ARC-ATAC,1332505062,B8XM_240216_01_F03,R8XA-24022709,ATX-16041,10000,Nuclei,1061736689,L8XA_240216_01_F01,2072_B07,macaque,Macaca mulatta,1332290504,NYGC
NY-AT16041-5,10xATAC_Mult,BG_paper_Macaque+HMBA_Macaque_Atlas+HMBA_Macaque_Atlas_BN_BF,ARC-ATAC,1332505066,B8XM_240216_01_G03,R8XA-24022709,ATX-16041,10000,Nuclei,1061736689,L8XA_240216_01_G01,2072_C07,macaque,Macaca mulatta,1332290503,NYGC
NY-AT16041-6,10xATAC_Mult,HMBA_Macaque_Atlas+HMBA_Macaque_Atlas_BN_BF,ARC-ATAC,1332505069,B8XM_240216_01_H03,R8XA-24022709,ATX-16041,10000,Nuclei,1061736689,L8XA_240216_01_H01,2072_1_D07,macaque,Macaca mulatta,1332290502,NYGC
NY-AT16041-7,10xATAC_Mult,BG_paper_Macaque+HMBA_Macaque_Atlas+HMBA_Macaque_Atlas_BN_BF,ARC-ATAC,1332505712,B8XM_240220_01_A01,R8XA-24022709,ATX-16041,10000,Nuclei,1061736689,L8XA_240220_01_D02,2074_A09,macaque,Macaca mulatta,1332479528,NYGC
NY-AT16041-8,10xATAC_Mult,HMBA_Macaque_Atlas+HMBA_Macaque_Atlas_AMY,ARC-ATAC,1332505715,B8XM_240220_01_B01,R8XA-24022709,ATX-16041,10000,Nuclei,1061736689,L8XA_240220_01_E02,2074_B09,macaque,Macaca mulatta,1332479527,NYGC
NY-AT16041-9,10xATAC_Mult,HMBA_Macaque_Atlas+HMBA_Macaque_Atlas_AMY,ARC-ATAC,1332505718,B8XM_240220_01_C01,R8XA-24022709,ATX-16041,10000,Nuclei,1061736689,L8XA_240220_01_F02,2074_C09,macaque,Macaca mulatta,1332479526,NYGC
NY-AT16042-1,10xATAC_Mult,BICAN_Dev_Atlas+BICAN_Dev_P12,ARC-ATAC,1332505751,B8XM_240220_01_B02,R8XA-24022710,ATX-16042,10000,Nuclei,1061736689,L8XA_240220_01_C04,2073_E08,mouse,Mus musculus,1332353094,NYGC
NY-AT16042-2,10xATAC_Mult,BICAN_Dev_Atlas+BICAN_Dev_P12,ARC-ATAC,1332505756,B8XM_240220_01_C02,R8XA-24022710,ATX-16042,10000,Nuclei,1061736689,L8XA_240220_01_D04,2073_F08,mouse,Mus musculus,1332353095,NYGC
NY-AT16042-3,10xATAC_Mult,BICAN_Dev_Atlas+BICAN_Dev_P12,ARC-ATAC,1332505761,B8XM_240220_01_D02,R8XA-24022710,ATX-16042,10000,Nuclei,1061736689,L8XA_240220_01_E04,2073_G08,mouse,Mus musculus,1332353096,NYGC
NY-AT16042-4,10xATAC_Mult,BICAN_Dev_Atlas+BICAN_Dev_P12,ARC-ATAC,1332505766,B8XM_240220_01_E02,R8XA-24022710,ATX-16042,10000,Nuclei,1061736689,L8XA_240220_01_F04,2073_1_H08,mouse,Mus musculus,1332353097,NYGC
NY-AT16042-5,10xATAC_Mult,BG_paper_Macaque+HMBA_Macaque_Atlas+HMBA_Macaque_Atlas_BN_BF,ARC-ATAC,1332505791,B8XM_240220_01_B03,R8XA-24022710,ATX-16042,10000,Nuclei,1061736689,L8XA_240220_01_G02,2077_A02,macaque,Macaca mulatta,1331831895,NYGC
NY-AT16042-6,10xATAC_Mult,HMBA_Macaque_Atlas+HMBA_Macaque_Atlas_AMY,ARC-ATAC,1332505796,B8XM_240220_01_C03,R8XA-24022710,ATX-16042,10000,Nuclei,1061736689,L8XA_240220_01_H02,2077_B02,macaque,Macaca mulatta,1331831894,NYGC
NY-AT16042-7,10xATAC_Mult,HMBA_Macaque_Atlas+HMBA_Macaque_Atlas_BN_BF,ARC-ATAC,1332505801,B8XM_240220_01_D03,R8XA-24022710,ATX-16042,10000,Nuclei,1061736689,L8XA_240220_01_A03,2077_C02,macaque,Macaca mulatta,1331831893,NYGC
NY-AT16042-8,10xATAC_Mult,HMBA_Macaque_Atlas+HMBA_Macaque_Atlas_BN_BF,ARC-ATAC,1332505808,B8XM_240220_01_E03,R8XA-24022710,ATX-16042,10000,Nuclei,1061736689,L8XA_240220_01_B03,2077_D02,macaque,Macaca mulatta,1332478087,NYGC
NY-AT16042-9,10xATAC_Mult,BG_paper_Macaque+HMBA_Macaque_Atlas+HMBA_Macaque_Atlas_BN_BF,ARC-ATAC,1332505814,B8XM_240220_01_F03,R8XA-24022710,ATX-16042,10000,Nuclei,1061736689,L8XA_240220_01_C03,2077_E02,macaque,Macaca mulatta,1332478086,NYGC
NY-AT16043-1,10xATAC_Mult,BICAN_Dev_Atlas+BICAN_Dev_P12,ARC-ATAC,1334360554,B8XM_240223_01_A01,R8XA-24030507,ATX-16043,10000,Nuclei,1061736689,L8XA_240223_01_D06,2078_A03,mouse,Mus musculus,1333458913,NYGC
NY-AT16043-2,10xATAC_Mult,BICAN_Dev_Atlas+BICAN_Dev_P12,ARC-ATAC,1334360556,B8XM_240223_01_B01,R8XA-24030507,ATX-16043,10000,Nuclei,1061736689,L8XA_240223_01_E06,2078_B03,mouse,Mus musculus,1333458914,NYGC
NY-AT16043-3,10xATAC_Mult,BICAN_Dev_Atlas+BICAN_Dev_P12,ARC-ATAC,1334360558,B8XM_240223_01_C01,R8XA-24030507,ATX-16043,10000,Nuclei,1061736689,L8XA_240223_01_F06,2078_C03,mouse,Mus musculus,1333458915,NYGC
NY-AT16043-4,10xATAC_Mult,BICAN_Dev_Atlas+BICAN_Dev_P12,ARC-ATAC,1334360560,B8XM_240223_01_D01,R8XA-24030507,ATX-16043,10000,Nuclei,1061736689,L8XA_240223_01_G06,2078_D03,mouse,Mus musculus,1333458916,NYGC
NY-AT16043-5,10xATAC_Mult,BICAN_Dev_Atlas+BICAN_Dev_P12,ARC-ATAC,1334360562,B8XM_240223_01_E01,R8XA-24030507,ATX-16043,10000,Nuclei,1061736689,L8XA_240223_01_H06,2078_E03,mouse,Mus musculus,1332035285,NYGC
NY-AT16043-6,10xATAC_Mult,BICAN_Dev_Atlas+BICAN_Dev_P12,ARC-ATAC,1334360565,B8XM_240223_01_F01,R8XA-24030507,ATX-16043,10000,Nuclei,1061736689,L8XA_240223_01_A07,2078_F03,mouse,Mus musculus,1332035286,NYGC
NY-AT16043-7,10xATAC_Mult,BICAN_Dev_Atlas+BICAN_Dev_P12,ARC-ATAC,1334360568,B8XM_240223_01_G01,R8XA-24030507,ATX-16043,10000,Nuclei,1061736689,L8XA_240223_01_B07,2078_G03,mouse,Mus musculus,1332035287,NYGC
NY-AT16043-8,10xATAC_Mult,BICAN_Dev_Atlas+BICAN_Dev_P12,ARC-ATAC,1334360571,B8XM_240223_01_H01,R8XA-24030507,ATX-16043,10000,Nuclei,1061736689,L8XA_240223_01_C07,2078_H03,mouse,Mus musculus,1332035288,NYGC
NY-AT16043-9,10xATAC_Mult,HMBA_Human_Atlas+HMBA_Human_Atlas_H,ARC-ATAC,1334360573,B8XM_240223_01_A02,R8XA-24030507,ATX-16043,10000,Nuclei,1061736689,L8XA_240223_01_D05,2079_A04,human,Homo Sapiens,1332805299,NYGC
NY-AT16044-1,10xATAC_Mult,HMBA_Human_Atlas+HMBA_Human_Atlas_H,ARC-ATAC,1334360575,B8XM_240223_01_B02,R8XA-24030508,ATX-16044,10000,Nuclei,1061736689,L8XA_240223_01_E05,2079_B04,human,Homo Sapiens,1332805298,NYGC
NY-AT16044-2,10xATAC_Mult,HMBA_Human_Atlas+HMBA_Human_Atlas_H,ARC-ATAC,1334360577,B8XM_240223_01_C02,R8XA-24030508,ATX-16044,10000,Nuclei,1061736689,L8XA_240223_01_F05,2079_C04,human,Homo Sapiens,1332805319,NYGC
NY-AT16044-3,10xATAC_Mult,HMBA_Human_Atlas+HMBA_Human_Atlas_H,ARC-ATAC,1334360579,B8XM_240223_01_D02,R8XA-24030508,ATX-16044,10000,Nuclei,1061736689,L8XA_240223_01_G05,2080_A05,human,Homo Sapiens,1332854814,NYGC
NY-AT16044-4,10xATAC_Mult,HMBA_Human_Atlas+HMBA_Human_Atlas_H,ARC-ATAC,1334360581,B8XM_240223_01_E02,R8XA-24030508,ATX-16044,10000,Nuclei,1061736689,L8XA_240223_01_C05,2080_B05,human,Homo Sapiens,1332854813,NYGC
NY-AT16044-5,10xATAC_Mult,HMBA_Human_Atlas+HMBA_Human_Atlas_H,ARC-ATAC,1334360583,B8XM_240223_01_F02,R8XA-24030508,ATX-16044,10000,Nuclei,1061736689,L8XA_240223_01_H05,2080_C05,human,Homo Sapiens,1332854812,NYGC
NY-AT16044-6,10xATAC_Mult,HMBA_Cross_Species,ARC-ATAC,1334360586,B8XM_240223_01_G02,R8XA-24030508,ATX-16044,10000,Nuclei,1061736689,L8XA_240223_01_D07,2081_A06,treeshrew,Tupaia belangeri,1333536203,NYGC
NY-AT16044-7,10xATAC_Mult,HMBA_Cross_Species,ARC-ATAC,1334360589,B8XM_240223_01_H02,R8XA-24030508,ATX-16044,10000,Nuclei,1061736689,L8XA_240223_01_E07,2081_B06,treeshrew,Tupaia belangeri,1333536718,NYGC
NY-AT16044-8,10xATAC_Mult,BICAN_Dev_Atlas+BICAN_Dev_P28,ARC-ATAC,1334360592,B8XM_240223_01_A03,R8XA-24030508,ATX-16044,10000,Nuclei,1061736689,L8XA_240223_01_F07,2083_A07,mouse,Mus musculus,1333789246,NYGC
NY-AT16044-9,10xATAC_Mult,BICAN_Dev_Atlas+BICAN_Dev_P28,ARC-ATAC,1334360594,B8XM_240223_01_B03,R8XA-24030508,ATX-16044,10000,Nuclei,1061736689,L8XA_240223_01_G07,2083_B07,mouse,Mus musculus,1333789249,NYGC
NY-AT16045-1,10xATAC_Mult,BICAN_Dev_Atlas+BICAN_Dev_P28,ARC-ATAC,1334360596,B8XM_240223_01_C03,R8XA-24030509,ATX-16045,10000,Nuclei,1061736689,L8XA_240223_01_A06,2083_C07,mouse,Mus musculus,1333789252,NYGC
NY-AT16045-2,10xATAC_Mult,BICAN_Dev_Atlas+BICAN_Dev_P28,ARC-ATAC,1334360598,B8XM_240223_01_D03,R8XA-24030509,ATX-16045,10000,Nuclei,1061736689,L8XA_240223_01_H07,2083_D07,mouse,Mus musculus,1333789255,NYGC
NY-AT16045-3,10xATAC_Mult,BICAN_Dev_Atlas+BICAN_Dev_P28,ARC-ATAC,1334360600,B8XM_240223_01_E03,R8XA-24030509,ATX-16045,10000,Nuclei,1061736689,L8XA_240223_01_A08,2083_E07,mouse,Mus musculus,1333789258,NYGC
NY-AT16045-4,10xATAC_Mult,BICAN_Dev_Atlas+BICAN_Dev_P28,ARC-ATAC,1334360602,B8XM_240223_01_F03,R8XA-24030509,ATX-16045,10000,Nuclei,1061736689,L8XA_240223_01_B08,2083_F07,mouse,Mus musculus,1333789260,NYGC
NY-AT16045-5,10xATAC_Mult,HMBA_Human_Atlas+HMBA_Human_Atlas_H,ARC-ATAC,1334574362,B8XM_240227_01_A01,R8XA-24030509,ATX-16045,10000,Nuclei,1061736689,L8XA_240227_01_H08,2085_A08,human,Homo Sapiens,1333383895,NYGC
NY-AT16045-6,10xATAC_Mult,HMBA_Human_Atlas+HMBA_Human_Atlas_H,ARC-ATAC,1334574364,B8XM_240227_01_B01,R8XA-24030509,ATX-16045,10000,Nuclei,1061736689,L8XA_240227_01_A09,2085_B08,human,Homo Sapiens,1333383894,NYGC
NY-AT16045-7,10xATAC_Mult,HMBA_Human_Atlas+HMBA_Human_Atlas_HTH,ARC-ATAC,1334574367,B8XM_240227_01_C01,R8XA-24030509,ATX-16045,10000,Nuclei,1061736689,L8XA_240227_01_B09,2085_C08,human,Homo Sapiens,1333383893,NYGC
NY-AT16045-8,10xATAC_Mult,HMBA_Cross_Species,ARC-ATAC,1334574369,B8XM_240227_01_D01,R8XA-24030509,ATX-16045,10000,Nuclei,1061736689,L8XA_240227_01_D09,2086_A09,treeshrew,Tupaia belangeri,1333537335,NYGC
NY-AT16045-9,10xATAC_Mult,HMBA_Cross_Species,ARC-ATAC,1334574371,B8XM_240227_01_E01,R8XA-24030509,ATX-16045,10000,Nuclei,1061736689,L8XA_240227_01_C10,2086_B09,treeshrew,Tupaia belangeri,1333544974,NYGC
NY-AT16046-1,10xATAC_Mult,HMBA_Human_Atlas+HMBA_Human_Atlas_BN_BF,ARC-ATAC,1336382934,B8XM_240301_01_F03,R8XA-24031206,ATX-16046,10000,Nuclei,1061736689,L8XA_240301_01_G10,2097_B09,human,Homo Sapiens,1336297384,NYGC
NY-AT16046-2,10xATAC_Mult,HMBA_Human_Atlas+HMBA_Human_Atlas_AMY,ARC-ATAC,1336382936,B8XM_240301_01_G03,R8XA-24031206,ATX-16046,10000,Nuclei,1061736689,L8XA_240301_01_H10,2097_C09,human,Homo Sapiens,1336297382,NYGC
NY-AT16046-3,10xATAC_Mult,BICAN_Dev_Atlas+BICAN_Dev_P28,ARC-ATAC,1336386129,B8XM_240305_01_A01,R8XA-24031206,ATX-16046,9565,Nuclei,1061736689,L8XA_240305_01_B02,2099_A10,mouse,Mus musculus,1336005308,NYGC
NY-AT16046-4,10xATAC_Mult,BICAN_Dev_Atlas+BICAN_Dev_P28,ARC-ATAC,1336386131,B8XM_240305_01_B01,R8XA-24031206,ATX-16046,9565,Nuclei,1061736689,L8XA_240305_01_C02,2099_B10,mouse,Mus musculus,1336005309,NYGC
NY-AT16046-5,10xATAC_Mult,BICAN_Dev_Atlas+BICAN_Dev_P28,ARC-ATAC,1336386133,B8XM_240305_01_C01,R8XA-24031206,ATX-16046,10000,Nuclei,1061736689,L8XA_240305_01_D02,2099_C10,mouse,Mus musculus,1336005310,NYGC
NY-AT16046-6,10xATAC_Mult,BICAN_Dev_Atlas+BICAN_Dev_P28,ARC-ATAC,1336386135,B8XM_240305_01_D01,R8XA-24031206,ATX-16046,10000,Nuclei,1061736689,L8XA_240305_01_E02,2099_D10,mouse,Mus musculus,1336005311,NYGC
NY-AT16046-7,10xATAC_Mult,BICAN_Dev_Atlas+BICAN_Dev_P28,ARC-ATAC,1336386137,B8XM_240305_01_E01,R8XA-24031206,ATX-16046,10000,Nuclei,1061736689,L8XA_240305_01_F02,2099_E10,mouse,Mus musculus,1335210931,NYGC
NY-AT16046-8,10xATAC_Mult,BICAN_Dev_Atlas+BICAN_Dev_P28,ARC-ATAC,1336386140,B8XM_240305_01_F01,R8XA-24031206,ATX-16046,10000,Nuclei,1061736689,L8XA_240305_01_G02,2099_F10,mouse,Mus musculus,1335210932,NYGC
NY-AT16046-9,10xATAC_Mult,BICAN_Dev_Atlas+BICAN_Dev_P12,ARC-ATAC,1336386142,B8XM_240305_01_G01,R8XA-24031206,ATX-16046,10000,Nuclei,1061736689,L8XA_240305_01_H02,2099_G10,mouse,Mus musculus,1335210933,NYGC
NY-AT16047-1,10xATAC_Mult,BICAN_Dev_Atlas+BICAN_Dev_P12,ARC-ATAC,1336386145,B8XM_240305_01_H01,R8XA-24031207,ATX-16047,10000,Nuclei,1061736689,L8XA_240305_01_A03,2099_H10,mouse,Mus musculus,1335210934,NYGC
NY-AT16047-2,10xATAC_Mult,BICAN_Dev_Atlas+BICAN_Dev_P28,ARC-ATAC,1336386152,B8XM_240305_01_C02,R8XA-24031207,ATX-16047,10000,Nuclei,1061736689,L8XA_240305_01_D03,2102_A01,mouse,Mus musculus,1336334643,NYGC
NY-AT16047-3,10xATAC_Mult,BICAN_Dev_Atlas+BICAN_Dev_P28,ARC-ATAC,1336386154,B8XM_240305_01_D02,R8XA-24031207,ATX-16047,10000,Nuclei,1061736689,L8XA_240305_01_E03,2102_B01,mouse,Mus musculus,1336334644,NYGC
NY-AT16047-4,10xATAC_Mult,BICAN_Dev_Atlas+BICAN_Dev_P28,ARC-ATAC,1336386156,B8XM_240305_01_E02,R8XA-24031207,ATX-16047,10000,Nuclei,1061736689,L8XA_240305_01_F03,2102_C01,mouse,Mus musculus,1336334645,NYGC
NY-AT16047-5,10xATAC_Mult,BICAN_Dev_Atlas+BICAN_Dev_P28,ARC-ATAC,1336386158,B8XM_240305_01_F02,R8XA-24031207,ATX-16047,10000,Nuclei,1061736689,L8XA_240305_01_G03,2102_D01,mouse,Mus musculus,1336334646,NYGC
NY-AT16047-6,10xATAC_Mult,BICAN_Dev_Atlas+BICAN_Dev_P28,ARC-ATAC,1336386160,B8XM_240305_01_G02,R8XA-24031207,ATX-16047,10000,Nuclei,1061736689,L8XA_240305_01_H03,2102_E01,mouse,Mus musculus,1335449811,NYGC
NY-AT16047-7,10xATAC_Mult,BICAN_Dev_Atlas+BICAN_Dev_P28,ARC-ATAC,1336386163,B8XM_240305_01_H02,R8XA-24031207,ATX-16047,10000,Nuclei,1061736689,L8XA_240305_01_A04,2102_G01,mouse,Mus musculus,1335449813,NYGC
NY-AT16047-8,10xATAC_Mult,BICAN_Dev_Atlas+BICAN_Dev_P28,ARC-ATAC,1336386166,B8XM_240305_01_A03,R8XA-24031207,ATX-16047,10000,Nuclei,1061736689,L8XA_240305_01_B04,2102_H01,mouse,Mus musculus,1335449814,NYGC
NY-AT16047-9,10xATAC_Mult,BICAN_Dev_Atlas+BICAN_Dev_P28,ARC-ATAC,1336386168,B8XM_240305_01_B03,R8XA-24031207,ATX-16047,10000,Nuclei,1061736689,L8XA_240305_01_C04,2102_1_F01,mouse,Mus musculus,1335449812,NYGC
NY-AT16048-1,10xATAC_Mult,HMBA_Macaque_Atlas+HMBA_Macaque_Atlas_THM,ARC-ATAC,1336386173,B8XM_240305_01_D03,R8XA-24031905,ATX-16048,10000,Nuclei,1061736689,L8XA_240305_01_E01,2103_B02,macaque,Macaca mulatta,1335498436,NYGC
NY-AT16048-2,10xATAC_Mult,HMBA_Macaque_Atlas+HMBA_Macaque_Atlas_THM,ARC-ATAC,1336386175,B8XM_240305_01_E03,R8XA-24031905,ATX-16048,10000,Nuclei,1061736689,L8XA_240305_01_F01,2103_C02,macaque,Macaca mulatta,1335498435,NYGC
NY-AT16048-3,10xATAC_Mult,BG_paper_Macaque+HMBA_Macaque_Atlas+HMBA_Macaque_Atlas_BN_BF,ARC-ATAC,1336386177,B8XM_240305_01_F03,R8XA-24031905,ATX-16048,10000,Nuclei,1061736689,L8XA_240305_01_G01,2103_D02,macaque,Macaca mulatta,1335232167,NYGC
NY-AT16048-4,10xATAC_Mult,BG_paper_Macaque+HMBA_Macaque_Atlas+HMBA_Macaque_Atlas_BN_BF,ARC-ATAC,1336386179,B8XM_240305_01_G03,R8XA-24031905,ATX-16048,10000,Nuclei,1061736689,L8XA_240305_01_H01,2103_E02,macaque,Macaca mulatta,1335232166,NYGC
NY-AT16048-5,10xATAC_Mult,HMBA_Macaque_Atlas+HMBA_Macaque_Atlas_THM,ARC-ATAC,1336386181,B8XM_240305_01_H03,R8XA-24031905,ATX-16048,10000,Nuclei,1061736689,L8XA_240305_01_A02,2103_F02,macaque,Macaca mulatta,1335232165,NYGC
NY-AT16048-6,10xATAC_Mult,BICAN_Dev_Atlas+BICAN_Dev_P28,ARC-ATAC,1337744825,B8XM_240308_01_A01,R8XA-24031905,ATX-16048,10000,Nuclei,1061736689,L8XA_240308_01_E05,2104_A03,mouse,Mus musculus,1336030032,NYGC
NY-AT16048-7,10xATAC_Mult,BICAN_Dev_Atlas+BICAN_Dev_P28,ARC-ATAC,1337744828,B8XM_240308_01_B01,R8XA-24031905,ATX-16048,10000,Nuclei,1061736689,L8XA_240308_01_F05,2104_B03,mouse,Mus musculus,1336030033,NYGC
NY-AT16048-8,10xATAC_Mult,HMBA_Macaque_Atlas+HMBA_Macaque_Atlas_HTH,ARC-ATAC,1337744836,B8XM_240308_01_E01,R8XA-24031905,ATX-16048,10000,Nuclei,1061736689,L8XA_240308_01_F04,2105_A04,macaque,Macaca mulatta,1336894131,NYGC
NY-AT16048-9,10xATAC_Mult,HMBA_Macaque_Atlas+HMBA_Macaque_Atlas_HTH,ARC-ATAC,1337744838,B8XM_240308_01_F01,R8XA-24031905,ATX-16048,10000,Nuclei,1061736689,L8XA_240308_01_D04,2105_B04,macaque,Macaca mulatta,1336894148,NYGC
NY-AT16049-1,10xATAC_Mult,HMBA_Macaque_Atlas+HMBA_Macaque_Atlas_HTH,ARC-ATAC,1337744840,B8XM_240308_01_G01,R8XA-24031906,ATX-16049,10000,Nuclei,1061736689,L8XA_240308_01_G04,2105_C04,macaque,Macaca mulatta,1336894147,NYGC
NY-AT16049-2,10xATAC_Mult,HMBA_Macaque_Atlas+HMBA_Macaque_Atlas_HTH,ARC-ATAC,1337744858,B8XM_240308_01_F02,R8XA-24031906,ATX-16049,10000,Nuclei,1061736689,L8XA_240308_01_B05,2108_A07,macaque,Macaca mulatta,1336889431,NYGC
NY-AT16049-3,10xATAC_Mult,HMBA_Macaque_Atlas+HMBA_Macaque_Atlas_HTH,ARC-ATAC,1337744860,B8XM_240308_01_G02,R8XA-24031906,ATX-16049,10000,Nuclei,1061736689,L8XA_240308_01_C05,2108_B07,macaque,Macaca mulatta,1336889430,NYGC
NY-AT16049-4,10xATAC_Mult,BG_paper_Macaque+HMBA_Macaque_Atlas+HMBA_Macaque_Atlas_BN_BF,ARC-ATAC,1337744862,B8XM_240308_01_H02,R8XA-24031906,ATX-16049,10000,Nuclei,1061736689,L8XA_240308_01_D05,2108_C07,macaque,Macaca mulatta,1336889429,NYGC
NY-AT16049-5,10xATAC_Mult,HMBA_Macaque_Atlas+HMBA_Macaque_Atlas_THM,ARC-ATAC,1337744601,B8XM_240312_01_A01,R8XA-24031906,ATX-16049,10000,Nuclei,1061736689,L8XA_240312_01_D06,2115_A10,macaque,Macaca mulatta,1337430191,NYGC
NY-AT16049-6,10xATAC_Mult,BG_paper_Macaque+HMBA_Macaque_Atlas+HMBA_Macaque_Atlas_BN_BF,ARC-ATAC,1337744603,B8XM_240312_01_B01,R8XA-24031906,ATX-16049,10000,Nuclei,1061736689,L8XA_240312_01_E06,2115_B10,macaque,Macaca mulatta,1337430190,NYGC
NY-AT16049-7,10xATAC_Mult,BG_paper_Macaque+HMBA_Macaque_Atlas+HMBA_Macaque_Atlas_BN_BF,ARC-ATAC,1337744608,B8XM_240312_01_C01,R8XA-24031906,ATX-16049,10000,Nuclei,1061736689,L8XA_240312_01_F06,2115_C10,macaque,Macaca mulatta,1337430189,NYGC
NY-AT16049-8,10xATAC_Mult,HMBA_Human_Atlas+HMBA_Human_Atlas_Cx,ARC-ATAC,1337744618,B8XM_240312_01_G01,R8XA-24031906,ATX-16049,10000,Nuclei,1061736689,L8XA_240312_01_G06,2118_A01,human,Homo Sapiens,1336944507,NYGC
NY-AT16049-9,10xATAC_Mult,HMBA_Human_Atlas+HMBA_Human_Atlas_Cx,ARC-ATAC,1337744620,B8XM_240312_01_H01,R8XA-24031906,ATX-16049,10000,Nuclei,1061736689,L8XA_240312_01_H06,2118_B01,human,Homo Sapiens,1336944506,NYGC
NY-AT16050-1,10xATAC_Mult,HMBA_Human_Atlas+HMBA_Human_Atlas_Cx,ARC-ATAC,1337744622,B8XM_240312_01_A02,R8XA-24032603,ATX-16050,10000,Nuclei,1061736689,L8XA_240312_01_A07,2118_C01,human,Homo Sapiens,1336944505,NYGC
NY-AT16050-2,10xATAC_Mult,HMBA_Macaque_Atlas+HMBA_Macaque_Atlas_THM,ARC-ATAC,1339410604,B8XM_240315_01_A01,R8XA-24032603,ATX-16050,10000,Nuclei,1061736689,L8XA_240315_01_F07,2119_A02,macaque,Macaca mulatta,1338657274,NYGC
NY-AT16050-3,10xATAC_Mult,HMBA_Macaque_Atlas+HMBA_Macaque_Atlas_Cx,ARC-ATAC,1339410606,B8XM_240315_01_B01,R8XA-24032603,ATX-16050,10000,Nuclei,1061736689,L8XA_240315_01_G07,2119_B02,macaque,Macaca mulatta,1338657273,NYGC
NY-AT16050-4,10xATAC_Mult,HMBA_Macaque_Atlas+HMBA_Macaque_Atlas_Cx,ARC-ATAC,1339410608,B8XM_240315_01_C01,R8XA-24032603,ATX-16050,10000,Nuclei,1061736689,L8XA_240315_01_H07,2119_C02,macaque,Macaca mulatta,1338657271,NYGC
NY-AT16050-5,10xATAC_Mult,HMBA_Human_Atlas+HMBA_Human_Atlas_THM,ARC-ATAC,1339410623,B8XM_240315_01_A02,R8XA-24032603,ATX-16050,10000,Nuclei,1061736689,L8XA_240315_01_A08,2123_A05,human,Homo Sapiens,1338610508,NYGC
NY-AT16050-6,10xATAC_Mult,HMBA_Human_Atlas+HMBA_Human_Atlas_THM,ARC-ATAC,1339410625,B8XM_240315_01_B02,R8XA-24032603,ATX-16050,10000,Nuclei,1061736689,L8XA_240315_01_B08,2123_B05,human,Homo Sapiens,1338610507,NYGC
NY-AT16050-7,10xATAC_Mult,HMBA_Human_Atlas+HMBA_Human_Atlas_THM,ARC-ATAC,1339410627,B8XM_240315_01_C02,R8XA-24032603,ATX-16050,10000,Nuclei,1061736689,L8XA_240315_01_C08,2123_C05,human,Homo Sapiens,1338610506,NYGC
NY-AT16050-8,10xATAC_Mult,HMBA_Cross_Species,ARC-ATAC,1339356226,B8XM_240319_01_A01,R8XA-24032603,ATX-16050,10000,Nuclei,1061736689,L8XA_240319_01_B09,2129_A08,treeshrew,Tupaia belangeri,1339196579,NYGC
NY-AT16050-9,10xATAC_Mult,HMBA_Cross_Species,ARC-ATAC,1339356228,B8XM_240319_01_B01,R8XA-24032603,ATX-16050,10000,Nuclei,1061736689,L8XA_240319_01_D09,2129_B08,treeshrew,Tupaia belangeri,1339196670,NYGC
NY-AT16051-1,10xATAC_Mult,HMBA_Human_Atlas+HMBA_Human_Atlas_THM,ARC-ATAC,1339356231,B8XM_240319_01_C01,R8XA-24040206,ATX-16051,10000,Nuclei,1061736689,L8XA_240319_01_E09,2130_A01,human,Homo Sapiens,1339349536,NYGC
NY-AT16051-2,10xATAC_Mult,HMBA_Human_Atlas+HMBA_Human_Atlas_THM,ARC-ATAC,1339356233,B8XM_240319_01_D01,R8XA-24040206,ATX-16051,10000,Nuclei,1061736689,L8XA_240319_01_F09,2130_B01,human,Homo Sapiens,1339349535,NYGC
NY-AT16051-3,10xATAC_Mult,HMBA_Human_Atlas+HMBA_Human_Atlas_THM,ARC-ATAC,1339356236,B8XM_240319_01_E01,R8XA-24040206,ATX-16051,10000,Nuclei,1061736689,L8XA_240319_01_G09,2130_C01,human,Homo Sapiens,1339349534,NYGC
NY-AT16051-4,10xATAC_Mult,HMBA_Human_Atlas+HMBA_Human_Atlas_Cx,ARC-ATAC,1341233058,B8XM_240322_01_A01,R8XA-24040206,ATX-16051,10000,Nuclei,1061736689,L8XA_240322_01_H09,2131_A02,human,Homo Sapiens,1338936491,NYGC
NY-AT16051-5,10xATAC_Mult,HMBA_Human_Atlas+HMBA_Human_Atlas_Cx,ARC-ATAC,1341233060,B8XM_240322_01_B01,R8XA-24040206,ATX-16051,10000,Nuclei,1061736689,L8XA_240322_01_A10,2131_B02,human,Homo Sapiens,1338936489,NYGC
NY-AT16051-6,10xATAC_Mult,HMBA_Human_Atlas+HMBA_Human_Atlas_Cx,ARC-ATAC,1341233063,B8XM_240322_01_C01,R8XA-24040206,ATX-16051,10000,Nuclei,1061736689,L8XA_240322_01_B10,2131_1_D02,human,Homo Sapiens,1338936487,NYGC
NY-AT16051-7,10xATAC_Mult,HMBA_Human_Atlas+HMBA_Human_Atlas_Cx,ARC-ATAC,1341233073,B8XM_240322_01_G01,R8XA-24040206,ATX-16051,10000,Nuclei,1061736689,L8XA_240322_01_C10,2132_A03,human,Homo Sapiens,1339371899,NYGC
NY-AT16051-8,10xATAC_Mult,BICAN_Dev_Atlas+BICAN_Dev_P28,ARC-ATAC,1341233353,B8XM_240326_01_H01,R8XA-24040206,ATX-16051,10000,Nuclei,1061736689,L8XA_240326_01_D12,2144_F01,mouse,Mus musculus,1340334336,NYGC
NY-AT16051-9,10xATAC_Mult,BICAN_Dev_Atlas+BICAN_Dev_P28,ARC-ATAC,1341233355,B8XM_240326_01_A02,R8XA-24040206,ATX-16051,10000,Nuclei,1061736689,L8XA_240326_01_E12,2144_1_G01,mouse,Mus musculus,1340334337,NYGC
NY-AT16052-1,10xATAC_Mult,HMBA_Human_Atlas+HMBA_Human_Atlas_Cx,ARC-ATAC,1341233075,B8XM_240322_01_H01,R8XA-24040207,ATX-16052,10000,Nuclei,1061736689,L8XA_240322_01_D10,2132_B03,human,Homo Sapiens,1339371898,NYGC
NY-AT16052-2,10xATAC_Mult,HMBA_Human_Atlas+HMBA_Human_Atlas_Cx,ARC-ATAC,1341233077,B8XM_240322_01_A02,R8XA-24040207,ATX-16052,10000,Nuclei,1061736689,L8XA_240322_01_E10,2132_C03,human,Homo Sapiens,1339371897,NYGC
NY-AT16052-3,10xATAC_Mult,HMBA_Cross_Species,ARC-ATAC,1341233338,B8XM_240326_01_A01,R8XA-24040207,ATX-16052,10000,Nuclei,1061736689,L8XA_240326_01_E11,2141_A07,pig,Sus scrofa,1340665328,NYGC
NY-AT16052-4,10xATAC_Mult,HMBA_Cross_Species,ARC-ATAC,1341233340,B8XM_240326_01_B01,R8XA-24040207,ATX-16052,10000,Nuclei,1061736689,L8XA_240326_01_F11,2141_B07,pig,Sus scrofa,1340665329,NYGC
NY-AT16052-5,10xATAC_Mult,HMBA_Cross_Species,ARC-ATAC,1341233342,B8XM_240326_01_C01,R8XA-24040207,ATX-16052,10000,Nuclei,1061736689,L8XA_240326_01_G11,2141_C07,pig,Sus scrofa,1340665616,NYGC
NY-AT16052-6,10xATAC_Mult,BICAN_Dev_Atlas+BICAN_Dev_P28,ARC-ATAC,1341233344,B8XM_240326_01_D01,R8XA-24040207,ATX-16052,10000,Nuclei,1061736689,L8XA_240326_01_H11,2144_A01,mouse,Mus musculus,1340334331,NYGC
NY-AT16052-7,10xATAC_Mult,BICAN_Dev_Atlas+BICAN_Dev_P28,ARC-ATAC,1341233346,B8XM_240326_01_E01,R8XA-24040207,ATX-16052,10000,Nuclei,1061736689,L8XA_240326_01_A12,2144_B01,mouse,Mus musculus,1340334332,NYGC
NY-AT16052-8,10xATAC_Mult,BICAN_Dev_Atlas+BICAN_Dev_P28,ARC-ATAC,1341233349,B8XM_240326_01_F01,R8XA-24040207,ATX-16052,10000,Nuclei,1061736689,L8XA_240326_01_B12,2144_D01,mouse,Mus musculus,1340334334,NYGC
NY-AT16052-9,10xATAC_Mult,BICAN_Dev_Atlas+BICAN_Dev_P28,ARC-ATAC,1341233351,B8XM_240326_01_G01,R8XA-24040207,ATX-16052,10000,Nuclei,1061736689,L8XA_240326_01_C12,2144_E01,mouse,Mus musculus,1340334335,NYGC
NY-AT16053-1,10xATAC_Mult,BICAN_Dev_Atlas+BICAN_Dev_P8,ARC-ATAC,1339410610,B8XM_240315_01_D01,R8XA-240409-06,ATX-16053,10000,Nuclei,1061736689,L8XA_240315_01_E08,2120_A03,mouse,Mus musculus,1337932457,NYGC
NY-AT16053-10,10xATAC_Mult,HMBA_Macaque_Atlas+HMBA_Macaque_Atlas_H,ARC-ATAC,1342506679,B8XM_240329_01_E01,R8XA-240409-06,ATX-16053,5776,Nuclei,1061736689,L8XA_240329_01_D01,2147_E04,macaque,Macaca mulatta,1342132249,NYGC
NY-AT16053-11,10xATAC_Mult,HMBA_Macaque_Atlas+HMBA_Macaque_Atlas_H,ARC-ATAC,1342506682,B8XM_240329_01_F01,R8XA-240409-06,ATX-16053,10000,Nuclei,1061736689,L8XA_240329_01_E02,2147_F04,macaque,Macaca mulatta,1342132248,NYGC
NY-AT16053-2,10xATAC_Mult,BICAN_Dev_Atlas+BICAN_Dev_P8,ARC-ATAC,1339410613,B8XM_240315_01_E01,R8XA-240409-06,ATX-16053,10000,Nuclei,1061736689,L8XA_240315_01_F08,2120_1_C03,mouse,Mus musculus,1337932460,NYGC
NY-AT16053-3,10xATAC_Mult,HMBA_Human_Atlas+HMBA_Human_Atlas_Cx,ARC-ATAC,1341233358,B8XM_240326_01_B02,R8XA-240409-06,ATX-16053,4161,Nuclei,1061736689,L8XA_240326_01_B11,2145_A02,human,Homo Sapiens,1340903784,NYGC
NY-AT16053-4,10xATAC_Mult,HMBA_Human_Atlas+HMBA_Human_Atlas_Cx,ARC-ATAC,1341233361,B8XM_240326_01_C02,R8XA-240409-06,ATX-16053,5528,Nuclei,1061736689,L8XA_240326_01_C11,2145_B02,human,Homo Sapiens,1340903783,NYGC
NY-AT16053-5,10xATAC_Mult,HMBA_Macaque_Atlas+HMBA_Macaque_Atlas_H,ARC-ATAC,1341233363,B8XM_240326_01_D02,R8XA-240409-06,ATX-16053,4192,Nuclei,1061736689,L8XA_240326_01_A11,2145_C02,macaque,Macaca mulatta,1340903782,NYGC
NY-AT16053-6,10xATAC_Mult,HMBA_Macaque_Atlas+HMBA_Macaque_Atlas_H,ARC-ATAC,1342506667,B8XM_240329_01_A01,R8XA-240409-06,ATX-16053,10000,Nuclei,1061736689,L8XA_240329_01_D02,2147_A04,macaque,Macaca mulatta,1342126269,NYGC
NY-AT16053-7,10xATAC_Mult,HMBA_Macaque_Atlas+HMBA_Macaque_Atlas_H,ARC-ATAC,1342506670,B8XM_240329_01_B01,R8XA-240409-06,ATX-16053,10000,Nuclei,1061736689,L8XA_240329_01_B01,2147_B04,macaque,Macaca mulatta,1342126268,NYGC
NY-AT16053-8,10xATAC_Mult,HMBA_Macaque_Atlas+HMBA_Macaque_Atlas_H,ARC-ATAC,1342506673,B8XM_240329_01_C01,R8XA-240409-06,ATX-16053,10000,Nuclei,1061736689,L8XA_240329_01_C01,2147_C04,macaque,Macaca mulatta,1342126267,NYGC
NY-AT16053-9,10xATAC_Mult,HMBA_Macaque_Atlas+HMBA_Macaque_Atlas_H,ARC-ATAC,1342506676,B8XM_240329_01_D01,R8XA-240409-06,ATX-16053,6770,Nuclei,1061736689,L8XA_240329_01_A02,2147_D04,macaque,Macaca mulatta,1342132250,NYGC
NY-AT16054-1,10xATAC_Mult,HMBA_Macaque_Atlas+HMBA_Macaque_Atlas_H,ARC-ATAC,1342506693,B8XM_240329_01_B02,R8XA-240409-07,ATX-16054,10000,Nuclei,1061736689,L8XA_240329_01_E01,2149_A06,macaque,Macaca mulatta,1341423983,NYGC
NY-AT16054-10,10xATAC_Mult,HMBA_Macaque_Atlas+HMBA_Macaque_Atlas_H,ARC-ATAC,1342506498,B8XM_240402_01_D01,R8XA-240409-07,ATX-16054,10000,Nuclei,1061736689,L8XA_240402_01_B03,2161_A01,macaque,Macaca mulatta,1342494994,NYGC
NY-AT16054-2,10xATAC_Mult,HMBA_Macaque_Atlas+HMBA_Macaque_Atlas_H,ARC-ATAC,1342506698,B8XM_240329_01_C02,R8XA-240409-07,ATX-16054,10000,Nuclei,1061736689,L8XA_240329_01_F01,2149_B06,macaque,Macaca mulatta,1341423982,NYGC
NY-AT16054-3,10xATAC_Mult,HMBA_Macaque_Atlas+HMBA_Macaque_Atlas_H,ARC-ATAC,1342506700,B8XM_240329_01_D02,R8XA-240409-07,ATX-16054,10000,Nuclei,1061736689,L8XA_240329_01_B02,2149_C06,macaque,Macaca mulatta,1341423981,NYGC
NY-AT16054-4,10xATAC_Mult,HMBA_Macaque_Atlas+HMBA_Macaque_Atlas_H,ARC-ATAC,1342506711,B8XM_240329_01_H02,R8XA-240409-07,ATX-16054,4074,Nuclei,1061736689,L8XA_240329_01_G01,2153_A08,macaque,Macaca mulatta,1342087725,NYGC
NY-AT16054-5,10xATAC_Mult,HMBA_Macaque_Atlas+HMBA_Macaque_Atlas_H,ARC-ATAC,1342506713,B8XM_240329_01_A03,R8XA-240409-07,ATX-16054,10000,Nuclei,1061736689,L8XA_240329_01_C02,2153_B08,macaque,Macaca mulatta,1342087724,NYGC
NY-AT16054-6,10xATAC_Mult,HMBA_Macaque_Atlas+HMBA_Macaque_Atlas_H,ARC-ATAC,1342506716,B8XM_240329_01_B03,R8XA-240409-07,ATX-16054,4627,Nuclei,1061736689,L8XA_240329_01_H01,2153_C08,macaque,Macaca mulatta,1342087723,NYGC
NY-AT16054-7,10xATAC_Mult,HMBA_Cross_Species,ARC-ATAC,1342506491,B8XM_240402_01_A01,R8XA-240409-07,ATX-16054,10000,Nuclei,1061736689,L8XA_240402_01_E03,2157_A10,pig,Sus scrofa,1342305383,NYGC
NY-AT16054-8,10xATAC_Mult,HMBA_Cross_Species,ARC-ATAC,1342506494,B8XM_240402_01_B01,R8XA-240409-07,ATX-16054,10000,Nuclei,1061736689,L8XA_240402_01_F03,2157_B10,pig,Sus scrofa,1342305629,NYGC
NY-AT16054-9,10xATAC_Mult,HMBA_Cross_Species,ARC-ATAC,1342506496,B8XM_240402_01_C01,R8XA-240409-07,ATX-16054,10000,Nuclei,1061736689,L8XA_240402_01_G03,2157_C10,pig,Sus scrofa,1342305630,NYGC
NY-AT16055-1,10xATAC_Mult,HMBA_Macaque_Atlas+HMBA_Macaque_Atlas_H,ARC-ATAC,1342506501,B8XM_240402_01_E01,R8XA-24041606,ATX-16055,10000,Nuclei,1061736689,L8XA_240402_01_D03,2161_B01,macaque,Macaca mulatta,1342494993,NYGC
NY-AT16055-10,10xATAC_Mult,HMBA_Macaque_Atlas+HMBA_Macaque_Atlas_H,ARC-ATAC,1344106336,B8XM_240405_01_C02,R8XA-24041606,ATX-16055,10000,Nuclei,1061736689,L8XA_240405_01_D04,2167_B04,macaque,Macaca mulatta,1342988465,NYGC
NY-AT16055-2,10xATAC_Mult,HMBA_Macaque_Atlas+HMBA_Macaque_Atlas_H,ARC-ATAC,1342506503,B8XM_240402_01_F01,R8XA-24041606,ATX-16055,10000,Nuclei,1061736689,L8XA_240402_01_C03,2161_C01,macaque,Macaca mulatta,1342494992,NYGC
NY-AT16055-3,10xATAC_Mult,HMBA_Macaque_Atlas+HMBA_Macaque_Atlas_CB,ARC-ATAC,1344106312,B8XM_240405_01_A01,R8XA-24041606,ATX-16055,10000,Nuclei,1061736689,L8XA_240405_01_F04,2166_A03,macaque,Macaca mulatta,1342936414,NYGC
NY-AT16055-4,10xATAC_Mult,HMBA_Macaque_Atlas+HMBA_Macaque_Atlas_H,ARC-ATAC,1344106315,B8XM_240405_01_B01,R8XA-24041606,ATX-16055,10000,Nuclei,1061736689,L8XA_240405_01_G04,2166_B03,macaque,Macaca mulatta,1342936412,NYGC
NY-AT16055-5,10xATAC_Mult,HMBA_Macaque_Atlas+HMBA_Macaque_Atlas_H,ARC-ATAC,1344106317,B8XM_240405_01_C01,R8XA-24041606,ATX-16055,9441,Nuclei,1061736689,L8XA_240405_01_H04,2166_C03,macaque,Macaca mulatta,1342936411,NYGC
NY-AT16055-6,10xATAC_Mult,HMBA_Macaque_Atlas+HMBA_Macaque_Atlas_H,ARC-ATAC,1344106319,B8XM_240405_01_D01,R8XA-24041606,ATX-16055,5776,Nuclei,1061736689,L8XA_240405_01_A04,2178_A11,macaque,Macaca mulatta,1343861548,NYGC
NY-AT16055-7,10xATAC_Mult,HMBA_Macaque_Atlas+HMBA_Macaque_Atlas_H,ARC-ATAC,1344106321,B8XM_240405_01_E01,R8XA-24041606,ATX-16055,9254,Nuclei,1061736689,L8XA_240405_01_B04,2178_B11,macaque,Macaca mulatta,1343861547,NYGC
NY-AT16055-8,10xATAC_Mult,HMBA_Macaque_Atlas+HMBA_Macaque_Atlas_CB,ARC-ATAC,1344106324,B8XM_240405_01_F01,R8XA-24041606,ATX-16055,6552,Nuclei,1061736689,L8XA_240405_01_A05,2178_C11,macaque,Macaca mulatta,1343861546,NYGC
NY-AT16055-9,10xATAC_Mult,HMBA_Macaque_Atlas+HMBA_Macaque_Atlas_H,ARC-ATAC,1344106333,B8XM_240405_01_B02,R8XA-24041606,ATX-16055,10000,Nuclei,1061736689,L8XA_240405_01_C04,2167_A04,macaque,Macaca mulatta,1342988466,NYGC
NY-AT16056-1,10xATAC_Mult,HMBA_Macaque_Atlas+HMBA_Macaque_Atlas_H,ARC-ATAC,1344106338,B8XM_240405_01_D02,R8XA-24041607,ATX-16056,10000,Nuclei,1061736689,L8XA_240405_01_E04,2167_C04,macaque,Macaca mulatta,1342988464,NYGC
NY-AT16056-2,10xATAC_Mult,HMBA_Macaque_Atlas+HMBA_Macaque_Atlas_Cx,ARC-ATAC,1344106411,B8XM_240409_01_C01,R8XA-24041607,ATX-16056,10000,Nuclei,1061736689,L8XA_240409_01_E05,2174_A08,macaque,Macaca mulatta,1343555284,NYGC
NY-AT16056-3,10xATAC_Mult,HMBA_Macaque_Atlas+HMBA_Macaque_Atlas_THM,ARC-ATAC,1344106413,B8XM_240409_01_D01,R8XA-24041607,ATX-16056,10000,Nuclei,1061736689,L8XA_240409_01_F05,2174_B08,macaque,Macaca mulatta,1343555283,NYGC
NY-AT16056-4,10xATAC_Mult,HMBA_Macaque_Atlas+HMBA_Macaque_Atlas_THM,ARC-ATAC,1344106416,B8XM_240409_01_E01,R8XA-24041607,ATX-16056,10000,Nuclei,1061736689,L8XA_240409_01_G05,2179_A01,macaque,Macaca mulatta,1343900124,NYGC
NY-AT16056-5,10xATAC_Mult,HMBA_Macaque_Atlas+HMBA_Macaque_Atlas_Cx,ARC-ATAC,1344106419,B8XM_240409_01_F01,R8XA-24041607,ATX-16056,10000,Nuclei,1061736689,L8XA_240409_01_H05,2179_B01,macaque,Macaca mulatta,1343900123,NYGC
NY-AT16056-6,10xATAC_Mult,HMBA_Macaque_Atlas+HMBA_Macaque_Atlas_THM,ARC-ATAC,1344106421,B8XM_240409_01_G01,R8XA-24041607,ATX-16056,10000,Nuclei,1061736689,L8XA_240409_01_A06,2179_C01,macaque,Macaca mulatta,1343900122,NYGC
NY-AT16056-7,10xATAC_Mult,HMBA_Macaque_Atlas+HMBA_Macaque_Atlas_Cx,ARC-ATAC,1344106423,B8XM_240409_01_H01,R8XA-24041607,ATX-16056,7205,Nuclei,1061736689,L8XA_240409_01_D06,2179_D01,macaque,Macaca mulatta,1344061247,NYGC
NY-AT16056-8,10xATAC_Mult,HMBA_Macaque_Atlas+HMBA_Macaque_Atlas_THM,ARC-ATAC,1344106425,B8XM_240409_01_A02,R8XA-24041607,ATX-16056,10000,Nuclei,1061736689,L8XA_240409_01_B06,2179_E01,macaque,Macaca mulatta,1344061246,NYGC
NY-AT16056-9,10xATAC_Mult,BG_paper_Macaque+HMBA_Macaque_Atlas+HMBA_Macaque_Atlas_BN_BF,ARC-ATAC,1344106427,B8XM_240409_01_B02,R8XA-24041607,ATX-16056,10000,Nuclei,1061736689,L8XA_240409_01_C06,2179_1_G01,macaque,Macaca mulatta,1344061244,NYGC
NY-AT16057-1,10xATAC_Mult,HMBA_Macaque_Atlas+HMBA_Macaque_Atlas_Cx,ARC-ATAC,1346355683,B8XM_240412_01_A01,R8XA-24041604,ATX-16057,10000,Nuclei,1061736689,L8XA_240412_01_C07,2181_A03,macaque,Macaca mulatta,1343895984,NYGC
NY-AT16057-10,10xATAC_Mult,HMBA_Macaque_Atlas+HMBA_Macaque_Atlas_Cx,ARC-ATAC,1346355928,B8XM_240416_01_C02,R8XA-24041604,ATX-16057,4567,Nuclei,1061736689,L8XA_240416_01_D09,2191_1_G01,macaque,Macaca mulatta,1346011557,NYGC
NY-AT16057-2,10xATAC_Mult,HMBA_Macaque_Atlas+HMBA_Macaque_Atlas_THM,ARC-ATAC,1346355685,B8XM_240412_01_B01,R8XA-24041604,ATX-16057,10000,Nuclei,1061736689,L8XA_240412_01_D07,2181_B03,macaque,Macaca mulatta,1343895983,NYGC
NY-AT16057-3,10xATAC_Mult,HMBA_Macaque_Atlas+HMBA_Macaque_Atlas_THM,ARC-ATAC,1346355689,B8XM_240412_01_C01,R8XA-24041604,ATX-16057,10000,Nuclei,1061736689,L8XA_240412_01_E07,2181_C03,macaque,Macaca mulatta,1343895982,NYGC
NY-AT16057-4,10xATAC_Mult,HMBA_Macaque_Atlas+HMBA_Macaque_Atlas_Cx,ARC-ATAC,1346355717,B8XM_240412_01_E02,R8XA-24041604,ATX-16057,10000,Nuclei,1061736689,L8XA_240412_01_F07,2183_A05,macaque,Macaca mulatta,1344821118,NYGC
NY-AT16057-5,10xATAC_Mult,HMBA_Macaque_Atlas+HMBA_Macaque_Atlas_M,ARC-ATAC,1346355720,B8XM_240412_01_F02,R8XA-24041604,ATX-16057,10000,Nuclei,1061736689,L8XA_240412_01_G06,2183_B05,macaque,Macaca mulatta,1344821117,NYGC
NY-AT16057-6,10xATAC_Mult,HMBA_Macaque_Atlas+HMBA_Macaque_Atlas_M,ARC-ATAC,1346355722,B8XM_240412_01_G02,R8XA-24041604,ATX-16057,10000,Nuclei,1061736689,L8XA_240412_01_H06,2183_C05,macaque,Macaca mulatta,1344821116,NYGC
NY-AT16057-7,10xATAC_Mult,HMBA_Macaque_Atlas+HMBA_Macaque_Atlas_M,ARC-ATAC,1346355724,B8XM_240412_01_H02,R8XA-24041604,ATX-16057,10000,Nuclei,1061736689,L8XA_240412_01_G07,2185_A07,macaque,Macaca mulatta,1345491684,NYGC
NY-AT16057-8,10xATAC_Mult,HMBA_Macaque_Atlas+HMBA_Macaque_Atlas_M,ARC-ATAC,1346355728,B8XM_240412_01_A03,R8XA-24041604,ATX-16057,7764,Nuclei,1061736689,L8XA_240412_01_A07,2185_B07,macaque,Macaca mulatta,1345491683,NYGC
NY-AT16057-9,10xATAC_Mult,HMBA_Macaque_Atlas+HMBA_Macaque_Atlas_M,ARC-ATAC,1346355730,B8XM_240412_01_B03,R8XA-24041604,ATX-16057,6211,Nuclei,1061736689,L8XA_240412_01_B07,2185_C07,macaque,Macaca mulatta,1345491682,NYGC
NY-AT16058-1,10xATAC_Mult,HMBA_Cross_Species,ARC-ATAC,1346355911,B8XM_240416_01_D01,R8XA-24043005,ATX-16058,8540,Nuclei,1061736689,L8XA_240416_01_D10,2190_A10,owl_monkey,Aotus nancymaae,1345701876,NYGC
NY-AT16058-2,10xATAC_Mult,HMBA_Cross_Species,ARC-ATAC,1346355913,B8XM_240416_01_E01,R8XA-24043005,ATX-16058,10000,Nuclei,1061736689,L8XA_240416_01_E10,2190_B10,owl_monkey,Aotus nancymaae,1345701976,NYGC
NY-AT16058-3,10xATAC_Mult,HMBA_Cross_Species,ARC-ATAC,1346355915,B8XM_240416_01_F01,R8XA-24043005,ATX-16058,7919,Nuclei,1061736689,L8XA_240416_01_F10,2190_C10,owl_monkey,Aotus nancymaae,1345702176,NYGC
NY-AT16058-4,10xATAC_Mult,HMBA_Macaque_Atlas+HMBA_Macaque_Atlas_Cx,ARC-ATAC,1346355918,B8XM_240416_01_G01,R8XA-24043005,ATX-16058,10000,Nuclei,1061736689,L8XA_240416_01_F09,2191_A01,macaque,Macaca mulatta,1346011563,NYGC
NY-AT16058-5,10xATAC_Mult,HMBA_Macaque_Atlas+HMBA_Macaque_Atlas_Cx,ARC-ATAC,1346355920,B8XM_240416_01_H01,R8XA-24043005,ATX-16058,9316,Nuclei,1061736689,L8XA_240416_01_G10,2191_C01,macaque,Macaca mulatta,1346011561,NYGC
NY-AT16058-6,10xATAC_Mult,HMBA_Macaque_Atlas+HMBA_Macaque_Atlas_THM,ARC-ATAC,1346355923,B8XM_240416_01_A02,R8XA-24043005,ATX-16058,10000,Nuclei,1061736689,L8XA_240416_01_G09,2191_D01,macaque,Macaca mulatta,1346011951,NYGC
NY-AT16058-7,10xATAC_Mult,HMBA_Macaque_Atlas+HMBA_Macaque_Atlas_CB,ARC-ATAC,1346355925,B8XM_240416_01_B02,R8XA-24043005,ATX-16058,10000,Nuclei,1061736689,L8XA_240416_01_H09,2191_F01,macaque,Macaca mulatta,1346011949,NYGC
NY-AT16058-8,10xATAC_Mult,HMBA_Macaque_Atlas+HMBA_Macaque_Atlas_CB,ARC-ATAC,1346355930,B8XM_240416_01_D02,R8XA-24043005,ATX-16058,10000,Nuclei,1061736689,L8XA_240416_01_E09,2191_1_H01,macaque,Macaca mulatta,1346011947,NYGC
NY-AT16058-9,10xATAC_Mult,HMBA_Macaque_Atlas+HMBA_Macaque_Atlas_CB,ARC-ATAC,1347816107,B8XM_240419_01_A01,R8XA-24043005,ATX-16058,10000,Nuclei,1061736689,L8XA_240419_01_A11,2192_A02,macaque,Macaca mulatta,1346013674,NYGC
NY-AT16059-1,10xATAC_Mult,HMBA_Macaque_Atlas+HMBA_Macaque_Atlas_CB,ARC-ATAC,1347816109,B8XM_240419_01_B01,R8XA-24043006,ATX-16059,10000,Nuclei,1061736689,L8XA_240419_01_B11,2192_B02,macaque,Macaca mulatta,1346013673,NYGC
NY-AT16059-2,10xATAC_Mult,HMBA_Macaque_Atlas+HMBA_Macaque_Atlas_CB,ARC-ATAC,1347816111,B8XM_240419_01_C01,R8XA-24043006,ATX-16059,10000,Nuclei,1061736689,L8XA_240419_01_C11,2192_C02,macaque,Macaca mulatta,1346013672,NYGC
NY-AT16059-3,10xATAC_Mult,HMBA_Macaque_Atlas+HMBA_Macaque_Atlas_CB,ARC-ATAC,1347816115,B8XM_240419_01_D01,R8XA-24043006,ATX-16059,10000,Nuclei,1061736689,L8XA_240419_01_D11,2192_D02,macaque,Macaca mulatta,1346013671,NYGC
NY-AT16059-4,10xATAC_Mult,HMBA_Macaque_Atlas+HMBA_Macaque_Atlas_H,ARC-ATAC,1347816136,B8XM_240419_01_C02,R8XA-24043006,ATX-16059,10000,Nuclei,1061736689,L8XA_240419_01_E11,2195_A04,macaque,Macaca mulatta,1347294137,NYGC
NY-AT16059-5,10xATAC_Mult,HMBA_Macaque_Atlas+HMBA_Macaque_Atlas_H,ARC-ATAC,1347816138,B8XM_240419_01_D02,R8XA-24043006,ATX-16059,9068,Nuclei,1061736689,L8XA_240419_01_F11,2195_B04,macaque,Macaca mulatta,1347294510,NYGC
NY-AT16059-6,10xATAC_Mult,HMBA_Macaque_Atlas+HMBA_Macaque_Atlas_H,ARC-ATAC,1347816141,B8XM_240419_01_E02,R8XA-24043006,ATX-16059,10000,Nuclei,1061736689,L8XA_240419_01_H10,2195_C04,macaque,Macaca mulatta,1347294509,NYGC
NY-AT16059-7,10xATAC_Mult,HMBA_Macaque_Atlas+HMBA_Macaque_Atlas_H,ARC-ATAC,1347816199,B8XM_240423_01_E01,R8XA-24043006,ATX-16059,10000,Nuclei,1061736689,L8XA_240423_01_B01,2200_A08,macaque,Macaca mulatta,1347813014,NYGC
NY-AT16059-8,10xATAC_Mult,HMBA_Macaque_Atlas+HMBA_Macaque_Atlas_H,ARC-ATAC,1347816206,B8XM_240423_01_F01,R8XA-24043006,ATX-16059,10000,Nuclei,1061736689,L8XA_240423_01_C01,2200_B08,macaque,Macaca mulatta,1347813013,NYGC
NY-AT16059-9,10xATAC_Mult,HMBA_Macaque_Atlas+HMBA_Macaque_Atlas_H,ARC-ATAC,1347816210,B8XM_240423_01_G01,R8XA-24043006,ATX-16059,10000,Nuclei,1061736689,L8XA_240423_01_A01,2200_C08,macaque,Macaca mulatta,1347813012,NYGC
NY-AT16060-1,10xATAC_Mult,HMBA_Cross_Species,ARC-ATAC,1347816212,B8XM_240423_01_H01,R8XA-24050705,ATX-16060,10000,Nuclei,1061736689,L8XA_240423_01_C02,2201_A09,owl_monkey,Aotus nancymaae,1347615130,NYGC
NY-AT16060-2,10xATAC_Mult,HMBA_Cross_Species,ARC-ATAC,1347816214,B8XM_240423_01_A02,R8XA-24050705,ATX-16060,10000,Nuclei,1061736689,L8XA_240423_01_D02,2201_B09,owl_monkey,Aotus nancymaae,1347615188,NYGC
NY-AT16060-3,10xATAC_Mult,HMBA_Cross_Species,ARC-ATAC,1347816216,B8XM_240423_01_B02,R8XA-24050705,ATX-16060,10000,Nuclei,1061736689,L8XA_240426_01_C04,2201_1_D09,owl_monkey,Aotus nancymaae,1347615262,NYGC
NY-AT16060-4,10xATAC_Mult,HMBA_Macaque_Atlas+HMBA_Macaque_Atlas_CB,ARC-ATAC,1347816218,B8XM_240423_01_C02,R8XA-24050705,ATX-16060,10000,Nuclei,1061736689,L8XA_240423_01_D01,2202_A01,macaque,Macaca mulatta,1347250046,NYGC
NY-AT16060-5,10xATAC_Mult,HMBA_Macaque_Atlas+HMBA_Macaque_Atlas_CB,ARC-ATAC,1347816220,B8XM_240423_01_D02,R8XA-24050705,ATX-16060,10000,Nuclei,1061736689,L8XA_240423_01_E01,2202_B01,macaque,Macaca mulatta,1347250045,NYGC
NY-AT16060-6,10xATAC_Mult,HMBA_Macaque_Atlas+HMBA_Macaque_Atlas_CB,ARC-ATAC,1347816222,B8XM_240423_01_E02,R8XA-24050705,ATX-16060,10000,Nuclei,1061736689,L8XA_240423_01_F01,2202_1_D01,macaque,Macaca mulatta,1347250043,NYGC
NY-AT16060-7,10xATAC_Mult,HMBA_Macaque_Atlas+HMBA_Macaque_Atlas_H,ARC-ATAC,1363748110,B8XM_240426_01_D01,R8XA-24050705,ATX-16060,10000,Nuclei,1061736689,L8XA_240426_01_G02,2204_A03,macaque,Macaca mulatta,1348638777,NYGC
NY-AT16060-8,10xATAC_Mult,HMBA_Macaque_Atlas+HMBA_Macaque_Atlas_H,ARC-ATAC,1363748112,B8XM_240426_01_E01,R8XA-24050705,ATX-16060,10000,Nuclei,1061736689,L8XA_240426_01_H02,2204_B03,macaque,Macaca mulatta,1348638776,NYGC
NY-AT16060-9,10xATAC_Mult,HMBA_Macaque_Atlas+HMBA_Macaque_Atlas_H,ARC-ATAC,1363748114,B8XM_240426_01_F01,R8XA-24050705,ATX-16060,10000,Nuclei,1061736689,L8XA_240426_01_F02,2204_C03,macaque,Macaca mulatta,1348638775,NYGC
NY-AT16060-1,10xATAC_Mult,HMBA_Cross_Species,ARC-ATAC,1347816212,B8XM_240423_01_H01,R8XA-24050705,ATX-16060,10000,Nuclei,1061736689,L8XA_240423_01_C02,2201_A09,owl_monkey,Aotus nancymaae,1347615130,NYGC
NY-AT16060-2,10xATAC_Mult,HMBA_Cross_Species,ARC-ATAC,1347816214,B8XM_240423_01_A02,R8XA-24050705,ATX-16060,10000,Nuclei,1061736689,L8XA_240423_01_D02,2201_B09,owl_monkey,Aotus nancymaae,1347615188,NYGC
NY-AT16060-3,10xATAC_Mult,HMBA_Cross_Species,ARC-ATAC,1347816216,B8XM_240423_01_B02,R8XA-24050705,ATX-16060,10000,Nuclei,1061736689,L8XA_240426_01_C04,2201_1_D09,owl_monkey,Aotus nancymaae,1347615262,NYGC
NY-AT16060-4,10xATAC_Mult,HMBA_Macaque_Atlas+HMBA_Macaque_Atlas_CB,ARC-ATAC,1347816218,B8XM_240423_01_C02,R8XA-24050705,ATX-16060,10000,Nuclei,1061736689,L8XA_240423_01_D01,2202_A01,macaque,Macaca mulatta,1347250046,NYGC
NY-AT16060-5,10xATAC_Mult,HMBA_Macaque_Atlas+HMBA_Macaque_Atlas_CB,ARC-ATAC,1347816220,B8XM_240423_01_D02,R8XA-24050705,ATX-16060,10000,Nuclei,1061736689,L8XA_240423_01_E01,2202_B01,macaque,Macaca mulatta,1347250045,NYGC
NY-AT16060-6,10xATAC_Mult,HMBA_Macaque_Atlas+HMBA_Macaque_Atlas_CB,ARC-ATAC,1347816222,B8XM_240423_01_E02,R8XA-24050705,ATX-16060,10000,Nuclei,1061736689,L8XA_240423_01_F01,2202_1_D01,macaque,Macaca mulatta,1347250043,NYGC
NY-AT16060-7,10xATAC_Mult,HMBA_Macaque_Atlas+HMBA_Macaque_Atlas_H,ARC-ATAC,1363748110,B8XM_240426_01_D01,R8XA-24050705,ATX-16060,10000,Nuclei,1061736689,L8XA_240426_01_G02,2204_A03,macaque,Macaca mulatta,1348638777,NYGC
NY-AT16060-8,10xATAC_Mult,HMBA_Macaque_Atlas+HMBA_Macaque_Atlas_H,ARC-ATAC,1363748112,B8XM_240426_01_E01,R8XA-24050705,ATX-16060,10000,Nuclei,1061736689,L8XA_240426_01_H02,2204_B03,macaque,Macaca mulatta,1348638776,NYGC
NY-AT16060-9,10xATAC_Mult,HMBA_Macaque_Atlas+HMBA_Macaque_Atlas_H,ARC-ATAC,1363748114,B8XM_240426_01_F01,R8XA-24050705,ATX-16060,10000,Nuclei,1061736689,L8XA_240426_01_F02,2204_C03,macaque,Macaca mulatta,1348638775,NYGC
NY-AT16061-1,10xATAC_Mult,HMBA_Macaque_Atlas+HMBA_Macaque_Atlas_H,ARC-ATAC,1363748117,B8XM_240426_01_G01,R8XA-24051406,ATX-16061,10000,Nuclei,1061736689,L8XA_240426_01_A03,2207_A05,macaque,Macaca mulatta,1348644089,NYGC
NY-AT16061-2,10xATAC_Mult,HMBA_Macaque_Atlas+HMBA_Macaque_Atlas_H,ARC-ATAC,1363748121,B8XM_240426_01_A02,R8XA-24051406,ATX-16061,10000,Nuclei,1061736689,L8XA_240426_01_C03,2207_C05,macaque,Macaca mulatta,1348644087,NYGC
NY-AT16061-3,10xATAC_Mult,HMBA_Macaque_Atlas+HMBA_Macaque_Atlas_CB,ARC-ATAC,1363881737,B8XM_240430_01_D01,R8XA-24051406,ATX-16061,9316,Nuclei,1061736689,L8XA_240430_01_G04,2210_A08,macaque,Macaca mulatta,1363862248,NYGC
NY-AT16061-4,10xATAC_Mult,HMBA_Macaque_Atlas+HMBA_Macaque_Atlas_CB,ARC-ATAC,1363881740,B8XM_240430_01_E01,R8XA-24051406,ATX-16061,9409,Nuclei,1061736689,L8XA_240430_01_H04,2210_B08,macaque,Macaca mulatta,1363862247,NYGC
NY-AT16061-5,10xATAC_Mult,HMBA_Macaque_Atlas+HMBA_Macaque_Atlas_CB,ARC-ATAC,1363881742,B8XM_240430_01_F01,R8XA-24051406,ATX-16061,4658,Nuclei,1061736689,L8XA_240430_01_D04,2210_C08,macaque,Macaca mulatta,1363862246,NYGC
NY-AT16061-6,10xATAC_Mult,HMBA_Macaque_Atlas+HMBA_Macaque_Atlas_CB,ARC-ATAC,1363881751,B8XM_240430_01_B02,R8XA-24051406,ATX-16061,10000,Nuclei,1061736689,L8XA_240430_01_E04,2213_A02,macaque,Macaca mulatta,1363854793,NYGC
NY-AT16061-7,10xATAC_Mult,HMBA_Macaque_Atlas+HMBA_Macaque_Atlas_CB,ARC-ATAC,1363881754,B8XM_240430_01_C02,R8XA-24051406,ATX-16061,10000,Nuclei,1061736689,L8XA_240430_01_F04,2213_1_D02,macaque,Macaca mulatta,1363854790,NYGC
NY-AT16061-8,10xATAC_Mult,HMBA_Human_Atlas+HMBA_Human_Atlas_CB,ARC-ATAC,1365234892,B8XM_240503_01_A01,R8XA-24051406,ATX-16061,10000,Nuclei,1061736689,L8XA_240503_01_G05,2215_A03,human,Homo Sapiens,1363652483,NYGC
NY-AT16061-9,10xATAC_Mult,HMBA_Human_Atlas+HMBA_Human_Atlas_CB,ARC-ATAC,1365234894,B8XM_240503_01_B01,R8XA-24051406,ATX-16061,9751,Nuclei,1061736689,L8XA_240503_01_H05,2215_B03,human,Homo Sapiens,1363652482,NYGC
NY-AT16061-1,10xATAC_Mult,HMBA_Macaque_Atlas+HMBA_Macaque_Atlas_H,ARC-ATAC,1363748117,B8XM_240426_01_G01,R8XA-24051406,ATX-16061,10000,Nuclei,1061736689,L8XA_240426_01_A03,2207_A05,macaque,Macaca mulatta,1348644089,NYGC
NY-AT16061-2,10xATAC_Mult,HMBA_Macaque_Atlas+HMBA_Macaque_Atlas_H,ARC-ATAC,1363748121,B8XM_240426_01_A02,R8XA-24051406,ATX-16061,10000,Nuclei,1061736689,L8XA_240426_01_C03,2207_C05,macaque,Macaca mulatta,1348644087,NYGC
NY-AT16061-3,10xATAC_Mult,HMBA_Macaque_Atlas+HMBA_Macaque_Atlas_CB,ARC-ATAC,1363881737,B8XM_240430_01_D01,R8XA-24051406,ATX-16061,9316,Nuclei,1061736689,L8XA_240430_01_G04,2210_A08,macaque,Macaca mulatta,1363862248,NYGC
NY-AT16061-4,10xATAC_Mult,HMBA_Macaque_Atlas+HMBA_Macaque_Atlas_CB,ARC-ATAC,1363881740,B8XM_240430_01_E01,R8XA-24051406,ATX-16061,9409,Nuclei,1061736689,L8XA_240430_01_H04,2210_B08,macaque,Macaca mulatta,1363862247,NYGC
NY-AT16061-5,10xATAC_Mult,HMBA_Macaque_Atlas+HMBA_Macaque_Atlas_CB,ARC-ATAC,1363881742,B8XM_240430_01_F01,R8XA-24051406,ATX-16061,4658,Nuclei,1061736689,L8XA_240430_01_D04,2210_C08,macaque,Macaca mulatta,1363862246,NYGC
NY-AT16061-6,10xATAC_Mult,HMBA_Macaque_Atlas+HMBA_Macaque_Atlas_CB,ARC-ATAC,1363881751,B8XM_240430_01_B02,R8XA-24051406,ATX-16061,10000,Nuclei,1061736689,L8XA_240430_01_E04,2213_A02,macaque,Macaca mulatta,1363854793,NYGC
NY-AT16061-7,10xATAC_Mult,HMBA_Macaque_Atlas+HMBA_Macaque_Atlas_CB,ARC-ATAC,1363881754,B8XM_240430_01_C02,R8XA-24051406,ATX-16061,10000,Nuclei,1061736689,L8XA_240430_01_F04,2213_1_D02,macaque,Macaca mulatta,1363854790,NYGC
NY-AT16061-8,10xATAC_Mult,HMBA_Human_Atlas+HMBA_Human_Atlas_CB,ARC-ATAC,1365234892,B8XM_240503_01_A01,R8XA-24051406,ATX-16061,10000,Nuclei,1061736689,L8XA_240503_01_G05,2215_A03,human,Homo Sapiens,1363652483,NYGC
NY-AT16061-9,10xATAC_Mult,HMBA_Human_Atlas+HMBA_Human_Atlas_CB,ARC-ATAC,1365234894,B8XM_240503_01_B01,R8XA-24051406,ATX-16061,9751,Nuclei,1061736689,L8XA_240503_01_H05,2215_B03,human,Homo Sapiens,1363652482,NYGC
NY-AT16062-1,10xATAC_Mult,HMBA_Human_Atlas+HMBA_Human_Atlas_CB,ARC-ATAC,1365234899,B8XM_240503_01_C01,R8XA-24051407,ATX-16062,10000,Nuclei,1061736689,L8XA_240503_01_A06,2215_C03,human,Homo Sapiens,1363652481,NYGC
NY-AT16062-2,10xATAC_Mult,HMBA_Human_Atlas+HMBA_Human_Atlas_CB,ARC-ATAC,1365234903,B8XM_240503_01_D01,R8XA-24051407,ATX-16062,10000,Nuclei,1061736689,L8XA_240503_01_B06,2215_D03,human,Homo Sapiens,1364640098,NYGC
NY-AT16062-3,10xATAC_Mult,HMBA_Human_Atlas+HMBA_Human_Atlas_CB,ARC-ATAC,1365234905,B8XM_240503_01_E01,R8XA-24051407,ATX-16062,10000,Nuclei,1061736689,L8XA_240503_01_C06,2215_E03,human,Homo Sapiens,1364640097,NYGC
NY-AT16062-4,10xATAC_Mult,HMBA_Human_Atlas+HMBA_Human_Atlas_CB,ARC-ATAC,1365234907,B8XM_240503_01_F01,R8XA-24051407,ATX-16062,10000,Nuclei,1061736689,L8XA_240503_01_D06,2215_F03,human,Homo Sapiens,1364640096,NYGC
NY-AT16062-5,10xATAC_Mult,HMBA_Macaque_Atlas+HMBA_Macaque_Atlas_H,ARC-ATAC,1365235427,B8XM_240507_01_A01,R8XA-24051407,ATX-16062,10000,Nuclei,1061736689,L8XA_240507_01_G07,2222_A07,macaque,Macaca mulatta,1364402066,NYGC
NY-AT16062-6,10xATAC_Mult,HMBA_Macaque_Atlas+HMBA_Macaque_Atlas_H,ARC-ATAC,1365235430,B8XM_240507_01_B01,R8XA-24051407,ATX-16062,10000,Nuclei,1061736689,L8XA_240507_01_H07,2222_B07,macaque,Macaca mulatta,1364402065,NYGC
NY-AT16062-7,10xATAC_Mult,HMBA_Macaque_Atlas+HMBA_Macaque_Atlas_H,ARC-ATAC,1365235432,B8XM_240507_01_C01,R8XA-24051407,ATX-16062,10000,Nuclei,1061736689,L8XA_240507_01_A08,2222_C07,macaque,Macaca mulatta,1364402064,NYGC
NY-AT16062-8,10xATAC_Mult,HMBA_Human_Atlas+HMBA_Human_Atlas_CB,ARC-ATAC,1365235442,B8XM_240507_01_G01,R8XA-24051407,ATX-16062,10000,Nuclei,1061736689,L8XA_240507_01_B08,2224_A01,human,Homo Sapiens,1365019774,NYGC
NY-AT16062-9,10xATAC_Mult,HMBA_Human_Atlas+HMBA_Human_Atlas_CB,ARC-ATAC,1365235444,B8XM_240507_01_H01,R8XA-24051407,ATX-16062,10000,Nuclei,1061736689,L8XA_240507_01_C08,2224_C01,human,Homo Sapiens,1365019772,NYGC
NY-AT16062-1,10xATAC_Mult,HMBA_Human_Atlas+HMBA_Human_Atlas_CB,ARC-ATAC,1365234899,B8XM_240503_01_C01,R8XA-24051407,ATX-16062,10000,Nuclei,1061736689,L8XA_240503_01_A06,2215_C03,human,Homo Sapiens,1363652481,NYGC
NY-AT16062-2,10xATAC_Mult,HMBA_Human_Atlas+HMBA_Human_Atlas_CB,ARC-ATAC,1365234903,B8XM_240503_01_D01,R8XA-24051407,ATX-16062,10000,Nuclei,1061736689,L8XA_240503_01_B06,2215_D03,human,Homo Sapiens,1364640098,NYGC
NY-AT16062-3,10xATAC_Mult,HMBA_Human_Atlas+HMBA_Human_Atlas_CB,ARC-ATAC,1365234905,B8XM_240503_01_E01,R8XA-24051407,ATX-16062,10000,Nuclei,1061736689,L8XA_240503_01_C06,2215_E03,human,Homo Sapiens,1364640097,NYGC
NY-AT16062-4,10xATAC_Mult,HMBA_Human_Atlas+HMBA_Human_Atlas_CB,ARC-ATAC,1365234907,B8XM_240503_01_F01,R8XA-24051407,ATX-16062,10000,Nuclei,1061736689,L8XA_240503_01_D06,2215_F03,human,Homo Sapiens,1364640096,NYGC
NY-AT16062-5,10xATAC_Mult,HMBA_Macaque_Atlas+HMBA_Macaque_Atlas_H,ARC-ATAC,1365235427,B8XM_240507_01_A01,R8XA-24051407,ATX-16062,10000,Nuclei,1061736689,L8XA_240507_01_G07,2222_A07,macaque,Macaca mulatta,1364402066,NYGC
NY-AT16062-6,10xATAC_Mult,HMBA_Macaque_Atlas+HMBA_Macaque_Atlas_H,ARC-ATAC,1365235430,B8XM_240507_01_B01,R8XA-24051407,ATX-16062,10000,Nuclei,1061736689,L8XA_240507_01_H07,2222_B07,macaque,Macaca mulatta,1364402065,NYGC
NY-AT16062-7,10xATAC_Mult,HMBA_Macaque_Atlas+HMBA_Macaque_Atlas_H,ARC-ATAC,1365235432,B8XM_240507_01_C01,R8XA-24051407,ATX-16062,10000,Nuclei,1061736689,L8XA_240507_01_A08,2222_C07,macaque,Macaca mulatta,1364402064,NYGC
NY-AT16062-8,10xATAC_Mult,HMBA_Human_Atlas+HMBA_Human_Atlas_CB,ARC-ATAC,1365235442,B8XM_240507_01_G01,R8XA-24051407,ATX-16062,10000,Nuclei,1061736689,L8XA_240507_01_B08,2224_A01,human,Homo Sapiens,1365019774,NYGC
NY-AT16062-9,10xATAC_Mult,HMBA_Human_Atlas+HMBA_Human_Atlas_CB,ARC-ATAC,1365235444,B8XM_240507_01_H01,R8XA-24051407,ATX-16062,10000,Nuclei,1061736689,L8XA_240507_01_C08,2224_C01,human,Homo Sapiens,1365019772,NYGC
NY-AT16063-1,10xATAC_Mult,HMBA_Human_Atlas+HMBA_Human_Atlas_CB,ARC-ATAC,1365235446,B8XM_240507_01_A02,R8XA-24052104,ATX-16063,10000,Nuclei,1061736689,L8XA_240507_01_E08,2224_1_D01,human,Homo Sapiens,1365019771,NYGC
NY-AT16063-2,10xATAC_Mult,HMBA_Human_Atlas+HMBA_Human_Atlas_CB,ARC-ATAC,1366920755,B8XM_240510_01_A01,R8XA-24052104,ATX-16063,10000,Nuclei,1061736689,L8XA_240510_01_G09,2225_A02,human,Homo Sapiens,1366204840,NYGC
NY-AT16063-3,10xATAC_Mult,HMBA_Human_Atlas+HMBA_Human_Atlas_CB,ARC-ATAC,1366920757,B8XM_240510_01_B01,R8XA-24052104,ATX-16063,10000,Nuclei,1061736689,L8XA_240510_01_H09,2225_B02,human,Homo Sapiens,1366204838,NYGC
NY-AT16063-4,10xATAC_Mult,HMBA_Human_Atlas+HMBA_Human_Atlas_CB,ARC-ATAC,1366920760,B8XM_240510_01_C01,R8XA-24052104,ATX-16063,10000,Nuclei,1061736689,L8XA_240510_01_A10,2225_C02,human,Homo Sapiens,1366204837,NYGC
NY-AT16063-5,10xATAC_Mult,HMBA_Human_Atlas+HMBA_Human_Atlas_CB,ARC-ATAC,1366920768,B8XM_240510_01_G01,R8XA-24052104,ATX-16063,10000,Nuclei,1061736689,L8XA_240510_01_C10,2227_A04,human,Homo Sapiens,1365184428,NYGC
NY-AT16063-6,10xATAC_Mult,HMBA_Human_Atlas+HMBA_Human_Atlas_CB,ARC-ATAC,1366920771,B8XM_240510_01_H01,R8XA-24052104,ATX-16063,10000,Nuclei,1061736689,L8XA_240510_01_A09,2227_B04,human,Homo Sapiens,1365184427,NYGC
NY-AT16063-7,10xATAC_Mult,HMBA_Macaque_Atlas+HMBA_Macaque_Atlas_CB,ARC-ATAC,1366920774,B8XM_240510_01_A02,R8XA-24052104,ATX-16063,10000,Nuclei,1061736689,L8XA_240510_01_D10,2227_C04,macaque,Macaca mulatta,1365184426,NYGC
NY-AT16063-8,10xATAC_Mult,BG_paper_Human+HMBA_Human_Atlas+HMBA_Human_Atlas_BN_BF,ARC-ATAC,1366920783,B8XM_240510_01_E02,R8XA-24052104,ATX-16063,10000,Nuclei,1061736689,L8XA_240510_01_B09,2229_A06,human,Homo Sapiens,1366482736,NYGC
NY-AT16063-9,10xATAC_Mult,BG_paper_Human+HMBA_Human_Atlas+HMBA_Human_Atlas_BN_BF,ARC-ATAC,1366920785,B8XM_240510_01_F02,R8XA-24052104,ATX-16063,10000,Nuclei,1061736689,L8XA_240510_01_D09,2229_B06,human,Homo Sapiens,1366482735,NYGC
NY-AT16063-1,10xATAC_Mult,HMBA_Human_Atlas+HMBA_Human_Atlas_CB,ARC-ATAC,1365235446,B8XM_240507_01_A02,R8XA-24052104,ATX-16063,10000,Nuclei,1061736689,L8XA_240507_01_E08,2224_1_D01,human,Homo Sapiens,1365019771,NYGC
NY-AT16063-2,10xATAC_Mult,HMBA_Human_Atlas+HMBA_Human_Atlas_CB,ARC-ATAC,1366920755,B8XM_240510_01_A01,R8XA-24052104,ATX-16063,10000,Nuclei,1061736689,L8XA_240510_01_G09,2225_A02,human,Homo Sapiens,1366204840,NYGC
NY-AT16063-3,10xATAC_Mult,HMBA_Human_Atlas+HMBA_Human_Atlas_CB,ARC-ATAC,1366920757,B8XM_240510_01_B01,R8XA-24052104,ATX-16063,10000,Nuclei,1061736689,L8XA_240510_01_H09,2225_B02,human,Homo Sapiens,1366204838,NYGC
NY-AT16063-4,10xATAC_Mult,HMBA_Human_Atlas+HMBA_Human_Atlas_CB,ARC-ATAC,1366920760,B8XM_240510_01_C01,R8XA-24052104,ATX-16063,10000,Nuclei,1061736689,L8XA_240510_01_A10,2225_C02,human,Homo Sapiens,1366204837,NYGC
NY-AT16063-5,10xATAC_Mult,HMBA_Human_Atlas+HMBA_Human_Atlas_CB,ARC-ATAC,1366920768,B8XM_240510_01_G01,R8XA-24052104,ATX-16063,10000,Nuclei,1061736689,L8XA_240510_01_C10,2227_A04,human,Homo Sapiens,1365184428,NYGC
NY-AT16063-6,10xATAC_Mult,HMBA_Human_Atlas+HMBA_Human_Atlas_CB,ARC-ATAC,1366920771,B8XM_240510_01_H01,R8XA-24052104,ATX-16063,10000,Nuclei,1061736689,L8XA_240510_01_A09,2227_B04,human,Homo Sapiens,1365184427,NYGC
NY-AT16063-7,10xATAC_Mult,HMBA_Macaque_Atlas+HMBA_Macaque_Atlas_CB,ARC-ATAC,1366920774,B8XM_240510_01_A02,R8XA-24052104,ATX-16063,10000,Nuclei,1061736689,L8XA_240510_01_D10,2227_C04,macaque,Macaca mulatta,1365184426,NYGC
NY-AT16063-8,10xATAC_Mult,BG_paper_Human+HMBA_Human_Atlas+HMBA_Human_Atlas_BN_BF,ARC-ATAC,1366920783,B8XM_240510_01_E02,R8XA-24052104,ATX-16063,10000,Nuclei,1061736689,L8XA_240510_01_B09,2229_A06,human,Homo Sapiens,1366482736,NYGC
NY-AT16063-9,10xATAC_Mult,BG_paper_Human+HMBA_Human_Atlas+HMBA_Human_Atlas_BN_BF,ARC-ATAC,1366920785,B8XM_240510_01_F02,R8XA-24052104,ATX-16063,10000,Nuclei,1061736689,L8XA_240510_01_D09,2229_B06,human,Homo Sapiens,1366482735,NYGC
NY-AT16064-1,10xATAC_Mult,BG_paper_Human+HMBA_Human_Atlas+HMBA_Human_Atlas_BN_BF,ARC-ATAC,1366920787,B8XM_240510_01_G02,R8XA-24052904,ATX-16064,10000,Nuclei,1061736689,L8XA_240510_01_E09,2229_C06,human,Homo Sapiens,1366482734,NYGC
NY-AT16064-2,10xATAC_Mult,BG_paper_Human+HMBA_Human_Atlas+HMBA_Human_Atlas_BN_BF,ARC-ATAC,1366920790,B8XM_240510_01_H02,R8XA-24052904,ATX-16064,10000,Nuclei,1061736689,L8XA_240510_01_F09,2229_D06,human,Homo Sapiens,1366482732,NYGC
NY-AT16064-3,10xATAC_Mult,HMBA_Cross_Species,ARC-ATAC,1366920555,B8XM_240514_01_D01,R8XA-24052904,ATX-16064,9472,Nuclei,1061736689,L8XA_240514_01_A12,2231_B08,pig,Sus scrofa,1366492275,NYGC
NY-AT16064-4,10xATAC_Mult,HMBA_Cross_Species,ARC-ATAC,1366920557,B8XM_240514_01_E01,R8XA-24052904,ATX-16064,9472,Nuclei,1061736689,L8XA_240514_01_B12,2231_C08,pig,Sus scrofa,1366492276,NYGC
NY-AT16064-5,10xATAC_Mult,HMBA_Cross_Species,ARC-ATAC,1366920559,B8XM_240514_01_F01,R8XA-24052904,ATX-16064,6987,Nuclei,1061736689,L8XA_240514_01_B11,2231_1_D08,pig,Sus scrofa,1366492219,NYGC
NY-AT16064-6,10xATAC_Mult,HMBA_Human_Atlas+HMBA_Human_Atlas_BN_BF,ARC-ATAC,1366920574,B8XM_240514_01_B02,R8XA-24052904,ATX-16064,8260,Nuclei,1061736689,L8XA_240514_01_C11,2233_A02,human,Homo Sapiens,1366488697,NYGC
NY-AT16064-7,10xATAC_Mult,BG_paper_Human+HMBA_Human_Atlas+HMBA_Human_Atlas_BN_BF,ARC-ATAC,1366920579,B8XM_240514_01_C02,R8XA-24052904,ATX-16064,10000,Nuclei,1061736689,L8XA_240514_01_D11,2233_B02,human,Homo Sapiens,1366488696,NYGC
NY-AT16064-8,10xATAC_Mult,BG_paper_Human+HMBA_Human_Atlas+HMBA_Human_Atlas_BN_BF,ARC-ATAC,1366920584,B8XM_240514_01_D02,R8XA-24052904,ATX-16064,10000,Nuclei,1061736689,L8XA_240514_01_E11,2233_1_D02,human,Homo Sapiens,1366488694,NYGC
NY-AT16064-9,10xATAC_Mult,HMBA_Human_Atlas+HMBA_Human_Atlas_BN_BF,ARC-ATAC,1368108348,B8XM_240517_01_A01,R8XA-24052904,ATX-16064,10000,Nuclei,1061736689,L8XA_240517_01_A01,2235_A03,human,Homo Sapiens,1366913882,NYGC
NY-AT16064-1,10xATAC_Mult,BG_paper_Human+HMBA_Human_Atlas+HMBA_Human_Atlas_BN_BF,ARC-ATAC,1366920787,B8XM_240510_01_G02,R8XA-24052904,ATX-16064,10000,Nuclei,1061736689,L8XA_240510_01_E09,2229_C06,human,Homo Sapiens,1366482734,NYGC
NY-AT16064-2,10xATAC_Mult,BG_paper_Human+HMBA_Human_Atlas+HMBA_Human_Atlas_BN_BF,ARC-ATAC,1366920790,B8XM_240510_01_H02,R8XA-24052904,ATX-16064,10000,Nuclei,1061736689,L8XA_240510_01_F09,2229_D06,human,Homo Sapiens,1366482732,NYGC
NY-AT16064-3,10xATAC_Mult,HMBA_Cross_Species,ARC-ATAC,1366920555,B8XM_240514_01_D01,R8XA-24052904,ATX-16064,9472,Nuclei,1061736689,L8XA_240514_01_A12,2231_B08,pig,Sus scrofa,1366492275,NYGC
NY-AT16064-4,10xATAC_Mult,HMBA_Cross_Species,ARC-ATAC,1366920557,B8XM_240514_01_E01,R8XA-24052904,ATX-16064,9472,Nuclei,1061736689,L8XA_240514_01_B12,2231_C08,pig,Sus scrofa,1366492276,NYGC
NY-AT16064-5,10xATAC_Mult,HMBA_Cross_Species,ARC-ATAC,1366920559,B8XM_240514_01_F01,R8XA-24052904,ATX-16064,6987,Nuclei,1061736689,L8XA_240514_01_B11,2231_1_D08,pig,Sus scrofa,1366492219,NYGC
NY-AT16064-6,10xATAC_Mult,HMBA_Human_Atlas+HMBA_Human_Atlas_BN_BF,ARC-ATAC,1366920574,B8XM_240514_01_B02,R8XA-24052904,ATX-16064,8260,Nuclei,1061736689,L8XA_240514_01_C11,2233_A02,human,Homo Sapiens,1366488697,NYGC
NY-AT16064-7,10xATAC_Mult,BG_paper_Human+HMBA_Human_Atlas+HMBA_Human_Atlas_BN_BF,ARC-ATAC,1366920579,B8XM_240514_01_C02,R8XA-24052904,ATX-16064,10000,Nuclei,1061736689,L8XA_240514_01_D11,2233_B02,human,Homo Sapiens,1366488696,NYGC
NY-AT16064-8,10xATAC_Mult,BG_paper_Human+HMBA_Human_Atlas+HMBA_Human_Atlas_BN_BF,ARC-ATAC,1366920584,B8XM_240514_01_D02,R8XA-24052904,ATX-16064,10000,Nuclei,1061736689,L8XA_240514_01_E11,2233_1_D02,human,Homo Sapiens,1366488694,NYGC
NY-AT16064-9,10xATAC_Mult,HMBA_Human_Atlas+HMBA_Human_Atlas_BN_BF,ARC-ATAC,1368108348,B8XM_240517_01_A01,R8XA-24052904,ATX-16064,10000,Nuclei,1061736689,L8XA_240517_01_A01,2235_A03,human,Homo Sapiens,1366913882,NYGC
NY-AT16065-1,10xATAC_Mult,BG_paper_Human+HMBA_Human_Atlas+HMBA_Human_Atlas_BN_BF,ARC-ATAC,1368108350,B8XM_240517_01_B01,R8XA-24052905,ATX-16065,9689,Nuclei,1061736689,L8XA_240517_01_B01,2235_B03,human,Homo Sapiens,1366913881,NYGC
NY-AT16065-2,10xATAC_Mult,HMBA_Human_Atlas+HMBA_Human_Atlas_BN_BF,ARC-ATAC,1368108352,B8XM_240517_01_C01,R8XA-24052905,ATX-16065,10000,Nuclei,1061736689,L8XA_240517_01_C01,2235_C03,human,Homo Sapiens,1366913880,NYGC
NY-AT16065-3,10xATAC_Mult,HMBA_Human_Atlas+HMBA_Human_Atlas_BN_BF,ARC-ATAC,1368108355,B8XM_240517_01_D01,R8XA-24052905,ATX-16065,10000,Nuclei,1061736689,L8XA_240517_01_D01,2235_D03,human,Homo Sapiens,1366729616,NYGC
NY-AT16065-4,10xATAC_Mult,BG_paper_Human+HMBA_Human_Atlas+HMBA_Human_Atlas_BN_BF,ARC-ATAC,1368108359,B8XM_240517_01_E01,R8XA-24052905,ATX-16065,10000,Nuclei,1061736689,L8XA_240517_01_E01,2235_E03,human,Homo Sapiens,1366729614,NYGC
NY-AT16065-5,10xATAC_Mult,BG_paper_Human+HMBA_Human_Atlas+HMBA_Human_Atlas_BN_BF,ARC-ATAC,1368108361,B8XM_240517_01_F01,R8XA-24052905,ATX-16065,10000,Nuclei,1061736689,L8XA_240517_01_F01,2235_F03,human,Homo Sapiens,1366729613,NYGC
NY-AT16065-6,10xATAC_Mult,HMBA_Human_Atlas+HMBA_Human_Atlas_HTH,ARC-ATAC,1368108374,B8XM_240517_01_D02,R8XA-24052905,ATX-16065,10000,Nuclei,1061736689,L8XA_240517_01_A02,2238_C05,human,Homo Sapiens,1367688446,NYGC
NY-AT16065-7,10xATAC_Mult,HMBA_Macaque_Atlas+HMBA_NHP_SpC,ARC-ATAC,1368371747,B8XM_240521_01_A01,R8XA-24052905,ATX-16065,10000,Nuclei,1061736689,L8XA_240521_01_F03,2243_A09,macaque_nemestrina,Macaca nemestrina,1367748928,NYGC
NY-AT16065-8,10xATAC_Mult,HMBA_Human_Atlas+HMBA_Human_Atlas_HTH,ARC-ATAC,1368371757,B8XM_240521_01_E01,R8XA-24052905,ATX-16065,10000,Nuclei,1061736689,L8XA_240521_01_E02,2242_A08,human,Homo Sapiens,1367735659,NYGC
NY-AT16065-9,10xATAC_Mult,HMBA_Human_Atlas+HMBA_Human_Atlas_HTH,ARC-ATAC,1368371759,B8XM_240521_01_F01,R8XA-24052905,ATX-16065,10000,Nuclei,1061736689,L8XA_240521_01_F02,2242_B08,human,Homo Sapiens,1367735658,NYGC
NY-AT16065-1,10xATAC_Mult,BG_paper_Human+HMBA_Human_Atlas+HMBA_Human_Atlas_BN_BF,ARC-ATAC,1368108350,B8XM_240517_01_B01,R8XA-24052905,ATX-16065,9689,Nuclei,1061736689,L8XA_240517_01_B01,2235_B03,human,Homo Sapiens,1366913881,NYGC
NY-AT16065-2,10xATAC_Mult,HMBA_Human_Atlas+HMBA_Human_Atlas_BN_BF,ARC-ATAC,1368108352,B8XM_240517_01_C01,R8XA-24052905,ATX-16065,10000,Nuclei,1061736689,L8XA_240517_01_C01,2235_C03,human,Homo Sapiens,1366913880,NYGC
NY-AT16065-3,10xATAC_Mult,HMBA_Human_Atlas+HMBA_Human_Atlas_BN_BF,ARC-ATAC,1368108355,B8XM_240517_01_D01,R8XA-24052905,ATX-16065,10000,Nuclei,1061736689,L8XA_240517_01_D01,2235_D03,human,Homo Sapiens,1366729616,NYGC
NY-AT16065-4,10xATAC_Mult,BG_paper_Human+HMBA_Human_Atlas+HMBA_Human_Atlas_BN_BF,ARC-ATAC,1368108359,B8XM_240517_01_E01,R8XA-24052905,ATX-16065,10000,Nuclei,1061736689,L8XA_240517_01_E01,2235_E03,human,Homo Sapiens,1366729614,NYGC
NY-AT16065-5,10xATAC_Mult,BG_paper_Human+HMBA_Human_Atlas+HMBA_Human_Atlas_BN_BF,ARC-ATAC,1368108361,B8XM_240517_01_F01,R8XA-24052905,ATX-16065,10000,Nuclei,1061736689,L8XA_240517_01_F01,2235_F03,human,Homo Sapiens,1366729613,NYGC
NY-AT16065-6,10xATAC_Mult,HMBA_Human_Atlas+HMBA_Human_Atlas_HTH,ARC-ATAC,1368108374,B8XM_240517_01_D02,R8XA-24052905,ATX-16065,10000,Nuclei,1061736689,L8XA_240517_01_A02,2238_C05,human,Homo Sapiens,1367688446,NYGC
NY-AT16065-7,10xATAC_Mult,HMBA_Macaque_Atlas+HMBA_NHP_SpC,ARC-ATAC,1368371747,B8XM_240521_01_A01,R8XA-24052905,ATX-16065,10000,Nuclei,1061736689,L8XA_240521_01_F03,2243_A09,macaque_nemestrina,Macaca nemestrina,1367748928,NYGC
NY-AT16065-8,10xATAC_Mult,HMBA_Human_Atlas+HMBA_Human_Atlas_HTH,ARC-ATAC,1368371757,B8XM_240521_01_E01,R8XA-24052905,ATX-16065,10000,Nuclei,1061736689,L8XA_240521_01_E02,2242_A08,human,Homo Sapiens,1367735659,NYGC
NY-AT16065-9,10xATAC_Mult,HMBA_Human_Atlas+HMBA_Human_Atlas_HTH,ARC-ATAC,1368371759,B8XM_240521_01_F01,R8XA-24052905,ATX-16065,10000,Nuclei,1061736689,L8XA_240521_01_F02,2242_B08,human,Homo Sapiens,1367735658,NYGC
NY-AT16066-1,10xATAC_Mult,HMBA_Human_Atlas+HMBA_Human_Atlas_HTH,ARC-ATAC,1368108369,B8XM_240517_01_B02,R8XA-24060405,ATX-16066,10000,Nuclei,1061736689,L8XA_240517_01_G01,2238_A05,human,Homo Sapiens,1367688449,NYGC
NY-AT16066-2,10xATAC_Mult,HMBA_Human_Atlas+HMBA_Human_Atlas_HTH,ARC-ATAC,1368108371,B8XM_240517_01_C02,R8XA-24060405,ATX-16066,10000,Nuclei,1061736689,L8XA_240517_01_H01,2238_B05,human,Homo Sapiens,1367688448,NYGC
NY-AT16066-3,10xATAC_Mult,HMBA_Human_Atlas+HMBA_Human_Atlas_HTH,ARC-ATAC,1368371761,B8XM_240521_01_G01,R8XA-24060405,ATX-16066,10000,Nuclei,1061736689,L8XA_240521_01_G02,2242_C08,human,Homo Sapiens,1367735657,NYGC
NY-AT16066-4,10xATAC_Mult,HMBA_Human_Atlas+HMBA_Human_Atlas_HTH,ARC-ATAC,1368371763,B8XM_240521_01_H01,R8XA-24060405,ATX-16066,8602,Nuclei,1061736689,L8XA_240521_01_H02,2244_A01,human,Homo Sapiens,1368309905,NYGC
NY-AT16066-5,10xATAC_Mult,HMBA_Human_Atlas+HMBA_Human_Atlas_BN_BF,ARC-ATAC,1368371765,B8XM_240521_01_A02,R8XA-24060405,ATX-16066,10000,Nuclei,1061736689,L8XA_240521_01_A03,2244_B01,human,Homo Sapiens,1368309904,NYGC
NY-AT16066-6,10xATAC_Mult,HMBA_Human_Atlas+HMBA_Human_Atlas_BN_BF,ARC-ATAC,1368371768,B8XM_240521_01_B02,R8XA-24060405,ATX-16066,10000,Nuclei,1061736689,L8XA_240521_01_B03,2244_C01,human,Homo Sapiens,1368309903,NYGC
NY-AT16066-7,10xATAC_Mult,HMBA_Human_Atlas+HMBA_Human_Atlas_HTH,ARC-ATAC,1368371770,B8XM_240521_01_C02,R8XA-24060405,ATX-16066,10000,Nuclei,1061736689,L8XA_240521_01_C03,2244_D01,human,Homo Sapiens,1368318619,NYGC
NY-AT16066-8,10xATAC_Mult,HMBA_Human_Atlas+HMBA_Human_Atlas_HTH,ARC-ATAC,1368371772,B8XM_240521_01_D02,R8XA-24060405,ATX-16066,10000,Nuclei,1061736689,L8XA_240521_01_D03,2244_E01,human,Homo Sapiens,1368318618,NYGC
NY-AT16066-9,10xATAC_Mult,HMBA_Human_Atlas+HMBA_Human_Atlas_HTH,ARC-ATAC,1368371774,B8XM_240521_01_E02,R8XA-24060405,ATX-16066,10000,Nuclei,1061736689,L8XA_240521_01_E03,2244_F01,human,Homo Sapiens,1368318617,NYGC
NY-AT16067-1,10xATAC_Mult,HMBA_Human_Atlas+HMBA_Human_Atlas_Cx,ARC-ATAC,1369761212,B8XM_240524_01_A01,R8XA-24061107,ATX-16067,10000,Nuclei,1061736689,L8XA_240524_01_B04,2245_A02,human,Homo Sapiens,1368329640,NYGC
NY-AT16067-2,10xATAC_Mult,BG_paper_Human+HMBA_Human_Atlas+HMBA_Human_Atlas_BN_BF,ARC-ATAC,1369761215,B8XM_240524_01_B01,R8XA-24061107,ATX-16067,10000,Nuclei,1061736689,L8XA_240524_01_C04,2245_B02,human,Homo Sapiens,1368329639,NYGC
NY-AT16067-3,10xATAC_Mult,HMBA_Human_Atlas+HMBA_Human_Atlas_HTH,ARC-ATAC,1369761217,B8XM_240524_01_C01,R8XA-24061107,ATX-16067,10000,Nuclei,1061736689,L8XA_240524_01_D04,2245_C02,human,Homo Sapiens,1368329637,NYGC
NY-AT16067-4,10xATAC_Mult,HMBA_Macaque_Atlas+HMBA_NHP_SpC,ARC-ATAC,1369761227,B8XM_240524_01_G01,R8XA-24061107,ATX-16067,10000,Nuclei,1061736689,L8XA_240524_01_F04,2248_A04,macaque_nemestrina,Macaca nemestrina,1369597844,NYGC
NY-AT16067-5,10xATAC_Mult,HMBA_Human_Atlas+HMBA_Human_Atlas_HTH,ARC-ATAC,1371225115,B8XM_240531_01_A01,R8XA-24061107,ATX-16067,10000,Nuclei,1061736689,L8XA_240531_01_B06,2253_A01,human,Homo Sapiens,1369550126,NYGC
NY-AT16067-6,10xATAC_Mult,BG_paper_Human+HMBA_Human_Atlas+HMBA_Human_Atlas_BN_BF,ARC-ATAC,1371225117,B8XM_240531_01_B01,R8XA-24061107,ATX-16067,10000,Nuclei,1061736689,L8XA_240531_01_C06,2253_B01,human,Homo Sapiens,1369550125,NYGC
NY-AT16067-7,10xATAC_Mult,BG_paper_Human+HMBA_Human_Atlas+HMBA_Human_Atlas_BN_BF,ARC-ATAC,1371225120,B8XM_240531_01_C01,R8XA-24061107,ATX-16067,10000,Nuclei,1061736689,L8XA_240531_01_D06,2253_C01,human,Homo Sapiens,1369550124,NYGC
NY-AT16068-1,10xATAC_Mult,BG_paper_Human+HMBA_Human_Atlas+HMBA_Human_Atlas_BN_BF,ARC-ATAC,1371225129,B8XM_240531_01_G01,R8XA-24061108,ATX-16068,10000,Nuclei,1061736689,L8XA_240531_01_E06,2256_A03,human,Homo Sapiens,1370496169,NYGC
NY-AT16068-2,10xATAC_Mult,HMBA_Human_Atlas+HMBA_Human_Atlas_AMY,ARC-ATAC,1371225132,B8XM_240531_01_H01,R8XA-24061108,ATX-16068,10000,Nuclei,1061736689,L8XA_240531_01_F06,2256_B03,human,Homo Sapiens,1370496168,NYGC
NY-AT16068-3,10xATAC_Mult,BG_paper_Human+HMBA_Human_Atlas+HMBA_Human_Atlas_BN_BF,ARC-ATAC,1371225134,B8XM_240531_01_A02,R8XA-24061108,ATX-16068,10000,Nuclei,1061736689,L8XA_240531_01_G06,2256_C03,human,Homo Sapiens,1370496167,NYGC
NY-AT16068-4,10xATAC_Mult,HMBA_Macaque_Atlas+HMBA_NHP_SpC,ARC-ATAC,1371247293,B8XM_240604_01_D01,R8XA-24061108,ATX-16068,10000,Nuclei,1061736689,L8XA_240604_01_A08,2261_A07,macaque_nemestrina,Macaca nemestrina,1371142835,NYGC
NY-AT16068-5,10xATAC_Mult,HMBA_Macaque_Atlas+HMBA_NHP_SpC,ARC-ATAC,1371247296,B8XM_240604_01_E01,R8XA-24061108,ATX-16068,10000,Nuclei,1061736689,L8XA_240604_01_B08,2261_B07,macaque_nemestrina,Macaca nemestrina,1371142969,NYGC
NY-AT16068-6,10xATAC_Mult,HMBA_Human_Atlas+HMBA_Human_Atlas_AMY,ARC-ATAC,1371247298,B8XM_240604_01_F01,R8XA-24061108,ATX-16068,10000,Nuclei,1061736689,L8XA_240604_01_C08,2263_A01,human,Homo Sapiens,1370957833,NYGC
NY-AT16068-7,10xATAC_Mult,BG_paper_Human+HMBA_Human_Atlas+HMBA_Human_Atlas_BN_BF,ARC-ATAC,1371247300,B8XM_240604_01_G01,R8XA-24061108,ATX-16068,10000,Nuclei,1061736689,L8XA_240604_01_E08,2263_B01,human,Homo Sapiens,1370957832,NYGC
NY-AT16069-1,10xATAC_Mult,BG_paper_Human+HMBA_Human_Atlas+HMBA_Human_Atlas_BN_BF,ARC-ATAC,1371247304,B8XM_240604_01_H01,R8XA-24061804,ATX-16069,10000,Nuclei,1061736689,L8XA_240604_01_H07,2263_C01,human,Homo Sapiens,1370957831,NYGC
NY-AT16069-2,10xATAC_Mult,BG_paper_Human+HMBA_Human_Atlas+HMBA_Human_Atlas_BN_BF,ARC-ATAC,1371247306,B8XM_240604_01_A02,R8XA-24061804,ATX-16069,10000,Nuclei,1061736689,L8XA_240604_01_F08,2263_D01,human,Homo Sapiens,1370704036,NYGC
NY-AT16069-3,10xATAC_Mult,BG_paper_Human+HMBA_Human_Atlas+HMBA_Human_Atlas_BN_BF,ARC-ATAC,1371247308,B8XM_240604_01_B02,R8XA-24061804,ATX-16069,10000,Nuclei,1061736689,L8XA_240604_01_G08,2263_E01,human,Homo Sapiens,1370704035,NYGC
NY-AT16069-4,10xATAC_Mult,HMBA_Human_Atlas+HMBA_Human_Atlas_M,ARC-ATAC,1371247310,B8XM_240604_01_C02,R8XA-24061804,ATX-16069,10000,Nuclei,1061736689,L8XA_240604_01_H08,2263_F01,human,Homo Sapiens,1370704034,NYGC
NY-AT16069-5,10xATAC_Mult,HMBA_Human_Atlas+HMBA_Human_Atlas_M,ARC-ATAC,1372627543,B8XM_240607_01_D01,R8XA-24061804,ATX-16069,10000,Nuclei,1061736689,L8XA_240607_01_E09,2266_A03,human,Homo Sapiens,1371205102,NYGC
NY-AT16069-6,10xATAC_Mult,HMBA_Human_Atlas+HMBA_Human_Atlas_M,ARC-ATAC,1372627545,B8XM_240607_01_E01,R8XA-24061804,ATX-16069,10000,Nuclei,1061736689,L8XA_240607_01_F09,2266_B03,human,Homo Sapiens,1371205101,NYGC
NY-AT16069-7,10xATAC_Mult,HMBA_Human_Atlas+HMBA_Human_Atlas_M,ARC-ATAC,1372627547,B8XM_240607_01_F01,R8XA-24061804,ATX-16069,10000,Nuclei,1061736689,L8XA_240607_01_G09,2266_C03,human,Homo Sapiens,1371205100,NYGC
NY-AT16069-8,10xATAC_Mult,BG_paper_Human+HMBA_Human_Atlas+HMBA_Human_Atlas_M,ARC-ATAC,1372627556,B8XM_240607_01_B02,R8XA-24061804,ATX-16069,10000,Nuclei,1061736689,L8XA_240607_01_H09,2269_1_D06,human,Homo Sapiens,1372047632,NYGC
NY-AT16069-9,10xATAC_Mult,BG_paper_Human+HMBA_Human_Atlas+HMBA_Human_Atlas_BN_BF,ARC-ATAC,1372627559,B8XM_240607_01_C02,R8XA-24061804,ATX-16069,10000,Nuclei,1061736689,L8XA_240607_01_A10,2269_1_E06,human,Homo Sapiens,1372047631,NYGC
NY-AT16070-1,10xATAC_Mult,BG_paper_Human+HMBA_Human_Atlas+HMBA_Human_Atlas_BN_BF,ARC-ATAC,1372627562,B8XM_240607_01_D02,R8XA-24061805,ATX-16070,10000,Nuclei,1061736689,L8XA_240607_01_B10,2269_1_F06,human,Homo Sapiens,1372047630,NYGC
NY-AT16070-2,10xATAC_Mult,HMBA_Cross_Species,ARC-ATAC,1373246443,B8XM_240611_01_A01,R8XA-24061805,ATX-16070,10000,Nuclei,1061736689,L8XA_240611_01_B12,2273_A10,chimp,Pan troglodytes,1372383760,NYGC
NY-AT16070-3,10xATAC_Mult,HMBA_Cross_Species,ARC-ATAC,1373246446,B8XM_240611_01_B01,R8XA-24061805,ATX-16070,10000,Nuclei,1061736689,L8XA_240611_01_C12,2273_B10,chimp,Pan troglodytes,1372383761,NYGC
NY-AT16070-4,10xATAC_Mult,HMBA_Cross_Species,ARC-ATAC,1373246450,B8XM_240611_01_C01,R8XA-24061805,ATX-16070,10000,Nuclei,1061736689,L8XA_240611_01_D12,2273_C10,chimp,Pan troglodytes,1372384033,NYGC
NY-AT16070-5,10xATAC_Mult,BG_paper_Human+HMBA_Human_Atlas+HMBA_Human_Atlas_BN_BF,ARC-ATAC,1373246454,B8XM_240611_01_D01,R8XA-24061805,ATX-16070,10000,Nuclei,1061736689,L8XA_240611_01_A11,2271_A08,human,Homo Sapiens,1371420086,NYGC
NY-AT16070-6,10xATAC_Mult,BG_paper_Human+HMBA_Human_Atlas+HMBA_Human_Atlas_BN_BF,ARC-ATAC,1373246459,B8XM_240611_01_E01,R8XA-24061805,ATX-16070,10000,Nuclei,1061736689,L8XA_240611_01_B11,2271_B08,human,Homo Sapiens,1371420085,NYGC
NY-AT16070-7,10xATAC_Mult,BG_paper_Human+HMBA_Human_Atlas+HMBA_Human_Atlas_BN_BF,ARC-ATAC,1373246464,B8XM_240611_01_F01,R8XA-24061805,ATX-16070,10000,Nuclei,1061736689,L8XA_240611_01_C11,2271_C08,human,Homo Sapiens,1371420084,NYGC
NY-AT16070-8,10xATAC_Mult,HMBA_Human_Atlas+HMBA_Human_Atlas_Cx,ARC-ATAC,1373246487,B8XM_240611_01_B02,R8XA-24061805,ATX-16070,10000,Nuclei,1061736689,L8XA_240611_01_D11,2275_A02,human,Homo Sapiens,1372899863,NYGC
NY-AT16070-9,10xATAC_Mult,HMBA_Human_Atlas+HMBA_Human_Atlas_Cx,ARC-ATAC,1373246492,B8XM_240611_01_C02,R8XA-24061805,ATX-16070,10000,Nuclei,1061736689,L8XA_240611_01_E11,2275_B02,human,Homo Sapiens,1372899862,NYGC
NY-AT16071-1,10xATAC_Mult,HMBA_Human_Atlas+HMBA_Human_Atlas_Cx,ARC-ATAC,1373246496,B8XM_240611_01_D02,R8XA-24062504,ATX-16071,10000,Nuclei,1061736689,L8XA_240611_01_F11,2275_C02,human,Homo Sapiens,1372899861,NYGC
NY-AT16071-2,10xATAC_Mult,BG_paper_Human+HMBA_Human_Atlas+HMBA_Human_Atlas_BN_BF,ARC-ATAC,1373246499,B8XM_240611_01_E02,R8XA-24062504,ATX-16071,10000,Nuclei,1061736689,L8XA_240611_01_G11,2275_D02,human,Homo Sapiens,1372051576,NYGC
NY-AT16071-3,10xATAC_Mult,BG_paper_Human+HMBA_Human_Atlas+HMBA_Human_Atlas_BN_BF,ARC-ATAC,1373246502,B8XM_240611_01_F02,R8XA-24062504,ATX-16071,10000,Nuclei,1061736689,L8XA_240611_01_H11,2275_E02,human,Homo Sapiens,1372051574,NYGC
NY-AT16071-4,10xATAC_Mult,HMBA_Human_Atlas+HMBA_Human_Atlas_Cx,ARC-ATAC,1373246505,B8XM_240611_01_G02,R8XA-24062504,ATX-16071,10000,Nuclei,1061736689,L8XA_240611_01_A12,2275_F02,human,Homo Sapiens,1372051572,NYGC
NY-AT16071-5,10xATAC_Mult,HMBA_Human_Atlas+HMBA_Human_Atlas_Cx,ARC-ATAC,1374122862,B8XM_240614_01_A01,R8XA-24062504,ATX-16071,8726,Nuclei,1061736689,L8XA_240614_01_A01,2277_A04,human,Homo Sapiens,1373192187,NYGC
NY-AT16071-6,10xATAC_Mult,HMBA_Human_Atlas+HMBA_Human_Atlas_Cx,ARC-ATAC,1374122865,B8XM_240614_01_B01,R8XA-24062504,ATX-16071,10000,Nuclei,1061736689,L8XA_240614_01_B01,2277_B04,human,Homo Sapiens,1373192186,NYGC
NY-AT16071-7,10xATAC_Mult,BG_paper_Human+HMBA_Human_Atlas+HMBA_Human_Atlas_BN_BF,ARC-ATAC,1374122867,B8XM_240614_01_C01,R8XA-24062504,ATX-16071,10000,Nuclei,1061736689,L8XA_240614_01_C01,2277_C04,human,Homo Sapiens,1373192185,NYGC
NY-AT16071-8,10xATAC_Mult,BG_paper_Human+HMBA_Human_Atlas+HMBA_Human_Atlas_BN_BF,ARC-ATAC,1374122869,B8XM_240614_01_D01,R8XA-24062504,ATX-16071,10000,Nuclei,1061736689,L8XA_240614_01_D01,2278_A05,human,Homo Sapiens,1372641612,NYGC
NY-AT16071-9,10xATAC_Mult,BG_paper_Human+HMBA_Human_Atlas+HMBA_Human_Atlas_BN_BF,ARC-ATAC,1374122872,B8XM_240614_01_E01,R8XA-24062504,ATX-16071,10000,Nuclei,1061736689,L8XA_240614_01_E01,2278_B05,human,Homo Sapiens,1372641611,NYGC
NY-AT16072-1,10xATAC_Mult,BG_paper_Human+HMBA_Human_Atlas+HMBA_Human_Atlas_BN_BF,ARC-ATAC,1374122875,B8XM_240614_01_F01,R8XA-24062505,ATX-16072,10000,Nuclei,1061736689,L8XA_240614_01_F01,2278_C05,human,Homo Sapiens,1372641610,NYGC
NY-AT16072-2,10xATAC_Mult,HMBA_Cross_Species,ARC-ATAC,1374122877,B8XM_240614_01_G01,R8XA-24062505,ATX-16072,10000,Nuclei,1061736689,L8XA_240614_01_G01,2279_A06,chimp,Pan troglodytes,1373272867,NYGC
NY-AT16072-3,10xATAC_Mult,HMBA_Cross_Species,ARC-ATAC,1374122879,B8XM_240614_01_H01,R8XA-24062505,ATX-16072,10000,Nuclei,1061736689,L8XA_240614_01_H01,2279_B06,chimp,Pan troglodytes,1373272868,NYGC
NY-AT16072-4,10xATAC_Mult,HMBA_Cross_Species,ARC-ATAC,1374122881,B8XM_240614_01_A02,R8XA-24062505,ATX-16072,10000,Nuclei,1061736689,L8XA_240614_01_A02,2279_C06,chimp,Pan troglodytes,1373276080,NYGC
NY-AT16072-5,10xATAC_Mult,BG_paper_Human+HMBA_Human_Atlas+HMBA_Human_Atlas_BN_BF,ARC-ATAC,1374591866,B8XM_240618_01_A01,R8XA-24062505,ATX-16072,10000,Nuclei,1061736689,L8XA_240618_01_D02,2283_A08,human,Homo Sapiens,1373273253,NYGC
NY-AT16072-6,10xATAC_Mult,BG_paper_Human+HMBA_Human_Atlas+HMBA_Human_Atlas_BN_BF,ARC-ATAC,1374591870,B8XM_240618_01_B01,R8XA-24062505,ATX-16072,10000,Nuclei,1061736689,L8XA_240618_01_E02,2283_B08,human,Homo Sapiens,1373273252,NYGC
NY-AT16072-7,10xATAC_Mult,HMBA_Human_Atlas+HMBA_Human_Atlas_THM,ARC-ATAC,1374591872,B8XM_240618_01_C01,R8XA-24062505,ATX-16072,10000,Nuclei,1061736689,L8XA_240618_01_F02,2283_C08,human,Homo Sapiens,1373273250,NYGC
NY-AT16072-8,10xATAC_Mult,HMBA_Human_Atlas+HMBA_Human_Atlas_THM,ARC-ATAC,1374591881,B8XM_240618_01_G01,R8XA-24062505,ATX-16072,10000,Nuclei,1061736689,L8XA_240618_01_G02,2285_A01,human,Homo Sapiens,1374165483,NYGC
NY-AT16072-9,10xATAC_Mult,HMBA_Human_Atlas+HMBA_Human_Atlas_THM,ARC-ATAC,1374591883,B8XM_240618_01_H01,R8XA-24062505,ATX-16072,10000,Nuclei,1061736689,L8XA_240618_01_H02,2285_B01,human,Homo Sapiens,1374165482,NYGC
NY-AT16073-1,10xATAC_Mult,HMBA_Human_Atlas+HMBA_Human_Atlas_THM,ARC-ATAC,1374591885,B8XM_240618_01_A02,R8XA-24070205,ATX-16073,10000,Nuclei,1061736689,L8XA_240618_01_A03,2285_C01,human,Homo Sapiens,1374165481,NYGC
NY-AT16073-2,10xATAC_Mult,HMBA_Human_Atlas+HMBA_Human_Atlas_Cx,ARC-ATAC,1374591888,B8XM_240618_01_B02,R8XA-24070205,ATX-16073,10000,Nuclei,1061736689,L8XA_240618_01_B03,2285_D01,human,Homo Sapiens,1373966841,NYGC
NY-AT16073-3,10xATAC_Mult,HMBA_Human_Atlas+HMBA_Human_Atlas_Cx,ARC-ATAC,1374591891,B8XM_240618_01_C02,R8XA-24070205,ATX-16073,10000,Nuclei,1061736689,L8XA_240618_01_C03,2285_E01,human,Homo Sapiens,1373966840,NYGC
NY-AT16073-4,10xATAC_Mult,HMBA_Human_Atlas+HMBA_Human_Atlas_Cx,ARC-ATAC,1374591893,B8XM_240618_01_D02,R8XA-24070205,ATX-16073,10000,Nuclei,1061736689,L8XA_240621_01_H03,2285_F01,human,Homo Sapiens,1373966838,NYGC
NY-AT16073-5,10xATAC_Mult,HMBA_Human_Atlas+HMBA_Human_Atlas_Cx,ARC-ATAC,1376120227,B8XM_240621_01_E01,R8XA-24070205,ATX-16073,10000,Nuclei,1061736689,L8XA_240621_01_B04,2289_B04,human,Homo Sapiens,1374613790,NYGC
NY-AT16073-6,10xATAC_Mult,HMBA_Human_Atlas+HMBA_Human_Atlas_THM,ARC-ATAC,1376120229,B8XM_240621_01_F01,R8XA-24070205,ATX-16073,10000,Nuclei,1061736689,L8XA_240621_01_C04,2289_C04,human,Homo Sapiens,1374613789,NYGC
NY-AT16073-7,10xATAC_Mult,BG_paper_Human+HMBA_Human_Atlas+HMBA_Human_Atlas_BN_BF,ARC-ATAC,1376120231,B8XM_240621_01_G01,R8XA-24070205,ATX-16073,10000,Nuclei,1061736689,L8XA_240621_01_D04,2289_D04,human,Homo Sapiens,1376030376,NYGC
NY-AT16073-8,10xATAC_Mult,BG_paper_Human+HMBA_Human_Atlas+HMBA_Human_Atlas_BN_BF,ARC-ATAC,1376120234,B8XM_240621_01_H01,R8XA-24070205,ATX-16073,10000,Nuclei,1061736689,L8XA_240621_01_E04,2289_E04,human,Homo Sapiens,1376030375,NYGC
NY-AT16073-9,10xATAC_Mult,BG_paper_Human+HMBA_Human_Atlas+HMBA_Human_Atlas_BN_BF,ARC-ATAC,1376120236,B8XM_240621_01_A02,R8XA-24070205,ATX-16073,10000,Nuclei,1061736689,L8XA_240621_01_F04,2289_F04,human,Homo Sapiens,1376030374,NYGC
NY-AT16074-1,10xATAC_Mult,HMBA_Human_Atlas+HMBA_Human_Atlas_Cx,ARC-ATAC,1376120238,B8XM_240621_01_B02,R8XA-24070906,ATX-16074,10000,Nuclei,1061736689,L8XA_240621_01_G04,2289_1_G04,human,Homo Sapiens,1374613785,NYGC
NY-AT16074-2,10xATAC_Mult,HMBA_Macaque_Atlas+HMBA_NHP_SpC,ARC-ATAC,1376298230,B8XM_240625_01_D01,R8XA-24070906,ATX-16074,10000,Nuclei,1061736689,L8XA_240625_01_A01,2292_A06,macaque_nemestrina,Macaca nemestrina,1376279106,NYGC
NY-AT16074-3,10xATAC_Mult,HMBA_Macaque_Atlas+HMBA_NHP_SpC,ARC-ATAC,1376298232,B8XM_240625_01_E01,R8XA-24070906,ATX-16074,10000,Nuclei,1061736689,L8XA_240625_01_B01,2292_B06,macaque_nemestrina,Macaca nemestrina,1376279183,NYGC
NY-AT16074-4,10xATAC_Mult,HMBA_Human_Atlas+HMBA_Human_Atlas_THM,ARC-ATAC,1376298235,B8XM_240625_01_F01,R8XA-24070906,ATX-16074,10000,Nuclei,1061736689,L8XA_240625_01_C01,2294_A01,human,Homo Sapiens,1375863918,NYGC
NY-AT16074-5,10xATAC_Mult,HMBA_Human_Atlas+HMBA_Human_Atlas_THM,ARC-ATAC,1376298237,B8XM_240625_01_G01,R8XA-24070906,ATX-16074,10000,Nuclei,1061736689,L8XA_240625_01_D01,2294_B01,human,Homo Sapiens,1375863917,NYGC
NY-AT16074-6,10xATAC_Mult,HMBA_Human_Atlas+HMBA_Human_Atlas_THM,ARC-ATAC,1376298239,B8XM_240625_01_H01,R8XA-24070906,ATX-16074,10000,Nuclei,1061736689,L8XA_240625_01_E01,2294_C01,human,Homo Sapiens,1375863916,NYGC
NY-AT16074-7,10xATAC_Mult,HMBA_Human_Atlas+HMBA_Human_Atlas_THM,ARC-ATAC,1376298241,B8XM_240625_01_A02,R8XA-24070906,ATX-16074,10000,Nuclei,1061736689,L8XA_240625_01_F01,2294_D01,human,Homo Sapiens,1375836363,NYGC
NY-AT16074-8,10xATAC_Mult,HMBA_Human_Atlas+HMBA_Human_Atlas_THM,ARC-ATAC,1376298243,B8XM_240625_01_B02,R8XA-24070906,ATX-16074,10000,Nuclei,1061736689,L8XA_240625_01_G01,2294_F01,human,Homo Sapiens,1375836361,NYGC
NY-AT16074-9,10xATAC_Mult,HMBA_Human_Atlas+HMBA_Human_Atlas_THM,ARC-ATAC,1376298245,B8XM_240625_01_C02,R8XA-24070906,ATX-16074,10000,Nuclei,1061736689,L8XA_240625_01_H01,2294_1_G01,human,Homo Sapiens,1375836360,NYGC
NY-AT16075-1,10xATAC_Mult,HMBA_Human_Atlas+HMBA_Human_Atlas_BN_BF,ARC-ATAC,1378192866,B8XM_240628_01_A01,R8XA-24070907,ATX-16075,10000,Nuclei,1061736689,L8XA_240628_01_F02,2295_A02,human,Homo Sapiens,1375869998,NYGC
NY-AT16075-2,10xATAC_Mult,HMBA_Human_Atlas+HMBA_Human_Atlas_BN_BF,ARC-ATAC,1378192869,B8XM_240628_01_B01,R8XA-24070907,ATX-16075,10000,Nuclei,1061736689,L8XA_240628_01_G02,2295_B02,human,Homo Sapiens,1375869997,NYGC
NY-AT16075-3,10xATAC_Mult,BG_paper_Human+HMBA_Human_Atlas+HMBA_Human_Atlas_BN_BF,ARC-ATAC,1378192871,B8XM_240628_01_C01,R8XA-24070907,ATX-16075,10000,Nuclei,1061736689,L8XA_240628_01_H02,2295_C02,human,Homo Sapiens,1375869996,NYGC
NY-AT16075-4,10xATAC_Mult,BG_paper_Human+HMBA_Human_Atlas+HMBA_Human_Atlas_BN_BF,ARC-ATAC,1378192873,B8XM_240628_01_D01,R8XA-24070907,ATX-16075,10000,Nuclei,1061736689,L8XA_240628_01_A03,2295_D02,human,Homo Sapiens,1375864964,NYGC
NY-AT16075-5,10xATAC_Mult,BG_paper_Human+HMBA_Human_Atlas+HMBA_Human_Atlas_BN_BF,ARC-ATAC,1378192879,B8XM_240628_01_E01,R8XA-24070907,ATX-16075,10000,Nuclei,1061736689,L8XA_240628_01_B03,2295_E02,human,Homo Sapiens,1375864963,NYGC
NY-AT16075-6,10xATAC_Mult,HMBA_Human_Atlas+HMBA_Human_Atlas_THM,ARC-ATAC,1378192882,B8XM_240628_01_F01,R8XA-24070907,ATX-16075,10000,Nuclei,1061736689,L8XA_240628_01_C03,2295_F02,human,Homo Sapiens,1375864962,NYGC
NY-AT16075-7,10xATAC_Mult,HMBA_Macaque_Atlas+HMBA_NHP_SpC,ARC-ATAC,1378192886,B8XM_240628_01_G01,R8XA-24070907,ATX-16075,10000,Nuclei,1061736689,L8XA_240628_01_D03,2297_A04,macaque_nemestrina,Macaca nemestrina,1378171104,NYGC
NY-AT16075-8,10xATAC_Mult,HMBA_Macaque_Atlas+HMBA_NHP_SpC,ARC-ATAC,1378192889,B8XM_240628_01_H01,R8XA-24070907,ATX-16075,10000,Nuclei,1061736689,L8XA_240628_01_E02,2297_B04,macaque_nemestrina,Macaca nemestrina,1378174525,NYGC
NY-AT16075-9,10xATAC_Mult,HMBA_Cross_Species,ARC-ATAC,1378192927,B8XM_240702_01_A01,R8XA-24070907,ATX-16075,10000,Nuclei,1061736689,L8XA_240702_01_C04,2303_A07,gray_mouse_lemur,Microcebus murinus,1378188274,NYGC
NY-AT16076-1,10xATAC_Mult,HMBA_Cross_Species,ARC-ATAC,1378192931,B8XM_240702_01_B01,R8XA-24071604,ATX-16076,10000,Nuclei,1061736689,L8XA_240702_01_D04,2303_B07,gray_mouse_lemur,Microcebus murinus,1378188346,NYGC
NY-AT16076-2,10xATAC_Mult,BG_paper_Human+HMBA_Human_Atlas+HMBA_Human_Atlas_BN_BF,ARC-ATAC,1378192935,B8XM_240702_01_C01,R8XA-24071604,ATX-16076,10000,Nuclei,1061736689,L8XA_240702_01_E03,2305_A01,human,Homo Sapiens,1377338456,NYGC
NY-AT16076-3,10xATAC_Mult,BG_paper_Human+HMBA_Human_Atlas+HMBA_Human_Atlas_BN_BF,ARC-ATAC,1378192940,B8XM_240702_01_D01,R8XA-24071604,ATX-16076,10000,Nuclei,1061736689,L8XA_240702_01_F03,2305_B01,human,Homo Sapiens,1377338455,NYGC
NY-AT16076-4,10xATAC_Mult,BG_paper_Human+HMBA_Human_Atlas+HMBA_Human_Atlas_BN_BF,ARC-ATAC,1378192944,B8XM_240702_01_E01,R8XA-24071604,ATX-16076,10000,Nuclei,1061736689,L8XA_240702_01_G03,2305_C01,human,Homo Sapiens,1377338454,NYGC
NY-AT16076-5,10xATAC_Mult,BG_paper_Human+HMBA_Human_Atlas+HMBA_Human_Atlas_BN_BF,ARC-ATAC,1378192948,B8XM_240702_01_F01,R8XA-24071604,ATX-16076,10000,Nuclei,1061736689,L8XA_240702_01_H03,2305_D01,human,Homo Sapiens,1377312048,NYGC
NY-AT16076-6,10xATAC_Mult,BG_paper_Human+HMBA_Human_Atlas+HMBA_Human_Atlas_BN_BF,ARC-ATAC,1378192953,B8XM_240702_01_G01,R8XA-24071604,ATX-16076,10000,Nuclei,1061736689,L8XA_240702_01_A04,2305_E01,human,Homo Sapiens,1377312047,NYGC
NY-AT16076-7,10xATAC_Mult,BG_paper_Human+HMBA_Human_Atlas+HMBA_Human_Atlas_BN_BF,ARC-ATAC,1378192956,B8XM_240702_01_H01,R8XA-24071604,ATX-16076,10000,Nuclei,1061736689,L8XA_240702_01_B04,2305_F01,human,Homo Sapiens,1377312046,NYGC
NY-AT16076-8,10xATAC_Mult,BG_paper_Human+HMBA_Human_Atlas+HMBA_Human_Atlas_BN_BF,ARC-ATAC,1379697765,B8XM_240705_01_B01,R8XA-24071604,ATX-16076,10000,Nuclei,1061736689,L8XA_240705_02_F04,2306_A02,human,Homo Sapiens,1378669720,NYGC
NY-AT16076-9,10xATAC_Mult,BG_paper_Human+HMBA_Human_Atlas+HMBA_Human_Atlas_BN_BF,ARC-ATAC,1379697767,B8XM_240705_01_C01,R8XA-24071604,ATX-16076,10000,Nuclei,1061736689,L8XA_240705_02_G04,2306_B02,human,Homo Sapiens,1378669719,NYGC
NY-AT16077-1,10xATAC_Mult,BG_paper_Human+HMBA_Human_Atlas+HMBA_Human_Atlas_BN_BF,ARC-ATAC,1379697769,B8XM_240705_01_D01,R8XA-24071605,ATX-16077,10000,Nuclei,1061736689,L8XA_240705_02_H04,2306_C02,human,Homo Sapiens,1378669718,NYGC
NY-AT16077-4,10xATAC_Mult,HMBA_Human_Atlas+HMBA_Human_Atlas_THM,ARC-ATAC,1379697783,B8XM_240705_01_B02,R8XA-24071605,ATX-16077,10000,Nuclei,1061736689,L8XA_240705_02_C05,2309_C05,human,Homo Sapiens,1378167773,NYGC
NY-AT16077-5,10xATAC_Mult,HMBA_Cross_Species,ARC-ATAC,1379697786,B8XM_240705_01_C02,R8XA-24071605,ATX-16077,10000,Nuclei,1061736689,L8XA_240705_02_G05,2310_A06,gray_mouse_lemur,Microcebus murinus,1378671797,NYGC
NY-AT16077-6,10xATAC_Mult,HMBA_Cross_Species,ARC-ATAC,1379697788,B8XM_240705_01_D02,R8XA-24071605,ATX-16077,10000,Nuclei,1061736689,L8XA_240705_02_H05,2310_B06,gray_mouse_lemur,Microcebus murinus,1378671798,NYGC
NY-AT16077-9,10xATAC_Mult,HMBA_Macaque_Atlas+HMBA_NHP_SpC,ARC-ATAC,1379434367,B8XM_240709_01_G01,R8XA-24071605,ATX-16077,10000,Nuclei,1061736689,L8XA_240709_01_E06,2312_A08,macaque_nemestrina,Macaca nemestrina,1378677169,NYGC
NY-AT16078-1,10xATAC_Mult,HMBA_Macaque_Atlas+HMBA_NHP_SpC,ARC-ATAC,1379434374,B8XM_240709_01_H01,R8XA-24072307,ATX-16078,10000,Nuclei,1061736689,L8XA_240709_01_H07,2312_B08,macaque_nemestrina,Macaca nemestrina,1378677245,NYGC
NY-AT16078-2,10xATAC_Mult,HMBA_Human_Atlas+HMBA_Human_Atlas_THM,ARC-ATAC,1379434414,B8XM_240709_01_D02,R8XA-24072307,ATX-16078,10000,Nuclei,1061736689,L8XA_240709_01_F06,2314_A02,human,Homo Sapiens,1378737527,NYGC
NY-AT16078-3,10xATAC_Mult,HMBA_Human_Atlas+HMBA_Human_Atlas_THM,ARC-ATAC,1379434420,B8XM_240709_01_E02,R8XA-24072307,ATX-16078,10000,Nuclei,1061736689,L8XA_240709_01_G06,2314_B02,human,Homo Sapiens,1378737526,NYGC
NY-AT16078-4,10xATAC_Mult,HMBA_Human_Atlas+HMBA_Human_Atlas_HTH,ARC-ATAC,1379434426,B8XM_240709_01_F02,R8XA-24072307,ATX-16078,10000,Nuclei,1061736689,L8XA_240709_01_H06,2314_C02,human,Homo Sapiens,1378737525,NYGC
NY-AT16078-5,10xATAC_Mult,BG_paper_exclude+HMBA_Human_Atlas+HMBA_Human_Atlas_M,ARC-ATAC,1379434434,B8XM_240709_01_G02,R8XA-24072307,ATX-16078,10000,Nuclei,1061736689,L8XA_240709_01_C06,2314_D02,human,Homo Sapiens,1379226866,NYGC
NY-AT16078-6,10xATAC_Mult,HMBA_Human_Atlas+HMBA_Human_Atlas_THM,ARC-ATAC,1379434443,B8XM_240709_01_H02,R8XA-24072307,ATX-16078,10000,Nuclei,1061736689,L8XA_240709_01_A07,2314_E02,human,Homo Sapiens,1379226865,NYGC
NY-AT16078-7,10xATAC_Mult,BG_paper_Human+HMBA_Human_Atlas+HMBA_Human_Atlas_BN_BF,ARC-ATAC,1379434445,B8XM_240709_01_A03,R8XA-24072307,ATX-16078,10000,Nuclei,1061736689,L8XA_240709_01_B07,2314_F02,human,Homo Sapiens,1379226864,NYGC
NY-AT16078-8,10xATAC_Mult,HMBA_Human_Atlas+HMBA_Human_Atlas_M,ARC-ATAC,1381074029,B8XM_240712_01_B01,R8XA-24072307,ATX-16078,10000,Nuclei,1061736689,L8XA_240712_01_F08,2315_B03,human,Homo Sapiens,1379427292,NYGC
NY-AT16078-9,10xATAC_Mult,HMBA_Human_Atlas+HMBA_Human_Atlas_HTH,ARC-ATAC,1381074031,B8XM_240712_01_C01,R8XA-24072307,ATX-16078,10000,Nuclei,1061736689,L8XA_240712_01_G08,2315_C03,human,Homo Sapiens,1379427291,NYGC
NY-AT16079-1,10xATAC_Mult,HMBA_Human_Atlas+HMBA_Human_Atlas_THM,ARC-ATAC,1381074034,B8XM_240712_01_D01,R8XA-24072308,ATX-16079,10000,Nuclei,1061736689,L8XA_240712_01_H08,2317_A05,human,Homo Sapiens,1379221014,NYGC
NY-AT16079-2,10xATAC_Mult,BG_paper_Human+HMBA_Human_Atlas+HMBA_Human_Atlas_BN_BF,ARC-ATAC,1381074039,B8XM_240712_01_F01,R8XA-24072308,ATX-16079,10000,Nuclei,1061736689,L8XA_240712_01_B09,2317_C05,human,Homo Sapiens,1379221012,NYGC
NY-AT16079-3,10xATAC_Mult,HMBA_Cross_Species,ARC-ATAC,1381074044,B8XM_240712_01_H01,R8XA-24072308,ATX-16079,6444,Nuclei,1061736689,L8XA_240712_01_E09,2318_B06,gray_mouse_lemur,Microcebus murinus,1380246017,NYGC
NY-AT16079-4,10xATAC_Mult,HMBA_Cross_Species,ARC-ATAC,1381074561,B8XM_240716_01_B01,R8XA-24072308,ATX-16079,9627,Nuclei,1061736689,L8XA_240716_01_B11,2324_B08,gray_mouse_lemur,Microcebus murinus,1380272223,NYGC
NY-AT16079-5,10xATAC_Mult,HMBA_Cross_Species,ARC-ATAC,1381074563,B8XM_240716_01_C01,R8XA-24072308,ATX-16079,9627,Nuclei,1061736689,L8XA_240716_01_C11,2324_C08,gray_mouse_lemur,Microcebus murinus,1380272224,NYGC
NY-AT16079-6,10xATAC_Mult,HMBA_Human_Atlas+HMBA_Human_Atlas_Cx,ARC-ATAC,1381074565,B8XM_240716_01_D01,R8XA-24072308,ATX-16079,10000,Nuclei,1061736689,L8XA_240716_01_C10,2326_A01,human,Homo Sapiens,1380261547,NYGC
NY-AT16079-7,10xATAC_Mult,HMBA_Human_Atlas+HMBA_Human_Atlas_BN_BF,ARC-ATAC,1381074568,B8XM_240716_01_E01,R8XA-24072308,ATX-16079,10000,Nuclei,1061736689,L8XA_240716_01_D10,2326_B01,human,Homo Sapiens,1380261545,NYGC
NY-AT16079-8,10xATAC_Mult,HMBA_Human_Atlas+HMBA_Human_Atlas_BN_BF,ARC-ATAC,1381074572,B8XM_240716_01_F01,R8XA-24072308,ATX-16079,10000,Nuclei,1061736689,L8XA_240716_01_E10,2326_C01,human,Homo Sapiens,1380261544,NYGC
NY-AT16079-9,10xATAC_Mult,HMBA_Human_Atlas+HMBA_Human_Atlas_BN_BF,ARC-ATAC,1381074574,B8XM_240716_01_G01,R8XA-24072308,ATX-16079,10000,Nuclei,1061736689,L8XA_240716_01_F10,2326_D01,human,Homo Sapiens,1380252295,NYGC
NY-AT16080-1,10xATAC_Mult,HMBA_Human_Atlas+HMBA_Human_Atlas_M,ARC-ATAC,1381074027,B8XM_240712_01_A01,R8XA-24073006,ATX-16080,10000,Nuclei,1061736689,L8XA_240712_01_E08,2315_A03,human,Homo Sapiens,1379427293,NYGC
NY-AT16080-2,10xATAC_Mult,BG_paper_Human+HMBA_Human_Atlas+HMBA_Human_Atlas_BN_BF,ARC-ATAC,1381074037,B8XM_240712_01_E01,R8XA-24073006,ATX-16080,10000,Nuclei,1061736689,L8XA_240712_01_A09,2317_B05,human,Homo Sapiens,1379221013,NYGC
NY-AT16080-3,10xATAC_Mult,HMBA_Cross_Species,ARC-ATAC,1381074041,B8XM_240712_01_G01,R8XA-24073006,ATX-16080,10000,Nuclei,1061736689,L8XA_240712_01_D09,2318_A06,gray_mouse_lemur,Microcebus murinus,1380245952,NYGC
NY-AT16080-4,10xATAC_Mult,HMBA_Cross_Species,ARC-ATAC,1381074046,B8XM_240712_01_A02,R8XA-24073006,ATX-16080,6444,Nuclei,1061736689,L8XA_240712_01_F09,2318_C06,gray_mouse_lemur,Microcebus murinus,1380246018,NYGC
NY-AT16080-5,10xATAC_Mult,HMBA_Cross_Species,ARC-ATAC,1381074559,B8XM_240716_01_A01,R8XA-24073006,ATX-16080,10000,Nuclei,1061736689,L8XA_240716_01_A11,2324_A08,gray_mouse_lemur,Microcebus murinus,1380272157,NYGC
NY-AT16080-6,10xATAC_Mult,BG_paper_Human+HMBA_Human_Atlas+HMBA_Human_Atlas_BN_BF,ARC-ATAC,1381074576,B8XM_240716_01_H01,R8XA-24073006,ATX-16080,10000,Nuclei,1061736689,L8XA_240716_01_G10,2326_E01,human,Homo Sapiens,1380252294,NYGC
NY-AT16080-7,10xATAC_Mult,BG_paper_Human+HMBA_Human_Atlas+HMBA_Human_Atlas_BN_BF,ARC-ATAC,1381074579,B8XM_240716_01_A02,R8XA-24073006,ATX-16080,10000,Nuclei,1061736689,L8XA_240716_01_H10,2326_F01,human,Homo Sapiens,1380252293,NYGC
NY-AT16080-8,10xATAC_Mult,HMBA_Human_Atlas+HMBA_Human_Atlas_BN_BF,ARC-ATAC,1382516713,B8XM_240719_01_D01,R8XA-24073006,ATX-16080,10000,Nuclei,1061736689,L8XA_240719_01_A01,2328_A03,human,Homo Sapiens,1380937551,NYGC
NY-AT16080-9,10xATAC_Mult,BG_paper_Human+HMBA_Human_Atlas+HMBA_Human_Atlas_BN_BF,ARC-ATAC,1382516716,B8XM_240719_01_E01,R8XA-24073006,ATX-16080,10000,Nuclei,1061736689,L8XA_240719_01_B01,2328_B03,human,Homo Sapiens,1380937546,NYGC
NY-AT16081-1,10xATAC_Mult,BG_paper_Human+HMBA_Human_Atlas+HMBA_Human_Atlas_BN_BF,ARC-ATAC,1382516718,B8XM_240719_01_F01,R8XA-24073007,ATX-16081,10000,Nuclei,1061736689,L8XA_240719_01_C01,2328_C03,human,Homo Sapiens,1380937541,NYGC
NY-AT16081-2,10xATAC_Mult,HMBA_Human_Atlas+HMBA_Human_Atlas_HTH,ARC-ATAC,1382516741,B8XM_240719_01_H02,R8XA-24073007,ATX-16081,10000,Nuclei,1061736689,L8XA_240719_01_D01,2336_A08,human,Homo Sapiens,1381830460,NYGC
NY-AT16081-3,10xATAC_Mult,HMBA_Human_Atlas+HMBA_Human_Atlas_THM,ARC-ATAC,1382516744,B8XM_240719_01_A03,R8XA-24073007,ATX-16081,10000,Nuclei,1061736689,L8XA_240719_01_E01,2336_C08,human,Homo Sapiens,1381830456,NYGC
NY-AT16081-4,10xATAC_Mult,HMBA_Human_Atlas+HMBA_Human_Atlas_HTH,ARC-ATAC,1382516746,B8XM_240719_01_B03,R8XA-24073007,ATX-16081,10000,Nuclei,1061736689,L8XA_240719_01_D11,2336_1_D08,human,Homo Sapiens,1381830455,NYGC
NY-AT16081-5,10xATAC_Mult,BG_paper_Human+HMBA_Human_Atlas+HMBA_Human_Atlas_BN_BF,ARC-ATAC,1383180819,B8XM_240723_01_A01,R8XA-24073007,ATX-16081,10000,Nuclei,1061736689,L8XA_240723_01_G01,2330_A09,human,Homo Sapiens,1381891077,NYGC
NY-AT16081-6,10xATAC_Mult,HMBA_Human_Atlas+HMBA_Human_Atlas_HTH,ARC-ATAC,1383180821,B8XM_240723_01_B01,R8XA-24073007,ATX-16081,10000,Nuclei,1061736689,L8XA_240723_01_H01,2330_B09,human,Homo Sapiens,1381891076,NYGC
NY-AT16081-7,10xATAC_Mult,HMBA_Human_Atlas+HMBA_Human_Atlas_HTH,ARC-ATAC,1383180824,B8XM_240723_01_C01,R8XA-24073007,ATX-16081,10000,Cells,1061736689,L8XA_240723_01_A02,2330_C09,human,Homo Sapiens,1381891075,NYGC
NY-AT16081-8,10xATAC_Mult,HMBA_Human_Atlas+HMBA_Human_Atlas_THM,ARC-ATAC,1383180835,B8XM_240723_01_G01,R8XA-24073007,ATX-16081,10000,Nuclei,1061736689,L8XA_240723_01_B02,2341_A02,human,Homo Sapiens,1381875057,NYGC
NY-AT16081-9,10xATAC_Mult,HMBA_Human_Atlas+HMBA_Human_Atlas_THM,ARC-ATAC,1383180838,B8XM_240723_01_H01,R8XA-24073007,ATX-16081,10000,Nuclei,1061736689,L8XA_240723_01_C02,2341_B02,human,Homo Sapiens,1381875056,NYGC
NY-AT16082-1,10xATAC_Mult,BG_paper_Human+HMBA_Human_Atlas+HMBA_Human_Atlas_BN_BF,ARC-ATAC,1383180840,B8XM_240723_01_A02,R8XA-24080607,ATX-16082,10000,Nuclei,1061736689,L8XA_240723_01_D02,2341_C02,human,Homo Sapiens,1381875055,NYGC
NY-AT16082-10,10xATAC_Mult,BG_paper_Human+HMBA_Human_Atlas+HMBA_Human_Atlas_BN_BF,ARC-ATAC,1383942430,B8XM_240730_01_G02,R8XA-24080607,ATX-16082,10000,Nuclei,1061736689,L8XA_240730_01_F03,2349_A08,human,Homo Sapiens,1382643888,NYGC
NY-AT16082-11,10xATAC_Mult,BG_paper_Human+HMBA_Human_Atlas+HMBA_Human_Atlas_BN_BF,ARC-ATAC,1383942438,B8XM_240730_01_A03,R8XA-24080607,ATX-16082,10000,Nuclei,1061736689,L8XA_240730_01_H03,2349_C08,human,Homo Sapiens,1382643886,NYGC
NY-AT16082-2,10xATAC_Mult,BG_paper_Human+HMBA_Human_Atlas+HMBA_Human_Atlas_BN_BF,ARC-ATAC,1383942390,B8XM_240730_01_D01,R8XA-24080607,ATX-16082,10000,Nuclei,1061736689,L8XA_240730_01_H02,2344_A05,human,Homo Sapiens,1382073572,NYGC
NY-AT16082-3,10xATAC_Mult,HMBA_Human_Atlas+HMBA_Human_Atlas_THM,ARC-ATAC,1383942394,B8XM_240730_01_E01,R8XA-24080607,ATX-16082,10000,Nuclei,1061736689,L8XA_240730_01_A03,2344_B05,human,Homo Sapiens,1382073571,NYGC
NY-AT16082-4,10xATAC_Mult,HMBA_Human_Atlas+HMBA_Human_Atlas_THM,ARC-ATAC,1383942398,B8XM_240730_01_F01,R8XA-24080607,ATX-16082,10000,Nuclei,1061736689,L8XA_240730_01_B03,2344_C05,human,Homo Sapiens,1382073570,NYGC
NY-AT16082-5,10xATAC_Mult,BG_paper_Human+HMBA_Human_Atlas+HMBA_Human_Atlas_BN_BF,ARC-ATAC,1379697779,B8XM_240705_01_H01,R8XA-24080607,ATX-16082,10000,Nuclei,1061736689,L8XA_240730_01_D04,2309_A05,human,Homo Sapiens,1378167775,NYGC
NY-AT16082-6,10xATAC_Mult,HMBA_Human_Atlas+HMBA_Human_Atlas_THM,ARC-ATAC,1379697781,B8XM_240705_01_A02,R8XA-24080607,ATX-16082,10000,Nuclei,1061736689,L8XA_240730_01_E04,2309_B05,human,Homo Sapiens,1378167774,NYGC
NY-AT16082-7,10xATAC_Mult,BG_paper_Human+HMBA_Human_Atlas+HMBA_Human_Atlas_BN_BF,ARC-ATAC,1383942402,B8XM_240730_01_G01,R8XA-24080607,ATX-16082,10000,Nuclei,1061736689,L8XA_240730_01_C03,2346_A06,human,Homo Sapiens,1383372955,NYGC
NY-AT16082-8,10xATAC_Mult,BG_paper_Human+HMBA_Human_Atlas+HMBA_Human_Atlas_BN_BF,ARC-ATAC,1383942407,B8XM_240730_01_H01,R8XA-24080607,ATX-16082,10000,Nuclei,1061736689,L8XA_240730_01_D03,2346_B06,human,Homo Sapiens,1383372954,NYGC
NY-AT16082-9,10xATAC_Mult,BG_paper_Human+HMBA_Human_Atlas+HMBA_Human_Atlas_BN_BF,ARC-ATAC,1383942412,B8XM_240730_01_A02,R8XA-24080607,ATX-16082,10000,Nuclei,1061736689,L8XA_240730_01_E03,2346_C06,human,Homo Sapiens,1383372953,NYGC
NY-MX12033-1,10xRSeq_Mult,HMBA_Human_Atlas+HMBA_Human_Atlas_THM,ARC-RSEQ,1327378416,A8XR_240126_01_F01,R8XR-24021302,MTX-12033,10000,Nuclei,1061736705,L8XR_240201_21_D10,2040_B04,human,Homo Sapiens,1326991735,NYGC
NY-MX12033-2,10xRSeq_Mult,HMBA_Human_Atlas+HMBA_Human_Atlas_THM,ARC-RSEQ,1327378420,A8XR_240126_01_G01,R8XR-24021302,MTX-12033,10000,Nuclei,1061736705,L8XR_240201_21_F10,2040_C04,human,Homo Sapiens,1326991734,NYGC
NY-MX12033-3,10xRSeq_Mult,BICAN_Dev_Atlas+BICAN_Dev_P12,ARC-RSEQ,1327674490,A8XR_240130_01_E02,R8XR-24021302,MTX-12033,10000,Nuclei,1061736705,L8XR_240207_01_C11,2044_E07,mouse,Mus musculus,1326436723,NYGC
NY-MX12033-4,10xRSeq_Mult,BICAN_Dev_Atlas+BICAN_Dev_P12,ARC-RSEQ,1327674492,A8XR_240130_01_F02,R8XR-24021302,MTX-12033,10000,Nuclei,1061736705,L8XR_240207_01_D11,2044_F07,mouse,Mus musculus,1326436724,NYGC
NY-MX12033-5,10xRSeq_Mult,BICAN_Dev_Atlas+BICAN_Dev_P12,ARC-RSEQ,1327674494,A8XR_240130_01_G02,R8XR-24021302,MTX-12033,10000,Nuclei,1061736705,L8XR_240207_01_E11,2044_G07,mouse,Mus musculus,1326436725,NYGC
NY-MX12033-6,10xRSeq_Mult,BICAN_Dev_Atlas+BICAN_Dev_P12,ARC-RSEQ,1327674496,A8XR_240130_01_H02,R8XR-24021302,MTX-12033,10000,Nuclei,1061736705,L8XR_240207_01_F11,2044_H07,mouse,Mus musculus,1326436726,NYGC
NY-MX12033-7,10xRSeq_Mult,HMBA_Cross_Species,ARC-RSEQ,1327674477,A8XR_240130_01_F01,R8XR-24021302,MTX-12033,10000,Nuclei,1061736705,L8XR_240207_01_E12,2046_A09,ferret,Mustela putorius furo,1326475301,NYGC
NY-MX12033-8,10xRSeq_Mult,HMBA_Cross_Species,ARC-RSEQ,1327674480,A8XR_240130_01_G01,R8XR-24021302,MTX-12033,5046,Nuclei,1061736705,L8XR_240207_01_G11,2046_B09,ferret,Mustela putorius furo,1326475372,NYGC
NY-MX12033-9,10xRSeq_Mult,HMBA_Human_Atlas+HMBA_Human_Atlas_THM,ARC-RSEQ,1327674467,A8XR_240130_01_A01,R8XR-24021302,MTX-12033,10000,Nuclei,1061736705,L8XR_240207_01_H11,2045_A08,human,Homo Sapiens,1327185226,NYGC
NY-MX12034-1,10xRSeq_Mult,HMBA_Human_Atlas+HMBA_Human_Atlas_THM,ARC-RSEQ,1327674469,A8XR_240130_01_B01,R8XR-24021303,MTX-12034,10000,Nuclei,1061736705,L8XR_240207_01_B11,2045_B08,human,Homo Sapiens,1327185225,NYGC
NY-MX12034-2,10xRSeq_Mult,HMBA_Human_Atlas+HMBA_Human_Atlas_THM,ARC-RSEQ,1327674471,A8XR_240130_01_C01,R8XR-24021303,MTX-12034,10000,Nuclei,1061736705,L8XR_240207_01_A12,2045_C08,human,Homo Sapiens,1327185224,NYGC
NY-MX12034-3,10xRSeq_Mult,HMBA_Human_Atlas+HMBA_Human_Atlas_THM,ARC-RSEQ,1327674482,A8XR_240130_01_H01,R8XR-24021303,MTX-12034,10000,Nuclei,1061736705,L8XR_240207_01_D12,2047_A01,human,Homo Sapiens,1327016068,NYGC
NY-MX12034-4,10xRSeq_Mult,HMBA_Human_Atlas+HMBA_Human_Atlas_THM,ARC-RSEQ,1327674473,A8XR_240130_01_D01,R8XR-24021303,MTX-12034,10000,Nuclei,1061736705,L8XR_240207_01_B12,2047_B01,human,Homo Sapiens,1327016067,NYGC
NY-MX12034-5,10xRSeq_Mult,HMBA_Human_Atlas+HMBA_Human_Atlas_THM,ARC-RSEQ,1327674475,A8XR_240130_01_E01,R8XR-24021303,MTX-12034,10000,Nuclei,1061736705,L8XR_240207_01_C12,2047_C01,human,Homo Sapiens,1327016066,NYGC
NY-MX12034-6,10xRSeq_Mult,HMBA_Human_Atlas+HMBA_Human_Atlas_THM,ARC-RSEQ,1329324086,A8XR_240202_01_C01,R8XR-24021303,MTX-12034,10000,Nuclei,1061736705,L8XR_240208_21_E01,2049_A03,human,Homo Sapiens,1327898112,NYGC
NY-MX12034-7,10xRSeq_Mult,HMBA_Human_Atlas+HMBA_Human_Atlas_THM,ARC-RSEQ,1329324089,A8XR_240202_01_D01,R8XR-24021303,MTX-12034,10000,Nuclei,1061736705,L8XR_240208_21_B01,2049_B03,human,Homo Sapiens,1327898111,NYGC
NY-MX12034-8,10xRSeq_Mult,HMBA_Human_Atlas+HMBA_Human_Atlas_THM,ARC-RSEQ,1329324091,A8XR_240202_01_E01,R8XR-24021303,MTX-12034,10000,Nuclei,1061736705,L8XR_240208_21_F01,2049_C03,human,Homo Sapiens,1327898110,NYGC
NY-MX12034-9,10xRSeq_Mult,HMBA_Cross_Species,ARC-RSEQ,1329324093,A8XR_240202_01_F01,R8XR-24021303,MTX-12034,4891,Nuclei,1061736705,L8XR_240208_21_E02,2050_B04,armadillo,Dasypus novemcinctus,1328826817,NYGC
NY-MX12034-1,10xRSeq_Mult,HMBA_Human_Atlas+HMBA_Human_Atlas_THM,ARC-RSEQ,1327674469,A8XR_240130_01_B01,R8XR-24021303,MTX-12034,10000,Nuclei,1061736705,L8XR_240207_01_B11,2045_B08,human,Homo Sapiens,1327185225,NYGC
NY-MX12034-2,10xRSeq_Mult,HMBA_Human_Atlas+HMBA_Human_Atlas_THM,ARC-RSEQ,1327674471,A8XR_240130_01_C01,R8XR-24021303,MTX-12034,10000,Nuclei,1061736705,L8XR_240207_01_A12,2045_C08,human,Homo Sapiens,1327185224,NYGC
NY-MX12034-3,10xRSeq_Mult,HMBA_Human_Atlas+HMBA_Human_Atlas_THM,ARC-RSEQ,1327674482,A8XR_240130_01_H01,R8XR-24021303,MTX-12034,10000,Nuclei,1061736705,L8XR_240207_01_D12,2047_A01,human,Homo Sapiens,1327016068,NYGC
NY-MX12034-4,10xRSeq_Mult,HMBA_Human_Atlas+HMBA_Human_Atlas_THM,ARC-RSEQ,1327674473,A8XR_240130_01_D01,R8XR-24021303,MTX-12034,10000,Nuclei,1061736705,L8XR_240207_01_B12,2047_B01,human,Homo Sapiens,1327016067,NYGC
NY-MX12034-5,10xRSeq_Mult,HMBA_Human_Atlas+HMBA_Human_Atlas_THM,ARC-RSEQ,1327674475,A8XR_240130_01_E01,R8XR-24021303,MTX-12034,10000,Nuclei,1061736705,L8XR_240207_01_C12,2047_C01,human,Homo Sapiens,1327016066,NYGC
NY-MX12034-6,10xRSeq_Mult,HMBA_Human_Atlas+HMBA_Human_Atlas_THM,ARC-RSEQ,1329324086,A8XR_240202_01_C01,R8XR-24021303,MTX-12034,10000,Nuclei,1061736705,L8XR_240208_21_E01,2049_A03,human,Homo Sapiens,1327898112,NYGC
NY-MX12034-7,10xRSeq_Mult,HMBA_Human_Atlas+HMBA_Human_Atlas_THM,ARC-RSEQ,1329324089,A8XR_240202_01_D01,R8XR-24021303,MTX-12034,10000,Nuclei,1061736705,L8XR_240208_21_B01,2049_B03,human,Homo Sapiens,1327898111,NYGC
NY-MX12034-8,10xRSeq_Mult,HMBA_Human_Atlas+HMBA_Human_Atlas_THM,ARC-RSEQ,1329324091,A8XR_240202_01_E01,R8XR-24021303,MTX-12034,10000,Nuclei,1061736705,L8XR_240208_21_F01,2049_C03,human,Homo Sapiens,1327898110,NYGC
NY-MX12034-9,10xRSeq_Mult,HMBA_Cross_Species,ARC-RSEQ,1329324093,A8XR_240202_01_F01,R8XR-24021303,MTX-12034,4891,Nuclei,1061736705,L8XR_240208_21_E02,2050_B04,armadillo,Dasypus novemcinctus,1328826817,NYGC
NY-TX14031-1,10xV3.1_HT_CP,HMBA_Macaque_Pop,CELL_RANGER_DUAL_INDEX,1327415499,A8HC_240130_02_A01,R8TX-24021301,RTX-14031,37270,Nuclei,1297784728,L8HC_240207_02_G12,2043_A01,macaque,Macaca mulatta,1326487036,NYGC
NY-TX14031-2,10xV3.1_HT_CP,HMBA_Macaque_Pop,CELL_RANGER_DUAL_INDEX,1327415503,A8HC_240130_02_B01,R8TX-24021301,RTX-14031,39952,Nuclei,1297784728,L8HC_240207_02_F12,2043_A02,macaque,Macaca mulatta,1326487315,NYGC
NY-TX14031-3,10xV3.1_HT_CP-BC,HMBA_Macaque_Pop,CELL_RANGER_DUAL_INDEX,1327416140,A8HB_240130_03_A01,R8TX-24021301,RTX-14031,37270,Nuclei,1297784483,L8HB_240201_03_A04,2043_A01,macaque,Macaca mulatta,1326487209,NYGC
NY-TX14031-4,10xV3.1_HT_CP-BC,HMBA_Macaque_Pop,CELL_RANGER_DUAL_INDEX,1327416142,A8HB_240130_03_B01,R8TX-24021301,RTX-14031,39952,Nuclei,1297784483,L8HB_240201_03_B04,2043_A02,macaque,Macaca mulatta,1326487475,NYGC
NY-AT26001-1,10xATAC_Mult,HMBA_Human_Atlas+HMBA_Human_Atlas_HTH,ARC-ATAC,1334574377,B8XM_240227_01_G01,R8XA-24031205,ATX-26001,10000,Nuclei,1061736689,L8XA_240227_01_E09,2089_A02,human,Homo Sapiens,1333761932,NYGC
NY-AT26001-10,10xATAC_Mult,HMBA_Human_Atlas+HMBA_Human_Atlas_Cx,ARC-ATAC,1336382897,B8XM_240301_01_G01,R8XA-24031205,ATX-26001,10000,Nuclei,1061736689,L8XA_240301_01_A01,2091_A04,human,Homo Sapiens,1335184274,NYGC
NY-AT26001-11,10xATAC_Mult,HMBA_Human_Atlas+HMBA_Human_Atlas_BN_BF,ARC-ATAC,1336382900,B8XM_240301_01_H01,R8XA-24031205,ATX-26001,10000,Nuclei,1061736689,L8XA_240301_01_B01,2091_B04,human,Homo Sapiens,1335184273,NYGC
NY-AT26001-12,10xATAC_Mult,HMBA_Human_Atlas+HMBA_Human_Atlas_BN_BF,ARC-ATAC,1336382902,B8XM_240301_01_A02,R8XA-24031205,ATX-26001,10000,Nuclei,1061736689,L8XA_240301_01_C01,2091_1_D04,human,Homo Sapiens,1335184291,NYGC
NY-AT26001-13,10xATAC_Mult,BICAN_Dev_Atlas+BICAN_Dev_P28,ARC-ATAC,1336382905,B8XM_240301_01_B02,R8XA-24031205,ATX-26001,10000,Nuclei,1061736689,L8XA_240301_01_G11,2092_A05,mouse,Mus musculus,1335726695,NYGC
NY-AT26001-14,10xATAC_Mult,BICAN_Dev_Atlas+BICAN_Dev_P28,ARC-ATAC,1336382907,B8XM_240301_01_C02,R8XA-24031205,ATX-26001,10000,Nuclei,1061736689,L8XA_240301_01_H11,2092_B05,mouse,Mus musculus,1335726696,NYGC
NY-AT26001-15,10xATAC_Mult,BICAN_Dev_Atlas+BICAN_Dev_P28,ARC-ATAC,1336382910,B8XM_240301_01_D02,R8XA-24031205,ATX-26001,10000,Nuclei,1061736689,L8XA_240301_01_A12,2092_C05,mouse,Mus musculus,1335726697,NYGC
NY-AT26001-16,10xATAC_Mult,BICAN_Dev_Atlas+BICAN_Dev_P28,ARC-ATAC,1336382912,B8XM_240301_01_E02,R8XA-24031205,ATX-26001,10000,Nuclei,1061736689,L8XA_240301_01_B12,2092_D05,mouse,Mus musculus,1335726698,NYGC
NY-AT26001-17,10xATAC_Mult,BICAN_Dev_Atlas+BICAN_Dev_P28,ARC-ATAC,1336382915,B8XM_240301_01_F02,R8XA-24031205,ATX-26001,10000,Nuclei,1061736689,L8XA_240301_01_C12,2092_E05,mouse,Mus musculus,1335522051,NYGC
NY-AT26001-18,10xATAC_Mult,BICAN_Dev_Atlas+BICAN_Dev_P28,ARC-ATAC,1336382917,B8XM_240301_01_G02,R8XA-24031205,ATX-26001,10000,Nuclei,1061736689,L8XA_240301_01_D12,2092_F05,mouse,Mus musculus,1335522054,NYGC
NY-AT26001-19,10xATAC_Mult,BICAN_Dev_Atlas+BICAN_Dev_P28,ARC-ATAC,1336382922,B8XM_240301_01_A03,R8XA-24031205,ATX-26001,10000,Nuclei,1061736689,L8XA_240301_01_E12,2092_H05,mouse,Mus musculus,1335522058,NYGC
NY-AT26001-2,10xATAC_Mult,HMBA_Human_Atlas+HMBA_Human_Atlas_HTH,ARC-ATAC,1334574379,B8XM_240227_01_H01,R8XA-24031205,ATX-26001,10000,Nuclei,1061736689,L8XA_240227_01_F09,2089_B02,human,Homo Sapiens,1333761931,NYGC
NY-AT26001-20,10xATAC_Mult,HMBA_Human_Atlas+HMBA_Human_Atlas_Cx,ARC-ATAC,1336382932,B8XM_240301_01_E03,R8XA-24031205,ATX-26001,10000,Nuclei,1061736689,L8XA_240301_01_F10,2097_A09,human,Homo Sapiens,1336297385,NYGC
NY-AT26001-21,10xATAC_Mult,HMBA_Macaque_Atlas+HMBA_Macaque_Atlas_THM,ARC-ATAC,1336386171,B8XM_240305_01_C03,R8XA-24031205,ATX-26001,10000,Nuclei,1061736689,L8XA_240305_01_D01,2103_A02,macaque,Macaca mulatta,1335498438,NYGC
NY-AT26001-3,10xATAC_Mult,HMBA_Human_Atlas+HMBA_Human_Atlas_HTH,ARC-ATAC,1334574381,B8XM_240227_01_A02,R8XA-24031205,ATX-26001,6677,Nuclei,1061736689,L8XA_240227_01_G09,2089_C02,human,Homo Sapiens,1333761953,NYGC
NY-AT26001-4,10xATAC_Mult,BICAN_Dev_Atlas+BICAN_Dev_P28,ARC-ATAC,1336382884,B8XM_240301_01_A01,R8XA-24031205,ATX-26001,10000,Nuclei,1061736689,L8XA_240301_01_A11,2090_A03,mouse,Mus musculus,1334269571,NYGC
NY-AT26001-5,10xATAC_Mult,BICAN_Dev_Atlas+BICAN_Dev_P28,ARC-ATAC,1336382886,B8XM_240301_01_B01,R8XA-24031205,ATX-26001,10000,Nuclei,1061736689,L8XA_240301_01_B11,2090_B03,mouse,Mus musculus,1334269572,NYGC
NY-AT26001-6,10xATAC_Mult,BICAN_Dev_Atlas+BICAN_Dev_P28,ARC-ATAC,1336382889,B8XM_240301_01_C01,R8XA-24031205,ATX-26001,10000,Nuclei,1061736689,L8XA_240301_01_C11,2090_C03,mouse,Mus musculus,1334269573,NYGC
NY-AT26001-7,10xATAC_Mult,BICAN_Dev_Atlas+BICAN_Dev_P28,ARC-ATAC,1336382891,B8XM_240301_01_D01,R8XA-24031205,ATX-26001,10000,Nuclei,1061736689,L8XA_240301_01_D11,2090_D03,mouse,Mus musculus,1334269574,NYGC
NY-AT26001-8,10xATAC_Mult,BICAN_Dev_Atlas+BICAN_Dev_P28,ARC-ATAC,1336382893,B8XM_240301_01_E01,R8XA-24031205,ATX-26001,10000,Nuclei,1061736689,L8XA_240301_01_E11,2090_E03,mouse,Mus musculus,1334625695,NYGC
NY-AT26001-9,10xATAC_Mult,BICAN_Dev_Atlas+BICAN_Dev_P28,ARC-ATAC,1336382895,B8XM_240301_01_F01,R8XA-24031205,ATX-26001,10000,Nuclei,1061736689,L8XA_240301_01_F11,2090_F03,mouse,Mus musculus,1334625698,NYGC
NY-AT26002-1,10xATAC_Mult,HMBA_Cross_Species,ARC-ATAC,1379697791,B8XM_240705_01_E02,R8XA-24081304,ATX-26002,10000,Nuclei,1061736689,L8XA_240730_01_F04,2310_C06,gray_mouse_lemur,Microcebus murinus,1378671889,NYGC
NY-AT26002-10,10xATAC_Mult,BG_paper_Human+HMBA_Human_Atlas+HMBA_Human_Atlas_BN_BF,ARC-ATAC,1385481458,B8XM_240802_01_A01,R8XA-24081304,ATX-26002,10000,Nuclei,1061736689,L8XA_240802_01_E06,2357_A03,human,Homo Sapiens,1383655504,NYGC
NY-AT26002-11,10xATAC_Mult,HMBA_Human_Atlas+HMBA_Human_Atlas_BN_BF,ARC-ATAC,1385481462,B8XM_240802_01_B01,R8XA-24081304,ATX-26002,10000,Nuclei,1061736689,L8XA_240802_01_F06,2357_B03,human,Homo Sapiens,1383655503,NYGC
NY-AT26002-12,10xATAC_Mult,HMBA_Human_Atlas+HMBA_Human_Atlas_BN_BF,ARC-ATAC,1385481464,B8XM_240802_01_C01,R8XA-24081304,ATX-26002,10000,Nuclei,1061736689,L8XA_240802_01_G06,2357_C03,human,Homo Sapiens,1383655502,NYGC
NY-AT26002-13,10xATAC_Mult,BG_paper_Human+HMBA_Human_Atlas+HMBA_Human_Atlas_BN_BF,ARC-ATAC,1385481467,B8XM_240802_01_D01,R8XA-24081304,ATX-26002,10000,Nuclei,1061736689,L8XA_240802_01_H06,2357_D03,human,Homo Sapiens,1384764373,NYGC
NY-AT26002-14,10xATAC_Mult,BG_paper_Human+HMBA_Human_Atlas+HMBA_Human_Atlas_BN_BF,ARC-ATAC,1385481469,B8XM_240802_01_E01,R8XA-24081304,ATX-26002,10000,Nuclei,1061736689,L8XA_240802_01_A07,2357_E03,human,Homo Sapiens,1384764372,NYGC
NY-AT26002-15,10xATAC_Mult,BG_paper_Human+HMBA_Human_Atlas+HMBA_Human_Atlas_BN_BF,ARC-ATAC,1385481471,B8XM_240802_01_F01,R8XA-24081304,ATX-26002,10000,Nuclei,1061736689,L8XA_240802_01_B07,2357_F03,human,Homo Sapiens,1384764371,NYGC
NY-AT26002-16,10xATAC_Mult,HMBA_Cross_Species,ARC-ATAC,1385481482,B8XM_240802_01_B02,R8XA-24081304,ATX-26002,10000,Nuclei,1061736689,L8XA_240802_01_A08,2360_A04,opossum,Monodelphis domestica,1384172873,NYGC
NY-AT26002-17,10xATAC_Mult,HMBA_Cross_Species,ARC-ATAC,1385481484,B8XM_240802_01_C02,R8XA-24081304,ATX-26002,3105,Nuclei,1061736689,L8XA_240802_01_D06,2360_B04,opossum,Monodelphis domestica,1384178887,NYGC
NY-AT26002-18,10xATAC_Mult,BG_paper_Human+HMBA_Human_Atlas+HMBA_Human_Atlas_BN_BF,ARC-ATAC,1385481491,B8XM_240802_01_F02,R8XA-24081304,ATX-26002,10000,Nuclei,1061736689,L8XA_240802_01_C07,2362_A05,human,Homo Sapiens,1385052546,NYGC
NY-AT26002-19,10xATAC_Mult,HMBA_Human_Atlas+HMBA_Human_Atlas_BN_BF,ARC-ATAC,1385481494,B8XM_240802_01_G02,R8XA-24081304,ATX-26002,10000,Nuclei,1061736689,L8XA_240802_01_D07,2362_B05,human,Homo Sapiens,1385052545,NYGC
NY-AT26002-2,10xATAC_Mult,HMBA_Cross_Species,ARC-ATAC,1379697793,B8XM_240705_01_F02,R8XA-24081304,ATX-26002,10000,Nuclei,1061736689,L8XA_240730_01_G04,2310_D06,gray_mouse_lemur,Microcebus murinus,1378671890,NYGC
NY-AT26002-20,10xATAC_Mult,BG_paper_Human+HMBA_Human_Atlas+HMBA_Human_Atlas_BN_BF,ARC-ATAC,1385481496,B8XM_240802_01_H02,R8XA-24081304,ATX-26002,10000,Nuclei,1061736689,L8XA_240802_01_E07,2362_1_D05,human,Homo Sapiens,1385052543,NYGC
NY-AT26002-21,10xATAC_Mult,BICAN_Dev_Atlas+BICAN_Dev_P8,ARC-ATAC,1385480892,B8XM_240806_01_A01,R8XA-24081304,ATX-26002,10000,Nuclei,1061736689,L8XA_240806_01_G09,2364_A06,mouse,Mus musculus,1385067171,NYGC
NY-AT26002-22,10xATAC_Mult,BICAN_Dev_Atlas+BICAN_Dev_P8,ARC-ATAC,1385480894,B8XM_240806_01_B01,R8XA-24081304,ATX-26002,10000,Nuclei,1061736689,L8XA_240806_01_H09,2364_B06,mouse,Mus musculus,1385067172,NYGC
NY-AT26002-23,10xATAC_Mult,BICAN_Dev_Atlas+BICAN_Dev_P8,ARC-ATAC,1385480896,B8XM_240806_01_C01,R8XA-24081304,ATX-26002,10000,Nuclei,1061736689,L8XA_240806_01_A10,2364_C06,mouse,Mus musculus,1385067174,NYGC
NY-AT26002-3,10xATAC_Mult,BG_paper_Human+HMBA_Human_Atlas+HMBA_Human_Atlas_BN_BF,ARC-ATAC,1383942433,B8XM_240730_01_H02,R8XA-24081304,ATX-26002,10000,Nuclei,1061736689,L8XA_240802_01_C06,2349_B08,human,Homo Sapiens,1382643887,NYGC
NY-AT26002-4,10xATAC_Mult,BICAN_Dev_Atlas+BICAN_Dev_P28,ARC-ATAC,1383942440,B8XM_240730_01_B03,R8XA-24081304,ATX-26002,10000,Nuclei,1061736689,L8XA_240730_01_F05,2354_A01,mouse,Mus musculus,1383648093,NYGC
NY-AT26002-5,10xATAC_Mult,BICAN_Dev_Atlas+BICAN_Dev_P28,ARC-ATAC,1383942443,B8XM_240730_01_C03,R8XA-24081304,ATX-26002,10000,Nuclei,1061736689,L8XA_240730_01_G05,2354_B01,mouse,Mus musculus,1383648094,NYGC
NY-AT26002-6,10xATAC_Mult,BICAN_Dev_Atlas+BICAN_Dev_P28,ARC-ATAC,1383942446,B8XM_240730_01_D03,R8XA-24081304,ATX-26002,10000,Nuclei,1061736689,L8XA_240730_01_H05,2354_C01,mouse,Mus musculus,1383648095,NYGC
NY-AT26002-7,10xATAC_Mult,BG_paper_Human+HMBA_Human_Atlas+HMBA_Human_Atlas_BN_BF,ARC-ATAC,1383942450,B8XM_240730_01_E03,R8XA-24081304,ATX-26002,10000,Nuclei,1061736689,L8XA_240730_01_A04,2355_A02,human,Homo Sapiens,1383714742,NYGC
NY-AT26002-8,10xATAC_Mult,HMBA_Human_Atlas+HMBA_Human_Atlas_BN_BF,ARC-ATAC,1383942452,B8XM_240730_01_F03,R8XA-24081304,ATX-26002,10000,Nuclei,1061736689,L8XA_240730_01_B04,2355_B02,human,Homo Sapiens,1383714741,NYGC
NY-AT26002-9,10xATAC_Mult,BG_paper_Human+HMBA_Human_Atlas+HMBA_Human_Atlas_BN_BF,ARC-ATAC,1383942455,B8XM_240730_01_G03,R8XA-24081304,ATX-26002,10000,Nuclei,1061736689,L8XA_240730_01_C04,2355_C02,human,Homo Sapiens,1383714740,NYGC
NY-AT26003-1,10xATAC_Mult,BICAN_Dev_Atlas+BICAN_Dev_P8,ARC-ATAC,1385480898,B8XM_240806_01_D01,R8XA-24082004,ATX-26003,10000,Nuclei,1061736689,L8XA_240806_01_E08,2364_D06,mouse,Mus musculus,1385067175,NYGC
NY-AT26003-10,10xATAC_Mult,BG_paper_Human+HMBA_Human_Atlas+HMBA_Human_Atlas_BN_BF,ARC-ATAC,1386756677,B8XM_240809_01_A01,R8XA-24082004,ATX-26003,10000,Nuclei,1061736689,L8XA_240809_01_E10,2370_A03,human,Homo Sapiens,1385060220,NYGC
NY-AT26003-11,10xATAC_Mult,BG_paper_Human+HMBA_Human_Atlas+HMBA_Human_Atlas_BN_BF,ARC-ATAC,1386756679,B8XM_240809_01_B01,R8XA-24082004,ATX-26003,10000,Nuclei,1061736689,L8XA_240809_01_F10,2370_B03,human,Homo Sapiens,1385060219,NYGC
NY-AT26003-12,10xATAC_Mult,BG_paper_Human+HMBA_Human_Atlas+HMBA_Human_Atlas_BN_BF,ARC-ATAC,1386756681,B8XM_240809_01_C01,R8XA-24082004,ATX-26003,10000,Nuclei,1061736689,L8XA_240809_01_C11,2370_C03,human,Homo Sapiens,1385060218,NYGC
NY-AT26003-13,10xATAC_Mult,HMBA_Cross_Species,ARC-ATAC,1386756684,B8XM_240809_01_D01,R8XA-24082004,ATX-26003,10000,Nuclei,1061736689,L8XA_240809_01_D11,2373_A05,opossum,Monodelphis domestica,1385275510,NYGC
NY-AT26003-14,10xATAC_Mult,HMBA_Cross_Species,ARC-ATAC,1386756686,B8XM_240809_01_E01,R8XA-24082004,ATX-26003,10000,Nuclei,1061736689,L8XA_240809_01_E11,2373_B05,opossum,Monodelphis domestica,1385275829,NYGC
NY-AT26003-15,10xATAC_Mult,BG_paper_Human+HMBA_Human_Atlas+HMBA_Human_Atlas_BN_BF,ARC-ATAC,1386756688,B8XM_240809_01_F01,R8XA-24082004,ATX-26003,10000,Nuclei,1061736689,L8XA_240809_01_F11,2372_A04,human,Homo Sapiens,1386446658,NYGC
NY-AT26003-16,10xATAC_Mult,BG_paper_Human+HMBA_Human_Atlas+HMBA_Human_Atlas_BN_BF,ARC-ATAC,1386756691,B8XM_240809_01_G01,R8XA-24082004,ATX-26003,10000,Nuclei,1061736689,L8XA_240809_01_G10,2372_B04,human,Homo Sapiens,1386446659,NYGC
NY-AT26003-17,10xATAC_Mult,BG_paper_Human+HMBA_Human_Atlas+HMBA_Human_Atlas_BN_BF,ARC-ATAC,1386756693,B8XM_240809_01_H01,R8XA-24082004,ATX-26003,10000,Nuclei,1061736689,L8XA_240809_01_H10,2372_C04,human,Homo Sapiens,1386446661,NYGC
NY-AT26003-18,10xATAC_Mult,BG_paper_Human+HMBA_Human_Atlas+HMBA_Human_Atlas_BN_BF,ARC-ATAC,1386756701,B8XM_240809_01_D02,R8XA-24082004,ATX-26003,10000,Nuclei,1061736689,L8XA_240809_01_B12,2377_A07,human,Homo Sapiens,1385504333,NYGC
NY-AT26003-19,10xATAC_Mult,HMBA_Human_Atlas+HMBA_Human_Atlas_BN_BF,ARC-ATAC,1386756704,B8XM_240809_01_E02,R8XA-24082004,ATX-26003,10000,Nuclei,1061736689,L8XA_240809_01_A11,2377_B07,human,Homo Sapiens,1385504334,NYGC
NY-AT26003-2,10xATAC_Mult,HMBA_Cross_Species,ARC-ATAC,1385480900,B8XM_240806_01_E01,R8XA-24082004,ATX-26003,10000,Nuclei,1061736689,L8XA_240806_01_E09,2365_A07,opossum,Monodelphis domestica,1384200236,NYGC
NY-AT26003-20,10xATAC_Mult,HMBA_Human_Atlas+HMBA_Human_Atlas_BN_BF,ARC-ATAC,1386756706,B8XM_240809_01_F02,R8XA-24082004,ATX-26003,10000,Nuclei,1061736689,L8XA_240809_01_B11,2377_C07,human,Homo Sapiens,1385504335,NYGC
NY-AT26003-3,10xATAC_Mult,HMBA_Cross_Species,ARC-ATAC,1385480903,B8XM_240806_01_F01,R8XA-24082004,ATX-26003,10000,Nuclei,1061736689,L8XA_240806_01_F09,2365_B07,opossum,Monodelphis domestica,1384767472,NYGC
NY-AT26003-4,10xATAC_Mult,BG_paper_Human+HMBA_Human_Atlas+HMBA_Human_Atlas_BN_BF,ARC-ATAC,1385480906,B8XM_240806_01_G01,R8XA-24082004,ATX-26003,10000,Nuclei,1061736689,L8XA_240806_01_F08,2368_A02,human,Homo Sapiens,1385011518,NYGC
NY-AT26003-5,10xATAC_Mult,BG_paper_Human+HMBA_Human_Atlas+HMBA_Human_Atlas_BN_BF,ARC-ATAC,1385480908,B8XM_240806_01_H01,R8XA-24082004,ATX-26003,10000,Nuclei,1061736689,L8XA_240806_01_G08,2368_B02,human,Homo Sapiens,1385011517,NYGC
NY-AT26003-6,10xATAC_Mult,BG_paper_Human+HMBA_Human_Atlas+HMBA_Human_Atlas_BN_BF,ARC-ATAC,1385480911,B8XM_240806_01_A02,R8XA-24082004,ATX-26003,10000,Nuclei,1061736689,L8XA_240806_01_H08,2368_C02,human,Homo Sapiens,1385011516,NYGC
NY-AT26003-7,10xATAC_Mult,HMBA_Human_Atlas+HMBA_Human_Atlas_BN_BF,ARC-ATAC,1385480913,B8XM_240806_01_B02,R8XA-24082004,ATX-26003,10000,Nuclei,1061736689,L8XA_240806_01_A09,2368_D02,human,Homo Sapiens,1384820087,NYGC
NY-AT26003-8,10xATAC_Mult,HMBA_Human_Atlas+HMBA_Human_Atlas_BN_BF,ARC-ATAC,1385480915,B8XM_240806_01_C02,R8XA-24082004,ATX-26003,10000,Nuclei,1061736689,L8XA_240806_01_B09,2368_E02,human,Homo Sapiens,1384820086,NYGC
NY-AT26003-9,10xATAC_Mult,BG_paper_Human+HMBA_Human_Atlas+HMBA_Human_Atlas_BN_BF,ARC-ATAC,1385480917,B8XM_240806_01_D02,R8XA-24082004,ATX-26003,10000,Nuclei,1061736689,L8XA_240806_01_D09,2368_F02,human,Homo Sapiens,1384820085,NYGC
NY-AT26004-1,10xATAC_Mult,HMBA_Cross_Species,ARC-ATAC,1387321505,B8XM_240813_01_D01,R8XA-24082704,ATX-26004,10000,Nuclei,1061736689,L8XA_240813_01_G01,2381_A09,pig,Sus scrofa,1386572563,NYGC
NY-AT26004-10,10xATAC_Mult,HMBA_Human_Atlas+HMBA_Human_Atlas_THM,ARC-ATAC,1388739595,B8XM_240816_01_B01,R8XA-24082704,ATX-26004,10000,Nuclei,1061736689,L8XA_240816_01_H02,2387_B03,human,Homo Sapiens,1387995807,NYGC
NY-AT26004-11,10xATAC_Mult,HMBA_Human_Atlas+HMBA_Human_Atlas_THM,ARC-ATAC,1388739599,B8XM_240816_01_C01,R8XA-24082704,ATX-26004,10000,Nuclei,1061736689,L8XA_240816_01_D02,2387_C03,human,Homo Sapiens,1387995806,NYGC
NY-AT26004-12,10xATAC_Mult,BG_paper_Human+HMBA_Human_Atlas+HMBA_Human_Atlas_M,ARC-ATAC,1388739605,B8XM_240816_01_D01,R8XA-24082704,ATX-26004,10000,Nuclei,1061736689,L8XA_240816_01_A02,2389_A04,human,Homo Sapiens,1387958884,NYGC
NY-AT26004-13,10xATAC_Mult,HMBA_Human_Atlas+HMBA_Human_Atlas_M,ARC-ATAC,1388739609,B8XM_240816_01_E01,R8XA-24082704,ATX-26004,10000,Nuclei,1061736689,L8XA_240816_01_E02,2389_1_C04,human,Homo Sapiens,1387959392,NYGC
NY-AT26004-14,10xATAC_Mult,BG_paper_Human+HMBA_Human_Atlas+HMBA_Human_Atlas_M,ARC-ATAC,1388739634,B8XM_240816_01_C02,R8XA-24082704,ATX-26004,4316,Nuclei,1061736689,L8XA_240816_01_C02,2393_C06,human,Homo Sapiens,1388438573,NYGC
NY-AT26004-15,10xATAC_Mult,HMBA_Cross_Species,ARC-ATAC,1388660669,B8XM_240820_01_A01,R8XA-24082704,ATX-26004,10000,Nuclei,1061736689,L8XA_240820_01_G03,2396_A08,chimp,Pan troglodytes,1388175253,NYGC
NY-AT26004-16,10xATAC_Mult,HMBA_Cross_Species,ARC-ATAC,1388660672,B8XM_240820_01_B01,R8XA-24082704,ATX-26004,10000,Nuclei,1061736689,L8XA_240820_01_H03,2396_B08,chimp,Pan troglodytes,1388175534,NYGC
NY-AT26004-17,10xATAC_Mult,HMBA_Cross_Species,ARC-ATAC,1388660675,B8XM_240820_01_C01,R8XA-24082704,ATX-26004,10000,Nuclei,1061736689,L8XA_240820_01_A04,2396_C08,chimp,Pan troglodytes,1388176578,NYGC
NY-AT26004-18,10xATAC_Mult,BICAN_Dev_Atlas+BICAN_Dev_P14,ARC-ATAC,1388660677,B8XM_240820_01_D01,R8XA-24082704,ATX-26004,10000,Nuclei,1061736689,L8XA_240820_01_B04,2398_A01,mouse,Mus musculus,1388426443,NYGC
NY-AT26004-19,10xATAC_Mult,BICAN_Dev_Atlas+BICAN_Dev_P14,ARC-ATAC,1388660679,B8XM_240820_01_E01,R8XA-24082704,ATX-26004,10000,Nuclei,1061736689,L8XA_240820_01_C04,2398_B01,mouse,Mus musculus,1388426444,NYGC
NY-AT26004-2,10xATAC_Mult,HMBA_Cross_Species,ARC-ATAC,1387321507,B8XM_240813_01_E01,R8XA-24082704,ATX-26004,10000,Nuclei,1061736689,L8XA_240813_01_A01,2381_B09,pig,Sus scrofa,1386572721,NYGC
NY-AT26004-20,10xATAC_Mult,BICAN_Dev_Atlas+BICAN_Dev_P14,ARC-ATAC,1388660681,B8XM_240820_01_F01,R8XA-24082704,ATX-26004,10000,Nuclei,1061736689,L8XA_240820_01_D04,2398_C01,mouse,Mus musculus,1388426445,NYGC
NY-AT26004-21,10xATAC_Mult,BICAN_Dev_Atlas+BICAN_Dev_P14,ARC-ATAC,1388660684,B8XM_240820_01_G01,R8XA-24082704,ATX-26004,10000,Nuclei,1061736689,L8XA_240820_01_E04,2398_D01,mouse,Mus musculus,1388426446,NYGC
NY-AT26004-3,10xATAC_Mult,BG_paper_Human+HMBA_Human_Atlas+HMBA_Human_Atlas_BN_BF,ARC-ATAC,1387321523,B8XM_240813_01_A02,R8XA-24082704,ATX-26004,10000,Nuclei,1061736689,L8XA_240813_01_C01,2386_A02,human,Homo Sapiens,1387303135,NYGC
NY-AT26004-4,10xATAC_Mult,HMBA_Human_Atlas+HMBA_Human_Atlas_THM,ARC-ATAC,1387321525,B8XM_240813_01_B02,R8XA-24082704,ATX-26004,10000,Nuclei,1061736689,L8XA_240813_01_D12,2386_B02,human,Homo Sapiens,1387303134,NYGC
NY-AT26004-5,10xATAC_Mult,HMBA_Human_Atlas+HMBA_Human_Atlas_THM,ARC-ATAC,1387321527,B8XM_240813_01_C02,R8XA-24082704,ATX-26004,10000,Nuclei,1061736689,L8XA_240813_01_E12,2386_C02,human,Homo Sapiens,1387303133,NYGC
NY-AT26004-6,10xATAC_Mult,HMBA_Human_Atlas+HMBA_Human_Atlas_THM,ARC-ATAC,1387321530,B8XM_240813_01_D02,R8XA-24082704,ATX-26004,10000,Nuclei,1061736689,L8XA_240813_01_F12,2386_D02,human,Homo Sapiens,1386452668,NYGC
NY-AT26004-7,10xATAC_Mult,HMBA_Human_Atlas+HMBA_Human_Atlas_THM,ARC-ATAC,1387321533,B8XM_240813_01_E02,R8XA-24082704,ATX-26004,10000,Nuclei,1061736689,L8XA_240813_01_G12,2386_E02,human,Homo Sapiens,1386452669,NYGC
NY-AT26004-8,10xATAC_Mult,HMBA_Human_Atlas+HMBA_Human_Atlas_THM,ARC-ATAC,1387321540,B8XM_240813_01_F02,R8XA-24082704,ATX-26004,10000,Nuclei,1061736689,L8XA_240813_01_H12,2386_F02,human,Homo Sapiens,1386452670,NYGC
NY-AT26004-9,10xATAC_Mult,HMBA_Human_Atlas+HMBA_Human_Atlas_THM,ARC-ATAC,1388739591,B8XM_240816_01_A01,R8XA-24082704,ATX-26004,10000,Nuclei,1061736689,L8XA_240816_01_G02,2387_A03,human,Homo Sapiens,1387995808,NYGC
NY-AT26005-1,10xATAC_Mult,HMBA_Human_Atlas+HMBA_Human_Atlas_Cx,ARC-ATAC,1388739627,B8XM_240816_01_A02,R8XA-24090404,ATX-26005,3105,Nuclei,1061736689,L8XA_240823_01_B05,2393_A06,human,Homo Sapiens,1388438575,NYGC
NY-AT26005-10,10xATAC_Mult,HMBA_Cross_Species,ARC-ATAC,1390012553,B8XM_240823_01_B01,R8XA-24090404,ATX-26005,6055,Nuclei,1061736689,L8XA_240823_01_B06,2403_B04,rat,Rattus norvegicus,1389765434,NYGC
NY-AT26005-11,10xATAC_Mult,BICAN_Dev_Atlas+BICAN_Dev_P8,ARC-ATAC,1390012555,B8XM_240823_01_C01,R8XA-24090404,ATX-26005,10000,Nuclei,1061736689,L8XA_240823_01_C06,2405_A05,mouse,Mus musculus,1388446521,NYGC
NY-AT26005-12,10xATAC_Mult,BICAN_Dev_Atlas+BICAN_Dev_P8,ARC-ATAC,1390012557,B8XM_240823_01_D01,R8XA-24090404,ATX-26005,10000,Nuclei,1061736689,L8XA_240823_01_D06,2405_B05,mouse,Mus musculus,1388446523,NYGC
NY-AT26005-13,10xATAC_Mult,BICAN_Dev_Atlas+BICAN_Dev_P8,ARC-ATAC,1390012559,B8XM_240823_01_E01,R8XA-24090404,ATX-26005,10000,Nuclei,1061736689,L8XA_240823_01_E06,2405_C05,mouse,Mus musculus,1388446524,NYGC
NY-AT26005-14,10xATAC_Mult,BICAN_Dev_Atlas+BICAN_Dev_P8,ARC-ATAC,1390012561,B8XM_240823_01_F01,R8XA-24090404,ATX-26005,10000,Nuclei,1061736689,L8XA_240823_01_F06,2405_D05,mouse,Mus musculus,1388446525,NYGC
NY-AT26005-15,10xATAC_Mult,HMBA_Human_Atlas+HMBA_Human_Atlas_M,ARC-ATAC,1390012564,B8XM_240823_01_G01,R8XA-24090404,ATX-26005,10000,Nuclei,1061736689,L8XA_240823_01_D05,2407_A06,human,Homo Sapiens,1388921486,NYGC
NY-AT26005-16,10xATAC_Mult,HMBA_Human_Atlas+HMBA_Human_Atlas_M,ARC-ATAC,1390012566,B8XM_240823_01_H01,R8XA-24090404,ATX-26005,10000,Nuclei,1061736689,L8XA_240823_01_C05,2407_B06,human,Homo Sapiens,1388921485,NYGC
NY-AT26005-17,10xATAC_Mult,HMBA_Human_Atlas+HMBA_Human_Atlas_M,ARC-ATAC,1390012571,B8XM_240823_01_A02,R8XA-24090404,ATX-26005,10000,Nuclei,1061736689,L8XA_240823_01_E05,2407_C06,human,Homo Sapiens,1388921484,NYGC
NY-AT26005-18,10xATAC_Mult,HMBA_Human_Atlas+HMBA_Human_Atlas_M,ARC-ATAC,1390012573,B8XM_240823_01_B02,R8XA-24090404,ATX-26005,7981,Nuclei,1061736689,L8XA_240823_01_F05,2411_A07,human,Homo Sapiens,1389754774,NYGC
NY-AT26005-19,10xATAC_Mult,HMBA_Human_Atlas+HMBA_Human_Atlas_M,ARC-ATAC,1390012575,B8XM_240823_01_C02,R8XA-24090404,ATX-26005,10000,Nuclei,1061736689,L8XA_240823_01_G05,2411_B07,human,Homo Sapiens,1389754773,NYGC
NY-AT26005-2,10xATAC_Mult,HMBA_Human_Atlas+HMBA_Human_Atlas_Cx,ARC-ATAC,1388739631,B8XM_240816_01_B02,R8XA-24090404,ATX-26005,2335,Nuclei,1061736689,L8XA_240823_01_A05,2393_B06,human,Homo Sapiens,1388438574,NYGC
NY-AT26005-20,10xATAC_Mult,HMBA_Human_Atlas+HMBA_Human_Atlas_M,ARC-ATAC,1390012578,B8XM_240823_01_D02,R8XA-24090404,ATX-26005,10000,Nuclei,1061736689,L8XA_240823_01_H05,2411_C07,human,Homo Sapiens,1389754772,NYGC
NY-AT26005-21,10xATAC_Mult,HMBA_Cross_Species,ARC-ATAC,1390346896,B8XM_240827_01_A01,R8XA-24090404,ATX-26005,3183,Nuclei,1061736689,L8XA_240827_01_G06,2412_A08,rat,Rattus norvegicus,1389765780,NYGC
NY-AT26005-22,10xATAC_Mult,HMBA_Cross_Species,ARC-ATAC,1390346898,B8XM_240827_01_B01,R8XA-24090404,ATX-26005,2950,Nuclei,1061736689,L8XA_240827_01_H06,2412_B08,rat,Rattus norvegicus,1389766072,NYGC
NY-AT26005-23,10xATAC_Mult,BG_paper_Human+HMBA_Human_Atlas+HMBA_Human_Atlas_M,ARC-ATAC,1390346900,B8XM_240827_01_C01,R8XA-24090404,ATX-26005,10000,Nuclei,1061736689,L8XA_240827_01_A07,2414_A01,human,Homo Sapiens,1389791615,NYGC
NY-AT26005-24,10xATAC_Mult,HMBA_Human_Atlas+HMBA_Human_Atlas_M,ARC-ATAC,1390346902,B8XM_240827_01_D01,R8XA-24090404,ATX-26005,10000,Nuclei,1061736689,L8XA_240827_01_C07,2414_B01,human,Homo Sapiens,1389791614,NYGC
NY-AT26005-25,10xATAC_Mult,HMBA_Human_Atlas+HMBA_Human_Atlas_M,ARC-ATAC,1390346905,B8XM_240827_01_E01,R8XA-24090404,ATX-26005,10000,Nuclei,1061736689,L8XA_240827_01_D07,2414_C01,human,Homo Sapiens,1389791613,NYGC
NY-AT26005-3,10xATAC_Mult,HMBA_Human_Atlas+HMBA_Human_Atlas_M,ARC-ATAC,1388660686,B8XM_240820_01_H01,R8XA-24090404,ATX-26005,10000,Nuclei,1061736689,L8XA_240820_01_D03,2399_A02,human,Homo Sapiens,1387997603,NYGC
NY-AT26005-4,10xATAC_Mult,HMBA_Human_Atlas+HMBA_Human_Atlas_M,ARC-ATAC,1388660689,B8XM_240820_01_A02,R8XA-24090404,ATX-26005,10000,Nuclei,1061736689,L8XA_240820_01_E03,2399_B02,human,Homo Sapiens,1387997601,NYGC
NY-AT26005-5,10xATAC_Mult,HMBA_Human_Atlas+HMBA_Human_Atlas_M,ARC-ATAC,1388660692,B8XM_240820_01_B02,R8XA-24090404,ATX-26005,10000,Nuclei,1061736689,L8XA_240820_01_F03,2399_C02,human,Homo Sapiens,1387997599,NYGC
NY-AT26005-6,10xATAC_Mult,HMBA_Human_Atlas+HMBA_Human_Atlas_Cx,ARC-ATAC,1388660695,B8XM_240820_01_C02,R8XA-24090404,ATX-26005,10000,Nuclei,1061736689,L8XA_240820_01_F04,2399_D02,human,Homo Sapiens,1388444083,NYGC
NY-AT26005-7,10xATAC_Mult,HMBA_Human_Atlas+HMBA_Human_Atlas_Cx,ARC-ATAC,1388660697,B8XM_240820_01_D02,R8XA-24090404,ATX-26005,10000,Nuclei,1061736689,L8XA_240820_01_G04,2399_E02,human,Homo Sapiens,1388444084,NYGC
NY-AT26005-8,10xATAC_Mult,HMBA_Human_Atlas+HMBA_Human_Atlas_Cx,ARC-ATAC,1388660699,B8XM_240820_01_E02,R8XA-24090404,ATX-26005,10000,Nuclei,1061736689,L8XA_240820_01_H04,2399_F02,human,Homo Sapiens,1388444085,NYGC
NY-AT26005-9,10xATAC_Mult,HMBA_Cross_Species,ARC-ATAC,1390012551,B8XM_240823_01_A01,R8XA-24090404,ATX-26005,10000,Nuclei,1061736689,L8XA_240823_01_A06,2403_A04,rat,Rattus norvegicus,1389765125,NYGC
NY-AT26006-1,10xATAC_Mult,HMBA_Human_Atlas+HMBA_Human_Atlas_M,ARC-ATAC,1390346907,B8XM_240827_01_F01,R8XA-24091704,ATX-26006,10000,Nuclei,1061736689,L8XA_240827_01_E07,2414_D01,human,Homo Sapiens,1389761114,NYGC
NY-AT26006-10,10xATAC_Mult,HMBA_Human_Atlas+HMBA_Human_Atlas_M,ARC-ATAC,1391828023,B8XM_240830_01_B02,R8XA-24091704,ATX-26006,10000,Nuclei,1061736689,L8XA_240830_01_B08,2422_B05,human,Homo Sapiens,1390382196,NYGC
NY-AT26006-11,10xATAC_Mult,HMBA_Human_Atlas+HMBA_Human_Atlas_M,ARC-ATAC,1391828025,B8XM_240830_01_C02,R8XA-24091704,ATX-26006,10000,Nuclei,1061736689,L8XA_240830_01_C08,2422_C05,human,Homo Sapiens,1390382195,NYGC
NY-AT26006-12,10xATAC_Mult,HMBA_Cross_Species,ARC-ATAC,1393531416,B8XM_240906_01_A01,R8XA-24091704,ATX-26006,1863,Nuclei,1061736689,L8XA_240906_01_D09,2425_A06,treeshrew,Tupaia belangeri,1392073296,NYGC
NY-AT26006-13,10xATAC_Mult,HMBA_Cross_Species,ARC-ATAC,1393531420,B8XM_240906_01_B01,R8XA-24091704,ATX-26006,3882,Nuclei,1061736689,L8XA_240906_01_E09,2425_B06,treeshrew,Tupaia belangeri,1392073376,NYGC
NY-AT26006-14,10xATAC_Mult,HMBA_Cross_Species,ARC-ATAC,1393531422,B8XM_240906_01_C01,R8XA-24091704,ATX-26006,3882,Nuclei,1061736689,L8XA_240906_01_F09,2425_C06,treeshrew,Tupaia belangeri,1392073377,NYGC
NY-AT26006-15,10xATAC_Mult,HMBA_Cross_Species,ARC-ATAC,1393531432,B8XM_240906_01_G01,R8XA-24091704,ATX-26006,10000,Nuclei,1061736689,L8XA_240906_01_A11,2431_A02,treeshrew,Tupaia belangeri,1392077071,NYGC
NY-AT26006-16,10xATAC_Mult,HMBA_Cross_Species,ARC-ATAC,1393531434,B8XM_240906_01_H01,R8XA-24091704,ATX-26006,10000,Nuclei,1061736689,L8XA_240906_01_B11,2431_B02,treeshrew,Tupaia belangeri,1392077072,NYGC
NY-AT26006-17,10xATAC_Mult,HMBA_Cross_Species,ARC-ATAC,1393531436,B8XM_240906_01_A02,R8XA-24091704,ATX-26006,4347,Nuclei,1061736689,L8XA_240906_01_G09,2431_C02,treeshrew,Tupaia belangeri,1392077143,NYGC
NY-AT26006-18,10xATAC_Mult,BICAN_Dev_Atlas+BICAN_Dev_P8,ARC-ATAC,1393531440,B8XM_240906_01_B02,R8XA-24091704,ATX-26006,10000,Nuclei,1061736689,L8XA_240906_01_C11,2432_A03,mouse,Mus musculus,1392117680,NYGC
NY-AT26006-19,10xATAC_Mult,BICAN_Dev_Atlas+BICAN_Dev_P8,ARC-ATAC,1393531442,B8XM_240906_01_C02,R8XA-24091704,ATX-26006,10000,Nuclei,1061736689,L8XA_240906_01_D11,2432_B03,mouse,Mus musculus,1392117681,NYGC
NY-AT26006-2,10xATAC_Mult,BG_paper_Human+HMBA_Human_Atlas+HMBA_Human_Atlas_M,ARC-ATAC,1390346909,B8XM_240827_01_G01,R8XA-24091704,ATX-26006,10000,Nuclei,1061736689,L8XA_240827_01_B07,2414_E01,human,Homo Sapiens,1389761113,NYGC
NY-AT26006-20,10xATAC_Mult,BICAN_Dev_Atlas+BICAN_Dev_P8,ARC-ATAC,1393531444,B8XM_240906_01_D02,R8XA-24091704,ATX-26006,10000,Nuclei,1061736689,L8XA_240906_01_E11,2432_D03,mouse,Mus musculus,1392117683,NYGC
NY-AT26006-21,10xATAC_Mult,BICAN_Dev_Atlas+BICAN_Dev_P8,ARC-ATAC,1393531446,B8XM_240906_01_E02,R8XA-24091704,ATX-26006,10000,Nuclei,1061736689,L8XA_240906_01_F11,2432_1_E03,mouse,Mus musculus,1392117684,NYGC
NY-AT26006-22,10xATAC_Mult,HMBA_Human_Atlas+HMBA_Human_Atlas_M,ARC-ATAC,1393531449,B8XM_240906_01_F02,R8XA-24091704,ATX-26006,10000,Nuclei,1061736689,L8XA_240906_01_A10,2433_C04,human,Homo Sapiens,1392900657,NYGC
NY-AT26006-23,10xATAC_Mult,HMBA_Human_Atlas+HMBA_Human_Atlas_M,ARC-ATAC,1393531452,B8XM_240906_01_G02,R8XA-24091704,ATX-26006,10000,Nuclei,1061736689,L8XA_240906_01_B10,2433_D04,human,Homo Sapiens,1392093943,NYGC
NY-AT26006-24,10xATAC_Mult,HMBA_Human_Atlas+HMBA_Human_Atlas_M,ARC-ATAC,1393531454,B8XM_240906_01_H02,R8XA-24091704,ATX-26006,10000,Nuclei,1061736689,L8XA_240906_01_C10,2433_E04,human,Homo Sapiens,1392093942,NYGC
NY-AT26006-25,10xATAC_Mult,HMBA_Human_Atlas+HMBA_Human_Atlas_M,ARC-ATAC,1393531456,B8XM_240906_01_A03,R8XA-24091704,ATX-26006,10000,Nuclei,1061736689,L8XA_240906_01_D10,2433_F04,human,Homo Sapiens,1392093941,NYGC
NY-AT26006-3,10xATAC_Mult,HMBA_Human_Atlas+HMBA_Human_Atlas_M,ARC-ATAC,1390346913,B8XM_240827_01_H01,R8XA-24091704,ATX-26006,10000,Nuclei,1061736689,L8XA_240827_01_F07,2414_F01,human,Homo Sapiens,1389761112,NYGC
NY-AT26006-4,10xATAC_Mult,HMBA_Human_Atlas+HMBA_Human_Atlas_M,ARC-ATAC,1391827999,B8XM_240830_01_A01,R8XA-24091704,ATX-26006,10000,Nuclei,1061736689,L8XA_240830_01_F08,2415_A02,human,Homo Sapiens,1389788830,NYGC
NY-AT26006-5,10xATAC_Mult,HMBA_Human_Atlas+HMBA_Human_Atlas_M,ARC-ATAC,1391828003,B8XM_240830_01_B01,R8XA-24091704,ATX-26006,10000,Nuclei,1061736689,L8XA_240830_01_G08,2415_B02,human,Homo Sapiens,1389788829,NYGC
NY-AT26006-6,10xATAC_Mult,HMBA_Human_Atlas+HMBA_Human_Atlas_M,ARC-ATAC,1391828005,B8XM_240830_01_C01,R8XA-24091704,ATX-26006,10000,Nuclei,1061736689,L8XA_240830_01_H08,2415_C02,human,Homo Sapiens,1389788828,NYGC
NY-AT26006-7,10xATAC_Mult,HMBA_Cross_Species,ARC-ATAC,1391828015,B8XM_240830_01_G01,R8XA-24091704,ATX-26006,5124,Nuclei,1061736689,L8XA_240830_01_G07,2421_A04,rat,Rattus norvegicus,1390300263,NYGC
NY-AT26006-8,10xATAC_Mult,HMBA_Cross_Species,ARC-ATAC,1391828017,B8XM_240830_01_H01,R8XA-24091704,ATX-26006,2950,Nuclei,1061736689,L8XA_240830_01_H07,2421_B04,rat,Rattus norvegicus,1390300488,NYGC
NY-AT26006-9,10xATAC_Mult,HMBA_Human_Atlas+HMBA_Human_Atlas_M,ARC-ATAC,1391828019,B8XM_240830_01_A02,R8XA-24091704,ATX-26006,10000,Nuclei,1061736689,L8XA_240830_01_A08,2422_A05,human,Homo Sapiens,1390382197,NYGC
NY-AT26007-1,10xATAC_Mult,BG_paper_Human+HMBA_Human_Atlas+HMBA_Human_Atlas_M,ARC-ATAC,1393531459,B8XM_240906_01_B03,R8XA-24092403,ATX-26007,10000,Nuclei,1061736689,L8XA_240906_01_H09,2433_1_G04,human,Homo Sapiens,1392900653,NYGC
NY-AT26007-10,10xATAC_Mult,HMBA_Human_Atlas+HMBA_Human_Atlas_M,ARC-ATAC,1393892637,B8XM_240910_01_C02,R8XA-24092403,ATX-26007,10000,Nuclei,1061736689,L8XA_240910_01_G01,2435_F06,human,Homo Sapiens,1392934092,NYGC
NY-AT26007-11,10xATAC_Mult,HMBA_Human_Atlas+HMBA_Human_Atlas_M,ARC-ATAC,1393892647,B8XM_240910_01_G02,R8XA-24092403,ATX-26007,10000,Nuclei,1061736689,L8XA_240910_01_G11,2440_A02,human,Homo Sapiens,1392974759,NYGC
NY-AT26007-12,10xATAC_Mult,HMBA_Human_Atlas+HMBA_Human_Atlas_M,ARC-ATAC,1393892649,B8XM_240910_01_H02,R8XA-24092403,ATX-26007,10000,Nuclei,1061736689,L8XA_240910_01_H11,2440_B02,human,Homo Sapiens,1392974758,NYGC
NY-AT26007-13,10xATAC_Mult,BG_paper_Human+HMBA_Human_Atlas+HMBA_Human_Atlas_M,ARC-ATAC,1393892651,B8XM_240910_01_A03,R8XA-24092403,ATX-26007,10000,Nuclei,1061736689,L8XA_240910_01_B01,2440_1_D02,human,Homo Sapiens,1392974756,NYGC
NY-AT26007-14,10xATAC_Mult,HMBA_Human_Atlas+HMBA_Human_Atlas_H,ARC-ATAC,1395388588,B8XM_240917_01_F01,R8XA-24092403,ATX-26007,10000,Nuclei,1061736689,L8XA_240917_01_E03,2441_A03,human,Homo Sapiens,1393481758,NYGC
NY-AT26007-15,10xATAC_Mult,HMBA_Human_Atlas+HMBA_Human_Atlas_H,ARC-ATAC,1395388590,B8XM_240917_01_G01,R8XA-24092403,ATX-26007,10000,Nuclei,1061736689,L8XA_240917_01_F03,2441_B03,human,Homo Sapiens,1393481757,NYGC
NY-AT26007-16,10xATAC_Mult,HMBA_Human_Atlas+HMBA_Human_Atlas_H,ARC-ATAC,1395388592,B8XM_240917_01_H01,R8XA-24092403,ATX-26007,10000,Nuclei,1061736689,L8XA_240917_01_G03,2441_C03,human,Homo Sapiens,1393481756,NYGC
NY-AT26007-17,10xATAC_Mult,BICAN_Dev_Atlas+BICAN_Dev_P8,ARC-ATAC,1395389489,B8XM_240913_01_A01,R8XA-24092403,ATX-26007,10000,Nuclei,1061736689,L8XA_240913_01_H01,2442_A04,mouse,Mus musculus,1393563492,NYGC
NY-AT26007-18,10xATAC_Mult,BICAN_Dev_Atlas+BICAN_Dev_P8,ARC-ATAC,1395389491,B8XM_240913_01_B01,R8XA-24092403,ATX-26007,10000,Nuclei,1061736689,L8XA_240913_01_H02,2442_B04,mouse,Mus musculus,1393563493,NYGC
NY-AT26007-19,10xATAC_Mult,BICAN_Dev_Atlas+BICAN_Dev_P8,ARC-ATAC,1395389493,B8XM_240913_01_C01,R8XA-24092403,ATX-26007,10000,Nuclei,1061736689,L8XA_240913_01_A03,2442_C04,mouse,Mus musculus,1393563494,NYGC
NY-AT26007-2,10xATAC_Mult,HMBA_Human_Atlas+HMBA_Human_Atlas_M,ARC-ATAC,1393531462,B8XM_240906_01_C03,R8XA-24092403,ATX-26007,10000,Nuclei,1061736689,L8XA_240906_01_E10,2433_1_H04,human,Homo Sapiens,1392900652,NYGC
NY-AT26007-20,10xATAC_Mult,BICAN_Dev_Atlas+BICAN_Dev_P8,ARC-ATAC,1395389496,B8XM_240913_01_D01,R8XA-24092403,ATX-26007,10000,Nuclei,1061736689,L8XA_240913_01_B03,2442_D04,mouse,Mus musculus,1393563495,NYGC
NY-AT26007-21,10xATAC_Mult,HMBA_Cross_Species,ARC-ATAC,1395748891,B8XM_240913_02_A01,R8XA-24092403,ATX-26007,10000,Nuclei,1061736689,L8XA_240913_01_C03,2443_A05,ferret,Mustela putorius furo,1395748394,NYGC
NY-AT26007-22,10xATAC_Mult,HMBA_Cross_Species,ARC-ATAC,1395748893,B8XM_240913_02_B01,R8XA-24092403,ATX-26007,5823,Nuclei,1061736689,L8XA_240913_01_A02,2443_B05,ferret,Mustela putorius furo,1395748469,NYGC
NY-AT26007-3,10xATAC_Mult,HMBA_Cross_Species,ARC-ATAC,1393892621,B8XM_240910_01_D01,R8XA-24092403,ATX-26007,7764,Nuclei,1061736689,L8XA_240910_01_D12,2436_A07,ferret,Mustela putorius furo,1393528876,NYGC
NY-AT26007-4,10xATAC_Mult,HMBA_Cross_Species,ARC-ATAC,1393892623,B8XM_240910_01_E01,R8XA-24092403,ATX-26007,9860,Nuclei,1061736689,L8XA_240910_01_E12,2436_B07,ferret,Mustela putorius furo,1393529301,NYGC
NY-AT26007-5,10xATAC_Mult,HMBA_Human_Atlas+HMBA_Human_Atlas_M,ARC-ATAC,1393892625,B8XM_240910_01_F01,R8XA-24092403,ATX-26007,10000,Nuclei,1061736689,L8XA_240910_01_C01,2435_A06,human,Homo Sapiens,1392335088,NYGC
NY-AT26007-6,10xATAC_Mult,HMBA_Human_Atlas+HMBA_Human_Atlas_M,ARC-ATAC,1393892627,B8XM_240910_01_G01,R8XA-24092403,ATX-26007,10000,Nuclei,1061736689,L8XA_240910_01_D01,2435_B06,human,Homo Sapiens,1392335087,NYGC
NY-AT26007-7,10xATAC_Mult,HMBA_Human_Atlas+HMBA_Human_Atlas_M,ARC-ATAC,1393892629,B8XM_240910_01_H01,R8XA-24092403,ATX-26007,10000,Nuclei,1061736689,L8XA_240910_01_E01,2435_C06,human,Homo Sapiens,1392335085,NYGC
NY-AT26007-8,10xATAC_Mult,HMBA_Human_Atlas+HMBA_Human_Atlas_M,ARC-ATAC,1393892631,B8XM_240910_01_A02,R8XA-24092403,ATX-26007,10000,Nuclei,1061736689,L8XA_240910_01_F01,2435_D06,human,Homo Sapiens,1392934094,NYGC
NY-AT26007-9,10xATAC_Mult,BG_paper_Human+HMBA_Human_Atlas+HMBA_Human_Atlas_M,ARC-ATAC,1393892634,B8XM_240910_01_B02,R8XA-24092403,ATX-26007,10000,Nuclei,1061736689,L8XA_240910_01_A01,2435_E06,human,Homo Sapiens,1392934093,NYGC
NY-AT26008-1,10xATAC_Mult,HMBA_Human_Atlas+HMBA_Human_Atlas_H,ARC-ATAC,1395748895,B8XM_240913_02_C01,R8XA-24100107,ATX-26008,10000,Nuclei,1061736689,L8XA_240913_01_B02,2451_A09,human,Homo Sapiens,1394760305,NYGC
NY-AT26008-10,10xATAC_Mult,HMBA_Cross_Species,ARC-ATAC,1395388581,B8XM_240917_01_D01,R8XA-24100107,ATX-26008,10000,Nuclei,1061736689,L8XA_240917_01_C04,2449_A08,ferret,Mustela putorius furo,1394979182,NYGC
NY-AT26008-11,10xATAC_Mult,HMBA_Cross_Species,ARC-ATAC,1395388583,B8XM_240917_01_E01,R8XA-24100107,ATX-26008,10000,Nuclei,1061736689,L8XA_240917_01_D04,2449_B08,ferret,Mustela putorius furo,1394979422,NYGC
NY-AT26008-12,10xATAC_Mult,BG_paper_Human+HMBA_Human_Atlas+HMBA_Human_Atlas_BN_BF,ARC-ATAC,1395388601,B8XM_240917_01_D02,R8XA-24100107,ATX-26008,10000,Nuclei,1061736689,L8XA_240917_01_H04,2453_A02,human,Homo Sapiens,1394780501,NYGC
NY-AT26008-13,10xATAC_Mult,HMBA_Human_Atlas+HMBA_Human_Atlas_BN_BF,ARC-ATAC,1395388603,B8XM_240917_01_E02,R8XA-24100107,ATX-26008,10000,Nuclei,1061736689,L8XA_240917_01_A05,2453_B02,human,Homo Sapiens,1394780502,NYGC
NY-AT26008-14,10xATAC_Mult,HMBA_Human_Atlas+HMBA_Human_Atlas_HTH,ARC-ATAC,1395388605,B8XM_240917_01_F02,R8XA-24100107,ATX-26008,10000,Nuclei,1061736689,L8XA_240917_01_H03,2453_C02,human,Homo Sapiens,1394780503,NYGC
NY-AT26008-15,10xATAC_Mult,HMBA_Human_Atlas+HMBA_Human_Atlas_BN_BF,ARC-ATAC,1395388610,B8XM_240917_01_G02,R8XA-24100107,ATX-26008,10000,Nuclei,1061736689,L8XA_240917_01_B05,2453_D02,human,Homo Sapiens,1394761277,NYGC
NY-AT26008-16,10xATAC_Mult,HMBA_Human_Atlas+HMBA_Human_Atlas_Cx,ARC-ATAC,1395388612,B8XM_240917_01_H02,R8XA-24100107,ATX-26008,10000,Nuclei,1061736689,L8XA_240917_01_C05,2453_E02,human,Homo Sapiens,1394761278,NYGC
NY-AT26008-17,10xATAC_Mult,BG_paper_Human+HMBA_Human_Atlas+HMBA_Human_Atlas_BN_BF,ARC-ATAC,1395388614,B8XM_240917_01_A03,R8XA-24100107,ATX-26008,10000,Nuclei,1061736689,L8XA_240917_01_D05,2453_F02,human,Homo Sapiens,1394761279,NYGC
NY-AT26008-18,10xATAC_Mult,BICAN_Dev_Atlas+BICAN_Dev_P8,ARC-ATAC,1396839453,B8XM_240920_01_D01,R8XA-24100107,ATX-26008,10000,Nuclei,1061736689,L8XA_240920_01_A06,2457_A04,mouse,Mus musculus,1395380444,NYGC
NY-AT26008-19,10xATAC_Mult,BICAN_Dev_Atlas+BICAN_Dev_P8,ARC-ATAC,1396839456,B8XM_240920_01_E01,R8XA-24100107,ATX-26008,10000,Nuclei,1061736689,L8XA_240920_01_B06,2457_B04,mouse,Mus musculus,1395380445,NYGC
NY-AT26008-2,10xATAC_Mult,HMBA_Human_Atlas+HMBA_Human_Atlas_H,ARC-ATAC,1395748897,B8XM_240913_02_D01,R8XA-24100107,ATX-26008,10000,Nuclei,1061736689,L8XA_240913_01_C02,2451_B09,human,Homo Sapiens,1394760304,NYGC
NY-AT26008-20,10xATAC_Mult,BICAN_Dev_Atlas+BICAN_Dev_P8,ARC-ATAC,1396839459,B8XM_240920_01_F01,R8XA-24100107,ATX-26008,10000,Nuclei,1061736689,L8XA_240920_01_C06,2457_C04,mouse,Mus musculus,1395380446,NYGC
NY-AT26008-21,10xATAC_Mult,BICAN_Dev_Atlas+BICAN_Dev_P8,ARC-ATAC,1396839461,B8XM_240920_01_G01,R8XA-24100107,ATX-26008,10000,Nuclei,1061736689,L8XA_240920_01_D06,2457_D04,mouse,Mus musculus,1395380447,NYGC
NY-AT26008-3,10xATAC_Mult,HMBA_Human_Atlas+HMBA_Human_Atlas_H,ARC-ATAC,1395748899,B8XM_240913_02_E01,R8XA-24100107,ATX-26008,10000,Nuclei,1061736689,L8XA_240913_01_D02,2451_C09,human,Homo Sapiens,1394760303,NYGC
NY-AT26008-4,10xATAC_Mult,HMBA_Human_Atlas+HMBA_Human_Atlas_H,ARC-ATAC,1395748903,B8XM_240913_02_F01,R8XA-24100107,ATX-26008,10000,Nuclei,1061736689,L8XA_240913_01_E02,2447_A06,human,Homo Sapiens,1393879542,NYGC
NY-AT26008-5,10xATAC_Mult,BG_paper_Human+HMBA_Human_Atlas+HMBA_Human_Atlas_BN_BF,ARC-ATAC,1395748905,B8XM_240913_02_G01,R8XA-24100107,ATX-26008,10000,Nuclei,1061736689,L8XA_240913_01_F02,2447_B06,human,Homo Sapiens,1393879541,NYGC
NY-AT26008-6,10xATAC_Mult,BG_paper_Human+HMBA_Human_Atlas+HMBA_Human_Atlas_BN_BF,ARC-ATAC,1395748907,B8XM_240913_02_H01,R8XA-24100107,ATX-26008,10000,Nuclei,1061736689,L8XA_240913_01_G02,2447_C06,human,Homo Sapiens,1393879540,NYGC
NY-AT26008-7,10xATAC_Mult,BG_paper_Human+HMBA_Human_Atlas+HMBA_Human_Atlas_BN_BF,ARC-ATAC,1395388574,B8XM_240917_01_A01,R8XA-24100107,ATX-26008,10000,Nuclei,1061736689,L8XA_240917_01_A04,2448_A07,human,Homo Sapiens,1394777628,NYGC
NY-AT26008-8,10xATAC_Mult,HMBA_Human_Atlas+HMBA_Human_Atlas_BN_BF,ARC-ATAC,1395388577,B8XM_240917_01_B01,R8XA-24100107,ATX-26008,10000,Nuclei,1061736689,L8XA_240917_01_B04,2448_B07,human,Homo Sapiens,1394777630,NYGC
NY-AT26008-9,10xATAC_Mult,HMBA_Human_Atlas+HMBA_Human_Atlas_BN_BF,ARC-ATAC,1395388579,B8XM_240917_01_C01,R8XA-24100107,ATX-26008,10000,Nuclei,1061736689,L8XA_240917_01_D03,2448_C07,human,Homo Sapiens,1394777631,NYGC
NY-AT26009-1,10xATAC_Mult,BICAN_Dev_Atlas+BICAN_Dev_P8,ARC-ATAC,1396839465,B8XM_240920_01_H01,R8XA-24100108,ATX-26009,10000,Nuclei,1061736689,L8XA_240920_01_E06,2457_E04,mouse,Mus musculus,1395380448,NYGC
NY-AT26009-10,10xATAC_Mult,BICAN_Dev_Atlas+BICAN_Dev_P8,ARC-ATAC,1396839489,B8XM_240920_01_A03,R8XA-24100108,ATX-26009,10000,Nuclei,1061736689,L8XA_240920_01_E07,2462_C07,mouse,Mus musculus,1395621746,NYGC
NY-AT26009-11,10xATAC_Mult,BICAN_Dev_Atlas+BICAN_Dev_P8,ARC-ATAC,1396839491,B8XM_240920_01_B03,R8XA-24100108,ATX-26009,10000,Nuclei,1061736689,L8XA_240920_01_F07,2462_D07,mouse,Mus musculus,1395621748,NYGC
NY-AT26009-12,10xATAC_Mult,BICAN_Dev_Atlas+BICAN_Dev_P8,ARC-ATAC,1396839493,B8XM_240920_01_C03,R8XA-24100108,ATX-26009,10000,Nuclei,1061736689,L8XA_240920_01_G07,2462_E07,mouse,Mus musculus,1395621749,NYGC
NY-AT26009-13,10xATAC_Mult,BICAN_Dev_Atlas+BICAN_Dev_P8,ARC-ATAC,1396839497,B8XM_240920_01_D03,R8XA-24100108,ATX-26009,10000,Nuclei,1061736689,L8XA_240920_01_H07,2462_F07,mouse,Mus musculus,1395621751,NYGC
NY-AT26009-14,10xATAC_Mult,HMBA_Cross_Species,ARC-ATAC,1397005183,B8XM_240924_01_E01,R8XA-24100108,ATX-26009,10170,Nuclei,1061736689,L8XA_240924_01_G08,2465_A09,owl_monkey,Aotus nancymaae,1396293200,NYGC
NY-AT26009-15,10xATAC_Mult,HMBA_Cross_Species,ARC-ATAC,1397005185,B8XM_240924_01_F01,R8XA-24100108,ATX-26009,10170,Nuclei,1061736689,L8XA_240924_01_H08,2465_B09,owl_monkey,Aotus nancymaae,1396293201,NYGC
NY-AT26009-16,10xATAC_Mult,HMBA_Cross_Species,ARC-ATAC,1397005187,B8XM_240924_01_G01,R8XA-24100108,ATX-26009,10000,Nuclei,1061736689,L8XA_240924_01_A09,2465_C09,owl_monkey,Aotus nancymaae,1396293250,NYGC
NY-AT26009-17,10xATAC_Mult,HMBA_Cross_Species,ARC-ATAC,1397005190,B8XM_240924_01_H01,R8XA-24100108,ATX-26009,10000,Nuclei,1061736689,L8XA_240924_01_B09,2465_D09,owl_monkey,Aotus nancymaae,1396293251,NYGC
NY-AT26009-18,10xATAC_Mult,BICAN_Dev_Atlas+BICAN_Dev_P8,ARC-ATAC,1397005192,B8XM_240924_01_A02,R8XA-24100108,ATX-26009,10000,Nuclei,1061736689,L8XA_240924_01_D09,2467_A01,mouse,Mus musculus,1396574655,NYGC
NY-AT26009-19,10xATAC_Mult,BICAN_Dev_Atlas+BICAN_Dev_P8,ARC-ATAC,1397005194,B8XM_240924_01_B02,R8XA-24100108,ATX-26009,10000,Nuclei,1061736689,L8XA_240924_01_E09,2467_B01,mouse,Mus musculus,1396574656,NYGC
NY-AT26009-2,10xATAC_Mult,BICAN_Dev_Atlas+BICAN_Dev_P8,ARC-ATAC,1396839467,B8XM_240920_01_A02,R8XA-24100108,ATX-26009,10000,Nuclei,1061736689,L8XA_240920_01_F06,2457_F04,mouse,Mus musculus,1395380449,NYGC
NY-AT26009-20,10xATAC_Mult,BICAN_Dev_Atlas+BICAN_Dev_P8,ARC-ATAC,1397005196,B8XM_240924_01_C02,R8XA-24100108,ATX-26009,10000,Nuclei,1061736689,L8XA_240924_01_F09,2467_C01,mouse,Mus musculus,1396574657,NYGC
NY-AT26009-21,10xATAC_Mult,BICAN_Dev_Atlas+BICAN_Dev_P8,ARC-ATAC,1397005199,B8XM_240924_01_D02,R8XA-24100108,ATX-26009,10000,Nuclei,1061736689,L8XA_240924_01_G09,2467_D01,mouse,Mus musculus,1396574658,NYGC
NY-AT26009-3,10xATAC_Mult,HMBA_Cross_Species,ARC-ATAC,1396839470,B8XM_240920_01_B02,R8XA-24100108,ATX-26009,10000,Nuclei,1061736689,L8XA_240920_01_G06,2460_B06,owl_monkey,Aotus nancymaae,1396292343,NYGC
NY-AT26009-4,10xATAC_Mult,HMBA_Cross_Species,ARC-ATAC,1396839472,B8XM_240920_01_C02,R8XA-24100108,ATX-26009,10000,Nuclei,1061736689,L8XA_240920_01_H06,2460_1_C06,owl_monkey,Aotus nancymaae,1396292344,NYGC
NY-AT26009-5,10xATAC_Mult,BG_paper_Human+HMBA_Human_Atlas+HMBA_Human_Atlas_BN_BF,ARC-ATAC,1396839476,B8XM_240920_01_D02,R8XA-24100108,ATX-26009,10000,Nuclei,1061736689,L8XA_240920_01_E05,2459_A05,human,Homo Sapiens,1395641308,NYGC
NY-AT26009-6,10xATAC_Mult,BG_paper_Human+HMBA_Human_Atlas+HMBA_Human_Atlas_BN_BF,ARC-ATAC,1396839478,B8XM_240920_01_E02,R8XA-24100108,ATX-26009,10000,Nuclei,1061736689,L8XA_240920_01_A07,2459_B05,human,Homo Sapiens,1395641306,NYGC
NY-AT26009-7,10xATAC_Mult,BG_paper_Human+HMBA_Human_Atlas+HMBA_Human_Atlas_BN_BF,ARC-ATAC,1396839480,B8XM_240920_01_F02,R8XA-24100108,ATX-26009,10000,Nuclei,1061736689,L8XA_240920_01_B07,2459_C05,human,Homo Sapiens,1395641305,NYGC
NY-AT26009-8,10xATAC_Mult,BICAN_Dev_Atlas+BICAN_Dev_P8,ARC-ATAC,1396839483,B8XM_240920_01_G02,R8XA-24100108,ATX-26009,10000,Nuclei,1061736689,L8XA_240920_01_C07,2462_A07,mouse,Mus musculus,1395621744,NYGC
NY-AT26009-9,10xATAC_Mult,BICAN_Dev_Atlas+BICAN_Dev_P8,ARC-ATAC,1396839485,B8XM_240920_01_H02,R8XA-24100108,ATX-26009,10000,Nuclei,1061736689,L8XA_240920_01_D07,2462_B07,mouse,Mus musculus,1395621745,NYGC
NY-AT26010-1,10xATAC_Mult,BICAN_Dev_Atlas+BICAN_Dev_P8,ARC-ATAC,1397005201,B8XM_240924_01_E02,R8XA-24100803,ATX-26010,10000,Nuclei,1061736689,L8XA_240924_01_H09,2467_E01,mouse,Mus musculus,1396574659,NYGC
NY-AT26010-10,10xATAC_Mult,BICAN_Dev_Atlas+BICAN_Dev_P8,ARC-ATAC,1398359905,B8XM_240927_01_E01,R8XA-24100803,ATX-26010,10000,Nuclei,1061736689,L8XA_240927_01_E11,2470_E03,mouse,Mus musculus,1398277955,NYGC
NY-AT26010-11,10xATAC_Mult,BICAN_Dev_Atlas+BICAN_Dev_P8,ARC-ATAC,1398359907,B8XM_240927_01_F01,R8XA-24100803,ATX-26010,10000,Nuclei,1061736689,L8XA_240927_01_F11,2470_F03,mouse,Mus musculus,1398277956,NYGC
NY-AT26010-12,10xATAC_Mult,BG_paper_Human+HMBA_Human_Atlas+HMBA_Human_Atlas_BN_BF,ARC-ATAC,1398359909,B8XM_240927_01_G01,R8XA-24100803,ATX-26010,10000,Nuclei,1061736689,L8XA_240927_01_A01,2471_A04,human,Homo Sapiens,1396578681,NYGC
NY-AT26010-13,10xATAC_Mult,BG_paper_Human+HMBA_Human_Atlas+HMBA_Human_Atlas_BN_BF,ARC-ATAC,1398359912,B8XM_240927_01_H01,R8XA-24100803,ATX-26010,10000,Nuclei,1061736689,L8XA_240927_01_B01,2471_B04,human,Homo Sapiens,1396578680,NYGC
NY-AT26010-14,10xATAC_Mult,BG_paper_Human+HMBA_Human_Atlas+HMBA_Human_Atlas_BN_BF,ARC-ATAC,1398359914,B8XM_240927_01_A02,R8XA-24100803,ATX-26010,10000,Nuclei,1061736689,L8XA_240927_01_G11,2471_C04,human,Homo Sapiens,1396578679,NYGC
NY-AT26010-15,10xATAC_Mult,HMBA_Cross_Species,ARC-ATAC,1398359916,B8XM_240927_01_B02,R8XA-24100803,ATX-26010,10000,Nuclei,1061736689,L8XA_240927_01_H11,2475_A06,armadillo,Dasypus novemcinctus,1397839710,NYGC
NY-AT26010-16,10xATAC_Mult,HMBA_Cross_Species,ARC-ATAC,1398359919,B8XM_240927_01_C02,R8XA-24100803,ATX-26010,10000,Nuclei,1061736689,L8XA_240927_01_A12,2475_B06,armadillo,Dasypus novemcinctus,1397839764,NYGC
NY-AT26010-17,10xATAC_Mult,HMBA_Cross_Species,ARC-ATAC,1398359921,B8XM_240927_01_D02,R8XA-24100803,ATX-26010,10000,Nuclei,1061736689,L8XA_240927_01_B12,2475_C06,armadillo,Dasypus novemcinctus,1397839765,NYGC
NY-AT26010-18,10xATAC_Mult,BG_paper_Human+HMBA_Human_Atlas+HMBA_Human_Atlas_BN_BF,ARC-ATAC,1398359923,B8XM_240927_01_E02,R8XA-24100803,ATX-26010,10000,Nuclei,1061736689,L8XA_240927_01_C12,2474_A05,human,Homo Sapiens,1397831124,NYGC
NY-AT26010-19,10xATAC_Mult,BG_paper_Human+HMBA_Human_Atlas+HMBA_Human_Atlas_BN_BF,ARC-ATAC,1398359925,B8XM_240927_01_F02,R8XA-24100803,ATX-26010,10000,Nuclei,1061736689,L8XA_240927_01_G10,2474_B05,human,Homo Sapiens,1397831123,NYGC
NY-AT26010-2,10xATAC_Mult,BICAN_Dev_Atlas+BICAN_Dev_P8,ARC-ATAC,1397005204,B8XM_240924_01_F02,R8XA-24100803,ATX-26010,10000,Nuclei,1061736689,L8XA_240924_01_A10,2467_F01,mouse,Mus musculus,1396574660,NYGC
NY-AT26010-20,10xATAC_Mult,BG_paper_Human+HMBA_Human_Atlas+HMBA_Human_Atlas_BN_BF,ARC-ATAC,1398359927,B8XM_240927_01_G02,R8XA-24100803,ATX-26010,10000,Nuclei,1061736689,L8XA_240927_01_H10,2474_C05,human,Homo Sapiens,1397831122,NYGC
NY-AT26010-21,10xATAC_Mult,BICAN_Dev_Atlas+BICAN_Dev_P2,ARC-ATAC,1398359929,B8XM_240927_01_H02,R8XA-24100803,ATX-26010,10000,Nuclei,1061736689,L8XA_240927_01_D12,2477_A07,mouse,Mus musculus,1396580276,NYGC
NY-AT26010-22,10xATAC_Mult,HMBA_Cross_Species,ARC-ATAC,1398015103,B8XM_241001_01_D01,R8XA-24100803,ATX-26010,6677,Nuclei,1061736689,L8XA_241001_01_C01,2480_A09,armadillo,Dasypus novemcinctus,1397840079,NYGC
NY-AT26010-3,10xATAC_Mult,BG_paper_Human+HMBA_Human_Atlas+HMBA_Human_Atlas_BN_BF,ARC-ATAC,1397005213,B8XM_240924_01_B03,R8XA-24100803,ATX-26010,10000,Nuclei,1061736689,L8XA_240924_01_E10,2468_D02,human,Homo Sapiens,1396846321,NYGC
NY-AT26010-4,10xATAC_Mult,BG_paper_Human+HMBA_Human_Atlas+HMBA_Human_Atlas_BN_BF,ARC-ATAC,1397005215,B8XM_240924_01_C03,R8XA-24100803,ATX-26010,10000,Nuclei,1061736689,L8XA_240924_01_F10,2468_E02,human,Homo Sapiens,1396846322,NYGC
NY-AT26010-5,10xATAC_Mult,BG_paper_Human+HMBA_Human_Atlas+HMBA_Human_Atlas_BN_BF,ARC-ATAC,1397005217,B8XM_240924_01_D03,R8XA-24100803,ATX-26010,10000,Nuclei,1061736689,L8XA_240924_01_A08,2468_F02,human,Homo Sapiens,1396846323,NYGC
NY-AT26010-6,10xATAC_Mult,BICAN_Dev_Atlas+BICAN_Dev_P2,ARC-ATAC,1398359896,B8XM_240927_01_A01,R8XA-24100803,ATX-26010,10000,Nuclei,1061736689,L8XA_240927_01_A11,2470_A03,mouse,Mus musculus,1396538151,NYGC
NY-AT26010-7,10xATAC_Mult,BICAN_Dev_Atlas+BICAN_Dev_P2,ARC-ATAC,1398359899,B8XM_240927_01_B01,R8XA-24100803,ATX-26010,10000,Nuclei,1061736689,L8XA_240927_01_B11,2470_B03,mouse,Mus musculus,1396538152,NYGC
NY-AT26010-8,10xATAC_Mult,BICAN_Dev_Atlas+BICAN_Dev_P2,ARC-ATAC,1398359901,B8XM_240927_01_C01,R8XA-24100803,ATX-26010,10000,Nuclei,1061736689,L8XA_240927_01_C11,2470_C03,mouse,Mus musculus,1396538153,NYGC
NY-AT26010-9,10xATAC_Mult,BICAN_Dev_Atlas+BICAN_Dev_P2,ARC-ATAC,1398359903,B8XM_240927_01_D01,R8XA-24100803,ATX-26010,10000,Nuclei,1061736689,L8XA_240927_01_D11,2470_D03,mouse,Mus musculus,1396538154,NYGC
NY-AT26011-1,10xATAC_Mult,BICAN_Dev_Atlas+BICAN_Dev_P2,ARC-ATAC,1398359932,B8XM_240927_01_A03,R8XA-24101506,ATX-26011,10000,Nuclei,1061736689,L8XA_240927_01_E12,2477_B07,mouse,Mus musculus,1396580277,NYGC
NY-AT26011-10,10xATAC_Mult,BICAN_Dev_Atlas+BICAN_Dev_P8,ARC-ATAC,1398015111,B8XM_241001_01_G01,R8XA-24101506,ATX-26011,10000,Nuclei,1061736689,L8XA_241001_01_F01,2483_A01,mouse,Mus musculus,1397636997,NYGC
NY-AT26011-11,10xATAC_Mult,BICAN_Dev_Atlas+BICAN_Dev_P2,ARC-ATAC,1398015113,B8XM_241001_01_H01,R8XA-24101506,ATX-26011,10000,Nuclei,1061736689,L8XA_241001_01_G01,2483_C01,mouse,Mus musculus,1397636999,NYGC
NY-AT26011-12,10xATAC_Mult,BICAN_Dev_Atlas+BICAN_Dev_P2,ARC-ATAC,1398015115,B8XM_241001_01_A02,R8XA-24101506,ATX-26011,10000,Nuclei,1061736689,L8XA_241001_01_H01,2483_D01,mouse,Mus musculus,1397637000,NYGC
NY-AT26011-13,10xATAC_Mult,BICAN_Dev_Atlas+BICAN_Dev_P8,ARC-ATAC,1398015117,B8XM_241001_01_B02,R8XA-24101506,ATX-26011,10000,Nuclei,1061736689,L8XA_241001_01_A02,2483_1_E01,mouse,Mus musculus,1397637001,NYGC
NY-AT26011-14,10xATAC_Mult,HMBA_Human_Atlas+HMBA_Human_Atlas_BN_BF,ARC-ATAC,1398015119,B8XM_241001_01_C02,R8XA-24101506,ATX-26011,10000,Nuclei,1061736689,L8XA_241001_01_B02,2484_A02,human,Homo Sapiens,1397646728,NYGC
NY-AT26011-15,10xATAC_Mult,HMBA_Human_Atlas+HMBA_Human_Atlas_Cx,ARC-ATAC,1398015121,B8XM_241001_01_D02,R8XA-24101506,ATX-26011,10000,Nuclei,1061736689,L8XA_241001_01_C02,2484_B02,human,Homo Sapiens,1397646729,NYGC
NY-AT26011-16,10xATAC_Mult,HMBA_Human_Atlas+HMBA_Human_Atlas_Cx,ARC-ATAC,1398015123,B8XM_241001_01_E02,R8XA-24101506,ATX-26011,10000,Nuclei,1061736689,L8XA_241001_01_D02,2484_C02,human,Homo Sapiens,1397646730,NYGC
NY-AT26011-17,10xATAC_Mult,HMBA_Human_Atlas+HMBA_Human_Atlas_Cx,ARC-ATAC,1399468470,B8XM_241004_01_A01,R8XA-24101506,ATX-26011,10000,Nuclei,1061736689,L8XA_241004_01_H02,2485_A03,human,Homo Sapiens,1397992961,NYGC
NY-AT26011-18,10xATAC_Mult,HMBA_Human_Atlas+HMBA_Human_Atlas_BN_BF,ARC-ATAC,1399468472,B8XM_241004_01_B01,R8XA-24101506,ATX-26011,9875,Nuclei,1061736689,L8XA_241004_01_A03,2485_B03,human,Homo Sapiens,1397992962,NYGC
NY-AT26011-19,10xATAC_Mult,HMBA_Human_Atlas+HMBA_Human_Atlas_Cx,ARC-ATAC,1399468475,B8XM_241004_01_C01,R8XA-24101506,ATX-26011,9099,Nuclei,1061736689,L8XA_241004_01_B03,2485_C03,human,Homo Sapiens,1397992963,NYGC
NY-AT26011-2,10xATAC_Mult,BICAN_Dev_Atlas+BICAN_Dev_P2,ARC-ATAC,1398359934,B8XM_240927_01_B03,R8XA-24101506,ATX-26011,10000,Nuclei,1061736689,L8XA_240927_01_F12,2477_C07,mouse,Mus musculus,1398279220,NYGC
NY-AT26011-20,10xATAC_Mult,BICAN_Dev_Atlas+BICAN_Dev_P2,ARC-ATAC,1399468477,B8XM_241004_01_D01,R8XA-24101506,ATX-26011,10000,Nuclei,1061736689,L8XA_241004_01_C03,2487_A04,mouse,Mus musculus,1397633284,NYGC
NY-AT26011-21,10xATAC_Mult,BICAN_Dev_Atlas+BICAN_Dev_P2,ARC-ATAC,1399468479,B8XM_241004_01_E01,R8XA-24101506,ATX-26011,10000,Nuclei,1061736689,L8XA_241004_01_D03,2487_B04,mouse,Mus musculus,1397633286,NYGC
NY-AT26011-3,10xATAC_Mult,BICAN_Dev_Atlas+BICAN_Dev_P2,ARC-ATAC,1398359937,B8XM_240927_01_C03,R8XA-24101506,ATX-26011,10000,Nuclei,1061736689,L8XA_240927_01_G12,2477_D07,mouse,Mus musculus,1398279221,NYGC
NY-AT26011-4,10xATAC_Mult,BICAN_Dev_Atlas+BICAN_Dev_P2,ARC-ATAC,1398359939,B8XM_240927_01_D03,R8XA-24101506,ATX-26011,9441,Nuclei,1061736689,L8XA_240927_01_H12,2477_E07,mouse,Mus musculus,1396580280,NYGC
NY-AT26011-5,10xATAC_Mult,BG_paper_Human+HMBA_Human_Atlas+HMBA_Human_Atlas_BN_BF,ARC-ATAC,1398015096,B8XM_241001_01_A01,R8XA-24101506,ATX-26011,10000,Nuclei,1061736689,L8XA_241001_01_E02,2479_A08,human,Homo Sapiens,1397870976,NYGC
NY-AT26011-6,10xATAC_Mult,BG_paper_Human+HMBA_Human_Atlas+HMBA_Human_Atlas_BN_BF,ARC-ATAC,1398015098,B8XM_241001_01_B01,R8XA-24101506,ATX-26011,10000,Nuclei,1061736689,L8XA_241001_01_F02,2479_B08,human,Homo Sapiens,1397870977,NYGC
NY-AT26011-7,10xATAC_Mult,HMBA_Human_Atlas+HMBA_Human_Atlas_Cx,ARC-ATAC,1398015100,B8XM_241001_01_C01,R8XA-24101506,ATX-26011,10000,Nuclei,1061736689,L8XA_241001_01_G02,2479_C08,human,Homo Sapiens,1397870978,NYGC
NY-AT26011-8,10xATAC_Mult,HMBA_Cross_Species,ARC-ATAC,1398015105,B8XM_241001_01_E01,R8XA-24101506,ATX-26011,10000,Nuclei,1061736689,L8XA_241001_01_D01,2480_B09,armadillo,Dasypus novemcinctus,1397840121,NYGC
NY-AT26011-9,10xATAC_Mult,HMBA_Cross_Species,ARC-ATAC,1398015109,B8XM_241001_01_F01,R8XA-24101506,ATX-26011,10000,Nuclei,1061736689,L8XA_241001_01_E01,2480_C09,armadillo,Dasypus novemcinctus,1397840122,NYGC
NY-AT26012-1,10xATAC_Mult,BICAN_Dev_Atlas+BICAN_Dev_P2,ARC-ATAC,1399468481,B8XM_241004_01_F01,R8XA-24101507,ATX-26012,10000,Nuclei,1061736689,L8XA_241004_01_E03,2487_C04,mouse,Mus musculus,1397633287,NYGC
NY-AT26012-10,10xATAC_Mult,BICAN_Dev_Atlas+BICAN_Dev_P2,ARC-ATAC,1399468501,B8XM_241004_01_G02,R8XA-24101507,ATX-26012,10000,Nuclei,1061736689,L8XA_241004_01_F04,2491_F07,mouse,Mus musculus,1397644801,NYGC
NY-AT26012-11,10xATAC_Mult,HMBA_Cross_Species,ARC-ATAC,1399457528,B8XM_241008_01_A01,R8XA-24101507,ATX-26012,10000,Nuclei,1061736689,L8XA_241008_01_G04,2496_A09,ferret,Mustela putorius furo,1399146136,NYGC
NY-AT26012-12,10xATAC_Mult,HMBA_Cross_Species,ARC-ATAC,1399457530,B8XM_241008_01_B01,R8XA-24101507,ATX-26012,10000,Nuclei,1061736689,L8XA_241008_01_H04,2496_B09,opossum,Monodelphis domestica,1399146202,NYGC
NY-AT26012-13,10xATAC_Mult,BG_paper_Human+HMBA_Human_Atlas+HMBA_Human_Atlas_BN_BF,ARC-ATAC,1399457532,B8XM_241008_01_C01,R8XA-24101507,ATX-26012,10000,Nuclei,1061736689,L8XA_241008_01_A05,2495_A08,human,Homo Sapiens,1398799610,NYGC
NY-AT26012-14,10xATAC_Mult,BG_paper_Human+HMBA_Human_Atlas+HMBA_Human_Atlas_BN_BF,ARC-ATAC,1399457535,B8XM_241008_01_D01,R8XA-24101507,ATX-26012,10000,Nuclei,1061736689,L8XA_241008_01_B05,2495_B08,human,Homo Sapiens,1398799611,NYGC
NY-AT26012-15,10xATAC_Mult,BG_paper_Human+HMBA_Human_Atlas+HMBA_Human_Atlas_BN_BF,ARC-ATAC,1399457537,B8XM_241008_01_E01,R8XA-24101507,ATX-26012,10000,Nuclei,1061736689,L8XA_241008_01_C05,2495_1_D08,human,Homo Sapiens,1398799613,NYGC
NY-AT26012-16,10xATAC_Mult,BICAN_Dev_Atlas+BICAN_Dev_P2,ARC-ATAC,1399457540,B8XM_241008_01_F01,R8XA-24101507,ATX-26012,10000,Nuclei,1061736689,L8XA_241008_01_D05,2498_A01,mouse,Mus musculus,1398191239,NYGC
NY-AT26012-17,10xATAC_Mult,BICAN_Dev_Atlas+BICAN_Dev_P2,ARC-ATAC,1399457542,B8XM_241008_01_G01,R8XA-24101507,ATX-26012,10000,Nuclei,1061736689,L8XA_241008_01_E05,2498_B01,mouse,Mus musculus,1398191240,NYGC
NY-AT26012-18,10xATAC_Mult,BICAN_Dev_Atlas+BICAN_Dev_P2,ARC-ATAC,1399457544,B8XM_241008_01_H01,R8XA-24101507,ATX-26012,10000,Nuclei,1061736689,L8XA_241008_01_F05,2498_C01,mouse,Mus musculus,1398191241,NYGC
NY-AT26012-19,10xATAC_Mult,BICAN_Dev_Atlas+BICAN_Dev_P2,ARC-ATAC,1399457546,B8XM_241008_01_A02,R8XA-24101507,ATX-26012,10000,Nuclei,1061736689,L8XA_241008_01_G05,2498_D01,mouse,Mus musculus,1398191242,NYGC
NY-AT26012-2,10xATAC_Mult,BICAN_Dev_Atlas+BICAN_Dev_P2,ARC-ATAC,1399468484,B8XM_241004_01_G01,R8XA-24101507,ATX-26012,10000,Nuclei,1061736689,L8XA_241004_01_F03,2487_E04,mouse,Mus musculus,1397633289,NYGC
NY-AT26012-20,10xATAC_Mult,BICAN_Dev_Atlas+BICAN_Dev_P2,ARC-ATAC,1399457548,B8XM_241008_01_B02,R8XA-24101507,ATX-26012,10000,Nuclei,1061736689,L8XA_241008_01_H05,2498_E01,mouse,Mus musculus,1398191243,NYGC
NY-AT26012-21,10xATAC_Mult,BICAN_Dev_Atlas+BICAN_Dev_P2,ARC-ATAC,1399457550,B8XM_241008_01_C02,R8XA-24101507,ATX-26012,10000,Nuclei,1061736689,L8XA_241008_01_A06,2498_F01,mouse,Mus musculus,1398191244,NYGC
NY-AT26012-3,10xATAC_Mult,BICAN_Dev_Atlas+BICAN_Dev_P2,ARC-ATAC,1399468486,B8XM_241004_01_H01,R8XA-24101507,ATX-26012,10000,Nuclei,1061736689,L8XA_241004_01_G03,2487_F04,mouse,Mus musculus,1397633290,NYGC
NY-AT26012-4,10xATAC_Mult,BICAN_Dev_Atlas+BICAN_Dev_P2,ARC-ATAC,1399468488,B8XM_241004_01_A02,R8XA-24101507,ATX-26012,10000,Nuclei,1061736689,L8XA_241004_01_H03,2487_1_G04,mouse,Mus musculus,1397633291,NYGC
NY-AT26012-5,10xATAC_Mult,BICAN_Dev_Atlas+BICAN_Dev_P2,ARC-ATAC,1399468490,B8XM_241004_01_B02,R8XA-24101507,ATX-26012,10000,Nuclei,1061736689,L8XA_241004_01_A04,2491_A07,mouse,Mus musculus,1397644796,NYGC
NY-AT26012-6,10xATAC_Mult,BICAN_Dev_Atlas+BICAN_Dev_P2,ARC-ATAC,1399468492,B8XM_241004_01_C02,R8XA-24101507,ATX-26012,10000,Nuclei,1061736689,L8XA_241004_01_B04,2491_B07,mouse,Mus musculus,1397644797,NYGC
NY-AT26012-7,10xATAC_Mult,BICAN_Dev_Atlas+BICAN_Dev_P2,ARC-ATAC,1399468495,B8XM_241004_01_D02,R8XA-24101507,ATX-26012,10000,Nuclei,1061736689,L8XA_241004_01_C04,2491_C07,mouse,Mus musculus,1397644798,NYGC
NY-AT26012-8,10xATAC_Mult,BICAN_Dev_Atlas+BICAN_Dev_P2,ARC-ATAC,1399468497,B8XM_241004_01_E02,R8XA-24101507,ATX-26012,10000,Nuclei,1061736689,L8XA_241004_01_D04,2491_D07,mouse,Mus musculus,1397644799,NYGC
NY-AT26012-9,10xATAC_Mult,BICAN_Dev_Atlas+BICAN_Dev_P2,ARC-ATAC,1399468499,B8XM_241004_01_F02,R8XA-24101507,ATX-26012,10000,Nuclei,1061736689,L8XA_241004_01_E04,2491_E07,mouse,Mus musculus,1397644800,NYGC
NY-AT26013-1,10xATAC_Mult,HMBA_Human_Atlas+HMBA_Human_Atlas_Cx,ARC-ATAC,1399457554,B8XM_241008_01_D02,R8XA-24102203,ATX-26013,10000,Nuclei,1061736689,L8XA_241008_01_B06,2499_A02,human,Homo Sapiens,1398891343,NYGC
NY-AT26013-10,10xATAC_Mult,BICAN_Dev_Atlas+BICAN_Dev_P2,ARC-ATAC,1400407358,B8XM_241011_01_H01,R8XA-24102203,ATX-26013,10000,Nuclei,1061736689,L8XA_241011_01_G07,2506_D05,mouse,Mus musculus,1398756211,NYGC
NY-AT26013-11,10xATAC_Mult,BICAN_Dev_Atlas+BICAN_Dev_P2,ARC-ATAC,1400407360,B8XM_241011_01_A02,R8XA-24102203,ATX-26013,10000,Nuclei,1061736689,L8XA_241011_01_H07,2506_E05,mouse,Mus musculus,1398756212,NYGC
NY-AT26013-12,10xATAC_Mult,BICAN_Dev_Atlas+BICAN_Dev_P2,ARC-ATAC,1400407363,B8XM_241011_01_B02,R8XA-24102203,ATX-26013,10000,Nuclei,1061736689,L8XA_241011_01_A08,2506_F05,mouse,Mus musculus,1398756213,NYGC
NY-AT26013-13,10xATAC_Mult,BICAN_Dev_Atlas+BICAN_Dev_P2,ARC-ATAC,1400548325,B8XM_241015_01_A01,R8XA-24102203,ATX-26013,10000,Nuclei,1061736689,L8XA_241015_01_C08,2507_A06,mouse,Mus musculus,1399284673,NYGC
NY-AT26013-14,10xATAC_Mult,BICAN_Dev_Atlas+BICAN_Dev_P2,ARC-ATAC,1400548329,B8XM_241015_01_B01,R8XA-24102203,ATX-26013,10000,Nuclei,1061736689,L8XA_241015_01_E08,2507_B06,mouse,Mus musculus,1399284674,NYGC
NY-AT26013-15,10xATAC_Mult,BICAN_Dev_Atlas+BICAN_Dev_P2,ARC-ATAC,1400548333,B8XM_241015_01_C01,R8XA-24102203,ATX-26013,10000,Nuclei,1061736689,L8XA_241015_01_F08,2507_C06,mouse,Mus musculus,1399284675,NYGC
NY-AT26013-16,10xATAC_Mult,BICAN_Dev_Atlas+BICAN_Dev_P2,ARC-ATAC,1400548337,B8XM_241015_01_D01,R8XA-24102203,ATX-26013,10000,Nuclei,1061736689,L8XA_241015_01_G08,2507_D06,mouse,Mus musculus,1399284676,NYGC
NY-AT26013-17,10xATAC_Mult,BICAN_Dev_Atlas+BICAN_Dev_P2,ARC-ATAC,1400548342,B8XM_241015_01_E01,R8XA-24102203,ATX-26013,10000,Nuclei,1061736689,L8XA_241015_01_H08,2507_E06,mouse,Mus musculus,1399284677,NYGC
NY-AT26013-18,10xATAC_Mult,BG_paper_Human+HMBA_Human_Atlas+HMBA_Human_Atlas_BN_BF,ARC-ATAC,1400548347,B8XM_241015_01_F01,R8XA-24102203,ATX-26013,10000,Nuclei,1061736689,L8XA_241015_01_A09,2508_A07,human,Homo Sapiens,1400082234,NYGC
NY-AT26013-19,10xATAC_Mult,BG_paper_Human+HMBA_Human_Atlas+HMBA_Human_Atlas_BN_BF,ARC-ATAC,1400548354,B8XM_241015_01_G01,R8XA-24102203,ATX-26013,10000,Nuclei,1061736689,L8XA_241015_01_B09,2508_B07,human,Homo Sapiens,1400082235,NYGC
NY-AT26013-2,10xATAC_Mult,HMBA_Human_Atlas+HMBA_Human_Atlas_Cx,ARC-ATAC,1399457556,B8XM_241008_01_E02,R8XA-24102203,ATX-26013,10000,Nuclei,1061736689,L8XA_241008_01_C06,2499_B02,human,Homo Sapiens,1398891344,NYGC
NY-AT26013-20,10xATAC_Mult,HMBA_Human_Atlas+HMBA_Human_Atlas_BN_BF,ARC-ATAC,1400548359,B8XM_241015_01_H01,R8XA-24102203,ATX-26013,10000,Nuclei,1061736689,L8XA_241015_01_D09,2508_C07,human,Homo Sapiens,1400082236,NYGC
NY-AT26013-21,10xATAC_Mult,BG_paper_Human+HMBA_Human_Atlas+HMBA_Human_Atlas_BN_BF,ARC-ATAC,1400548368,B8XM_241015_01_B02,R8XA-24102203,ATX-26013,10000,Nuclei,1061736689,L8XA_241015_01_E09,2511_A02,human,Homo Sapiens,1399891767,NYGC
NY-AT26013-3,10xATAC_Mult,HMBA_Human_Atlas+HMBA_Human_Atlas_Cx,ARC-ATAC,1399457558,B8XM_241008_01_F02,R8XA-24102203,ATX-26013,10000,Nuclei,1061736689,L8XA_241008_01_D06,2499_C02,human,Homo Sapiens,1398891345,NYGC
NY-AT26013-4,10xATAC_Mult,HMBA_Human_Atlas+HMBA_Human_Atlas_Cx,ARC-ATAC,1399457560,B8XM_241008_01_G02,R8XA-24102203,ATX-26013,10000,Nuclei,1061736689,L8XA_241008_01_E06,2499_D02,human,Homo Sapiens,1398805373,NYGC
NY-AT26013-5,10xATAC_Mult,HMBA_Human_Atlas+HMBA_Human_Atlas_Cx,ARC-ATAC,1399457562,B8XM_241008_01_H02,R8XA-24102203,ATX-26013,10000,Nuclei,1061736689,L8XA_241008_01_F06,2499_E02,human,Homo Sapiens,1398805374,NYGC
NY-AT26013-6,10xATAC_Mult,HMBA_Human_Atlas+HMBA_Human_Atlas_Cx,ARC-ATAC,1399457565,B8XM_241008_01_A03,R8XA-24102203,ATX-26013,10000,Nuclei,1061736689,L8XA_241008_01_G06,2499_F02,human,Homo Sapiens,1398805375,NYGC
NY-AT26013-7,10xATAC_Mult,BICAN_Dev_Atlas+BICAN_Dev_P2,ARC-ATAC,1400407352,B8XM_241011_01_E01,R8XA-24102203,ATX-26013,10000,Nuclei,1061736689,L8XA_241011_01_D07,2506_A05,mouse,Mus musculus,1398756208,NYGC
NY-AT26013-8,10xATAC_Mult,BICAN_Dev_Atlas+BICAN_Dev_P2,ARC-ATAC,1400407354,B8XM_241011_01_F01,R8XA-24102203,ATX-26013,10000,Nuclei,1061736689,L8XA_241011_01_E07,2506_B05,mouse,Mus musculus,1398756209,NYGC
NY-AT26013-9,10xATAC_Mult,BICAN_Dev_Atlas+BICAN_Dev_P2,ARC-ATAC,1400407356,B8XM_241011_01_G01,R8XA-24102203,ATX-26013,10000,Nuclei,1061736689,L8XA_241011_01_F07,2506_C05,mouse,Mus musculus,1398756210,NYGC
NY-AT26014-1,10xATAC_Mult,BG_paper_Human+HMBA_Human_Atlas+HMBA_Human_Atlas_BN_BF,ARC-ATAC,1400548372,B8XM_241015_01_C02,R8XA-24110504,ATX-26014,10000,Nuclei,1061736689,L8XA_241015_01_F09,2511_B02,human,Homo Sapiens,1399891768,NYGC
NY-AT26014-10,10xATAC_Mult,HMBA_Human_Atlas+HMBA_Human_Atlas_BN_BF,ARC-ATAC,1401588089,B8XM_241022_01_A01,R8XA-24110504,ATX-26014,10000,Nuclei,1061736689,L8XA_241022_01_B11,2523_A07,human,Homo Sapiens,1401489988,NYGC
NY-AT26014-11,10xATAC_Mult,HMBA_Human_Atlas+HMBA_Human_Atlas_HTH,ARC-ATAC,1401588096,B8XM_241022_01_B01,R8XA-24110504,ATX-26014,10000,Nuclei,1061736689,L8XA_241022_01_C11,2523_B07,human,Homo Sapiens,1401489989,NYGC
NY-AT26014-12,10xATAC_Mult,BG_paper_Human+HMBA_Human_Atlas+HMBA_Human_Atlas_BN_BF,ARC-ATAC,1401588105,B8XM_241022_01_C01,R8XA-24110504,ATX-26014,10000,Nuclei,1061736689,L8XA_241022_01_D11,2523_C07,human,Homo Sapiens,1401489991,NYGC
NY-AT26014-13,10xATAC_Mult,BG_paper_Human+HMBA_Human_Atlas+HMBA_Human_Atlas_BN_BF,ARC-ATAC,1401588116,B8XM_241022_01_D01,R8XA-24110504,ATX-26014,10000,Nuclei,1061736689,L8XA_241022_01_E11,2526_A01,human,Homo Sapiens,1401480904,NYGC
NY-AT26014-14,10xATAC_Mult,BG_paper_Human+HMBA_Human_Atlas+HMBA_Human_Atlas_BN_BF,ARC-ATAC,1401588119,B8XM_241022_01_E01,R8XA-24110504,ATX-26014,10000,Nuclei,1061736689,L8XA_241022_01_F11,2526_B01,human,Homo Sapiens,1401480905,NYGC
NY-AT26014-15,10xATAC_Mult,BG_paper_Human+HMBA_Human_Atlas+HMBA_Human_Atlas_BN_BF,ARC-ATAC,1401588143,B8XM_241022_01_H01,R8XA-24110504,ATX-26014,9068,Nuclei,1061736689,L8XA_241022_01_A12,2526_E01,human,Homo Sapiens,1401491893,NYGC
NY-AT26014-16,10xATAC_Mult,BG_paper_Human+HMBA_Human_Atlas+HMBA_Human_Atlas_BN_BF,ARC-ATAC,1401588149,B8XM_241022_01_A02,R8XA-24110504,ATX-26014,10000,Nuclei,1061736689,L8XA_241022_01_B12,2526_F01,human,Homo Sapiens,1401491894,NYGC
NY-AT26014-17,10xATAC_Mult,BG_paper_Human+HMBA_Human_Atlas+HMBA_Human_Atlas_BN_BF,ARC-ATAC,1402724854,B8XM_241025_01_A01,R8XA-24110504,ATX-26014,10000,Nuclei,1061736689,L8XA_241025_01_A01,2530_A02,human,Homo Sapiens,1401551837,NYGC
NY-AT26014-18,10xATAC_Mult,BG_paper_Human+HMBA_Human_Atlas+HMBA_Human_Atlas_BN_BF,ARC-ATAC,1402724856,B8XM_241025_01_B01,R8XA-24110504,ATX-26014,10000,Nuclei,1061736689,L8XA_241025_01_B01,2530_B02,human,Homo Sapiens,1401551838,NYGC
NY-AT26014-19,10xATAC_Mult,BG_paper_Human+HMBA_Human_Atlas+HMBA_Human_Atlas_BN_BF,ARC-ATAC,1402724860,B8XM_241025_01_C01,R8XA-24110504,ATX-26014,10000,Nuclei,1061736689,L8XA_241025_01_C12,2530_C02,human,Homo Sapiens,1401551839,NYGC
NY-AT26014-2,10xATAC_Mult,HMBA_Human_Atlas+HMBA_Human_Atlas_BN_BF,ARC-ATAC,1400548377,B8XM_241015_01_D02,R8XA-24110504,ATX-26014,10000,Nuclei,1061736689,L8XA_241015_01_G09,2511_C02,human,Homo Sapiens,1399891769,NYGC
NY-AT26014-20,10xATAC_Mult,HMBA_Cross_Species,ARC-ATAC,1402724862,B8XM_241025_01_D01,R8XA-24110504,ATX-26014,10000,Nuclei,1061736689,L8XA_241025_01_D12,2538_A04,ferret,Mustela putorius furo,1401561590,NYGC
NY-AT26014-21,10xATAC_Mult,HMBA_Cross_Species,ARC-ATAC,1402724865,B8XM_241025_01_E01,R8XA-24110504,ATX-26014,10000,Nuclei,1061736689,L8XA_241025_01_E12,2538_B04,treeshrew,Tupaia belangeri,1401561635,NYGC
NY-AT26014-22,10xATAC_Mult,BG_paper_Human+HMBA_Human_Atlas+HMBA_Human_Atlas_BN_BF,ARC-ATAC,1402724869,B8XM_241025_01_G01,R8XA-24110504,ATX-26014,10000,Nuclei,1061736689,L8XA_241025_01_G12,2531_C03,human,Homo Sapiens,1402585503,NYGC
NY-AT26014-3,10xATAC_Mult,BG_paper_Human+HMBA_Human_Atlas+HMBA_Human_Atlas_BN_BF,ARC-ATAC,1401589868,B8XM_241018_01_D01,R8XA-24110504,ATX-26014,10000,Nuclei,1061736689,L8XA_241018_01_D10,2513_B04,human,Homo Sapiens,1400573056,NYGC
NY-AT26014-4,10xATAC_Mult,BG_paper_Human+HMBA_Human_Atlas+HMBA_Human_Atlas_BN_BF,ARC-ATAC,1401589873,B8XM_241018_01_E01,R8XA-24110504,ATX-26014,10000,Nuclei,1061736689,L8XA_241018_01_E10,2513_C04,human,Homo Sapiens,1400573057,NYGC
NY-AT26014-5,10xATAC_Mult,BG_paper_Human+HMBA_Human_Atlas+HMBA_Human_Atlas_BN_BF,ARC-ATAC,1401589878,B8XM_241018_01_F01,R8XA-24110504,ATX-26014,10000,Nuclei,1061736689,L8XA_241018_01_F10,2517_A05,human,Homo Sapiens,1400372391,NYGC
NY-AT26014-6,10xATAC_Mult,BG_paper_Human+HMBA_Human_Atlas+HMBA_Human_Atlas_BN_BF,ARC-ATAC,1401589885,B8XM_241018_01_G01,R8XA-24110504,ATX-26014,10000,Nuclei,1061736689,L8XA_241018_01_G10,2517_B05,human,Homo Sapiens,1400372392,NYGC
NY-AT26014-7,10xATAC_Mult,BG_paper_Human+HMBA_Human_Atlas+HMBA_Human_Atlas_BN_BF,ARC-ATAC,1401589890,B8XM_241018_01_H01,R8XA-24110504,ATX-26014,10000,Nuclei,1061736689,L8XA_241018_01_H10,2517_C05,human,Homo Sapiens,1400372393,NYGC
NY-AT26014-8,10xATAC_Mult,HMBA_Cross_Species,ARC-ATAC,1401589895,B8XM_241018_01_A02,R8XA-24110504,ATX-26014,10000,Nuclei,1061736689,L8XA_241018_01_A11,2518_A06,rat,Rattus norvegicus,1401022192,NYGC
NY-AT26014-9,10xATAC_Mult,HMBA_Cross_Species,ARC-ATAC,1401589901,B8XM_241018_01_B02,R8XA-24110504,ATX-26014,5512,Nuclei,1061736689,L8XA_241018_01_H09,2518_B06,rat,Rattus norvegicus,1401022235,NYGC
NY-AT26015-1,10xATAC_Mult,HMBA_Human_Atlas+HMBA_Human_Atlas_Cx,ARC-ATAC,1401589862,B8XM_241018_01_C01,R8XA-24111202,ATX-26015,10000,Nuclei,1061736689,L8XA_241018_01_C10,2513_A04,human,Homo Sapiens,1400573055,NYGC
NY-AT26015-10,10xATAC_Mult,BG_paper_Human+HMBA_Human_Atlas+HMBA_Human_Atlas_BN_BF,ARC-ATAC,1403022444,B8XM_241029_01_G01,R8XA-24111202,ATX-26015,10000,Nuclei,1061736689,L8XA_241029_01_B02,2540_B02,human,Homo Sapiens,1402708961,NYGC
NY-AT26015-11,10xATAC_Mult,BG_paper_Human+HMBA_Human_Atlas+HMBA_Human_Atlas_BN_BF,ARC-ATAC,1403022446,B8XM_241029_01_H01,R8XA-24111202,ATX-26015,10000,Nuclei,1061736689,L8XA_241029_01_C02,2540_C02,human,Homo Sapiens,1402708962,NYGC
NY-AT26015-12,10xATAC_Mult,HMBA_Human_Atlas+HMBA_Human_Atlas_Cx,ARC-ATAC,1403022448,B8XM_241029_01_A02,R8XA-24111202,ATX-26015,10000,Nuclei,1061736689,L8XA_241029_01_C01,2540_D02,human,Homo Sapiens,1403020378,NYGC
NY-AT26015-13,10xATAC_Mult,HMBA_Human_Atlas+HMBA_Human_Atlas_Cx,ARC-ATAC,1403022451,B8XM_241029_01_B02,R8XA-24111202,ATX-26015,9689,Nuclei,1061736689,L8XA_241029_01_D02,2540_E02,human,Homo Sapiens,1403020379,NYGC
NY-AT26015-14,10xATAC_Mult,HMBA_Human_Atlas+HMBA_Human_Atlas_Cx,ARC-ATAC,1403022453,B8XM_241029_01_C02,R8XA-24111202,ATX-26015,7329,Nuclei,1061736689,L8XA_241029_01_E02,2540_F02,human,Homo Sapiens,1403020380,NYGC
NY-AT26015-15,10xATAC_Mult,HMBA_Human_Atlas+HMBA_Human_Atlas_Cx,ARC-ATAC,1404106047,B8XM_241031_01_A01,R8XA-24111202,ATX-26015,10000,Nuclei,1061736689,L8XA_241031_01_G02,2542_A03,human,Homo Sapiens,1402746103,NYGC
NY-AT26015-16,10xATAC_Mult,HMBA_Human_Atlas+HMBA_Human_Atlas_Cx,ARC-ATAC,1404106051,B8XM_241031_01_C01,R8XA-24111202,ATX-26015,10000,Nuclei,1061736689,L8XA_241031_01_A03,2542_C03,human,Homo Sapiens,1402746105,NYGC
NY-AT26015-17,10xATAC_Mult,HMBA_Cross_Species,ARC-ATAC,1404106053,B8XM_241031_01_D01,R8XA-24111202,ATX-26015,8152,Nuclei,1061736689,L8XA_241031_01_B03,2545_A05,naked_mole_rat,Heterocephalus glaber,1403611777,NYGC
NY-AT26015-18,10xATAC_Mult,HMBA_Cross_Species,ARC-ATAC,1404106055,B8XM_241031_01_E01,R8XA-24111202,ATX-26015,8152,Nuclei,1061736689,L8XA_241031_01_C03,2545_B05,naked_mole_rat,Heterocephalus glaber,1403611778,NYGC
NY-AT26015-19,10xATAC_Mult,HMBA_Cross_Species,ARC-ATAC,1404106065,B8XM_241031_01_A02,R8XA-24111202,ATX-26015,6832,Nuclei,1061736689,L8XA_241031_01_F03,2545_F05,naked_mole_rat,Heterocephalus glaber,1403611960,NYGC
NY-AT26015-2,10xATAC_Mult,HMBA_Human_Atlas+HMBA_Human_Atlas_BN_BF,ARC-ATAC,1401588129,B8XM_241022_01_F01,R8XA-24111202,ATX-26015,10000,Nuclei,1061736689,L8XA_241022_01_G11,2526_C01,human,Homo Sapiens,1401480906,NYGC
NY-AT26015-20,10xATAC_Mult,HMBA_Human_Atlas+HMBA_Human_Atlas_THM,ARC-ATAC,1404105850,B8XM_241105_01_E01,R8XA-24111202,ATX-26015,10000,Nuclei,1061736689,L8XA_241105_01_F04,2549_A07,human,Homo Sapiens,1403906713,NYGC
NY-AT26015-21,10xATAC_Mult,HMBA_Human_Atlas+HMBA_Human_Atlas_THM,ARC-ATAC,1404105852,B8XM_241105_01_F01,R8XA-24111202,ATX-26015,10000,Nuclei,1061736689,L8XA_241105_01_G04,2549_B07,human,Homo Sapiens,1403906715,NYGC
NY-AT26015-22,10xATAC_Mult,HMBA_Human_Atlas+HMBA_Human_Atlas_BN_BF,ARC-ATAC,1404105854,B8XM_241105_01_G01,R8XA-24111202,ATX-26015,10000,Nuclei,1061736689,L8XA_241105_01_H04,2549_C07,human,Homo Sapiens,1403906717,NYGC
NY-AT26015-3,10xATAC_Mult,BG_paper_Human+HMBA_Human_Atlas+HMBA_Human_Atlas_BN_BF,ARC-ATAC,1401588134,B8XM_241022_01_G01,R8XA-24111202,ATX-26015,10000,Nuclei,1061736689,L8XA_241022_01_H11,2526_D01,human,Homo Sapiens,1401491892,NYGC
NY-AT26015-4,10xATAC_Mult,BG_paper_Human+HMBA_Human_Atlas+HMBA_Human_Atlas_BN_BF,ARC-ATAC,1402724867,B8XM_241025_01_F01,R8XA-24111202,ATX-26015,10000,Nuclei,1061736689,L8XA_241025_01_F12,2531_A03,human,Homo Sapiens,1402585501,NYGC
NY-AT26015-5,10xATAC_Mult,BG_paper_Human+HMBA_Human_Atlas+HMBA_Human_Atlas_BN_BF,ARC-ATAC,1402724871,B8XM_241025_01_H01,R8XA-24111202,ATX-26015,10000,Nuclei,1061736689,L8XA_241025_01_H12,2531_1_D03,human,Homo Sapiens,1402585504,NYGC
NY-AT26015-6,10xATAC_Mult,HMBA_Human_Atlas+HMBA_Human_Atlas_Cx,ARC-ATAC,1403022431,B8XM_241029_01_A01,R8XA-24111202,ATX-26015,10000,Nuclei,1061736689,L8XA_241029_01_D01,2536_A05,human,Homo Sapiens,1402848652,NYGC
NY-AT26015-7,10xATAC_Mult,HMBA_Human_Atlas+HMBA_Human_Atlas_THM,ARC-ATAC,1403022433,B8XM_241029_01_B01,R8XA-24111202,ATX-26015,10000,Nuclei,1061736689,L8XA_241029_01_E01,2536_B05,human,Homo Sapiens,1402848653,NYGC
NY-AT26015-8,10xATAC_Mult,HMBA_Human_Atlas+HMBA_Human_Atlas_THM,ARC-ATAC,1403022435,B8XM_241029_01_C01,R8XA-24111202,ATX-26015,10000,Nuclei,1061736689,L8XA_241029_01_F01,2536_C05,human,Homo Sapiens,1402848654,NYGC
NY-AT26015-9,10xATAC_Mult,BG_paper_Human+HMBA_Human_Atlas+HMBA_Human_Atlas_BN_BF,ARC-ATAC,1403022441,B8XM_241029_01_F01,R8XA-24111202,ATX-26015,10000,Nuclei,1061736689,L8XA_241029_01_A02,2540_A02,human,Homo Sapiens,1402708959,NYGC
NY-AT26016-1,10xATAC_Mult,HMBA_Human_Atlas+HMBA_Human_Atlas_Cx,ARC-ATAC,1404106049,B8XM_241031_01_B01,R8XA-24111906,ATX-26016,10000,Nuclei,1061736689,L8XA_241031_01_H02,2542_B03,human,Homo Sapiens,1402746104,NYGC
NY-AT26016-10,10xATAC_Mult,HMBA_Human_Atlas+HMBA_Human_Atlas_BN_BF,ARC-ATAC,1404105861,B8XM_241105_01_B02,R8XA-24111906,ATX-26016,10000,Nuclei,1061736689,L8XA_241105_01_C05,2551_1_C01,human,Homo Sapiens,1403603290,NYGC
NY-AT26016-11,10xATAC_Mult,HMBA_Human_Atlas+HMBA_Human_Atlas_BN_BF,ARC-ATAC,1404105864,B8XM_241105_01_C02,R8XA-24111906,ATX-26016,10000,Nuclei,1061736689,L8XA_241105_01_D05,2551_1_D01,human,Homo Sapiens,1403909541,NYGC
NY-AT26016-12,10xATAC_Mult,HMBA_Human_Atlas+HMBA_Human_Atlas_M,ARC-ATAC,1404105866,B8XM_241105_01_D02,R8XA-24111906,ATX-26016,10000,Nuclei,1061736689,L8XA_241105_01_E05,2551_1_E01,human,Homo Sapiens,1403909542,NYGC
NY-AT26016-13,10xATAC_Mult,BG_paper_Human+HMBA_Human_Atlas+HMBA_Human_Atlas_BN_BF,ARC-ATAC,1404105868,B8XM_241105_01_E02,R8XA-24111906,ATX-26016,10000,Nuclei,1061736689,L8XA_241105_01_F05,2551_1_F01,human,Homo Sapiens,1403909543,NYGC
NY-AT26016-14,10xATAC_Mult,HMBA_Human_Atlas+HMBA_Human_Atlas_BN_BF,ARC-ATAC,1405017341,B8XM_241108_01_A01,R8XA-24111906,ATX-26016,10000,Nuclei,1061736689,L8XA_241108_01_A06,2554_A02,human,Homo Sapiens,1404082751,NYGC
NY-AT26016-15,10xATAC_Mult,HMBA_Human_Atlas+HMBA_Human_Atlas_Cx,ARC-ATAC,1405017343,B8XM_241108_01_B01,R8XA-24111906,ATX-26016,10000,Nuclei,1061736689,L8XA_241108_01_B06,2554_B02,human,Homo Sapiens,1404082752,NYGC
NY-AT26016-16,10xATAC_Mult,HMBA_Human_Atlas+HMBA_Human_Atlas_BN_BF,ARC-ATAC,1405017345,B8XM_241108_01_C01,R8XA-24111906,ATX-26016,10000,Nuclei,1061736689,L8XA_241108_01_C06,2554_C02,human,Homo Sapiens,1404082753,NYGC
NY-AT26016-17,10xATAC_Mult,HMBA_Cross_Species,ARC-ATAC,1405017348,B8XM_241108_01_D01,R8XA-24111906,ATX-26016,4891,Nuclei,1061736689,L8XA_241108_01_G05,2558_A03,naked_mole_rat,Heterocephalus glaber,1404683695,NYGC
NY-AT26016-18,10xATAC_Mult,HMBA_Human_Atlas+HMBA_Human_Atlas_Cx,ARC-ATAC,1405017350,B8XM_241108_01_E01,R8XA-24111906,ATX-26016,10000,Nuclei,1061736689,L8XA_241108_01_D06,2559_A04,human,Homo Sapiens,1404850464,NYGC
NY-AT26016-19,10xATAC_Mult,HMBA_Human_Atlas+HMBA_Human_Atlas_Cx,ARC-ATAC,1405017352,B8XM_241108_01_F01,R8XA-24111906,ATX-26016,10000,Nuclei,1061736689,L8XA_241108_01_E06,2559_B04,human,Homo Sapiens,1404850465,NYGC
NY-AT26016-2,10xATAC_Mult,HMBA_Cross_Species,ARC-ATAC,1404106057,B8XM_241031_01_F01,R8XA-24111906,ATX-26016,4736,Nuclei,1061736689,L8XA_241031_01_F02,2545_C05,naked_mole_rat,Heterocephalus glaber,1403611835,NYGC
NY-AT26016-20,10xATAC_Mult,HMBA_Human_Atlas+HMBA_Human_Atlas_H,ARC-ATAC,1405017354,B8XM_241108_01_G01,R8XA-24111906,ATX-26016,10000,Nuclei,1061736689,L8XA_241108_01_H05,2559_C04,human,Homo Sapiens,1404850466,NYGC
NY-AT26016-21,10xATAC_Mult,HMBA_Human_Atlas+HMBA_Human_Atlas_H,ARC-ATAC,1405167382,B8XM_241112_01_C01,R8XA-24111906,ATX-26016,10000,Nuclei,1061736689,L8XA_241112_01_G06,2565_A05,human,Homo Sapiens,1404861269,NYGC
NY-AT26016-22,10xATAC_Mult,HMBA_Human_Atlas+HMBA_Human_Atlas_H,ARC-ATAC,1405167386,B8XM_241112_01_D01,R8XA-24111906,ATX-26016,10000,Nuclei,1061736689,L8XA_241112_01_H06,2565_B05,human,Homo Sapiens,1404861268,NYGC
NY-AT26016-3,10xATAC_Mult,HMBA_Cross_Species,ARC-ATAC,1404106061,B8XM_241031_01_G01,R8XA-24111906,ATX-26016,10000,Nuclei,1061736689,L8XA_241031_01_D03,2545_D05,naked_mole_rat,Heterocephalus glaber,1403611884,NYGC
NY-AT26016-4,10xATAC_Mult,HMBA_Cross_Species,ARC-ATAC,1404106063,B8XM_241031_01_H01,R8XA-24111906,ATX-26016,10000,Nuclei,1061736689,L8XA_241031_01_E03,2545_E05,naked_mole_rat,Heterocephalus glaber,1403611885,NYGC
NY-AT26016-5,10xATAC_Mult,HMBA_Human_Atlas+HMBA_Human_Atlas_THM,ARC-ATAC,1404106067,B8XM_241031_01_B02,R8XA-24111906,ATX-26016,10000,Nuclei,1061736689,L8XA_241031_01_G03,2544_A04,human,Homo Sapiens,1403145977,NYGC
NY-AT26016-6,10xATAC_Mult,HMBA_Human_Atlas+HMBA_Human_Atlas_HTH,ARC-ATAC,1404106069,B8XM_241031_01_C02,R8XA-24111906,ATX-26016,10000,Nuclei,1061736689,L8XA_241031_01_H03,2544_B04,human,Homo Sapiens,1403145978,NYGC
NY-AT26016-7,10xATAC_Mult,HMBA_Human_Atlas+HMBA_Human_Atlas_HTH,ARC-ATAC,1404106071,B8XM_241031_01_D02,R8XA-24111906,ATX-26016,10000,Nuclei,1061736689,L8XA_241031_01_A04,2544_C04,human,Homo Sapiens,1403145979,NYGC
NY-AT26016-8,10xATAC_Mult,HMBA_Human_Atlas+HMBA_Human_Atlas_M,ARC-ATAC,1404105856,B8XM_241105_01_H01,R8XA-24111906,ATX-26016,10000,Nuclei,1061736689,L8XA_241105_01_A05,2551_1_A01,human,Homo Sapiens,1403603287,NYGC
NY-AT26016-9,10xATAC_Mult,HMBA_Human_Atlas+HMBA_Human_Atlas_BN_BF,ARC-ATAC,1404105858,B8XM_241105_01_A02,R8XA-24111906,ATX-26016,10000,Nuclei,1061736689,L8XA_241105_01_B05,2551_1_B01,human,Homo Sapiens,1403603289,NYGC
NY-AT26017-1,10xATAC_Mult,HMBA_Human_Atlas+HMBA_Human_Atlas_H,ARC-ATAC,1405167398,B8XM_241112_01_B02,R8XA-24121004,ATX-26017,10000,Nuclei,1061736689,L8XA_241112_01_F06,2569_C02,human,Homo Sapiens,1405151959,NYGC
NY-AT26017-10,10xATAC_Mult,HMBA_Human_Atlas+HMBA_Human_Atlas_H,ARC-ATAC,1406391502,B8XM_241115_01_B02,R8XA-24121004,ATX-26017,10000,Nuclei,1061736689,L8XA_241115_01_B09,2579_C06,human,Homo Sapiens,1405150639,NYGC
NY-AT26017-11,10xATAC_Mult,HMBA_Human_Atlas+HMBA_Human_Atlas_H,ARC-ATAC,1405167394,B8XM_241112_01_H01,R8XA-24121004,ATX-26017,10000,Nuclei,1061736689,L8XA_241112_01_C07,2569_A02,human,Homo Sapiens,1405151961,NYGC
NY-AT26017-12,10xATAC_Mult,HMBA_Human_Atlas+HMBA_Human_Atlas_H,ARC-ATAC,1406444752,B8XM_241119_01_C03,R8XA-24121004,ATX-26017,10000,Nuclei,1061736689,L8XA_241119_01_F09,2588_A03,human,Homo Sapiens,1406424224,NYGC
NY-AT26017-13,10xATAC_Mult,HMBA_Human_Atlas+HMBA_Human_Atlas_H,ARC-ATAC,1406444755,B8XM_241119_01_D03,R8XA-24121004,ATX-26017,10000,Nuclei,1061736689,L8XA_241119_01_G09,2588_B03,human,Homo Sapiens,1406424223,NYGC
NY-AT26017-14,10xATAC_Mult,HMBA_Human_Atlas+HMBA_Human_Atlas_H,ARC-ATAC,1406444757,B8XM_241119_01_E03,R8XA-24121004,ATX-26017,10000,Nuclei,1061736689,L8XA_241119_01_H09,2588_C03,human,Homo Sapiens,1406424222,NYGC
NY-AT26017-15,10xATAC_Mult,HMBA_Human_Atlas+HMBA_Human_Atlas_H,ARC-ATAC,1408037311,B8XM_241126_01_A01,R8XA-24121004,ATX-26017,10000,Nuclei,1061736689,L8XA_241126_01_C12,2591_A04,human,Homo Sapiens,1407090606,NYGC
NY-AT26017-16,10xATAC_Mult,HMBA_Human_Atlas+HMBA_Human_Atlas_H,ARC-ATAC,1408037313,B8XM_241126_01_B01,R8XA-24121004,ATX-26017,10000,Nuclei,1061736689,L8XA_241126_01_A12,2591_B04,human,Homo Sapiens,1407090605,NYGC
NY-AT26017-17,10xATAC_Mult,HMBA_Human_Atlas+HMBA_Human_Atlas_H,ARC-ATAC,1408037315,B8XM_241126_01_C01,R8XA-24121004,ATX-26017,10000,Nuclei,1061736689,L8XA_241126_01_B12,2591_C04,human,Homo Sapiens,1407090603,NYGC
NY-AT26017-18,10xATAC_Mult,HMBA_Human_Atlas+HMBA_Human_Atlas_H,ARC-ATAC,1408037318,B8XM_241126_01_D01,R8XA-24121004,ATX-26017,10000,Nuclei,1061736689,L8XA_241126_01_D12,2593_A05,human,Homo Sapiens,1407281117,NYGC
NY-AT26017-19,10xATAC_Mult,HMBA_Human_Atlas+HMBA_Human_Atlas_H,ARC-ATAC,1408037320,B8XM_241126_01_E01,R8XA-24121004,ATX-26017,10000,Nuclei,1061736689,L8XA_241126_01_E12,2593_B05,human,Homo Sapiens,1407281116,NYGC
NY-AT26017-2,10xATAC_Mult,HMBA_Human_Atlas+HMBA_Human_Atlas_H,ARC-ATAC,1406391476,B8XM_241115_01_A01,R8XA-24121004,ATX-26017,10000,Nuclei,1061736689,L8XA_241115_01_A08,2571_A03,human,Homo Sapiens,1405123290,NYGC
NY-AT26017-20,10xATAC_Mult,HMBA_Human_Atlas+HMBA_Human_Atlas_H,ARC-ATAC,1408037322,B8XM_241126_01_F01,R8XA-24121004,ATX-26017,10000,Nuclei,1061736689,L8XA_241126_01_F12,2593_C05,human,Homo Sapiens,1407281115,NYGC
NY-AT26017-21,10xATAC_Mult,HMBA_Human_Atlas+HMBA_Human_Atlas_H,ARC-ATAC,1408617143,B8XM_241203_01_A02,R8XA-24121004,ATX-26017,10000,Nuclei,1061736689,L8XA_241203_01_D02,2605_A01,human,Homo Sapiens,1408339487,NYGC
NY-AT26017-3,10xATAC_Mult,HMBA_Human_Atlas+HMBA_Human_Atlas_H,ARC-ATAC,1406391479,B8XM_241115_01_B01,R8XA-24121004,ATX-26017,10000,Nuclei,1061736689,L8XA_241115_01_B08,2571_B03,human,Homo Sapiens,1405123289,NYGC
NY-AT26017-4,10xATAC_Mult,HMBA_Human_Atlas+HMBA_Human_Atlas_H,ARC-ATAC,1406391482,B8XM_241115_01_C01,R8XA-24121004,ATX-26017,10000,Nuclei,1061736689,L8XA_241115_01_C08,2571_C03,human,Homo Sapiens,1405123288,NYGC
NY-AT26017-5,10xATAC_Mult,HMBA_Human_Atlas+HMBA_Human_Atlas_H,ARC-ATAC,1406391485,B8XM_241115_01_D01,R8XA-24121004,ATX-26017,10000,Nuclei,1061736689,L8XA_241115_01_E08,2575_A04,human,Homo Sapiens,1406006627,NYGC
NY-AT26017-6,10xATAC_Mult,HMBA_Human_Atlas+HMBA_Human_Atlas_H,ARC-ATAC,1406391487,B8XM_241115_01_E01,R8XA-24121004,ATX-26017,10000,Nuclei,1061736689,L8XA_241115_01_F08,2575_B04,human,Homo Sapiens,1406006626,NYGC
NY-AT26017-7,10xATAC_Mult,HMBA_Human_Atlas+HMBA_Human_Atlas_H,ARC-ATAC,1406391491,B8XM_241115_01_F01,R8XA-24121004,ATX-26017,10000,Nuclei,1061736689,L8XA_241115_01_G08,2575_C04,human,Homo Sapiens,1406006625,NYGC
NY-AT26017-8,10xATAC_Mult,HMBA_Human_Atlas+HMBA_Human_Atlas_H,ARC-ATAC,1406391497,B8XM_241115_01_H01,R8XA-24121004,ATX-26017,10000,Nuclei,1061736689,L8XA_241115_01_H08,2579_A06,human,Homo Sapiens,1405150641,NYGC
NY-AT26017-9,10xATAC_Mult,HMBA_Human_Atlas+HMBA_Human_Atlas_H,ARC-ATAC,1406391499,B8XM_241115_01_A02,R8XA-24121004,ATX-26017,10000,Nuclei,1061736689,L8XA_241115_01_A09,2579_B06,human,Homo Sapiens,1405150640,NYGC
NY-AT26018-1,10xATAC_Mult,HMBA_Human_Atlas+HMBA_Human_Atlas_H,ARC-ATAC,1405167388,B8XM_241112_01_E01,R8XA-24121005,ATX-26018,10000,Nuclei,1061736689,L8XA_241112_01_A07,2565_C05,human,Homo Sapiens,1404861267,NYGC
NY-AT26018-10,10xATAC_Mult,HMBA_Human_Atlas+HMBA_Human_Atlas_H,ARC-ATAC,1408037340,B8XM_241126_01_F02,R8XA-24121005,ATX-26018,10000,Nuclei,1061736689,L8XA_241126_01_F01,2600_B01,human,Homo Sapiens,1408013481,NYGC
NY-AT26018-11,10xATAC_Mult,HMBA_Human_Atlas+HMBA_Human_Atlas_H,ARC-ATAC,1408037343,B8XM_241126_01_G02,R8XA-24121005,ATX-26018,10000,Nuclei,1061736689,L8XA_241126_01_G01,2600_C01,human,Homo Sapiens,1408013480,NYGC
NY-AT26018-12,10xATAC_Mult,HMBA_Human_Atlas+HMBA_Human_Atlas_H,ARC-ATAC,1408037347,B8XM_241126_01_H02,R8XA-24121005,ATX-26018,10000,Nuclei,1061736689,L8XA_241126_01_H01,2600_D01,human,Homo Sapiens,1407413511,NYGC
NY-AT26018-13,10xATAC_Mult,HMBA_Human_Atlas+HMBA_Human_Atlas_H,ARC-ATAC,1408037351,B8XM_241126_01_A03,R8XA-24121005,ATX-26018,10000,Nuclei,1061736689,L8XA_241126_01_A02,2600_E01,human,Homo Sapiens,1407413510,NYGC
NY-AT26018-14,10xATAC_Mult,HMBA_Human_Atlas+HMBA_Human_Atlas_H,ARC-ATAC,1408037354,B8XM_241126_01_B03,R8XA-24121005,ATX-26018,10000,Nuclei,1061736689,L8XA_241126_01_B02,2600_F01,human,Homo Sapiens,1407413509,NYGC
NY-AT26018-15,10xATAC_Mult,HMBA_Human_Atlas+HMBA_Human_Atlas_H,ARC-ATAC,1408617091,B8XM_241203_01_A01,R8XA-24121005,ATX-26018,10000,Nuclei,1061736689,L8XA_241203_01_B03,2602_A02,human,Homo Sapiens,1408186521,NYGC
NY-AT26018-16,10xATAC_Mult,HMBA_Human_Atlas+HMBA_Human_Atlas_H,ARC-ATAC,1408617099,B8XM_241203_01_B01,R8XA-24121005,ATX-26018,10000,Nuclei,1061736689,L8XA_241203_01_C03,2602_B02,human,Homo Sapiens,1408186520,NYGC
NY-AT26018-17,10xATAC_Mult,HMBA_Human_Atlas+HMBA_Human_Atlas_H,ARC-ATAC,1408617104,B8XM_241203_01_C01,R8XA-24121005,ATX-26018,10000,Nuclei,1061736689,L8XA_241203_01_D03,2602_C02,human,Homo Sapiens,1408186519,NYGC
NY-AT26018-18,10xATAC_Mult,HMBA_Human_Atlas+HMBA_Human_Atlas_H,ARC-ATAC,1408617106,B8XM_241203_01_D01,R8XA-24121005,ATX-26018,10000,Nuclei,1061736689,L8XA_241203_01_F02,2603_A03,human,Homo Sapiens,1407417626,NYGC
NY-AT26018-19,10xATAC_Mult,HMBA_Human_Atlas+HMBA_Human_Atlas_H,ARC-ATAC,1408617108,B8XM_241203_01_E01,R8XA-24121005,ATX-26018,10000,Nuclei,1061736689,L8XA_241203_01_F03,2603_B03,human,Homo Sapiens,1407417625,NYGC
NY-AT26018-2,10xATAC_Mult,HMBA_Human_Atlas+HMBA_Human_Atlas_H,ARC-ATAC,1405167396,B8XM_241112_01_A02,R8XA-24121005,ATX-26018,10000,Nuclei,1061736689,L8XA_241112_01_D07,2569_B02,human,Homo Sapiens,1405151960,NYGC
NY-AT26018-20,10xATAC_Mult,HMBA_Human_Atlas+HMBA_Human_Atlas_H,ARC-ATAC,1408617116,B8XM_241203_01_F01,R8XA-24121005,ATX-26018,10000,Nuclei,1061736689,L8XA_241203_01_G03,2603_C03,human,Homo Sapiens,1407417624,NYGC
NY-AT26018-21,10xATAC_Mult,HMBA_Human_Atlas+HMBA_Human_Atlas_H,ARC-ATAC,1408617152,B8XM_241203_01_B02,R8XA-24121005,ATX-26018,10000,Nuclei,1061736689,L8XA_241203_01_E02,2605_B01,human,Homo Sapiens,1408339485,NYGC
NY-AT26018-3,10xATAC_Mult,HMBA_Human_Atlas+HMBA_Human_Atlas_H,ARC-ATAC,1408037324,B8XM_241126_01_G01,R8XA-24121005,ATX-26018,10000,Nuclei,1061736689,L8XA_241126_01_G12,2593_D05,human,Homo Sapiens,1407273440,NYGC
NY-AT26018-4,10xATAC_Mult,HMBA_Human_Atlas+HMBA_Human_Atlas_H,ARC-ATAC,1408037326,B8XM_241126_01_H01,R8XA-24121005,ATX-26018,10000,Nuclei,1061736689,L8XA_241126_01_H12,2593_E05,human,Homo Sapiens,1407273439,NYGC
NY-AT26018-5,10xATAC_Mult,HMBA_Human_Atlas+HMBA_Human_Atlas_H,ARC-ATAC,1408037329,B8XM_241126_01_A02,R8XA-24121005,ATX-26018,10000,Nuclei,1061736689,L8XA_241126_01_A01,2593_F05,human,Homo Sapiens,1407273438,NYGC
NY-AT26018-6,10xATAC_Mult,HMBA_Human_Atlas+HMBA_Human_Atlas_H,ARC-ATAC,1408037331,B8XM_241126_01_B02,R8XA-24121005,ATX-26018,10000,Nuclei,1061736689,L8XA_241126_01_B01,2596_A07,human,Homo Sapiens,1407111013,NYGC
NY-AT26018-7,10xATAC_Mult,HMBA_Human_Atlas+HMBA_Human_Atlas_H,ARC-ATAC,1408037333,B8XM_241126_01_C02,R8XA-24121005,ATX-26018,10000,Nuclei,1061736689,L8XA_241126_01_C01,2596_B07,human,Homo Sapiens,1407111012,NYGC
NY-AT26018-8,10xATAC_Mult,HMBA_Human_Atlas+HMBA_Human_Atlas_H,ARC-ATAC,1408037336,B8XM_241126_01_D02,R8XA-24121005,ATX-26018,10000,Nuclei,1061736689,L8XA_241126_01_D01,2596_C07,human,Homo Sapiens,1407111011,NYGC
NY-AT26018-9,10xATAC_Mult,HMBA_Human_Atlas+HMBA_Human_Atlas_H,ARC-ATAC,1408037338,B8XM_241126_01_E02,R8XA-24121005,ATX-26018,10000,Nuclei,1061736689,L8XA_241126_01_E01,2600_A01,human,Homo Sapiens,1408013482,NYGC
NY-AT26019-1,10xATAC_Mult,HMBA_Human_Atlas+HMBA_Human_Atlas_VINEseq,ARC-ATAC,1406444711,B8XM_241119_01_A01,R8XA-24121703,ATX-26019,3338,Nuclei,1061736689,L8XA_241119_01_D09,2584_A08,human,Homo Sapiens,1405706553,NYGC
NY-AT26019-10,10xATAC_Mult,HMBA_Human_Atlas+HMBA_Human_Atlas_H,ARC-ATAC,1409952278,B8XM_241206_01_B01,R8XA-24121703,ATX-26019,10000,Nuclei,1061736689,L8XA_241206_01_C04,2608_B02,human,Homo Sapiens,1408349069,NYGC
NY-AT26019-11,10xATAC_Mult,HMBA_Human_Atlas+HMBA_Human_Atlas_H,ARC-ATAC,1409952281,B8XM_241206_01_C01,R8XA-24121703,ATX-26019,10000,Nuclei,1061736689,L8XA_241206_01_D04,2608_C02,human,Homo Sapiens,1408349068,NYGC
NY-AT26019-12,10xATAC_Mult,HMBA_Human_Atlas+HMBA_Human_Atlas_H,ARC-ATAC,1409952287,B8XM_241206_01_F01,R8XA-24121703,ATX-26019,10000,Nuclei,1061736689,L8XA_241206_01_E04,2612_A05,human,Homo Sapiens,1408846456,NYGC
NY-AT26019-13,10xATAC_Mult,HMBA_Human_Atlas+HMBA_Human_Atlas_H,ARC-ATAC,1409952289,B8XM_241206_01_G01,R8XA-24121703,ATX-26019,10000,Nuclei,1061736689,L8XA_241206_01_A04,2612_B05,human,Homo Sapiens,1408846455,NYGC
NY-AT26019-14,10xATAC_Mult,BICAN_Dev_Atlas+BICAN_Dev_P2,ARC-ATAC,1410092721,B8XM_241210_01_A01,R8XA-24121703,ATX-26019,10000,Nuclei,1061736689,L8XA_241210_01_D05,2614_A06,mouse,Mus musculus,1408539228,NYGC
NY-AT26019-15,10xATAC_Mult,BICAN_Dev_Atlas+BICAN_Dev_P2,ARC-ATAC,1410092354,B8XM_241210_01_B01,R8XA-24121703,ATX-26019,10000,Nuclei,1061736689,L8XA_241210_01_E05,2614_B06,mouse,Mus musculus,1408539229,NYGC
NY-AT26019-16,10xATAC_Mult,BICAN_Dev_Atlas+BICAN_Dev_P2,ARC-ATAC,1410092357,B8XM_241210_01_C01,R8XA-24121703,ATX-26019,9813,Nuclei,1061736689,L8XA_241210_01_F05,2614_C06,mouse,Mus musculus,1408539230,NYGC
NY-AT26019-17,10xATAC_Mult,BICAN_Dev_Atlas+BICAN_Dev_P2,ARC-ATAC,1410092359,B8XM_241210_01_D01,R8XA-24121703,ATX-26019,9813,Nuclei,1061736689,L8XA_241210_01_G05,2614_D06,mouse,Mus musculus,1408539231,NYGC
NY-AT26019-18,10xATAC_Mult,BICAN_Dev_Atlas+BICAN_Dev_P2,ARC-ATAC,1410092361,B8XM_241210_01_E01,R8XA-24121703,ATX-26019,10000,Nuclei,1061736689,L8XA_241210_01_H05,2614_F06,mouse,Mus musculus,1408539233,NYGC
NY-AT26019-19,10xATAC_Mult,HMBA_Cross_Species,ARC-ATAC,1410092363,B8XM_241210_01_F01,R8XA-24121703,ATX-26019,7857,Nuclei,1061736689,L8XA_241210_01_A06,2616_A07,naked_mole_rat,Heterocephalus glaber,1409946577,NYGC
NY-AT26019-2,10xATAC_Mult,HMBA_Human_Atlas+HMBA_Human_Atlas_VINEseq,ARC-ATAC,1406444713,B8XM_241119_01_B01,R8XA-24121703,ATX-26019,3028,Nuclei,1061736689,L8XA_241119_01_E09,2584_B08,human,Homo Sapiens,1405707713,NYGC
NY-AT26019-20,10xATAC_Mult,HMBA_Cross_Species,ARC-ATAC,1410092365,B8XM_241210_01_G01,R8XA-24121703,ATX-26019,7857,Nuclei,1061736689,L8XA_241210_01_B06,2616_B07,naked_mole_rat,Heterocephalus glaber,1409946671,NYGC
NY-AT26019-21,10xATAC_Mult,HMBA_Cross_Species,ARC-ATAC,1410092367,B8XM_241210_01_H01,R8XA-24121703,ATX-26019,10000,Nuclei,1061736689,L8XA_241210_01_C06,2616_C07,naked_mole_rat,Heterocephalus glaber,1409946732,NYGC
NY-AT26019-22,10xATAC_Mult,HMBA_Cross_Species,ARC-ATAC,1410092369,B8XM_241210_01_A02,R8XA-24121703,ATX-26019,10000,Nuclei,1061736689,L8XA_241210_01_D06,2616_D07,naked_mole_rat,Heterocephalus glaber,1409946783,NYGC
NY-AT26019-23,10xATAC_Mult,HMBA_Cross_Species,ARC-ATAC,1410092371,B8XM_241210_01_B02,R8XA-24121703,ATX-26019,5807,Nuclei,1061736689,L8XA_241210_01_A05,2616_E07,naked_mole_rat,Heterocephalus glaber,1409946846,NYGC
NY-AT26019-24,10xATAC_Mult,HMBA_Human_Atlas+HMBA_Human_Atlas_BN_BF,ARC-ATAC,1410092397,B8XM_241210_01_E03,R8XA-24121703,ATX-26019,10000,Nuclei,1061736689,L8XA_241210_01_E07,2619_B02,human,Homo Sapiens,1410086845,NYGC
NY-AT26019-3,10xATAC_Mult,HMBA_Human_Atlas+HMBA_Human_Atlas_VINEseq,ARC-ATAC,1408617121,B8XM_241203_01_G01,R8XA-24121703,ATX-26019,8074,Nuclei,1061736689,L8XA_241203_01_H03,2604_A04,human,Homo Sapiens,1408035488,NYGC
NY-AT26019-4,10xATAC_Mult,HMBA_Human_Atlas+HMBA_Human_Atlas_VINEseq,ARC-ATAC,1408617130,B8XM_241203_01_H01,R8XA-24121703,ATX-26019,2096,Nuclei,1061736689,L8XA_241203_01_C02,2604_B04,human,Homo Sapiens,1408035535,NYGC
NY-AT26019-5,10xATAC_Mult,HMBA_Human_Atlas+HMBA_Human_Atlas_H,ARC-ATAC,1408617158,B8XM_241203_01_C02,R8XA-24121703,ATX-26019,10000,Nuclei,1061736689,L8XA_241203_01_E03,2605_C01,human,Homo Sapiens,1408339484,NYGC
NY-AT26019-6,10xATAC_Mult,HMBA_Human_Atlas+HMBA_Human_Atlas_H,ARC-ATAC,1408617168,B8XM_241203_01_D02,R8XA-24121703,ATX-26019,10000,Nuclei,1061736689,L8XA_241203_01_G02,2605_D01,human,Homo Sapiens,1408584240,NYGC
NY-AT26019-7,10xATAC_Mult,HMBA_Human_Atlas+HMBA_Human_Atlas_H,ARC-ATAC,1408617171,B8XM_241203_01_E02,R8XA-24121703,ATX-26019,10000,Nuclei,1061736689,L8XA_241203_01_H02,2605_E01,human,Homo Sapiens,1408584239,NYGC
NY-AT26019-8,10xATAC_Mult,HMBA_Human_Atlas+HMBA_Human_Atlas_H,ARC-ATAC,1408617173,B8XM_241203_01_F02,R8XA-24121703,ATX-26019,10000,Nuclei,1061736689,L8XA_241203_01_A03,2605_F01,human,Homo Sapiens,1408584238,NYGC
NY-AT26019-9,10xATAC_Mult,HMBA_Human_Atlas+HMBA_Human_Atlas_H,ARC-ATAC,1409952275,B8XM_241206_01_A01,R8XA-24121703,ATX-26019,10000,Nuclei,1061736689,L8XA_241206_01_B04,2608_A02,human,Homo Sapiens,1408349070,NYGC
NY-AT26020-1,10xATAC_Mult,HMBA_Human_Atlas+HMBA_Human_Atlas_H,ARC-ATAC,1409952291,B8XM_241206_01_H01,R8XA-25010703,ATX-26020,10000,Nuclei,1061736689,L8XA_241206_01_F04,2612_C05,human,Homo Sapiens,1408846454,NYGC
NY-AT26020-10,10xATAC_Mult,BICAN_Dev_Atlas+BICAN_Dev_P6,ARC-ATAC,1410092391,B8XM_241210_01_C03,R8XA-25010703,ATX-26020,10000,Nuclei,1061736689,L8XA_241210_01_D07,2618_H01,mouse,Mus musculus,1409320388,NYGC
NY-AT26020-11,10xATAC_Mult,HMBA_Human_Atlas+HMBA_Human_Atlas_H,ARC-ATAC,1410092395,B8XM_241210_01_D03,R8XA-25010703,ATX-26020,10000,Nuclei,1061736689,L8XA_241210_01_B05,2619_A02,human,Homo Sapiens,1410086844,NYGC
NY-AT26020-12,10xATAC_Mult,HMBA_Human_Atlas+HMBA_Human_Atlas_Cx,ARC-ATAC,1410092399,B8XM_241210_01_F03,R8XA-25010703,ATX-26020,10000,Nuclei,1061736689,L8XA_241210_01_F07,2619_D02,human,Homo Sapiens,1409550482,NYGC
NY-AT26020-13,10xATAC_Mult,HMBA_Human_Atlas+HMBA_Human_Atlas_Cx,ARC-ATAC,1410092401,B8XM_241210_01_G03,R8XA-25010703,ATX-26020,10000,Nuclei,1061736689,L8XA_241210_01_G07,2619_E02,human,Homo Sapiens,1409550483,NYGC
NY-AT26020-14,10xATAC_Mult,HMBA_Human_Atlas+HMBA_Human_Atlas_Cx,ARC-ATAC,1410092403,B8XM_241210_01_H03,R8XA-25010703,ATX-26020,10000,Nuclei,1061736689,L8XA_241210_01_H07,2619_F02,human,Homo Sapiens,1409550484,NYGC
NY-AT26020-15,10xATAC_Mult,HMBA_Human_Atlas+HMBA_Human_Atlas_Cx,ARC-ATAC,1410092405,B8XM_241210_01_A04,R8XA-25010703,ATX-26020,10000,Nuclei,1061736689,L8XA_241210_01_A08,2619_G02,human,Homo Sapiens,1409550485,NYGC
NY-AT26020-16,10xATAC_Mult,HMBA_Human_Atlas+HMBA_Human_Atlas_Cx,ARC-ATAC,1410092407,B8XM_241210_01_B04,R8XA-25010703,ATX-26020,10000,Nuclei,1061736689,L8XA_241210_01_B08,2619_1_H02,human,Homo Sapiens,1410086852,NYGC
NY-AT26020-17,10xATAC_Mult,HMBA_Human_Atlas+HMBA_Human_Atlas_Cx,ARC-ATAC,1410798519,B8XM_241213_01_A01,R8XA-25010703,ATX-26020,10000,Nuclei,1061736689,L8XA_241213_01_C08,2620_A03,human,Homo Sapiens,1410674127,NYGC
NY-AT26020-18,10xATAC_Mult,HMBA_Human_Atlas+HMBA_Human_Atlas_Cx,ARC-ATAC,1410798526,B8XM_241213_01_B01,R8XA-25010703,ATX-26020,10000,Nuclei,1061736689,L8XA_241213_01_E08,2620_B03,human,Homo Sapiens,1410674128,NYGC
NY-AT26020-19,10xATAC_Mult,HMBA_Human_Atlas+HMBA_Human_Atlas_Cx,ARC-ATAC,1410798531,B8XM_241213_01_C01,R8XA-25010703,ATX-26020,10000,Nuclei,1061736689,L8XA_241213_01_F08,2620_C03,human,Homo Sapiens,1410674129,NYGC
NY-AT26020-2,10xATAC_Mult,HMBA_Cross_Species,ARC-ATAC,1410092374,B8XM_241210_01_C02,R8XA-25010703,ATX-26020,10000,Nuclei,1061736689,L8XA_241210_01_C05,2616_F07,naked_mole_rat,Heterocephalus glaber,1409946904,NYGC
NY-AT26020-20,10xATAC_Mult,BICAN_Dev_Atlas+BICAN_Dev_P6,ARC-ATAC,1410798535,B8XM_241213_01_D01,R8XA-25010703,ATX-26020,10000,Nuclei,1061736689,L8XA_241213_01_G08,2622_A04,mouse,Mus musculus,1410622471,NYGC
NY-AT26020-21,10xATAC_Mult,BICAN_Dev_Atlas+BICAN_Dev_P6,ARC-ATAC,1410798539,B8XM_241213_01_E01,R8XA-25010703,ATX-26020,10000,Nuclei,1061736689,L8XA_241213_01_H08,2622_B04,mouse,Mus musculus,1410622472,NYGC
NY-AT26020-3,10xATAC_Mult,BICAN_Dev_Atlas+BICAN_Dev_P6,ARC-ATAC,1410092377,B8XM_241210_01_D02,R8XA-25010703,ATX-26020,10000,Nuclei,1061736689,L8XA_241210_01_E06,2618_A01,mouse,Mus musculus,1409316471,NYGC
NY-AT26020-4,10xATAC_Mult,BICAN_Dev_Atlas+BICAN_Dev_P6,ARC-ATAC,1410092379,B8XM_241210_01_E02,R8XA-25010703,ATX-26020,10000,Nuclei,1061736689,L8XA_241210_01_F06,2618_B01,mouse,Mus musculus,1409316472,NYGC
NY-AT26020-5,10xATAC_Mult,BICAN_Dev_Atlas+BICAN_Dev_P6,ARC-ATAC,1410092381,B8XM_241210_01_F02,R8XA-25010703,ATX-26020,10000,Nuclei,1061736689,L8XA_241210_01_G06,2618_C01,mouse,Mus musculus,1409316473,NYGC
NY-AT26020-6,10xATAC_Mult,BICAN_Dev_Atlas+BICAN_Dev_P6,ARC-ATAC,1410092383,B8XM_241210_01_G02,R8XA-25010703,ATX-26020,10000,Nuclei,1061736689,L8XA_241210_01_H06,2618_D01,mouse,Mus musculus,1409316474,NYGC
NY-AT26020-7,10xATAC_Mult,BICAN_Dev_Atlas+BICAN_Dev_P6,ARC-ATAC,1410092385,B8XM_241210_01_H02,R8XA-25010703,ATX-26020,10000,Nuclei,1061736689,L8XA_241210_01_A07,2618_E01,mouse,Mus musculus,1409320385,NYGC
NY-AT26020-8,10xATAC_Mult,BICAN_Dev_Atlas+BICAN_Dev_P6,ARC-ATAC,1410092387,B8XM_241210_01_A03,R8XA-25010703,ATX-26020,10000,Nuclei,1061736689,L8XA_241210_01_B07,2618_F01,mouse,Mus musculus,1409320386,NYGC
NY-AT26020-9,10xATAC_Mult,BICAN_Dev_Atlas+BICAN_Dev_P6,ARC-ATAC,1410092389,B8XM_241210_01_B03,R8XA-25010703,ATX-26020,10000,Nuclei,1061736689,L8XA_241210_01_C07,2618_G01,mouse,Mus musculus,1409320387,NYGC
NY-AT26021-1,10xATAC_Mult,BICAN_Dev_Atlas+BICAN_Dev_P6,ARC-ATAC,1410798544,B8XM_241213_01_F01,R8XA-25010704,ATX-26021,10000,Nuclei,1061736689,L8XA_241213_01_A09,2622_C04,mouse,Mus musculus,1410622473,NYGC
NY-AT26021-10,10xATAC_Mult,BICAN_Dev_Atlas+BICAN_Dev_P6,ARC-ATAC,1410798589,B8XM_241213_01_B03,R8XA-25010704,ATX-26021,10000,Nuclei,1061736689,L8XA_241213_01_F10,2626_D07,mouse,Mus musculus,1409921877,NYGC
NY-AT26021-11,10xATAC_Mult,BICAN_Dev_Atlas+BICAN_Dev_P6,ARC-ATAC,1410798591,B8XM_241213_01_C03,R8XA-25010704,ATX-26021,10000,Nuclei,1061736689,L8XA_241213_01_G10,2626_E07,mouse,Mus musculus,1409920789,NYGC
NY-AT26021-12,10xATAC_Mult,BICAN_Dev_Atlas+BICAN_Dev_P6,ARC-ATAC,1410798595,B8XM_241213_01_D03,R8XA-25010704,ATX-26021,10000,Nuclei,1061736689,L8XA_241213_01_H10,2626_F07,mouse,Mus musculus,1409920790,NYGC
NY-AT26021-13,10xATAC_Mult,BICAN_Dev_Atlas+BICAN_Dev_P6,ARC-ATAC,1410798598,B8XM_241213_01_E03,R8XA-25010704,ATX-26021,10000,Nuclei,1061736689,L8XA_241213_01_A11,2626_G07,mouse,Mus musculus,1409920791,NYGC
NY-AT26021-14,10xATAC_Mult,BICAN_Dev_Atlas+BICAN_Dev_P6,ARC-ATAC,1410798601,B8XM_241213_01_F03,R8XA-25010704,ATX-26021,10000,Nuclei,1061736689,L8XA_241213_01_B11,2626_H07,mouse,Mus musculus,1409920792,NYGC
NY-AT26021-15,10xATAC_Mult,HMBA_Human_Atlas+HMBA_Human_Atlas_Cx,ARC-ATAC,1411081847,B8XM_241217_01_B01,R8XA-25010704,ATX-26021,10000,Nuclei,1061736689,L8XA_241217_01_F11,2624_A06,human,Homo Sapiens,1410115922,NYGC
NY-AT26021-16,10xATAC_Mult,HMBA_Human_Atlas+HMBA_Human_Atlas_Cx,ARC-ATAC,1411081849,B8XM_241217_01_C01,R8XA-25010704,ATX-26021,10000,Nuclei,1061736689,L8XA_241217_01_G11,2624_B06,human,Homo Sapiens,1410115923,NYGC
NY-AT26021-17,10xATAC_Mult,HMBA_Human_Atlas+HMBA_Human_Atlas_Cx,ARC-ATAC,1411081851,B8XM_241217_01_D01,R8XA-25010704,ATX-26021,10000,Nuclei,1061736689,L8XA_241217_01_H11,2624_C06,human,Homo Sapiens,1410115924,NYGC
NY-AT26021-18,10xATAC_Mult,HMBA_Human_Atlas+HMBA_Human_Atlas_Cx,ARC-ATAC,1411081853,B8XM_241217_01_E01,R8XA-25010704,ATX-26021,10000,Nuclei,1061736689,L8XA_241217_01_A12,2624_D06,human,Homo Sapiens,1410956504,NYGC
NY-AT26021-19,10xATAC_Mult,HMBA_Human_Atlas+HMBA_Human_Atlas_Cx,ARC-ATAC,1411081856,B8XM_241217_01_F01,R8XA-25010704,ATX-26021,10000,Nuclei,1061736689,L8XA_241217_01_C11,2624_E06,human,Homo Sapiens,1410956505,NYGC
NY-AT26021-2,10xATAC_Mult,BICAN_Dev_Atlas+BICAN_Dev_P6,ARC-ATAC,1410798548,B8XM_241213_01_G01,R8XA-25010704,ATX-26021,10000,Nuclei,1061736689,L8XA_241213_01_B09,2622_D04,mouse,Mus musculus,1410622474,NYGC
NY-AT26021-20,10xATAC_Mult,HMBA_Human_Atlas+HMBA_Human_Atlas_Cx,ARC-ATAC,1411081859,B8XM_241217_01_G01,R8XA-25010704,ATX-26021,10000,Nuclei,1061736689,L8XA_241217_01_B12,2624_F06,human,Homo Sapiens,1410956506,NYGC
NY-AT26021-21,10xATAC_Mult,BICAN_Dev_Atlas+BICAN_Dev_P10,ARC-ATAC,1411081861,B8XM_241217_01_H01,R8XA-25010704,ATX-26021,10000,Nuclei,1061736689,L8XA_241217_01_C12,2630_A01,mouse,Mus musculus,1410796520,NYGC
NY-AT26021-3,10xATAC_Mult,BICAN_Dev_Atlas+BICAN_Dev_P6,ARC-ATAC,1410798552,B8XM_241213_01_H01,R8XA-25010704,ATX-26021,10000,Nuclei,1061736689,L8XA_241213_01_D09,2622_E04,mouse,Mus musculus,1410626717,NYGC
NY-AT26021-4,10xATAC_Mult,BICAN_Dev_Atlas+BICAN_Dev_P6,ARC-ATAC,1410798556,B8XM_241213_01_A02,R8XA-25010704,ATX-26021,10000,Nuclei,1061736689,L8XA_241213_01_E09,2622_F04,mouse,Mus musculus,1410626718,NYGC
NY-AT26021-5,10xATAC_Mult,BICAN_Dev_Atlas+BICAN_Dev_P6,ARC-ATAC,1410798559,B8XM_241213_01_B02,R8XA-25010704,ATX-26021,10000,Nuclei,1061736689,L8XA_241213_01_F09,2622_G04,mouse,Mus musculus,1410626719,NYGC
NY-AT26021-6,10xATAC_Mult,BICAN_Dev_Atlas+BICAN_Dev_P6,ARC-ATAC,1410798564,B8XM_241213_01_C02,R8XA-25010704,ATX-26021,10000,Nuclei,1061736689,L8XA_241213_01_G09,2622_H04,mouse,Mus musculus,1410626720,NYGC
NY-AT26021-7,10xATAC_Mult,BICAN_Dev_Atlas+BICAN_Dev_P6,ARC-ATAC,1410798579,B8XM_241213_01_G02,R8XA-25010704,ATX-26021,10000,Nuclei,1061736689,L8XA_241213_01_C10,2626_A07,mouse,Mus musculus,1409921874,NYGC
NY-AT26021-8,10xATAC_Mult,BICAN_Dev_Atlas+BICAN_Dev_P6,ARC-ATAC,1410798583,B8XM_241213_01_H02,R8XA-25010704,ATX-26021,10000,Nuclei,1061736689,L8XA_241213_01_D10,2626_B07,mouse,Mus musculus,1409921875,NYGC
NY-AT26021-9,10xATAC_Mult,BICAN_Dev_Atlas+BICAN_Dev_P6,ARC-ATAC,1410798586,B8XM_241213_01_A03,R8XA-25010704,ATX-26021,10000,Nuclei,1061736689,L8XA_241213_01_E10,2626_C07,mouse,Mus musculus,1409921876,NYGC
NY-AT26022-1,10xATAC_Mult,BICAN_Dev_Atlas+BICAN_Dev_P10,ARC-ATAC,1411081863,B8XM_241217_01_A02,R8XA-25011403,ATX-26022,10000,Nuclei,1061736689,L8XA_241217_01_D12,2630_B01,mouse,Mus musculus,1410796521,NYGC
NY-AT26022-10,10xATAC_Mult,HMBA_Human_Atlas+HMBA_Human_Atlas_Cx,ARC-ATAC,1411081883,B8XM_241217_01_B03,R8XA-25011403,ATX-26022,10000,Nuclei,1061736689,L8XA_241217_01_D11,2631_E02,human,Homo Sapiens,1410514221,NYGC
NY-AT26022-11,10xATAC_Mult,HMBA_Human_Atlas+HMBA_Human_Atlas_Cx,ARC-ATAC,1411081885,B8XM_241217_01_C03,R8XA-25011403,ATX-26022,10000,Nuclei,1061736689,L8XA_241217_01_E01,2631_F02,human,Homo Sapiens,1410514222,NYGC
NY-AT26022-12,10xATAC_Mult,HMBA_Human_Atlas+HMBA_Human_Atlas_Cx,ARC-ATAC,1413878778,B8XM_250102_01_A01,R8XA-25011403,ATX-26022,10000,Nuclei,1061736689,L8XA_250102_01_A02,2632_A03,human,Homo Sapiens,1410954497,NYGC
NY-AT26022-13,10xATAC_Mult,HMBA_Human_Atlas+HMBA_Human_Atlas_Cx,ARC-ATAC,1413878781,B8XM_250102_01_B01,R8XA-25011403,ATX-26022,10000,Nuclei,1061736689,L8XA_250102_01_B02,2632_B03,human,Homo Sapiens,1410954498,NYGC
NY-AT26022-14,10xATAC_Mult,HMBA_Human_Atlas+HMBA_Human_Atlas_Cx,ARC-ATAC,1413878783,B8XM_250102_01_C01,R8XA-25011403,ATX-26022,4747,Nuclei,1061736689,L8XA_250102_01_H01,2632_C03,human,Homo Sapiens,1410954499,NYGC
NY-AT26022-15,10xATAC_Mult,BICAN_Dev_Atlas+BICAN_Dev_P6,ARC-ATAC,1413878785,B8XM_250102_01_D01,R8XA-25011403,ATX-26022,10000,Nuclei,1061736689,L8XA_250102_01_C02,2633_A04,mouse,Mus musculus,1413789880,NYGC
NY-AT26022-16,10xATAC_Mult,BICAN_Dev_Atlas+BICAN_Dev_P6,ARC-ATAC,1413878787,B8XM_250102_01_E01,R8XA-25011403,ATX-26022,10000,Nuclei,1061736689,L8XA_250102_01_D02,2633_B04,mouse,Mus musculus,1413789881,NYGC
NY-AT26022-17,10xATAC_Mult,BICAN_Dev_Atlas+BICAN_Dev_P6,ARC-ATAC,1413878790,B8XM_250102_01_F01,R8XA-25011403,ATX-26022,10000,Nuclei,1061736689,L8XA_250102_01_E02,2633_C04,mouse,Mus musculus,1413789882,NYGC
NY-AT26022-18,10xATAC_Mult,BICAN_Dev_Atlas+BICAN_Dev_P6,ARC-ATAC,1413878792,B8XM_250102_01_G01,R8XA-25011403,ATX-26022,10000,Nuclei,1061736689,L8XA_250102_01_F02,2633_D04,mouse,Mus musculus,1413789883,NYGC
NY-AT26022-19,10xATAC_Mult,BICAN_Dev_Atlas+BICAN_Dev_P10,ARC-ATAC,1413878794,B8XM_250102_01_H01,R8XA-25011403,ATX-26022,10000,Nuclei,1061736689,L8XA_250102_01_G02,2633_E04,mouse,Mus musculus,1413789884,NYGC
NY-AT26022-2,10xATAC_Mult,BICAN_Dev_Atlas+BICAN_Dev_P10,ARC-ATAC,1411081865,B8XM_241217_01_B02,R8XA-25011403,ATX-26022,10000,Nuclei,1061736689,L8XA_241217_01_E12,2630_C01,mouse,Mus musculus,1410796522,NYGC
NY-AT26022-20,10xATAC_Mult,BICAN_Dev_Atlas+BICAN_Dev_P10,ARC-ATAC,1413878796,B8XM_250102_01_A02,R8XA-25011403,ATX-26022,10000,Nuclei,1061736689,L8XA_250102_01_H02,2633_F04,mouse,Mus musculus,1413789885,NYGC
NY-AT26022-21,10xATAC_Mult,HMBA_Cross_Species,ARC-ATAC,1413878798,B8XM_250102_01_B02,R8XA-25011403,ATX-26022,9161,Nuclei,1061736689,L8XA_250102_01_A03,2635_A06,naked_mole_rat,Heterocephalus glaber,1411653299,NYGC
NY-AT26022-3,10xATAC_Mult,BICAN_Dev_Atlas+BICAN_Dev_P10,ARC-ATAC,1411081867,B8XM_241217_01_C02,R8XA-25011403,ATX-26022,10000,Nuclei,1061736689,L8XA_241217_01_F12,2630_D01,mouse,Mus musculus,1410796523,NYGC
NY-AT26022-4,10xATAC_Mult,BICAN_Dev_Atlas+BICAN_Dev_P6,ARC-ATAC,1411081869,B8XM_241217_01_D02,R8XA-25011403,ATX-26022,10000,Nuclei,1061736689,L8XA_241217_01_G12,2630_E01,mouse,Mus musculus,1410796524,NYGC
NY-AT26022-5,10xATAC_Mult,BICAN_Dev_Atlas+BICAN_Dev_P6,ARC-ATAC,1411081871,B8XM_241217_01_E02,R8XA-25011403,ATX-26022,10000,Nuclei,1061736689,L8XA_241217_01_H12,2630_F01,mouse,Mus musculus,1410796525,NYGC
NY-AT26022-6,10xATAC_Mult,HMBA_Human_Atlas+HMBA_Human_Atlas_Cx,ARC-ATAC,1411081873,B8XM_241217_01_F02,R8XA-25011403,ATX-26022,10000,Nuclei,1061736689,L8XA_241217_01_A01,2631_A02,human,Homo Sapiens,1410676927,NYGC
NY-AT26022-7,10xATAC_Mult,HMBA_Human_Atlas+HMBA_Human_Atlas_Cx,ARC-ATAC,1411081877,B8XM_241217_01_G02,R8XA-25011403,ATX-26022,10000,Nuclei,1061736689,L8XA_241217_01_B01,2631_B02,human,Homo Sapiens,1410676928,NYGC
NY-AT26022-8,10xATAC_Mult,HMBA_Human_Atlas+HMBA_Human_Atlas_Cx,ARC-ATAC,1411081879,B8XM_241217_01_H02,R8XA-25011403,ATX-26022,10000,Nuclei,1061736689,L8XA_241217_01_C01,2631_C02,human,Homo Sapiens,1410676929,NYGC
NY-AT26022-9,10xATAC_Mult,HMBA_Human_Atlas+HMBA_Human_Atlas_Cx,ARC-ATAC,1411081881,B8XM_241217_01_A03,R8XA-25011403,ATX-26022,10000,Nuclei,1061736689,L8XA_241217_01_D01,2631_D02,human,Homo Sapiens,1410514220,NYGC
NY-AT26023-1,10xATAC_Mult,BICAN_Dev_Atlas+BICAN_Dev_P10,ARC-ATAC,1413878805,B8XM_250102_01_E02,R8XA-25011404,ATX-26023,10000,Nuclei,1061736689,L8XA_250102_01_B03,2637_A07,mouse,Mus musculus,1413788933,NYGC
NY-AT26023-10,10xATAC_Mult,BICAN_Dev_Atlas+BICAN_Dev_P10,ARC-ATAC,1413882746,B8XM_250107_01_A01,R8XA-25011404,ATX-26023,10000,Nuclei,1061736689,L8XA_250107_01_D04,2644_A01,mouse,Mus musculus,1412913168,NYGC
NY-AT26023-11,10xATAC_Mult,BICAN_Dev_Atlas+BICAN_Dev_P10,ARC-ATAC,1413882749,B8XM_250107_01_B01,R8XA-25011404,ATX-26023,10000,Nuclei,1061736689,L8XA_250107_01_E04,2644_B01,mouse,Mus musculus,1412913169,NYGC
NY-AT26023-12,10xATAC_Mult,BICAN_Dev_Atlas+BICAN_Dev_P10,ARC-ATAC,1413882751,B8XM_250107_01_C01,R8XA-25011404,ATX-26023,10000,Nuclei,1061736689,L8XA_250107_01_F04,2644_C01,mouse,Mus musculus,1412913170,NYGC
NY-AT26023-13,10xATAC_Mult,BICAN_Dev_Atlas+BICAN_Dev_P10,ARC-ATAC,1413882753,B8XM_250107_01_D01,R8XA-25011404,ATX-26023,10000,Nuclei,1061736689,L8XA_250107_01_G04,2644_D01,mouse,Mus musculus,1412913171,NYGC
NY-AT26023-14,10xATAC_Mult,BICAN_Dev_Atlas+BICAN_Dev_P10,ARC-ATAC,1413882756,B8XM_250107_01_E01,R8XA-25011404,ATX-26023,10000,Nuclei,1061736689,L8XA_250107_01_H04,2644_E01,mouse,Mus musculus,1412915891,NYGC
NY-AT26023-15,10xATAC_Mult,BICAN_Dev_Atlas+BICAN_Dev_P10,ARC-ATAC,1413882758,B8XM_250107_01_F01,R8XA-25011404,ATX-26023,10000,Nuclei,1061736689,L8XA_250107_01_A05,2644_F01,mouse,Mus musculus,1412915893,NYGC
NY-AT26023-16,10xATAC_Mult,BICAN_Dev_Atlas+BICAN_Dev_P10,ARC-ATAC,1413882760,B8XM_250107_01_G01,R8XA-25011404,ATX-26023,10000,Nuclei,1061736689,L8XA_250107_01_B05,2644_G01,mouse,Mus musculus,1412915894,NYGC
NY-AT26023-17,10xATAC_Mult,BICAN_Dev_Atlas+BICAN_Dev_P10,ARC-ATAC,1413882762,B8XM_250107_01_H01,R8XA-25011404,ATX-26023,10000,Nuclei,1061736689,L8XA_250107_01_C05,2644_H01,mouse,Mus musculus,1412915895,NYGC
NY-AT26023-18,10xATAC_Mult,HMBA_Human_Atlas+HMBA_Human_Atlas_Cx,ARC-ATAC,1413882764,B8XM_250107_01_A02,R8XA-25011404,ATX-26023,10000,Nuclei,1061736689,L8XA_250107_01_D05,2645_A02,human,Homo Sapiens,1413730289,NYGC
NY-AT26023-19,10xATAC_Mult,HMBA_Human_Atlas+HMBA_Human_Atlas_Cx,ARC-ATAC,1413882766,B8XM_250107_01_B02,R8XA-25011404,ATX-26023,10000,Nuclei,1061736689,L8XA_250107_01_E05,2645_B02,human,Homo Sapiens,1413730290,NYGC
NY-AT26023-2,10xATAC_Mult,BICAN_Dev_Atlas+BICAN_Dev_P10,ARC-ATAC,1413878808,B8XM_250102_01_F02,R8XA-25011404,ATX-26023,10000,Nuclei,1061736689,L8XA_250102_01_C03,2637_B07,mouse,Mus musculus,1413788934,NYGC
NY-AT26023-20,10xATAC_Mult,HMBA_Human_Atlas+HMBA_Human_Atlas_Cx,ARC-ATAC,1413882769,B8XM_250107_01_C02,R8XA-25011404,ATX-26023,10000,Nuclei,1061736689,L8XA_250107_01_F05,2645_C02,human,Homo Sapiens,1413730291,NYGC
NY-AT26023-21,10xATAC_Mult,BICAN_Dev_Atlas+BICAN_Dev_P10,ARC-ATAC,1413882771,B8XM_250107_01_D02,R8XA-25011404,ATX-26023,10000,Nuclei,1061736689,L8XA_250107_01_G05,2648_A01,mouse,Mus musculus,1413318890,NYGC
NY-AT26023-3,10xATAC_Mult,BICAN_Dev_Atlas+BICAN_Dev_P10,ARC-ATAC,1413878810,B8XM_250102_01_G02,R8XA-25011404,ATX-26023,10000,Nuclei,1061736689,L8XA_250102_01_D03,2637_C07,mouse,Mus musculus,1413788935,NYGC
NY-AT26023-4,10xATAC_Mult,BICAN_Dev_Atlas+BICAN_Dev_P10,ARC-ATAC,1413878812,B8XM_250102_01_H02,R8XA-25011404,ATX-26023,10000,Nuclei,1061736689,L8XA_250102_01_E03,2637_D07,mouse,Mus musculus,1413788936,NYGC
NY-AT26023-5,10xATAC_Mult,BICAN_Dev_Atlas+BICAN_Dev_P10,ARC-ATAC,1413878814,B8XM_250102_01_A03,R8XA-25011404,ATX-26023,10000,Nuclei,1061736689,L8XA_250102_01_F03,2637_E07,mouse,Mus musculus,1413788937,NYGC
NY-AT26023-6,10xATAC_Mult,BICAN_Dev_Atlas+BICAN_Dev_P10,ARC-ATAC,1413878816,B8XM_250102_01_B03,R8XA-25011404,ATX-26023,10000,Nuclei,1061736689,L8XA_250102_01_G03,2637_F07,mouse,Mus musculus,1413788938,NYGC
NY-AT26023-7,10xATAC_Mult,HMBA_Human_Atlas+HMBA_Human_Atlas_Cx,ARC-ATAC,1413878818,B8XM_250102_01_C03,R8XA-25011404,ATX-26023,10000,Nuclei,1061736689,L8XA_250102_01_H03,2639_A09,human,Homo Sapiens,1411519688,NYGC
NY-AT26023-8,10xATAC_Mult,HMBA_Human_Atlas+HMBA_Human_Atlas_Cx,ARC-ATAC,1413878821,B8XM_250102_01_D03,R8XA-25011404,ATX-26023,10000,Nuclei,1061736689,L8XA_250102_01_A04,2639_B09,human,Homo Sapiens,1411519689,NYGC
NY-AT26023-9,10xATAC_Mult,HMBA_Human_Atlas+HMBA_Human_Atlas_Cx,ARC-ATAC,1413878823,B8XM_250102_01_E03,R8XA-25011404,ATX-26023,10000,Nuclei,1061736689,L8XA_250102_01_B04,2639_C09,human,Homo Sapiens,1411519690,NYGC
NY-AT26024-1,10xATAC_Mult,BICAN_Dev_Atlas+BICAN_Dev_P10,ARC-ATAC,1413882774,B8XM_250107_01_E02,R8XA-25012205,ATX-26024,10000,Nuclei,1061736689,L8XA_250107_01_H05,2648_B01,mouse,Mus musculus,1413318891,NYGC
NY-AT26024-10,10xATAC_Mult,HMBA_Human_Atlas+HMBA_Human_Atlas_Cx,ARC-ATAC,1413882794,B8XM_250107_01_F03,R8XA-25012205,ATX-26024,10000,Nuclei,1061736689,L8XA_250107_01_H06,2649_C02,human,Homo Sapiens,1413722869,NYGC
NY-AT26024-11,10xATAC_Mult,HMBA_Human_Atlas+HMBA_Human_Atlas_Cx,ARC-ATAC,1413882796,B8XM_250107_01_G03,R8XA-25012205,ATX-26024,10000,Nuclei,1061736689,L8XA_250107_01_A07,2649_D02,human,Homo Sapiens,1413772162,NYGC
NY-AT26024-12,10xATAC_Mult,HMBA_Human_Atlas+HMBA_Human_Atlas_Cx,ARC-ATAC,1413882798,B8XM_250107_01_H03,R8XA-25012205,ATX-26024,10000,Nuclei,1061736689,L8XA_250107_01_B07,2649_E02,human,Homo Sapiens,1413772163,NYGC
NY-AT26024-13,10xATAC_Mult,HMBA_Human_Atlas+HMBA_Human_Atlas_Cx,ARC-ATAC,1413882800,B8XM_250107_01_A04,R8XA-25012205,ATX-26024,10000,Nuclei,1061736689,L8XA_250107_01_C07,2649_F02,human,Homo Sapiens,1413772164,NYGC
NY-AT26024-14,10xATAC_Mult,HMBA_Human_Atlas+HMBA_Human_Atlas_Cx,ARC-ATAC,1413882802,B8XM_250107_01_B04,R8XA-25012205,ATX-26024,10000,Nuclei,1061736689,L8XA_250107_01_D07,2649_G02,human,Homo Sapiens,1413772165,NYGC
NY-AT26024-15,10xATAC_Mult,HMBA_Human_Atlas+HMBA_Human_Atlas_Cx,ARC-ATAC,1414608017,B8XM_250110_01_A01,R8XA-25012205,ATX-26024,10000,Nuclei,1061736689,L8XA_250110_02_B08,2651_A04,human,Homo Sapiens,1413731431,NYGC
NY-AT26024-16,10xATAC_Mult,HMBA_Human_Atlas+HMBA_Human_Atlas_Cx,ARC-ATAC,1414608019,B8XM_250110_01_B01,R8XA-25012205,ATX-26024,10000,Nuclei,1061736689,L8XA_250110_02_C08,2651_B04,human,Homo Sapiens,1413731432,NYGC
NY-AT26024-17,10xATAC_Mult,HMBA_Human_Atlas+HMBA_Human_Atlas_Cx,ARC-ATAC,1414608021,B8XM_250110_01_C01,R8XA-25012205,ATX-26024,10000,Nuclei,1061736689,L8XA_250110_02_F07,2651_C04,human,Homo Sapiens,1413731433,NYGC
NY-AT26024-18,10xATAC_Mult,HMBA_Human_Atlas+HMBA_Human_Atlas_Cx,ARC-ATAC,1414608028,B8XM_250110_01_F01,R8XA-25012205,ATX-26024,10000,Nuclei,1061736689,L8XA_250110_02_G08,2652_A05,human,Homo Sapiens,1413760900,NYGC
NY-AT26024-19,10xATAC_Mult,HMBA_Human_Atlas+HMBA_Human_Atlas_Cx,ARC-ATAC,1414608030,B8XM_250110_01_G01,R8XA-25012205,ATX-26024,10000,Nuclei,1061736689,L8XA_250110_02_H08,2652_B05,human,Homo Sapiens,1413760901,NYGC
NY-AT26024-2,10xATAC_Mult,BICAN_Dev_Atlas+BICAN_Dev_P10,ARC-ATAC,1413882776,B8XM_250107_01_F02,R8XA-25012205,ATX-26024,10000,Nuclei,1061736689,L8XA_250107_01_A06,2648_C01,mouse,Mus musculus,1413318892,NYGC
NY-AT26024-20,10xATAC_Mult,HMBA_Human_Atlas+HMBA_Human_Atlas_Cx,ARC-ATAC,1414608032,B8XM_250110_01_H01,R8XA-25012205,ATX-26024,10000,Nuclei,1061736689,L8XA_250110_02_A09,2652_C05,human,Homo Sapiens,1413760902,NYGC
NY-AT26024-21,10xATAC_Mult,BICAN_Dev_Atlas+BICAN_Dev_P2,ARC-ATAC,1414608035,B8XM_250110_01_A02,R8XA-25012205,ATX-26024,10000,Nuclei,1061736689,L8XA_250110_02_B09,2656_A07,mouse,Mus musculus,1413763151,NYGC
NY-AT26024-3,10xATAC_Mult,BICAN_Dev_Atlas+BICAN_Dev_P10,ARC-ATAC,1413882778,B8XM_250107_01_G02,R8XA-25012205,ATX-26024,10000,Nuclei,1061736689,L8XA_250107_01_B06,2648_D01,mouse,Mus musculus,1413318893,NYGC
NY-AT26024-4,10xATAC_Mult,BICAN_Dev_Atlas+BICAN_Dev_P10,ARC-ATAC,1413882780,B8XM_250107_01_H02,R8XA-25012205,ATX-26024,10000,Nuclei,1061736689,L8XA_250107_01_C06,2648_E01,mouse,Mus musculus,1413424077,NYGC
NY-AT26024-5,10xATAC_Mult,BICAN_Dev_Atlas+BICAN_Dev_P10,ARC-ATAC,1413882782,B8XM_250107_01_A03,R8XA-25012205,ATX-26024,10000,Nuclei,1061736689,L8XA_250107_01_D06,2648_F01,mouse,Mus musculus,1413424078,NYGC
NY-AT26024-6,10xATAC_Mult,BICAN_Dev_Atlas+BICAN_Dev_P10,ARC-ATAC,1413882784,B8XM_250107_01_B03,R8XA-25012205,ATX-26024,10000,Nuclei,1061736689,L8XA_250107_01_E06,2648_G01,mouse,Mus musculus,1413424079,NYGC
NY-AT26024-7,10xATAC_Mult,BICAN_Dev_Atlas+BICAN_Dev_P10,ARC-ATAC,1413882787,B8XM_250107_01_C03,R8XA-25012205,ATX-26024,10000,Nuclei,1061736689,L8XA_250107_01_F06,2648_H01,mouse,Mus musculus,1413424080,NYGC
NY-AT26024-8,10xATAC_Mult,HMBA_Human_Atlas+HMBA_Human_Atlas_Cx,ARC-ATAC,1413882789,B8XM_250107_01_D03,R8XA-25012205,ATX-26024,10000,Nuclei,1061736689,L8XA_250107_01_G06,2649_A02,human,Homo Sapiens,1413722867,NYGC
NY-AT26024-9,10xATAC_Mult,HMBA_Human_Atlas+HMBA_Human_Atlas_Cx,ARC-ATAC,1413882792,B8XM_250107_01_E03,R8XA-25012205,ATX-26024,10000,Nuclei,1061736689,L8XA_250107_01_C04,2649_B02,human,Homo Sapiens,1413722868,NYGC
NY-AT26025-1,10xATAC_Mult,BICAN_Dev_Atlas+BICAN_Dev_P2,ARC-ATAC,1414608037,B8XM_250110_01_B02,R8XA-25012206,ATX-26025,10000,Nuclei,1061736689,L8XA_250110_02_D09,2656_B07,mouse,Mus musculus,1413763152,NYGC
NY-AT26025-10,10xATAC_Mult,BICAN_Dev_Atlas+BICAN_Dev_P10,ARC-ATAC,1414851960,B8XM_250114_01_A01,R8XA-25012206,ATX-26025,10000,Nuclei,1061736689,L8XA_250114_01_A10,2663_A01,mouse,Mus musculus,1414283083,NYGC
NY-AT26025-11,10xATAC_Mult,BICAN_Dev_Atlas+BICAN_Dev_P10,ARC-ATAC,1414851962,B8XM_250114_01_B01,R8XA-25012206,ATX-26025,10000,Nuclei,1061736689,L8XA_250114_01_B10,2663_B01,mouse,Mus musculus,1414283084,NYGC
NY-AT26025-12,10xATAC_Mult,BICAN_Dev_Atlas+BICAN_Dev_P10,ARC-ATAC,1414851964,B8XM_250114_01_C01,R8XA-25012206,ATX-26025,10000,Nuclei,1061736689,L8XA_250114_01_C10,2663_C01,mouse,Mus musculus,1414283085,NYGC
NY-AT26025-13,10xATAC_Mult,BICAN_Dev_Atlas+BICAN_Dev_P10,ARC-ATAC,1414851966,B8XM_250114_01_D01,R8XA-25012206,ATX-26025,10000,Nuclei,1061736689,L8XA_250114_01_D10,2663_D01,mouse,Mus musculus,1414283086,NYGC
NY-AT26025-14,10xATAC_Mult,BICAN_Dev_Atlas+BICAN_Dev_P10,ARC-ATAC,1414851968,B8XM_250114_01_E01,R8XA-25012206,ATX-26025,10000,Nuclei,1061736689,L8XA_250114_01_E10,2663_F01,mouse,Mus musculus,1414283088,NYGC
NY-AT26025-15,10xATAC_Mult,BICAN_Dev_Atlas+BICAN_Dev_P10,ARC-ATAC,1414851971,B8XM_250114_01_F01,R8XA-25012206,ATX-26025,10000,Nuclei,1061736689,L8XA_250114_01_F10,2663_1_G01,mouse,Mus musculus,1414283089,NYGC
NY-AT26025-16,10xATAC_Mult,HMBA_Human_Atlas+HMBA_Human_Atlas_Cx,ARC-ATAC,1414851973,B8XM_250114_01_G01,R8XA-25012206,ATX-26025,10000,Nuclei,1061736689,L8XA_250114_01_G10,2664_A02,human,Homo Sapiens,1414637128,NYGC
NY-AT26025-17,10xATAC_Mult,HMBA_Human_Atlas+HMBA_Human_Atlas_Cx,ARC-ATAC,1414851975,B8XM_250114_01_H01,R8XA-25012206,ATX-26025,10000,Nuclei,1061736689,L8XA_250114_01_H10,2664_B02,human,Homo Sapiens,1414637129,NYGC
NY-AT26025-18,10xATAC_Mult,HMBA_Human_Atlas+HMBA_Human_Atlas_Cx,ARC-ATAC,1414851978,B8XM_250114_01_A02,R8XA-25012206,ATX-26025,10000,Nuclei,1061736689,L8XA_250114_01_A11,2664_C02,human,Homo Sapiens,1414637130,NYGC
NY-AT26025-19,10xATAC_Mult,HMBA_Human_Atlas+HMBA_Human_Atlas_Cx,ARC-ATAC,1414851980,B8XM_250114_01_B02,R8XA-25012206,ATX-26025,10000,Nuclei,1061736689,L8XA_250114_01_B11,2664_D02,human,Homo Sapiens,1414851385,NYGC
NY-AT26025-2,10xATAC_Mult,BICAN_Dev_Atlas+BICAN_Dev_P6,ARC-ATAC,1414608039,B8XM_250110_01_C02,R8XA-25012206,ATX-26025,10000,Nuclei,1061736689,L8XA_250110_02_E09,2656_C07,mouse,Mus musculus,1413763153,NYGC
NY-AT26025-20,10xATAC_Mult,HMBA_Human_Atlas+HMBA_Human_Atlas_Cx,ARC-ATAC,1414851982,B8XM_250114_01_C02,R8XA-25012206,ATX-26025,10000,Nuclei,1061736689,L8XA_250114_01_C11,2664_E02,human,Homo Sapiens,1414851386,NYGC
NY-AT26025-21,10xATAC_Mult,HMBA_Human_Atlas+HMBA_Human_Atlas_Cx,ARC-ATAC,1414851984,B8XM_250114_01_D02,R8XA-25012206,ATX-26025,10000,Nuclei,1061736689,L8XA_250114_01_D11,2664_F02,human,Homo Sapiens,1414851387,NYGC
NY-AT26025-3,10xATAC_Mult,BICAN_Dev_Atlas+BICAN_Dev_P6,ARC-ATAC,1414608041,B8XM_250110_01_D02,R8XA-25012206,ATX-26025,10000,Nuclei,1061736689,L8XA_250110_02_F09,2656_D07,mouse,Mus musculus,1413763154,NYGC
NY-AT26025-4,10xATAC_Mult,BICAN_Dev_Atlas+BICAN_Dev_P6,ARC-ATAC,1414608043,B8XM_250110_01_E02,R8XA-25012206,ATX-26025,10000,Nuclei,1061736689,L8XA_250110_02_G09,2656_E07,mouse,Mus musculus,1413763155,NYGC
NY-AT26025-5,10xATAC_Mult,BICAN_Dev_Atlas+BICAN_Dev_P6,ARC-ATAC,1414608045,B8XM_250110_01_F02,R8XA-25012206,ATX-26025,10000,Nuclei,1061736689,L8XA_250110_02_H09,2656_F07,mouse,Mus musculus,1413763156,NYGC
NY-AT26025-6,10xATAC_Mult,HMBA_Human_Atlas+HMBA_Human_Atlas_Cx,ARC-ATAC,1414608048,B8XM_250110_01_G02,R8XA-25012206,ATX-26025,10000,Nuclei,1061736689,L8XA_250110_02_G07,2660_A08,human,Homo Sapiens,1413779457,NYGC
NY-AT26025-7,10xATAC_Mult,HMBA_Human_Atlas+HMBA_Human_Atlas_Cx,ARC-ATAC,1414608050,B8XM_250110_01_H02,R8XA-25012206,ATX-26025,10000,Nuclei,1061736689,L8XA_250110_02_H07,2660_B08,human,Homo Sapiens,1413779458,NYGC
NY-AT26025-8,10xATAC_Mult,HMBA_Human_Atlas+HMBA_Human_Atlas_Cx,ARC-ATAC,1414608052,B8XM_250110_01_A03,R8XA-25012206,ATX-26025,10000,Nuclei,1061736689,L8XA_250110_02_E07,2660_C08,human,Homo Sapiens,1413779459,NYGC
NY-AT26025-9,10xATAC_Mult,HMBA_Human_Atlas+HMBA_Human_Atlas_Cx,ARC-ATAC,1414608055,B8XM_250110_01_B03,R8XA-25012206,ATX-26025,10000,Nuclei,1061736689,L8XA_250110_02_A08,2660_D08,human,Homo Sapiens,1413779461,NYGC
NY-AT26026-1,10xATAC_Mult,BICAN_Dev_Atlas+BICAN_Dev_P6,ARC-ATAC,1416307983,B8XM_250117_01_A01,R8XA-25020405,ATX-26026,10000,Nuclei,1061736689,L8XA_250117_01_C01,2665_A03,mouse,Mus musculus,1416135271,NYGC
NY-AT26026-10,10xATAC_Mult,BICAN_Dev_Atlas+BICAN_Dev_P6,ARC-ATAC,1416308011,B8XM_250117_01_D02,R8XA-25020405,ATX-26026,10000,Nuclei,1061736689,L8XA_250117_01_D02,2671_C05,mouse,Mus musculus,1416137574,NYGC
NY-AT26026-11,10xATAC_Mult,BICAN_Dev_Atlas+BICAN_Dev_P6,ARC-ATAC,1416308013,B8XM_250117_01_E02,R8XA-25020405,ATX-26026,10000,Nuclei,1061736689,L8XA_250117_01_E02,2671_D05,mouse,Mus musculus,1416137575,NYGC
NY-AT26026-12,10xATAC_Mult,HMBA_Human_Atlas+HMBA_Human_Atlas_Cx,ARC-ATAC,1417654363,B8XM_250124_01_A01,R8XA-25020405,ATX-26026,10000,Nuclei,1061736689,L8XA_250124_01_F11,2674_A07,human,Homo Sapiens,1417652368,NYGC
NY-AT26026-13,10xATAC_Mult,HMBA_Human_Atlas+HMBA_Human_Atlas_Cx,ARC-ATAC,1417654365,B8XM_250124_01_B01,R8XA-25020405,ATX-26026,10000,Nuclei,1061736689,L8XA_250124_01_G11,2674_C07,human,Homo Sapiens,1417652370,NYGC
NY-AT26026-14,10xATAC_Mult,HMBA_Human_Atlas+HMBA_Human_Atlas_Cx,ARC-ATAC,1417654367,B8XM_250124_01_C01,R8XA-25020405,ATX-26026,10000,Nuclei,1061736689,L8XA_250124_01_H11,2674_1_D07,human,Homo Sapiens,1417652371,NYGC
NY-AT26026-15,10xATAC_Mult,HMBA_Human_Atlas+HMBA_Human_Atlas_Cx,ARC-ATAC,1417654371,B8XM_250124_01_D01,R8XA-25020405,ATX-26026,10000,Nuclei,1061736689,L8XA_250124_01_A12,2678_A01,human,Homo Sapiens,1416038123,NYGC
NY-AT26026-16,10xATAC_Mult,HMBA_Human_Atlas+HMBA_Human_Atlas_Cx,ARC-ATAC,1417654377,B8XM_250124_01_E01,R8XA-25020405,ATX-26026,10000,Nuclei,1061736689,L8XA_250124_01_B12,2678_B01,human,Homo Sapiens,1416038124,NYGC
NY-AT26026-17,10xATAC_Mult,HMBA_Human_Atlas+HMBA_Human_Atlas_Cx,ARC-ATAC,1417654385,B8XM_250124_01_G01,R8XA-25020405,ATX-26026,10000,Nuclei,1061736689,L8XA_250124_01_C12,2679_A02,human,Homo Sapiens,1416766434,NYGC
NY-AT26026-18,10xATAC_Mult,HMBA_Human_Atlas+HMBA_Human_Atlas_Cx,ARC-ATAC,1417654387,B8XM_250124_01_H01,R8XA-25020405,ATX-26026,10000,Nuclei,1061736689,L8XA_250124_01_D12,2679_B02,human,Homo Sapiens,1416766435,NYGC
NY-AT26026-19,10xATAC_Mult,HMBA_Human_Atlas+HMBA_Human_Atlas_Cx,ARC-ATAC,1417654392,B8XM_250124_01_B02,R8XA-25020405,ATX-26026,10000,Nuclei,1061736689,L8XA_250124_01_F12,2683_A03,human,Homo Sapiens,1417173851,NYGC
NY-AT26026-2,10xATAC_Mult,BICAN_Dev_Atlas+BICAN_Dev_P6,ARC-ATAC,1416307986,B8XM_250117_01_B01,R8XA-25020405,ATX-26026,10000,Nuclei,1061736689,L8XA_250117_01_D01,2665_B03,mouse,Mus musculus,1416135272,NYGC
NY-AT26026-20,10xATAC_Mult,HMBA_Human_Atlas+HMBA_Human_Atlas_Cx,ARC-ATAC,1417654394,B8XM_250124_01_C02,R8XA-25020405,ATX-26026,10000,Nuclei,1061736689,L8XA_250124_01_G12,2683_B03,human,Homo Sapiens,1417173852,NYGC
NY-AT26026-21,10xATAC_Mult,HMBA_Human_Atlas+HMBA_Human_Atlas_Cx,ARC-ATAC,1417654396,B8XM_250124_01_D02,R8XA-25020405,ATX-26026,10000,Nuclei,1061736689,L8XA_250124_01_H12,2683_C03,human,Homo Sapiens,1417173854,NYGC
NY-AT26026-3,10xATAC_Mult,BICAN_Dev_Atlas+BICAN_Dev_P6,ARC-ATAC,1416307990,B8XM_250117_01_C01,R8XA-25020405,ATX-26026,10000,Nuclei,1061736689,L8XA_250117_01_E01,2665_C03,mouse,Mus musculus,1416135273,NYGC
NY-AT26026-4,10xATAC_Mult,BICAN_Dev_Atlas+BICAN_Dev_P6,ARC-ATAC,1416307992,B8XM_250117_01_D01,R8XA-25020405,ATX-26026,10000,Nuclei,1061736689,L8XA_250117_01_F01,2665_D03,mouse,Mus musculus,1416135274,NYGC
NY-AT26026-5,10xATAC_Mult,HMBA_Human_Atlas+HMBA_Human_Atlas_Cx,ARC-ATAC,1416307994,B8XM_250117_01_E01,R8XA-25020405,ATX-26026,10000,Nuclei,1061736689,L8XA_250117_01_G01,2669_A04,human,Homo Sapiens,1414624675,NYGC
NY-AT26026-6,10xATAC_Mult,HMBA_Human_Atlas+HMBA_Human_Atlas_Cx,ARC-ATAC,1416307996,B8XM_250117_01_F01,R8XA-25020405,ATX-26026,10000,Nuclei,1061736689,L8XA_250117_01_H01,2669_B04,human,Homo Sapiens,1414624676,NYGC
NY-AT26026-7,10xATAC_Mult,HMBA_Human_Atlas+HMBA_Human_Atlas_Cx,ARC-ATAC,1416307998,B8XM_250117_01_G01,R8XA-25020405,ATX-26026,10000,Nuclei,1061736689,L8XA_250117_01_A02,2669_C04,human,Homo Sapiens,1414624677,NYGC
NY-AT26026-8,10xATAC_Mult,BICAN_Dev_Atlas+BICAN_Dev_P10,ARC-ATAC,1416308005,B8XM_250117_01_B02,R8XA-25020405,ATX-26026,10000,Nuclei,1061736689,L8XA_250117_01_B02,2671_A05,mouse,Mus musculus,1416137572,NYGC
NY-AT26026-9,10xATAC_Mult,BICAN_Dev_Atlas+BICAN_Dev_P10,ARC-ATAC,1416308008,B8XM_250117_01_C02,R8XA-25020405,ATX-26026,10000,Nuclei,1061736689,L8XA_250117_01_C02,2671_B05,mouse,Mus musculus,1416137573,NYGC
NY-AT26027-1,10xATAC_Mult,HMBA_Human_Atlas+HMBA_Human_Atlas_Cx,ARC-ATAC,1417654381,B8XM_250124_01_F01,R8XA-25021102,ATX-26027,10000,Nuclei,1061736689,L8XA_250124_01_E11,2678_C01,human,Homo Sapiens,1416038125,NYGC
NY-AT26027-10,10xATAC_Mult,HMBA_Macaque_Atlas+HMBA_Macaque_Atlas_CB,ARC-ATAC,1418771898,B8XM_250131_01_H01,R8XA-25021102,ATX-26027,7484,Nuclei,1061736689,L8XA_250131_01_E03,2696_B03,macaque,Macaca mulatta,1418542937,NYGC
NY-AT26027-11,10xATAC_Mult,HMBA_Macaque_Atlas+HMBA_Macaque_Atlas_H,ARC-ATAC,1418771901,B8XM_250131_01_A02,R8XA-25021102,ATX-26027,10000,Nuclei,1061736689,L8XA_250131_01_F03,2696_C03,macaque,Macaca mulatta,1418542936,NYGC
NY-AT26027-12,10xATAC_Mult,HMBA_Human_Atlas+HMBA_Human_Atlas_Cx,ARC-ATAC,1419032316,B8XM_250204_01_B01,R8XA-25021102,ATX-26027,10000,Nuclei,1061736689,L8XA_250204_01_D04,2698_A04,human,Homo Sapiens,1417655679,NYGC
NY-AT26027-13,10xATAC_Mult,HMBA_Human_Atlas+HMBA_Human_Atlas_Cx,ARC-ATAC,1419032318,B8XM_250204_01_C01,R8XA-25021102,ATX-26027,9316,Nuclei,1061736689,L8XA_250204_01_E04,2698_B04,human,Homo Sapiens,1417655680,NYGC
NY-AT26027-14,10xATAC_Mult,HMBA_Macaque_Atlas+HMBA_Macaque_Atlas_H,ARC-ATAC,1419032320,B8XM_250204_01_D01,R8XA-25021102,ATX-26027,10000,Nuclei,1061736689,L8XA_250204_01_A04,2698_C04,macaque,Macaca mulatta,1418544343,NYGC
NY-AT26027-15,10xATAC_Mult,HMBA_Macaque_Atlas+HMBA_Macaque_Atlas_H,ARC-ATAC,1419032322,B8XM_250204_01_E01,R8XA-25021102,ATX-26027,10000,Nuclei,1061736689,L8XA_250204_01_B04,2698_D04,macaque,Macaca mulatta,1418544342,NYGC
NY-AT26027-16,10xATAC_Mult,HMBA_Macaque_Atlas+HMBA_Macaque_Atlas_H,ARC-ATAC,1419032325,B8XM_250204_01_F01,R8XA-25021102,ATX-26027,10000,Nuclei,1061736689,L8XA_250204_01_H03,2698_E04,macaque,Macaca mulatta,1418544341,NYGC
NY-AT26027-17,10xATAC_Mult,HMBA_Human_Atlas+HMBA_Human_Atlas_AMY,ARC-ATAC,1419032327,B8XM_250204_01_G01,R8XA-25021102,ATX-26027,10000,Nuclei,1061736689,L8XA_250204_01_F04,2701_A01,human,Homo Sapiens,1419030653,NYGC
NY-AT26027-18,10xATAC_Mult,HMBA_Human_Atlas+HMBA_Human_Atlas_AMY,ARC-ATAC,1419032329,B8XM_250204_01_H01,R8XA-25021102,ATX-26027,10000,Nuclei,1061736689,L8XA_250204_01_G04,2701_B01,human,Homo Sapiens,1419030654,NYGC
NY-AT26027-19,10xATAC_Mult,HMBA_Human_Atlas+HMBA_Human_Atlas_AMY,ARC-ATAC,1419032331,B8XM_250204_01_A02,R8XA-25021102,ATX-26027,10000,Nuclei,1061736689,L8XA_250204_01_H04,2701_C01,human,Homo Sapiens,1419030655,NYGC
NY-AT26027-2,10xATAC_Mult,HMBA_Human_Atlas+HMBA_Human_Atlas_Cx,ARC-ATAC,1417654390,B8XM_250124_01_A02,R8XA-25021102,ATX-26027,10000,Nuclei,1061736689,L8XA_250131_01_G03,2679_C02,human,Homo Sapiens,1416766436,NYGC
NY-AT26027-20,10xATAC_Mult,HMBA_Human_Atlas+HMBA_Human_Atlas_AMY,ARC-ATAC,1419032334,B8XM_250204_01_B02,R8XA-25021102,ATX-26027,10000,Nuclei,1061736689,L8XA_250204_01_A05,2701_D01,human,Homo Sapiens,1419030656,NYGC
NY-AT26027-21,10xATAC_Mult,HMBA_Human_Atlas+HMBA_Human_Atlas_Cx,ARC-ATAC,1419032336,B8XM_250204_01_C02,R8XA-25021102,ATX-26027,10000,Nuclei,1061736689,L8XA_250204_01_B05,2701_E01,human,Homo Sapiens,1419030657,NYGC
NY-AT26027-3,10xATAC_Mult,HMBA_Macaque_Atlas+HMBA_Macaque_Atlas_H,ARC-ATAC,1418771883,B8XM_250131_01_A01,R8XA-25021102,ATX-26027,10000,Nuclei,1061736689,L8XA_250131_01_G02,2692_A01,macaque,Macaca mulatta,1417389879,NYGC
NY-AT26027-4,10xATAC_Mult,HMBA_Macaque_Atlas+HMBA_Macaque_Atlas_H,ARC-ATAC,1418771886,B8XM_250131_01_B01,R8XA-25021102,ATX-26027,10000,Nuclei,1061736689,L8XA_250131_01_H02,2692_B01,macaque,Macaca mulatta,1417389880,NYGC
NY-AT26027-5,10xATAC_Mult,HMBA_Macaque_Atlas+HMBA_Macaque_Atlas_H,ARC-ATAC,1418771888,B8XM_250131_01_C01,R8XA-25021102,ATX-26027,10000,Nuclei,1061736689,L8XA_250131_01_F02,2692_C01,macaque,Macaca mulatta,1417389881,NYGC
NY-AT26027-6,10xATAC_Mult,HMBA_Macaque_Atlas+HMBA_Macaque_Atlas_CB,ARC-ATAC,1418771890,B8XM_250131_01_D01,R8XA-25021102,ATX-26027,10000,Nuclei,1061736689,L8XA_250131_01_A03,2693_A02,macaque,Macaca mulatta,1418399385,NYGC
NY-AT26027-7,10xATAC_Mult,HMBA_Macaque_Atlas+HMBA_Macaque_Atlas_CB,ARC-ATAC,1418771892,B8XM_250131_01_E01,R8XA-25021102,ATX-26027,10000,Nuclei,1061736689,L8XA_250131_01_B03,2693_B02,macaque,Macaca mulatta,1418399384,NYGC
NY-AT26027-8,10xATAC_Mult,HMBA_Macaque_Atlas+HMBA_Macaque_Atlas_CB,ARC-ATAC,1418771894,B8XM_250131_01_F01,R8XA-25021102,ATX-26027,10000,Nuclei,1061736689,L8XA_250131_01_C03,2693_C02,macaque,Macaca mulatta,1418399383,NYGC
NY-AT26027-9,10xATAC_Mult,HMBA_Macaque_Atlas+HMBA_Macaque_Atlas_CB,ARC-ATAC,1418771896,B8XM_250131_01_G01,R8XA-25021102,ATX-26027,10000,Nuclei,1061736689,L8XA_250131_01_D03,2696_A03,macaque,Macaca mulatta,1418542938,NYGC
NY-AT26028-1,10xATAC_Mult,HMBA_Human_Atlas+HMBA_Human_Atlas_AMY,ARC-ATAC,1419032338,B8XM_250204_01_D02,R8XA-25021803,ATX-26028,10000,Nuclei,1061736689,L8XA_250204_01_C05,2710_A05,human,Homo Sapiens,1418829493,NYGC
NY-AT26028-10,10xATAC_Mult,HMBA_Human_Atlas+HMBA_Human_Atlas_Cx,ARC-ATAC,1420736713,B8XM_250207_01_C02,R8XA-25021803,ATX-26028,10000,Nuclei,1061736689,L8XA_250207_01_C07,2706_1_D03,human,Homo Sapiens,1420561930,NYGC
NY-AT26028-11,10xATAC_Mult,HMBA_Human_Atlas+HMBA_Human_Atlas_Cx,ARC-ATAC,1420614890,B8XM_250211_01_A01,R8XA-25021803,ATX-26028,10000,Nuclei,1061736689,L8XA_250211_01_E08,2708_A04,human,Homo Sapiens,1420201895,NYGC
NY-AT26028-12,10xATAC_Mult,HMBA_Human_Atlas+HMBA_Human_Atlas_Cx,ARC-ATAC,1420614893,B8XM_250211_01_B01,R8XA-25021803,ATX-26028,10000,Nuclei,1061736689,L8XA_250211_01_F08,2708_B04,human,Homo Sapiens,1420201953,NYGC
NY-AT26028-13,10xATAC_Mult,HMBA_Human_Atlas+HMBA_Human_Atlas_Cx,ARC-ATAC,1420614896,B8XM_250211_01_C01,R8XA-25021803,ATX-26028,10000,Nuclei,1061736689,L8XA_250211_01_G08,2708_C04,human,Homo Sapiens,1420202022,NYGC
NY-AT26028-14,10xATAC_Mult,BICAN_Dev_Atlas+BICAN_Dev_P16,ARC-ATAC,1420614902,B8XM_250211_01_F01,R8XA-25021803,ATX-26028,10000,Nuclei,1061736689,L8XA_250211_01_H08,2713_A01,mouse,Mus musculus,1419913359,NYGC
NY-AT26028-15,10xATAC_Mult,BICAN_Dev_Atlas+BICAN_Dev_P16,ARC-ATAC,1420614904,B8XM_250211_01_G01,R8XA-25021803,ATX-26028,10000,Nuclei,1061736689,L8XA_250211_01_A09,2713_B01,mouse,Mus musculus,1419913360,NYGC
NY-AT26028-16,10xATAC_Mult,BICAN_Dev_Atlas+BICAN_Dev_P16,ARC-ATAC,1420614906,B8XM_250211_01_H01,R8XA-25021803,ATX-26028,10000,Nuclei,1061736689,L8XA_250211_01_B09,2713_C01,mouse,Mus musculus,1419913361,NYGC
NY-AT26028-17,10xATAC_Mult,BICAN_Dev_Atlas+BICAN_Dev_P16,ARC-ATAC,1420614908,B8XM_250211_01_A02,R8XA-25021803,ATX-26028,10000,Nuclei,1061736689,L8XA_250211_01_D09,2713_D01,mouse,Mus musculus,1419913362,NYGC
NY-AT26028-18,10xATAC_Mult,BICAN_Dev_Atlas+BICAN_Dev_P16,ARC-ATAC,1420614911,B8XM_250211_01_B02,R8XA-25021803,ATX-26028,10000,Nuclei,1061736689,L8XA_250211_01_E09,2713_E01,mouse,Mus musculus,1419913363,NYGC
NY-AT26028-19,10xATAC_Mult,BICAN_Dev_Atlas+BICAN_Dev_P16,ARC-ATAC,1420614914,B8XM_250211_01_C02,R8XA-25021803,ATX-26028,10000,Nuclei,1061736689,L8XA_250211_01_F09,2713_F01,mouse,Mus musculus,1419913364,NYGC
NY-AT26028-2,10xATAC_Mult,HMBA_Human_Atlas+HMBA_Human_Atlas_AMY,ARC-ATAC,1419032340,B8XM_250204_01_E02,R8XA-25021803,ATX-26028,10000,Nuclei,1061736689,L8XA_250204_01_C04,2710_B05,human,Homo Sapiens,1418829494,NYGC
NY-AT26028-20,10xATAC_Mult,HMBA_Human_Atlas+HMBA_Human_Atlas_Cx,ARC-ATAC,1420614916,B8XM_250211_01_D02,R8XA-25021803,ATX-26028,10000,Nuclei,1061736689,L8XA_250211_01_F07,2714_A02,human,Homo Sapiens,1420566622,NYGC
NY-AT26028-21,10xATAC_Mult,HMBA_Macaque_Atlas+HMBA_Macaque_Atlas_CB,ARC-ATAC,1420614918,B8XM_250211_01_E02,R8XA-25021803,ATX-26028,8198,Nuclei,1061736689,L8XA_250211_01_G07,2714_B02,macaque,Macaca mulatta,1420566623,NYGC
NY-AT26028-3,10xATAC_Mult,HMBA_Human_Atlas+HMBA_Human_Atlas_AMY,ARC-ATAC,1419032342,B8XM_250204_01_F02,R8XA-25021803,ATX-26028,10000,Nuclei,1061736689,L8XA_250204_01_D05,2710_C05,human,Homo Sapiens,1418829495,NYGC
NY-AT26028-4,10xATAC_Mult,HMBA_Human_Atlas+HMBA_Human_Atlas_AMY,ARC-ATAC,1419032345,B8XM_250204_01_G02,R8XA-25021803,ATX-26028,10000,Nuclei,1061736689,L8XA_250204_01_E05,2710_D05,human,Homo Sapiens,1418829496,NYGC
NY-AT26028-5,10xATAC_Mult,HMBA_Human_Atlas+HMBA_Human_Atlas_AMY,ARC-ATAC,1419032347,B8XM_250204_01_H02,R8XA-25021803,ATX-26028,10000,Nuclei,1061736689,L8XA_250204_01_F05,2710_E05,human,Homo Sapiens,1418829498,NYGC
NY-AT26028-6,10xATAC_Mult,HMBA_Human_Atlas+HMBA_Human_Atlas_AMY,ARC-ATAC,1419032350,B8XM_250204_01_A03,R8XA-25021803,ATX-26028,10000,Nuclei,1061736689,L8XA_250204_01_G05,2710_F05,human,Homo Sapiens,1418829499,NYGC
NY-AT26028-7,10xATAC_Mult,HMBA_Human_Atlas+HMBA_Human_Atlas_Cx,ARC-ATAC,1420736690,B8XM_250207_01_A01,R8XA-25021803,ATX-26028,10000,Nuclei,1061736689,L8XA_250207_01_B06,2703_A02,human,Homo Sapiens,1420631677,NYGC
NY-AT26028-8,10xATAC_Mult,HMBA_Human_Atlas+HMBA_Human_Atlas_Cx,ARC-ATAC,1420736709,B8XM_250207_01_A02,R8XA-25021803,ATX-26028,10000,Nuclei,1061736689,L8XA_250207_01_A07,2706_A03,human,Homo Sapiens,1420561927,NYGC
NY-AT26028-9,10xATAC_Mult,HMBA_Human_Atlas+HMBA_Human_Atlas_Cx,ARC-ATAC,1420736711,B8XM_250207_01_B02,R8XA-25021803,ATX-26028,10000,Nuclei,1061736689,L8XA_250207_01_B07,2706_C03,human,Homo Sapiens,1420561929,NYGC
NY-AT26029-1,10xATAC_Mult,HMBA_Macaque_Atlas+HMBA_Macaque_Atlas_CB,ARC-ATAC,1420614920,B8XM_250211_01_F02,R8XA-25022503,ATX-26029,8416,Nuclei,1061736689,L8XA_250211_01_H07,2714_C02,macaque,Macaca mulatta,1420566624,NYGC
NY-AT26029-10,10xATAC_Mult,HMBA_Macaque_Atlas+HMBA_Macaque_Atlas_H,ARC-ATAC,1421871135,B8XM_250214_01_G01,R8XA-25022503,ATX-26029,10000,Nuclei,1061736689,L8XA_250214_01_E10,2722_1_D07,macaque,Macaca mulatta,1421603320,NYGC
NY-AT26029-11,10xATAC_Mult,HMBA_Macaque_Atlas+HMBA_Macaque_Atlas_H,ARC-ATAC,1421871137,B8XM_250214_01_H01,R8XA-25022503,ATX-26029,2500,Nuclei,1061736689,L8XA_250214_01_H09,2722_1_E07,macaque,Macaca mulatta,1421603319,NYGC
NY-AT26029-12,10xATAC_Mult,HMBA_Human_Atlas+HMBA_Human_Atlas_Cx,ARC-ATAC,1421836139,B8XM_250218_01_A01,R8XA-25022503,ATX-26029,10000,Nuclei,1061736689,L8XA_250218_01_G11,2725_A09,human,Homo Sapiens,1421218704,NYGC
NY-AT26029-13,10xATAC_Mult,HMBA_Macaque_Atlas+HMBA_Macaque_Atlas_H,ARC-ATAC,1421836141,B8XM_250218_01_B01,R8XA-25022503,ATX-26029,10000,Nuclei,1061736689,L8XA_250218_01_G10,2724_A08,macaque,Macaca mulatta,1421823009,NYGC
NY-AT26029-14,10xATAC_Mult,HMBA_Macaque_Atlas+HMBA_Macaque_Atlas_H,ARC-ATAC,1421836145,B8XM_250218_01_C01,R8XA-25022503,ATX-26029,10000,Nuclei,1061736689,L8XA_250218_01_C11,2724_B08,macaque,Macaca mulatta,1421823008,NYGC
NY-AT26029-15,10xATAC_Mult,HMBA_Macaque_Atlas+HMBA_Macaque_Atlas_H,ARC-ATAC,1421836147,B8XM_250218_01_D01,R8XA-25022503,ATX-26029,10000,Nuclei,1061736689,L8XA_250218_01_A11,2724_C08,macaque,Macaca mulatta,1421823007,NYGC
NY-AT26029-16,10xATAC_Mult,BICAN_Dev_Atlas+BICAN_Dev_P10,ARC-ATAC,1421836149,B8XM_250218_01_E01,R8XA-25022503,ATX-26029,10000,Nuclei,1061736689,L8XA_250218_01_H11,2727_A01,mouse,Mus musculus,1421217439,NYGC
NY-AT26029-17,10xATAC_Mult,BICAN_Dev_Atlas+BICAN_Dev_P10,ARC-ATAC,1421836151,B8XM_250218_01_F01,R8XA-25022503,ATX-26029,10000,Nuclei,1061736689,L8XA_250218_01_A12,2727_B01,mouse,Mus musculus,1421217440,NYGC
NY-AT26029-18,10xATAC_Mult,BICAN_Dev_Atlas+BICAN_Dev_P10,ARC-ATAC,1421836153,B8XM_250218_01_G01,R8XA-25022503,ATX-26029,10000,Nuclei,1061736689,L8XA_250218_01_B12,2727_C01,mouse,Mus musculus,1421217441,NYGC
NY-AT26029-19,10xATAC_Mult,BICAN_Dev_Atlas+BICAN_Dev_P10,ARC-ATAC,1421836155,B8XM_250218_01_H01,R8XA-25022503,ATX-26029,10000,Nuclei,1061736689,L8XA_250218_01_C12,2727_D01,mouse,Mus musculus,1421217442,NYGC
NY-AT26029-2,10xATAC_Mult,HMBA_Macaque_Atlas+HMBA_Macaque_Atlas_CB,ARC-ATAC,1420614922,B8XM_250211_01_G02,R8XA-25022503,ATX-26029,10000,Nuclei,1061736689,L8XA_250211_01_A08,2714_D02,macaque,Macaca mulatta,1420605616,NYGC
NY-AT26029-20,10xATAC_Mult,BICAN_Dev_Atlas+BICAN_Dev_P6,ARC-ATAC,1421836158,B8XM_250218_01_A02,R8XA-25022503,ATX-26029,10000,Nuclei,1061736689,L8XA_250218_01_D12,2727_E01,mouse,Mus musculus,1421217443,NYGC
NY-AT26029-21,10xATAC_Mult,BICAN_Dev_Atlas+BICAN_Dev_P6,ARC-ATAC,1421836160,B8XM_250218_01_B02,R8XA-25022503,ATX-26029,10000,Nuclei,1061736689,L8XA_250218_01_E12,2727_F01,mouse,Mus musculus,1421217444,NYGC
NY-AT26029-22,10xATAC_Mult,HMBA_Macaque_Atlas+HMBA_Macaque_Atlas_H,ARC-ATAC,1421836163,B8XM_250218_01_C02,R8XA-25022503,ATX-26029,10000,Nuclei,1061736689,L8XA_250218_01_H10,2728_A02,macaque,Macaca mulatta,1421829621,NYGC
NY-AT26029-23,10xATAC_Mult,HMBA_Macaque_Atlas+HMBA_Macaque_Atlas_H,ARC-ATAC,1421836167,B8XM_250218_01_D02,R8XA-25022503,ATX-26029,10000,Nuclei,1061736689,L8XA_250218_01_D11,2728_B02,macaque,Macaca mulatta,1421829620,NYGC
NY-AT26029-3,10xATAC_Mult,HMBA_Macaque_Atlas+HMBA_Macaque_Atlas_CB,ARC-ATAC,1420614924,B8XM_250211_01_H02,R8XA-25022503,ATX-26029,10000,Nuclei,1061736689,L8XA_250211_01_B08,2714_E02,macaque,Macaca mulatta,1420605615,NYGC
NY-AT26029-4,10xATAC_Mult,HMBA_Macaque_Atlas+HMBA_Macaque_Atlas_CB,ARC-ATAC,1420614926,B8XM_250211_01_A03,R8XA-25022503,ATX-26029,10000,Nuclei,1061736689,L8XA_250211_01_C08,2714_F02,macaque,Macaca mulatta,1420605614,NYGC
NY-AT26029-5,10xATAC_Mult,HMBA_Macaque_Atlas+HMBA_Macaque_Atlas_CB,ARC-ATAC,1421871122,B8XM_250214_01_A01,R8XA-25022503,ATX-26029,10000,Nuclei,1061736689,L8XA_250214_01_C10,2716_A03,macaque,Macaca mulatta,1420765445,NYGC
NY-AT26029-6,10xATAC_Mult,HMBA_Macaque_Atlas+HMBA_Macaque_Atlas_H,ARC-ATAC,1421871124,B8XM_250214_01_B01,R8XA-25022503,ATX-26029,10000,Nuclei,1061736689,L8XA_250214_01_B10,2716_B03,macaque,Macaca mulatta,1420765444,NYGC
NY-AT26029-7,10xATAC_Mult,HMBA_Macaque_Atlas+HMBA_Macaque_Atlas_H,ARC-ATAC,1421871126,B8XM_250214_01_C01,R8XA-25022503,ATX-26029,5372,Nuclei,1061736689,L8XA_250214_01_A10,2716_C03,macaque,Macaca mulatta,1420765443,NYGC
NY-AT26029-8,10xATAC_Mult,HMBA_Macaque_Atlas+HMBA_Macaque_Atlas_H,ARC-ATAC,1421871130,B8XM_250214_01_E01,R8XA-25022503,ATX-26029,10000,Nuclei,1061736689,L8XA_250214_01_D10,2722_A07,macaque,Macaca mulatta,1421603323,NYGC
NY-AT26029-9,10xATAC_Mult,HMBA_Macaque_Atlas+HMBA_Macaque_Atlas_H,ARC-ATAC,1421871132,B8XM_250214_01_F01,R8XA-25022503,ATX-26029,2500,Nuclei,1061736689,L8XA_250214_01_G09,2722_C07,macaque,Macaca mulatta,1421603321,NYGC
NY-AT26030-1,10xATAC_Mult,HMBA_Macaque_Atlas+HMBA_Macaque_Atlas_H,ARC-ATAC,1421836169,B8XM_250218_01_E02,R8XA-25031102,ATX-26030,10000,Nuclei,1061736689,L8XA_250218_01_B11,2728_C02,macaque,Macaca mulatta,1421829619,NYGC
NY-AT26030-10,10xATAC_Mult,HMBA_Macaque_Atlas+HMBA_Macaque_Atlas_H,ARC-ATAC,1423071728,B8XM_250225_01_D01,R8XA-25031102,ATX-26030,10000,Nuclei,1061736689,L8XA_250225_01_D01,2741_B01,macaque,Macaca mulatta,1422717951,NYGC
NY-AT26030-11,10xATAC_Mult,HMBA_Macaque_Atlas+HMBA_Macaque_Atlas_H,ARC-ATAC,1423071730,B8XM_250225_01_E01,R8XA-25031102,ATX-26030,10000,Nuclei,1061736689,L8XA_250225_01_E01,2741_C01,macaque,Macaca mulatta,1422717950,NYGC
NY-AT26030-12,10xATAC_Mult,HMBA_Macaque_Atlas+HMBA_Macaque_Atlas_H,ARC-ATAC,1423071732,B8XM_250225_01_F01,R8XA-25031102,ATX-26030,10000,Nuclei,1061736689,L8XA_250225_01_F01,2741_D01,macaque,Macaca mulatta,1422727802,NYGC
NY-AT26030-13,10xATAC_Mult,HMBA_Macaque_Atlas+HMBA_Macaque_Atlas_BN_BF,ARC-ATAC,1423071734,B8XM_250225_01_G01,R8XA-25031102,ATX-26030,10000,Nuclei,1061736689,L8XA_250225_01_G01,2741_E01,macaque,Macaca mulatta,1422727801,NYGC
NY-AT26030-14,10xATAC_Mult,HMBA_Macaque_Atlas+HMBA_Macaque_Atlas_CB,ARC-ATAC,1423071736,B8XM_250225_01_H01,R8XA-25031102,ATX-26030,10000,Nuclei,1061736689,L8XA_250225_01_H01,2741_F01,macaque,Macaca mulatta,1422727800,NYGC
NY-AT26030-15,10xATAC_Mult,HMBA_Macaque_Atlas+HMBA_Macaque_Atlas_Cx,ARC-ATAC,1423071720,B8XM_250225_01_A01,R8XA-25031102,ATX-26030,10000,Nuclei,1061736689,L8XA_250225_01_A02,2739_A06,macaque,Macaca mulatta,1423059082,NYGC
NY-AT26030-16,10xATAC_Mult,HMBA_Macaque_Atlas+HMBA_Macaque_Atlas_Cx,ARC-ATAC,1423071722,B8XM_250225_01_B01,R8XA-25031102,ATX-26030,10000,Nuclei,1061736689,L8XA_250225_01_B02,2739_B06,macaque,Macaca mulatta,1423059139,NYGC
NY-AT26030-17,10xATAC_Mult,HMBA_Macaque_Atlas+HMBA_Macaque_Atlas_CB,ARC-ATAC,1424325591,B8XM_250304_01_A01,R8XA-25031102,ATX-26030,10000,Nuclei,1061736689,L8XA_250304_01_C02,2742_B02,macaque,Macaca mulatta,1423864587,NYGC
NY-AT26030-18,10xATAC_Mult,HMBA_Macaque_Atlas+HMBA_Macaque_Atlas_CB,ARC-ATAC,1424325594,B8XM_250304_01_B01,R8XA-25031102,ATX-26030,10000,Nuclei,1061736689,L8XA_250304_01_D02,2742_C02,macaque,Macaca mulatta,1423864586,NYGC
NY-AT26030-19,10xATAC_Mult,HMBA_Human_Atlas+HMBA_Human_Atlas_Cx,ARC-ATAC,1424325596,B8XM_250304_01_C01,R8XA-25031102,ATX-26030,10000,Nuclei,1061736689,L8XA_250304_01_E02,2748_B04,human,Homo Sapiens,1424321337,NYGC
NY-AT26030-2,10xATAC_Mult,HMBA_Macaque_Atlas+HMBA_Macaque_Atlas_H,ARC-ATAC,1421836171,B8XM_250218_01_F02,R8XA-25031102,ATX-26030,10000,Nuclei,1061736689,L8XA_250218_01_E11,2728_1_D02,macaque,Macaca mulatta,1421607193,NYGC
NY-AT26030-20,10xATAC_Mult,HMBA_Human_Atlas+HMBA_Human_Atlas_Cx,ARC-ATAC,1424325598,B8XM_250304_01_D01,R8XA-25031102,ATX-26030,10000,Nuclei,1061736689,L8XA_250304_01_F02,2748_C04,human,Homo Sapiens,1424321339,NYGC
NY-AT26030-21,10xATAC_Mult,HMBA_Human_Atlas+HMBA_Human_Atlas_Cx,ARC-ATAC,1424325600,B8XM_250304_01_E01,R8XA-25031102,ATX-26030,10000,Nuclei,1061736689,L8XA_250304_01_G02,2748_D04,human,Homo Sapiens,1424321340,NYGC
NY-AT26030-22,10xATAC_Mult,HMBA_Human_Atlas+HMBA_Human_Atlas_Cx,ARC-ATAC,1424325602,B8XM_250304_01_F01,R8XA-25031102,ATX-26030,10000,Nuclei,1061736689,L8XA_250304_01_H02,2752_A01,human,Homo Sapiens,1424324990,NYGC
NY-AT26030-23,10xATAC_Mult,HMBA_Human_Atlas+HMBA_Human_Atlas_Cx,ARC-ATAC,1424325604,B8XM_250304_01_G01,R8XA-25031102,ATX-26030,10000,Nuclei,1061736689,L8XA_250304_01_A03,2752_C01,human,Homo Sapiens,1424324992,NYGC
NY-AT26030-3,10xATAC_Mult,HMBA_Macaque_Atlas+HMBA_Macaque_Atlas_H,ARC-ATAC,1421836173,B8XM_250218_01_G02,R8XA-25031102,ATX-26030,10000,Nuclei,1061736689,L8XA_250218_01_F11,2728_1_F02,macaque,Macaca mulatta,1421607191,NYGC
NY-AT26030-4,10xATAC_Mult,HMBA_Macaque_Atlas+HMBA_Macaque_Atlas_CB,ARC-ATAC,1422869617,B8XM_250221_01_A01,R8XA-25031102,ATX-26030,10000,Nuclei,1061736689,L8XA_250221_01_B01,2729_A03,macaque,Macaca mulatta,1421984186,NYGC
NY-AT26030-5,10xATAC_Mult,HMBA_Macaque_Atlas+HMBA_Macaque_Atlas_CB,ARC-ATAC,1422869619,B8XM_250221_01_B01,R8XA-25031102,ATX-26030,10000,Nuclei,1061736689,L8XA_250221_01_F12,2729_B03,macaque,Macaca mulatta,1421984185,NYGC
NY-AT26030-6,10xATAC_Mult,HMBA_Macaque_Atlas+HMBA_Macaque_Atlas_CB,ARC-ATAC,1422869621,B8XM_250221_01_C01,R8XA-25031102,ATX-26030,10000,Nuclei,1061736689,L8XA_250221_01_G12,2729_C03,macaque,Macaca mulatta,1421984182,NYGC
NY-AT26030-7,10xATAC_Mult,HMBA_Macaque_Atlas+HMBA_Macaque_Atlas_CB,ARC-ATAC,1422869623,B8XM_250221_01_D01,R8XA-25031102,ATX-26030,10000,Nuclei,1061736689,L8XA_250221_01_H12,2731_A04,macaque,Macaca mulatta,1421986589,NYGC
NY-AT26030-8,10xATAC_Mult,HMBA_Macaque_Atlas+HMBA_Macaque_Atlas_H,ARC-ATAC,1422869626,B8XM_250221_01_E01,R8XA-25031102,ATX-26030,10000,Nuclei,1061736689,L8XA_250221_01_A01,2731_B04,macaque,Macaca mulatta,1421986588,NYGC
NY-AT26030-9,10xATAC_Mult,HMBA_Macaque_Atlas+HMBA_Macaque_Atlas_H,ARC-ATAC,1423071725,B8XM_250225_01_C01,R8XA-25031102,ATX-26030,10000,Nuclei,1061736689,L8XA_250225_01_C01,2741_A01,macaque,Macaca mulatta,1422717952,NYGC
NY-MX22001-1,10xRSeq_Mult,HMBA_Human_Atlas+HMBA_Human_Atlas_HTH,ARC-RSEQ,1336433854,A8XR_240301_01_A01,R8XR-24031202,MTX-22001,10000,Nuclei,1061736705,L8XR_240307_21_G10,2089_A02,human,Homo Sapiens,1333761942,NYGC
NY-MX22001-10,10xRSeq_Mult,HMBA_Human_Atlas+HMBA_Human_Atlas_Cx,ARC-RSEQ,1336433862,A8XR_240301_01_D01,R8XR-24031202,MTX-22001,10000,Nuclei,1061736705,L8XR_240307_21_B01,2091_A04,human,Homo Sapiens,1335184283,NYGC
NY-MX22001-11,10xRSeq_Mult,HMBA_Human_Atlas+HMBA_Human_Atlas_BN_BF,ARC-RSEQ,1336433865,A8XR_240301_01_E01,R8XR-24031202,MTX-22001,10000,Nuclei,1061736705,L8XR_240307_21_C01,2091_B04,human,Homo Sapiens,1335184282,NYGC
NY-MX22001-12,10xRSeq_Mult,HMBA_Human_Atlas+HMBA_Human_Atlas_BN_BF,ARC-RSEQ,1336433867,A8XR_240301_01_F01,R8XR-24031202,MTX-22001,10000,Nuclei,1061736705,L8XR_240307_21_H10,2091_1_D04,human,Homo Sapiens,1335184300,NYGC
NY-MX22001-13,10xRSeq_Mult,BICAN_Dev_Atlas+BICAN_Dev_P28,ARC-RSEQ,1336433901,A8XR_240301_01_D03,R8XR-24031202,MTX-22001,10000,Nuclei,1061736705,L8XR_240307_21_E11,2092_A05,mouse,Mus musculus,1335726707,NYGC
NY-MX22001-14,10xRSeq_Mult,BICAN_Dev_Atlas+BICAN_Dev_P28,ARC-RSEQ,1336433903,A8XR_240301_01_E03,R8XR-24031202,MTX-22001,10000,Nuclei,1061736705,L8XR_240307_21_E10,2092_B05,mouse,Mus musculus,1335726709,NYGC
NY-MX22001-15,10xRSeq_Mult,BICAN_Dev_Atlas+BICAN_Dev_P28,ARC-RSEQ,1336433905,A8XR_240301_01_F03,R8XR-24031202,MTX-22001,10000,Nuclei,1061736705,L8XR_240307_21_F10,2092_C05,mouse,Mus musculus,1335726710,NYGC
NY-MX22001-16,10xRSeq_Mult,BICAN_Dev_Atlas+BICAN_Dev_P28,ARC-RSEQ,1336433908,A8XR_240301_01_G03,R8XR-24031202,MTX-22001,10000,Nuclei,1061736705,L8XR_240307_21_F11,2092_D05,mouse,Mus musculus,1335726711,NYGC
NY-MX22001-17,10xRSeq_Mult,BICAN_Dev_Atlas+BICAN_Dev_P28,ARC-RSEQ,1336433910,A8XR_240301_01_H03,R8XR-24031202,MTX-22001,10000,Nuclei,1061736705,L8XR_240307_21_B12,2092_E05,mouse,Mus musculus,1335522084,NYGC
NY-MX22001-18,10xRSeq_Mult,BICAN_Dev_Atlas+BICAN_Dev_P28,ARC-RSEQ,1336433912,A8XR_240301_01_A04,R8XR-24031202,MTX-22001,10000,Nuclei,1061736705,L8XR_240307_21_C12,2092_F05,mouse,Mus musculus,1335522086,NYGC
NY-MX22001-19,10xRSeq_Mult,BICAN_Dev_Atlas+BICAN_Dev_P28,ARC-RSEQ,1336433914,A8XR_240301_01_B04,R8XR-24031202,MTX-22001,10000,Nuclei,1061736705,L8XR_240307_21_D12,2092_H05,mouse,Mus musculus,1335522091,NYGC
NY-MX22001-2,10xRSeq_Mult,HMBA_Human_Atlas+HMBA_Human_Atlas_HTH,ARC-RSEQ,1336433858,A8XR_240301_01_B01,R8XR-24031202,MTX-22001,10000,Nuclei,1061736705,L8XR_240307_21_E01,2089_B02,human,Homo Sapiens,1333761941,NYGC
NY-MX22001-20,10xRSeq_Mult,HMBA_Human_Atlas+HMBA_Human_Atlas_Cx,ARC-RSEQ,1336433878,A8XR_240301_01_B02,R8XR-24031202,MTX-22001,10000,Nuclei,1061736705,L8XR_240307_21_E12,2097_A09,human,Homo Sapiens,1336297394,NYGC
NY-MX22001-21,10xRSeq_Mult,HMBA_Macaque_Atlas+HMBA_Macaque_Atlas_THM,ARC-RSEQ,1336387565,A8XR_240305_01_C01,R8XR-24031202,MTX-22001,10000,Nuclei,1061736705,L8XR_240307_02_C04,2103_A02,macaque,Macaca mulatta,1335498447,NYGC
NY-MX22001-3,10xRSeq_Mult,HMBA_Human_Atlas+HMBA_Human_Atlas_HTH,ARC-RSEQ,1336433860,A8XR_240301_01_C01,R8XR-24031202,MTX-22001,6677,Nuclei,1061736705,L8XR_240307_21_F01,2089_C02,human,Homo Sapiens,1333761963,NYGC
NY-MX22001-4,10xRSeq_Mult,BICAN_Dev_Atlas+BICAN_Dev_P28,ARC-RSEQ,1336433887,A8XR_240301_01_F02,R8XR-24031202,MTX-22001,10000,Nuclei,1061736705,L8XR_240307_21_G11,2090_A03,mouse,Mus musculus,1334269581,NYGC
NY-MX22001-5,10xRSeq_Mult,BICAN_Dev_Atlas+BICAN_Dev_P28,ARC-RSEQ,1336433889,A8XR_240301_01_G02,R8XR-24031202,MTX-22001,10000,Nuclei,1061736705,L8XR_240307_21_H11,2090_B03,mouse,Mus musculus,1334269582,NYGC
NY-MX22001-6,10xRSeq_Mult,BICAN_Dev_Atlas+BICAN_Dev_P28,ARC-RSEQ,1336433891,A8XR_240301_01_H02,R8XR-24031202,MTX-22001,10000,Nuclei,1061736705,L8XR_240307_21_B11,2090_C03,mouse,Mus musculus,1334269583,NYGC
NY-MX22001-7,10xRSeq_Mult,BICAN_Dev_Atlas+BICAN_Dev_P28,ARC-RSEQ,1336433893,A8XR_240301_01_A03,R8XR-24031202,MTX-22001,10000,Nuclei,1061736705,L8XR_240307_21_A12,2090_D03,mouse,Mus musculus,1334269584,NYGC
NY-MX22001-8,10xRSeq_Mult,BICAN_Dev_Atlas+BICAN_Dev_P28,ARC-RSEQ,1336433895,A8XR_240301_01_B03,R8XR-24031202,MTX-22001,10000,Nuclei,1061736705,L8XR_240307_21_C11,2090_E03,mouse,Mus musculus,1334625730,NYGC
NY-MX22001-9,10xRSeq_Mult,BICAN_Dev_Atlas+BICAN_Dev_P28,ARC-RSEQ,1336433899,A8XR_240301_01_C03,R8XR-24031202,MTX-22001,10000,Nuclei,1061736705,L8XR_240307_21_D11,2090_F03,mouse,Mus musculus,1334625733,NYGC
NY-MX22002-1,10xRSeq_Mult,BG_paper_Human+HMBA_Human_Atlas+HMBA_Human_Atlas_BN_BF,ARC-RSEQ,1383990923,A8XR_240730_01_H01,R8XR-24081303,MTX-22002,10000,Nuclei,1061736705,L8XR_240801_02_B10,2349_B08,human,Homo Sapiens,1382643896,NYGC
NY-MX22002-10,10xRSeq_Mult,HMBA_Human_Atlas+HMBA_Human_Atlas_BN_BF,ARC-RSEQ,1385482711,A8XR_240802_01_D01,R8XR-24081303,MTX-22002,10000,Nuclei,1061736705,L8XR_240808_01_B02,2357_C03,human,Homo Sapiens,1383655511,NYGC
NY-MX22002-11,10xRSeq_Mult,BG_paper_Human+HMBA_Human_Atlas+HMBA_Human_Atlas_BN_BF,ARC-RSEQ,1385482713,A8XR_240802_01_E01,R8XR-24081303,MTX-22002,10000,Nuclei,1061736705,L8XR_240808_01_C02,2357_D03,human,Homo Sapiens,1384764382,NYGC
NY-MX22002-12,10xRSeq_Mult,BG_paper_Human+HMBA_Human_Atlas+HMBA_Human_Atlas_BN_BF,ARC-RSEQ,1385482716,A8XR_240802_01_F01,R8XR-24081303,MTX-22002,10000,Nuclei,1061736705,L8XR_240808_01_D02,2357_E03,human,Homo Sapiens,1384764381,NYGC
NY-MX22002-13,10xRSeq_Mult,BG_paper_Human+HMBA_Human_Atlas+HMBA_Human_Atlas_BN_BF,ARC-RSEQ,1385482718,A8XR_240802_01_G01,R8XR-24081303,MTX-22002,10000,Nuclei,1061736705,L8XR_240808_01_H03,2357_F03,human,Homo Sapiens,1384764380,NYGC
NY-MX22002-14,10xRSeq_Mult,HMBA_Cross_Species,ARC-RSEQ,1385482730,A8XR_240802_01_C02,R8XR-24081303,MTX-22002,10000,Nuclei,1061736705,L8XR_240808_01_C04,2360_A04,opossum,Monodelphis domestica,1384178430,NYGC
NY-MX22002-15,10xRSeq_Mult,HMBA_Cross_Species,ARC-RSEQ,1385482704,A8XR_240802_01_A01,R8XR-24081303,MTX-22002,3105,Nuclei,1061736705,L8XR_240808_01_F03,2360_B04,opossum,Monodelphis domestica,1384179200,NYGC
NY-MX22002-16,10xRSeq_Mult,BG_paper_Human+HMBA_Human_Atlas+HMBA_Human_Atlas_BN_BF,ARC-RSEQ,1385482722,A8XR_240802_01_H01,R8XR-24081303,MTX-22002,10000,Nuclei,1061736705,L8XR_240808_01_E02,2362_A05,human,Homo Sapiens,1385052555,NYGC
NY-MX22002-17,10xRSeq_Mult,HMBA_Human_Atlas+HMBA_Human_Atlas_BN_BF,ARC-RSEQ,1385482725,A8XR_240802_01_A02,R8XR-24081303,MTX-22002,10000,Nuclei,1061736705,L8XR_240808_01_A04,2362_B05,human,Homo Sapiens,1385052554,NYGC
NY-MX22002-18,10xRSeq_Mult,BG_paper_Human+HMBA_Human_Atlas+HMBA_Human_Atlas_BN_BF,ARC-RSEQ,1385482728,A8XR_240802_01_B02,R8XR-24081303,MTX-22002,10000,Nuclei,1061736705,L8XR_240808_01_B04,2362_1_D05,human,Homo Sapiens,1385052552,NYGC
NY-MX22002-19,10xRSeq_Mult,BICAN_Dev_Atlas+BICAN_Dev_P8,ARC-RSEQ,1385719976,A8XR_240806_01_B02,R8XR-24081303,MTX-22002,10000,Nuclei,1061736705,L8XR_240808_01_C03,2364_A06,mouse,Mus musculus,1385067181,NYGC
NY-MX22002-2,10xRSeq_Mult,BICAN_Dev_Atlas+BICAN_Dev_P28,ARC-RSEQ,1383990953,A8XR_240730_01_E03,R8XR-24081303,MTX-22002,10000,Nuclei,1061736705,L8XR_240801_02_F10,2354_A01,mouse,Mus musculus,1383648102,NYGC
NY-MX22002-20,10xRSeq_Mult,BICAN_Dev_Atlas+BICAN_Dev_P8,ARC-RSEQ,1385719978,A8XR_240806_01_C02,R8XR-24081303,MTX-22002,10000,Nuclei,1061736705,L8XR_240808_01_D03,2364_B06,mouse,Mus musculus,1385067182,NYGC
NY-MX22002-21,10xRSeq_Mult,BICAN_Dev_Atlas+BICAN_Dev_P8,ARC-RSEQ,1385719980,A8XR_240806_01_D02,R8XR-24081303,MTX-22002,10000,Nuclei,1061736705,L8XR_240808_01_E03,2364_C06,mouse,Mus musculus,1385067183,NYGC
NY-MX22002-3,10xRSeq_Mult,BICAN_Dev_Atlas+BICAN_Dev_P28,ARC-RSEQ,1383990955,A8XR_240730_01_F03,R8XR-24081303,MTX-22002,10000,Nuclei,1061736705,L8XR_240801_02_G10,2354_B01,mouse,Mus musculus,1383648103,NYGC
NY-MX22002-4,10xRSeq_Mult,BICAN_Dev_Atlas+BICAN_Dev_P28,ARC-RSEQ,1383990959,A8XR_240730_01_G03,R8XR-24081303,MTX-22002,10000,Nuclei,1061736705,L8XR_240801_02_H10,2354_C01,mouse,Mus musculus,1383648104,NYGC
NY-MX22002-5,10xRSeq_Mult,BG_paper_Human+HMBA_Human_Atlas+HMBA_Human_Atlas_BN_BF,ARC-RSEQ,1383990927,A8XR_240730_01_B02,R8XR-24081303,MTX-22002,10000,Nuclei,1061736705,L8XR_240801_02_D11,2355_A02,human,Homo Sapiens,1383714753,NYGC
NY-MX22002-6,10xRSeq_Mult,HMBA_Human_Atlas+HMBA_Human_Atlas_BN_BF,ARC-RSEQ,1383990929,A8XR_240730_01_C02,R8XR-24081303,MTX-22002,10000,Nuclei,1061736705,L8XR_240801_02_D10,2355_B02,human,Homo Sapiens,1383714752,NYGC
NY-MX22002-7,10xRSeq_Mult,BG_paper_Human+HMBA_Human_Atlas+HMBA_Human_Atlas_BN_BF,ARC-RSEQ,1383990932,A8XR_240730_01_D02,R8XR-24081303,MTX-22002,10000,Nuclei,1061736705,L8XR_240801_02_E10,2355_C02,human,Homo Sapiens,1383714751,NYGC
NY-MX22002-8,10xRSeq_Mult,BG_paper_Human+HMBA_Human_Atlas+HMBA_Human_Atlas_BN_BF,ARC-RSEQ,1385482706,A8XR_240802_01_B01,R8XR-24081303,MTX-22002,10000,Nuclei,1061736705,L8XR_240808_01_H11,2357_A03,human,Homo Sapiens,1383655513,NYGC
NY-MX22002-9,10xRSeq_Mult,HMBA_Human_Atlas+HMBA_Human_Atlas_BN_BF,ARC-RSEQ,1385482709,A8XR_240802_01_C01,R8XR-24081303,MTX-22002,10000,Nuclei,1061736705,L8XR_240808_01_G03,2357_B03,human,Homo Sapiens,1383655512,NYGC
NY-MX22003-1,10xRSeq_Mult,BICAN_Dev_Atlas+BICAN_Dev_P8,ARC-RSEQ,1385719969,A8XR_240806_01_G01,R8XR-24082003,MTX-22003,10000,Nuclei,1061736705,L8XR_240808_01_D04,2364_D06,mouse,Mus musculus,1385067184,NYGC
NY-MX22003-10,10xRSeq_Mult,BG_paper_Human+HMBA_Human_Atlas+HMBA_Human_Atlas_BN_BF,ARC-RSEQ,1386975362,A8XR_240809_01_B01,R8XR-24082003,MTX-22003,10000,Nuclei,1061736705,L8XR_240815_01_C06,2370_A03,human,Homo Sapiens,1385060229,NYGC
NY-MX22003-11,10xRSeq_Mult,BG_paper_Human+HMBA_Human_Atlas+HMBA_Human_Atlas_BN_BF,ARC-RSEQ,1386975365,A8XR_240809_01_C01,R8XR-24082003,MTX-22003,10000,Nuclei,1061736705,L8XR_240815_01_D06,2370_B03,human,Homo Sapiens,1385060228,NYGC
NY-MX22003-12,10xRSeq_Mult,BG_paper_Human+HMBA_Human_Atlas+HMBA_Human_Atlas_BN_BF,ARC-RSEQ,1386975378,A8XR_240809_01_H01,R8XR-24082003,MTX-22003,10000,Nuclei,1061736705,L8XR_240815_01_F06,2370_C03,human,Homo Sapiens,1385060227,NYGC
NY-MX22003-13,10xRSeq_Mult,HMBA_Cross_Species,ARC-RSEQ,1386975380,A8XR_240809_01_A02,R8XR-24082003,MTX-22003,10000,Nuclei,1061736705,L8XR_240815_01_G06,2373_A05,opossum,Monodelphis domestica,1385275585,NYGC
NY-MX22003-14,10xRSeq_Mult,HMBA_Cross_Species,ARC-RSEQ,1386975382,A8XR_240809_01_B02,R8XR-24082003,MTX-22003,10000,Nuclei,1061736705,L8XR_240815_01_H06,2373_B05,opossum,Monodelphis domestica,1385275869,NYGC
NY-MX22003-15,10xRSeq_Mult,BG_paper_Human+HMBA_Human_Atlas+HMBA_Human_Atlas_BN_BF,ARC-RSEQ,1386975384,A8XR_240809_01_C02,R8XR-24082003,MTX-22003,10000,Nuclei,1061736705,L8XR_240815_01_G05,2372_A04,human,Homo Sapiens,1386446668,NYGC
NY-MX22003-16,10xRSeq_Mult,BG_paper_Human+HMBA_Human_Atlas+HMBA_Human_Atlas_BN_BF,ARC-RSEQ,1386975373,A8XR_240809_01_F01,R8XR-24082003,MTX-22003,10000,Nuclei,1061736705,L8XR_240815_01_F05,2372_B04,human,Homo Sapiens,1386446669,NYGC
NY-MX22003-17,10xRSeq_Mult,BG_paper_Human+HMBA_Human_Atlas+HMBA_Human_Atlas_BN_BF,ARC-RSEQ,1386975375,A8XR_240809_01_G01,R8XR-24082003,MTX-22003,10000,Nuclei,1061736705,L8XR_240815_01_E06,2372_C04,human,Homo Sapiens,1386446670,NYGC
NY-MX22003-18,10xRSeq_Mult,BG_paper_Human+HMBA_Human_Atlas+HMBA_Human_Atlas_BN_BF,ARC-RSEQ,1386975388,A8XR_240809_01_D02,R8XR-24082003,MTX-22003,10000,Nuclei,1061736705,L8XR_240815_01_A07,2377_A07,human,Homo Sapiens,1385504342,NYGC
NY-MX22003-19,10xRSeq_Mult,HMBA_Human_Atlas+HMBA_Human_Atlas_BN_BF,ARC-RSEQ,1386975368,A8XR_240809_01_D01,R8XR-24082003,MTX-22003,10000,Nuclei,1061736705,L8XR_240815_01_H05,2377_B07,human,Homo Sapiens,1385504343,NYGC
NY-MX22003-2,10xRSeq_Mult,HMBA_Cross_Species,ARC-RSEQ,1385719971,A8XR_240806_01_H01,R8XR-24082003,MTX-22003,10000,Nuclei,1061736705,L8XR_240808_01_E04,2365_A07,opossum,Monodelphis domestica,1384200401,NYGC
NY-MX22003-20,10xRSeq_Mult,HMBA_Human_Atlas+HMBA_Human_Atlas_BN_BF,ARC-RSEQ,1386975371,A8XR_240809_01_E01,R8XR-24082003,MTX-22003,10000,Nuclei,1061736705,L8XR_240815_01_A06,2377_C07,human,Homo Sapiens,1385504344,NYGC
NY-MX22003-3,10xRSeq_Mult,HMBA_Cross_Species,ARC-RSEQ,1385719974,A8XR_240806_01_A02,R8XR-24082003,MTX-22003,10000,Nuclei,1061736705,L8XR_240808_01_B03,2365_B07,opossum,Monodelphis domestica,1384767504,NYGC
NY-MX22003-4,10xRSeq_Mult,BG_paper_Human+HMBA_Human_Atlas+HMBA_Human_Atlas_BN_BF,ARC-RSEQ,1385719955,A8XR_240806_01_A01,R8XR-24082003,MTX-22003,10000,Nuclei,1061736705,L8XR_240808_01_F02,2368_A02,human,Homo Sapiens,1385011528,NYGC
NY-MX22003-5,10xRSeq_Mult,BG_paper_Human+HMBA_Human_Atlas+HMBA_Human_Atlas_BN_BF,ARC-RSEQ,1386975360,A8XR_240809_01_A01,R8XR-24082003,MTX-22003,10000,Nuclei,1061736705,L8XR_240815_01_D05,2368_B02,human,Homo Sapiens,1385011527,NYGC
NY-MX22003-6,10xRSeq_Mult,BG_paper_Human+HMBA_Human_Atlas+HMBA_Human_Atlas_BN_BF,ARC-RSEQ,1385719959,A8XR_240806_01_C01,R8XR-24082003,MTX-22003,10000,Nuclei,1061736705,L8XR_240808_01_G02,2368_C02,human,Homo Sapiens,1385011526,NYGC
NY-MX22003-7,10xRSeq_Mult,HMBA_Human_Atlas+HMBA_Human_Atlas_BN_BF,ARC-RSEQ,1385719961,A8XR_240806_01_D01,R8XR-24082003,MTX-22003,10000,Nuclei,1061736705,L8XR_240808_01_H02,2368_D02,human,Homo Sapiens,1384820097,NYGC
NY-MX22003-8,10xRSeq_Mult,HMBA_Human_Atlas+HMBA_Human_Atlas_BN_BF,ARC-RSEQ,1385719964,A8XR_240806_01_E01,R8XR-24082003,MTX-22003,10000,Nuclei,1061736705,L8XR_240808_01_A03,2368_E02,human,Homo Sapiens,1384820096,NYGC
NY-MX22003-9,10xRSeq_Mult,BG_paper_Human+HMBA_Human_Atlas+HMBA_Human_Atlas_BN_BF,ARC-RSEQ,1385719967,A8XR_240806_01_F01,R8XR-24082003,MTX-22003,10000,Nuclei,1061736705,L8XR_240808_01_A02,2368_F02,human,Homo Sapiens,1384820095,NYGC
NY-MX22004-1,10xRSeq_Mult,HMBA_Cross_Species,ARC-RSEQ,1387321957,A8XR_240813_01_C01,R8XR-24082703,MTX-22004,10000,Nuclei,1061736705,L8XR_240815_01_G08,2381_A09,pig,Sus scrofa,1386572584,NYGC
NY-MX22004-10,10xRSeq_Mult,HMBA_Human_Atlas+HMBA_Human_Atlas_THM,ARC-RSEQ,1388740526,A8XR_240816_01_H01,R8XR-24082703,MTX-22004,10000,Nuclei,1061736705,L8XR_240822_01_G10,2387_B03,human,Homo Sapiens,1387995816,NYGC
NY-MX22004-11,10xRSeq_Mult,HMBA_Human_Atlas+HMBA_Human_Atlas_THM,ARC-RSEQ,1388740520,A8XR_240816_01_E01,R8XR-24082703,MTX-22004,10000,Nuclei,1061736705,L8XR_240822_01_E10,2387_C03,human,Homo Sapiens,1387995815,NYGC
NY-MX22004-12,10xRSeq_Mult,BG_paper_Human+HMBA_Human_Atlas+HMBA_Human_Atlas_M,ARC-RSEQ,1388740516,A8XR_240816_01_C01,R8XR-24082703,MTX-22004,10000,Nuclei,1061736705,L8XR_240822_01_H10,2389_A04,human,Homo Sapiens,1387958923,NYGC
NY-MX22004-13,10xRSeq_Mult,HMBA_Human_Atlas+HMBA_Human_Atlas_M,ARC-RSEQ,1388740522,A8XR_240816_01_F01,R8XR-24082703,MTX-22004,10000,Nuclei,1061736705,L8XR_240822_01_E11,2389_1_C04,human,Homo Sapiens,1387959524,NYGC
NY-MX22004-14,10xRSeq_Mult,BG_paper_Human+HMBA_Human_Atlas+HMBA_Human_Atlas_M,ARC-RSEQ,1388740512,A8XR_240816_01_B01,R8XR-24082703,MTX-22004,4316,Nuclei,1061736705,L8XR_240822_01_C10,2393_C06,human,Homo Sapiens,1388438582,NYGC
NY-MX22004-15,10xRSeq_Mult,HMBA_Cross_Species,ARC-RSEQ,1388733295,A8XR_240820_01_D01,R8XR-24082703,MTX-22004,10000,Nuclei,1061736705,L8XR_240822_01_G12,2396_A08,chimp,Pan troglodytes,1388175287,NYGC
NY-MX22004-16,10xRSeq_Mult,HMBA_Cross_Species,ARC-RSEQ,1388733297,A8XR_240820_01_E01,R8XR-24082703,MTX-22004,10000,Nuclei,1061736705,L8XR_240822_01_A12,2396_B08,chimp,Pan troglodytes,1388175568,NYGC
NY-MX22004-17,10xRSeq_Mult,HMBA_Cross_Species,ARC-RSEQ,1388733299,A8XR_240820_01_F01,R8XR-24082703,MTX-22004,10000,Nuclei,1061736705,L8XR_240822_01_B12,2396_C08,chimp,Pan troglodytes,1388176615,NYGC
NY-MX22004-18,10xRSeq_Mult,BICAN_Dev_Atlas+BICAN_Dev_P14,ARC-RSEQ,1388733311,A8XR_240820_01_B02,R8XR-24082703,MTX-22004,10000,Nuclei,1061736705,L8XR_240822_01_D11,2398_A01,mouse,Mus musculus,1388426452,NYGC
NY-MX22004-19,10xRSeq_Mult,BICAN_Dev_Atlas+BICAN_Dev_P14,ARC-RSEQ,1388733313,A8XR_240820_01_C02,R8XR-24082703,MTX-22004,10000,Nuclei,1061736705,L8XR_240822_01_D12,2398_B01,mouse,Mus musculus,1388426453,NYGC
NY-MX22004-2,10xRSeq_Mult,HMBA_Cross_Species,ARC-RSEQ,1387321952,A8XR_240813_01_A01,R8XR-24082703,MTX-22004,10000,Nuclei,1061736705,L8XR_240815_01_H08,2381_B09,pig,Sus scrofa,1386572742,NYGC
NY-MX22004-20,10xRSeq_Mult,BICAN_Dev_Atlas+BICAN_Dev_P14,ARC-RSEQ,1388733315,A8XR_240820_01_D02,R8XR-24082703,MTX-22004,10000,Nuclei,1061736705,L8XR_240822_01_E12,2398_C01,mouse,Mus musculus,1388426454,NYGC
NY-MX22004-21,10xRSeq_Mult,BICAN_Dev_Atlas+BICAN_Dev_P14,ARC-RSEQ,1388733317,A8XR_240820_01_E02,R8XR-24082703,MTX-22004,10000,Nuclei,1061736705,L8XR_240822_01_F12,2398_D01,mouse,Mus musculus,1388426455,NYGC
NY-MX22004-3,10xRSeq_Mult,BG_paper_Human+HMBA_Human_Atlas+HMBA_Human_Atlas_BN_BF,ARC-RSEQ,1387321955,A8XR_240813_01_B01,R8XR-24082703,MTX-22004,10000,Nuclei,1061736705,L8XR_240815_01_E07,2386_A02,human,Homo Sapiens,1387303146,NYGC
NY-MX22004-4,10xRSeq_Mult,HMBA_Human_Atlas+HMBA_Human_Atlas_THM,ARC-RSEQ,1387321964,A8XR_240813_01_E01,R8XR-24082703,MTX-22004,10000,Nuclei,1061736705,L8XR_240815_01_G07,2386_B02,human,Homo Sapiens,1387303145,NYGC
NY-MX22004-5,10xRSeq_Mult,HMBA_Human_Atlas+HMBA_Human_Atlas_THM,ARC-RSEQ,1387321968,A8XR_240813_01_F01,R8XR-24082703,MTX-22004,10000,Nuclei,1061736705,L8XR_240815_01_E05,2386_C02,human,Homo Sapiens,1387303144,NYGC
NY-MX22004-6,10xRSeq_Mult,HMBA_Human_Atlas+HMBA_Human_Atlas_THM,ARC-RSEQ,1387321970,A8XR_240813_01_G01,R8XR-24082703,MTX-22004,10000,Nuclei,1061736705,L8XR_240815_01_H07,2386_D02,human,Homo Sapiens,1386452677,NYGC
NY-MX22004-7,10xRSeq_Mult,HMBA_Human_Atlas+HMBA_Human_Atlas_THM,ARC-RSEQ,1387321972,A8XR_240813_01_H01,R8XR-24082703,MTX-22004,10000,Nuclei,1061736705,L8XR_240815_01_D08,2386_E02,human,Homo Sapiens,1386452678,NYGC
NY-MX22004-8,10xRSeq_Mult,HMBA_Human_Atlas+HMBA_Human_Atlas_THM,ARC-RSEQ,1387321975,A8XR_240813_01_A02,R8XR-24082703,MTX-22004,10000,Nuclei,1061736705,L8XR_240815_01_A08,2386_F02,human,Homo Sapiens,1386452679,NYGC
NY-MX22004-9,10xRSeq_Mult,HMBA_Human_Atlas+HMBA_Human_Atlas_THM,ARC-RSEQ,1388740524,A8XR_240816_01_G01,R8XR-24082703,MTX-22004,10000,Nuclei,1061736705,L8XR_240822_01_F10,2387_A03,human,Homo Sapiens,1387995817,NYGC
NY-MX22005-1,10xRSeq_Mult,HMBA_Human_Atlas+HMBA_Human_Atlas_Cx,ARC-RSEQ,1388740518,A8XR_240816_01_D01,R8XR-24090403,MTX-22005,3105,Nuclei,1061736705,L8XR_240822_01_D10,2393_A06,human,Homo Sapiens,1388438584,NYGC
NY-MX22005-10,10xRSeq_Mult,HMBA_Cross_Species,ARC-RSEQ,1390348332,A8XR_240823_01_H01,R8XR-24090403,MTX-22005,6055,Nuclei,1061736705,L8XR_240829_22_B06,2403_B04,rat,Rattus norvegicus,1389765545,NYGC
NY-MX22005-11,10xRSeq_Mult,BICAN_Dev_Atlas+BICAN_Dev_P8,ARC-RSEQ,1390348334,A8XR_240823_01_A02,R8XR-24090403,MTX-22005,10000,Nuclei,1061736705,L8XR_240829_22_A04,2405_A05,mouse,Mus musculus,1388446532,NYGC
NY-MX22005-12,10xRSeq_Mult,BICAN_Dev_Atlas+BICAN_Dev_P8,ARC-RSEQ,1390348336,A8XR_240823_01_B02,R8XR-24090403,MTX-22005,10000,Nuclei,1061736705,L8XR_240829_22_B04,2405_B05,mouse,Mus musculus,1388446533,NYGC
NY-MX22005-13,10xRSeq_Mult,BICAN_Dev_Atlas+BICAN_Dev_P8,ARC-RSEQ,1390348338,A8XR_240823_01_C02,R8XR-24090403,MTX-22005,10000,Nuclei,1061736705,L8XR_240829_22_E04,2405_C05,mouse,Mus musculus,1388446534,NYGC
NY-MX22005-14,10xRSeq_Mult,BICAN_Dev_Atlas+BICAN_Dev_P8,ARC-RSEQ,1390348342,A8XR_240823_01_D02,R8XR-24090403,MTX-22005,10000,Nuclei,1061736705,L8XR_240829_22_F04,2405_D05,mouse,Mus musculus,1388446535,NYGC
NY-MX22005-15,10xRSeq_Mult,HMBA_Human_Atlas+HMBA_Human_Atlas_M,ARC-RSEQ,1390348316,A8XR_240823_01_B01,R8XR-24090403,MTX-22005,10000,Nuclei,1061736705,L8XR_240829_22_E05,2407_A06,human,Homo Sapiens,1388921496,NYGC
NY-MX22005-16,10xRSeq_Mult,HMBA_Human_Atlas+HMBA_Human_Atlas_M,ARC-RSEQ,1390348314,A8XR_240823_01_A01,R8XR-24090403,MTX-22005,10000,Nuclei,1061736705,L8XR_240829_22_D05,2407_B06,human,Homo Sapiens,1388921494,NYGC
NY-MX22005-17,10xRSeq_Mult,HMBA_Human_Atlas+HMBA_Human_Atlas_M,ARC-RSEQ,1390348319,A8XR_240823_01_C01,R8XR-24090403,MTX-22005,10000,Nuclei,1061736705,L8XR_240829_22_D04,2407_C06,human,Homo Sapiens,1388921493,NYGC
NY-MX22005-18,10xRSeq_Mult,HMBA_Human_Atlas+HMBA_Human_Atlas_M,ARC-RSEQ,1390348322,A8XR_240823_01_D01,R8XR-24090403,MTX-22005,7981,Nuclei,1061736705,L8XR_240829_22_F05,2411_A07,human,Homo Sapiens,1389754789,NYGC
NY-MX22005-19,10xRSeq_Mult,HMBA_Human_Atlas+HMBA_Human_Atlas_M,ARC-RSEQ,1390348326,A8XR_240823_01_E01,R8XR-24090403,MTX-22005,10000,Nuclei,1061736705,L8XR_240829_22_G05,2411_B07,human,Homo Sapiens,1389754788,NYGC
NY-MX22005-2,10xRSeq_Mult,HMBA_Human_Atlas+HMBA_Human_Atlas_Cx,ARC-RSEQ,1388740509,A8XR_240816_01_A01,R8XR-24090403,MTX-22005,2335,Nuclei,1061736705,L8XR_240822_01_A01,2393_B06,human,Homo Sapiens,1388438583,NYGC
NY-MX22005-20,10xRSeq_Mult,HMBA_Human_Atlas+HMBA_Human_Atlas_M,ARC-RSEQ,1390348328,A8XR_240823_01_F01,R8XR-24090403,MTX-22005,10000,Nuclei,1061736705,L8XR_240829_22_H05,2411_C07,human,Homo Sapiens,1389754786,NYGC
NY-MX22005-21,10xRSeq_Mult,HMBA_Cross_Species,ARC-RSEQ,1390349599,A8XR_240827_02_A01,R8XR-24090403,MTX-22005,3183,Nuclei,1061736705,L8XR_240829_22_G04,2412_A08,rat,Rattus norvegicus,1389766033,NYGC
NY-MX22005-22,10xRSeq_Mult,HMBA_Cross_Species,ARC-RSEQ,1390349601,A8XR_240827_02_B01,R8XR-24090403,MTX-22005,2950,Nuclei,1061736705,L8XR_240829_22_H04,2412_B08,rat,Rattus norvegicus,1389766127,NYGC
NY-MX22005-23,10xRSeq_Mult,BG_paper_Human+HMBA_Human_Atlas+HMBA_Human_Atlas_M,ARC-RSEQ,1390349603,A8XR_240827_02_C01,R8XR-24090403,MTX-22005,10000,Nuclei,1061736705,L8XR_240829_22_C04,2414_A01,human,Homo Sapiens,1389791624,NYGC
NY-MX22005-24,10xRSeq_Mult,HMBA_Human_Atlas+HMBA_Human_Atlas_M,ARC-RSEQ,1390349608,A8XR_240827_02_E01,R8XR-24090403,MTX-22005,10000,Nuclei,1061736705,L8XR_240829_22_C06,2414_B01,human,Homo Sapiens,1389791623,NYGC
NY-MX22005-25,10xRSeq_Mult,HMBA_Human_Atlas+HMBA_Human_Atlas_M,ARC-RSEQ,1390349613,A8XR_240827_02_F01,R8XR-24090403,MTX-22005,10000,Nuclei,1061736705,L8XR_240829_22_B05,2414_C01,human,Homo Sapiens,1389791622,NYGC
NY-MX22005-3,10xRSeq_Mult,HMBA_Human_Atlas+HMBA_Human_Atlas_M,ARC-RSEQ,1388733289,A8XR_240820_01_A01,R8XR-24090403,MTX-22005,10000,Nuclei,1061736705,L8XR_240822_01_F11,2399_A02,human,Homo Sapiens,1387997613,NYGC
NY-MX22005-4,10xRSeq_Mult,HMBA_Human_Atlas+HMBA_Human_Atlas_M,ARC-RSEQ,1388733291,A8XR_240820_01_B01,R8XR-24090403,MTX-22005,10000,Nuclei,1061736705,L8XR_240822_01_G11,2399_B02,human,Homo Sapiens,1387997612,NYGC
NY-MX22005-5,10xRSeq_Mult,HMBA_Human_Atlas+HMBA_Human_Atlas_M,ARC-RSEQ,1388733293,A8XR_240820_01_C01,R8XR-24090403,MTX-22005,10000,Nuclei,1061736705,L8XR_240822_01_H11,2399_C02,human,Homo Sapiens,1387997611,NYGC
NY-MX22005-6,10xRSeq_Mult,HMBA_Human_Atlas+HMBA_Human_Atlas_Cx,ARC-RSEQ,1388733301,A8XR_240820_01_G01,R8XR-24090403,MTX-22005,10000,Nuclei,1061736705,L8XR_240822_01_H12,2399_D02,human,Homo Sapiens,1388444092,NYGC
NY-MX22005-7,10xRSeq_Mult,HMBA_Human_Atlas+HMBA_Human_Atlas_Cx,ARC-RSEQ,1388733304,A8XR_240820_01_H01,R8XR-24090403,MTX-22005,10000,Nuclei,1061736705,L8XR_240822_01_C12,2399_E02,human,Homo Sapiens,1388444093,NYGC
NY-MX22005-8,10xRSeq_Mult,HMBA_Human_Atlas+HMBA_Human_Atlas_Cx,ARC-RSEQ,1388733309,A8XR_240820_01_A02,R8XR-24090403,MTX-22005,10000,Nuclei,1061736705,L8XR_240822_01_C11,2399_F02,human,Homo Sapiens,1388444094,NYGC
NY-MX22005-9,10xRSeq_Mult,HMBA_Cross_Species,ARC-RSEQ,1390348330,A8XR_240823_01_G01,R8XR-24090403,MTX-22005,10000,Nuclei,1061736705,L8XR_240829_22_A06,2403_A04,rat,Rattus norvegicus,1389765396,NYGC
NY-MX22006-1,10xRSeq_Mult,HMBA_Human_Atlas+HMBA_Human_Atlas_M,ARC-RSEQ,1390349615,A8XR_240827_02_G01,R8XR-24091703,MTX-22006,10000,Nuclei,1061736705,L8XR_240829_22_C05,2414_D01,human,Homo Sapiens,1389761123,NYGC
NY-MX22006-10,10xRSeq_Mult,HMBA_Human_Atlas+HMBA_Human_Atlas_M,ARC-RSEQ,1392124775,A8XR_240830_01_D01,R8XR-24091703,MTX-22006,10000,Nuclei,1061736705,L8XR_240905_21_B09,2422_B05,human,Homo Sapiens,1390382205,NYGC
NY-MX22006-11,10xRSeq_Mult,HMBA_Human_Atlas+HMBA_Human_Atlas_M,ARC-RSEQ,1392124778,A8XR_240830_01_E01,R8XR-24091703,MTX-22006,10000,Nuclei,1061736705,L8XR_240905_21_B08,2422_C05,human,Homo Sapiens,1390382204,NYGC
NY-MX22006-12,10xRSeq_Mult,HMBA_Cross_Species,ARC-RSEQ,1393532449,A8XR_240906_01_A01,R8XR-24091703,MTX-22006,1863,Nuclei,1061736705,L8XR_240912_01_A01,2425_A06,treeshrew,Tupaia belangeri,1392073332,NYGC
NY-MX22006-13,10xRSeq_Mult,HMBA_Cross_Species,ARC-RSEQ,1393532451,A8XR_240906_01_B01,R8XR-24091703,MTX-22006,3882,Nuclei,1061736705,L8XR_240912_01_B01,2425_B06,treeshrew,Tupaia belangeri,1392073413,NYGC
NY-MX22006-14,10xRSeq_Mult,HMBA_Cross_Species,ARC-RSEQ,1393532453,A8XR_240906_01_C01,R8XR-24091703,MTX-22006,3882,Nuclei,1061736705,L8XR_240912_01_C01,2425_C06,treeshrew,Tupaia belangeri,1392073414,NYGC
NY-MX22006-15,10xRSeq_Mult,HMBA_Cross_Species,ARC-RSEQ,1393532473,A8XR_240906_01_C02,R8XR-24091703,MTX-22006,10000,Nuclei,1061736705,L8XR_240912_01_A02,2431_A02,treeshrew,Tupaia belangeri,1392077101,NYGC
NY-MX22006-16,10xRSeq_Mult,HMBA_Cross_Species,ARC-RSEQ,1393532475,A8XR_240906_01_D02,R8XR-24091703,MTX-22006,10000,Nuclei,1061736705,L8XR_240912_01_B02,2431_B02,treeshrew,Tupaia belangeri,1392077103,NYGC
NY-MX22006-17,10xRSeq_Mult,HMBA_Cross_Species,ARC-RSEQ,1393532455,A8XR_240906_01_D01,R8XR-24091703,MTX-22006,4347,Nuclei,1061736705,L8XR_240912_01_D01,2431_C02,treeshrew,Tupaia belangeri,1392077172,NYGC
NY-MX22006-18,10xRSeq_Mult,BICAN_Dev_Atlas+BICAN_Dev_P8,ARC-RSEQ,1393532483,A8XR_240906_01_H02,R8XR-24091703,MTX-22006,10000,Nuclei,1061736705,L8XR_240912_01_C02,2432_A03,mouse,Mus musculus,1392117692,NYGC
NY-MX22006-19,10xRSeq_Mult,BICAN_Dev_Atlas+BICAN_Dev_P8,ARC-RSEQ,1393532486,A8XR_240906_01_A03,R8XR-24091703,MTX-22006,10000,Nuclei,1061736705,L8XR_240912_01_A03,2432_B03,mouse,Mus musculus,1392117693,NYGC
NY-MX22006-2,10xRSeq_Mult,BG_paper_Human+HMBA_Human_Atlas+HMBA_Human_Atlas_M,ARC-RSEQ,1390349605,A8XR_240827_02_D01,R8XR-24091703,MTX-22006,10000,Nuclei,1061736705,L8XR_240829_22_A05,2414_E01,human,Homo Sapiens,1389761122,NYGC
NY-MX22006-20,10xRSeq_Mult,BICAN_Dev_Atlas+BICAN_Dev_P8,ARC-RSEQ,1393532491,A8XR_240906_01_B03,R8XR-24091703,MTX-22006,10000,Nuclei,1061736705,L8XR_240912_01_B03,2432_D03,mouse,Mus musculus,1392117695,NYGC
NY-MX22006-21,10xRSeq_Mult,BICAN_Dev_Atlas+BICAN_Dev_P8,ARC-RSEQ,1393532493,A8XR_240906_01_C03,R8XR-24091703,MTX-22006,10000,Nuclei,1061736705,L8XR_240912_01_C03,2432_1_E03,mouse,Mus musculus,1392117696,NYGC
NY-MX22006-22,10xRSeq_Mult,HMBA_Human_Atlas+HMBA_Human_Atlas_M,ARC-RSEQ,1393532459,A8XR_240906_01_F01,R8XR-24091703,MTX-22006,10000,Nuclei,1061736705,L8XR_240912_01_E01,2433_C04,human,Homo Sapiens,1392900666,NYGC
NY-MX22006-23,10xRSeq_Mult,HMBA_Human_Atlas+HMBA_Human_Atlas_M,ARC-RSEQ,1393532461,A8XR_240906_01_G01,R8XR-24091703,MTX-22006,10000,Nuclei,1061736705,L8XR_240912_01_F01,2433_D04,human,Homo Sapiens,1392093952,NYGC
NY-MX22006-24,10xRSeq_Mult,HMBA_Human_Atlas+HMBA_Human_Atlas_M,ARC-RSEQ,1393532465,A8XR_240906_01_H01,R8XR-24091703,MTX-22006,10000,Nuclei,1061736705,L8XR_240912_01_G01,2433_E04,human,Homo Sapiens,1392093951,NYGC
NY-MX22006-25,10xRSeq_Mult,HMBA_Human_Atlas+HMBA_Human_Atlas_M,ARC-RSEQ,1393532469,A8XR_240906_01_A02,R8XR-24091703,MTX-22006,10000,Nuclei,1061736705,L8XR_240912_01_H01,2433_F04,human,Homo Sapiens,1392093950,NYGC
NY-MX22006-3,10xRSeq_Mult,HMBA_Human_Atlas+HMBA_Human_Atlas_M,ARC-RSEQ,1390349617,A8XR_240827_02_H01,R8XR-24091703,MTX-22006,10000,Nuclei,1061736705,L8XR_240829_22_D06,2414_F01,human,Homo Sapiens,1389761121,NYGC
NY-MX22006-4,10xRSeq_Mult,HMBA_Human_Atlas+HMBA_Human_Atlas_M,ARC-RSEQ,1392124780,A8XR_240830_01_F01,R8XR-24091703,MTX-22006,10000,Nuclei,1061736705,L8XR_240905_21_C09,2415_A02,human,Homo Sapiens,1389788841,NYGC
NY-MX22006-5,10xRSeq_Mult,HMBA_Human_Atlas+HMBA_Human_Atlas_M,ARC-RSEQ,1392124782,A8XR_240830_01_G01,R8XR-24091703,MTX-22006,10000,Nuclei,1061736705,L8XR_240905_21_D09,2415_B02,human,Homo Sapiens,1389788839,NYGC
NY-MX22006-6,10xRSeq_Mult,HMBA_Human_Atlas+HMBA_Human_Atlas_M,ARC-RSEQ,1392124784,A8XR_240830_01_H01,R8XR-24091703,MTX-22006,10000,Nuclei,1061736705,L8XR_240905_21_F08,2415_C02,human,Homo Sapiens,1389788838,NYGC
NY-MX22006-7,10xRSeq_Mult,HMBA_Cross_Species,ARC-RSEQ,1392124768,A8XR_240830_01_A01,R8XR-24091703,MTX-22006,5124,Nuclei,1061736705,L8XR_240905_21_D08,2421_A04,rat,Rattus norvegicus,1390300400,NYGC
NY-MX22006-8,10xRSeq_Mult,HMBA_Cross_Species,ARC-RSEQ,1392124770,A8XR_240830_01_B01,R8XR-24091703,MTX-22006,2950,Nuclei,1061736705,L8XR_240905_21_E08,2421_B04,rat,Rattus norvegicus,1390300527,NYGC
NY-MX22006-9,10xRSeq_Mult,HMBA_Human_Atlas+HMBA_Human_Atlas_M,ARC-RSEQ,1392124772,A8XR_240830_01_C01,R8XR-24091703,MTX-22006,10000,Nuclei,1061736705,L8XR_240905_21_A09,2422_A05,human,Homo Sapiens,1390382206,NYGC
NY-MX22007-1,10xRSeq_Mult,BG_paper_Human+HMBA_Human_Atlas+HMBA_Human_Atlas_M,ARC-RSEQ,1393532457,A8XR_240906_01_E01,R8XR-24092402,MTX-22007,10000,Nuclei,1061736705,L8XR_240912_01_D02,2433_1_G04,human,Homo Sapiens,1392900662,NYGC
NY-MX22007-10,10xRSeq_Mult,HMBA_Human_Atlas+HMBA_Human_Atlas_M,ARC-RSEQ,1393858068,A8XR_240910_01_G01,R8XR-24092402,MTX-22007,10000,Nuclei,1061736705,L8XR_240912_21_A12,2435_F06,human,Homo Sapiens,1392934103,NYGC
NY-MX22007-11,10xRSeq_Mult,HMBA_Human_Atlas+HMBA_Human_Atlas_M,ARC-RSEQ,1393858070,A8XR_240910_01_H01,R8XR-24092402,MTX-22007,10000,Nuclei,1061736705,L8XR_240912_21_B12,2440_A02,human,Homo Sapiens,1392974768,NYGC
NY-MX22007-12,10xRSeq_Mult,HMBA_Human_Atlas+HMBA_Human_Atlas_M,ARC-RSEQ,1393858074,A8XR_240910_01_A02,R8XR-24092402,MTX-22007,10000,Nuclei,1061736705,L8XR_240912_21_C12,2440_B02,human,Homo Sapiens,1392974767,NYGC
NY-MX22007-13,10xRSeq_Mult,BG_paper_Human+HMBA_Human_Atlas+HMBA_Human_Atlas_M,ARC-RSEQ,1393858055,A8XR_240910_01_B01,R8XR-24092402,MTX-22007,10000,Nuclei,1061736705,L8XR_240912_21_A11,2440_1_D02,human,Homo Sapiens,1392974765,NYGC
NY-MX22007-14,10xRSeq_Mult,HMBA_Human_Atlas+HMBA_Human_Atlas_H,ARC-RSEQ,1395390828,A8XR_240917_01_A01,R8XR-24092402,MTX-22007,10000,Nuclei,1061736705,L8XR_240919_21_D07,2441_A03,human,Homo Sapiens,1393481767,NYGC
NY-MX22007-15,10xRSeq_Mult,HMBA_Human_Atlas+HMBA_Human_Atlas_H,ARC-RSEQ,1395390832,A8XR_240917_01_B01,R8XR-24092402,MTX-22007,10000,Nuclei,1061736705,L8XR_240919_21_G05,2441_B03,human,Homo Sapiens,1393481766,NYGC
NY-MX22007-16,10xRSeq_Mult,HMBA_Human_Atlas+HMBA_Human_Atlas_H,ARC-RSEQ,1395390834,A8XR_240917_01_C01,R8XR-24092402,MTX-22007,10000,Nuclei,1061736705,L8XR_240919_21_H05,2441_C03,human,Homo Sapiens,1393481765,NYGC
NY-MX22007-17,10xRSeq_Mult,BICAN_Dev_Atlas+BICAN_Dev_P8,ARC-RSEQ,1395749227,A8XR_240913_01_H01,R8XR-24092402,MTX-22007,10000,Nuclei,1061736705,L8XR_240919_21_B07,2442_A04,mouse,Mus musculus,1393563502,NYGC
NY-MX22007-18,10xRSeq_Mult,BICAN_Dev_Atlas+BICAN_Dev_P8,ARC-RSEQ,1395749231,A8XR_240913_01_B02,R8XR-24092402,MTX-22007,10000,Nuclei,1061736705,L8XR_240919_21_E05,2442_B04,mouse,Mus musculus,1393563503,NYGC
NY-MX22007-19,10xRSeq_Mult,BICAN_Dev_Atlas+BICAN_Dev_P8,ARC-RSEQ,1395749233,A8XR_240913_01_C02,R8XR-24092402,MTX-22007,10000,Nuclei,1061736705,L8XR_240919_21_C05,2442_C04,mouse,Mus musculus,1393563504,NYGC
NY-MX22007-2,10xRSeq_Mult,HMBA_Human_Atlas+HMBA_Human_Atlas_M,ARC-RSEQ,1393532471,A8XR_240906_01_B02,R8XR-24092402,MTX-22007,10000,Nuclei,1061736705,L8XR_240912_01_E02,2433_1_H04,human,Homo Sapiens,1392900661,NYGC
NY-MX22007-20,10xRSeq_Mult,BICAN_Dev_Atlas+BICAN_Dev_P8,ARC-RSEQ,1395749236,A8XR_240913_01_D02,R8XR-24092402,MTX-22007,10000,Nuclei,1061736705,L8XR_240919_21_F05,2442_D04,mouse,Mus musculus,1393563505,NYGC
NY-MX22007-21,10xRSeq_Mult,HMBA_Cross_Species,ARC-RSEQ,1395749229,A8XR_240913_01_A02,R8XR-24092402,MTX-22007,10000,Nuclei,1061736705,L8XR_240919_21_C07,2443_A05,ferret,Mustela putorius furo,1395748433,NYGC
NY-MX22007-22,10xRSeq_Mult,HMBA_Cross_Species,ARC-RSEQ,1395749211,A8XR_240913_01_A01,R8XR-24092402,MTX-22007,5823,Nuclei,1061736705,L8XR_240919_21_F06,2443_B05,ferret,Mustela putorius furo,1395748512,NYGC
NY-MX22007-3,10xRSeq_Mult,HMBA_Cross_Species,ARC-RSEQ,1393858076,A8XR_240910_01_B02,R8XR-24092402,MTX-22007,7764,Nuclei,1061736705,L8XR_240912_21_E11,2436_A07,ferret,Mustela putorius furo,1393528919,NYGC
NY-MX22007-4,10xRSeq_Mult,HMBA_Cross_Species,ARC-RSEQ,1393858078,A8XR_240910_01_C02,R8XR-24092402,MTX-22007,9860,Nuclei,1061736705,L8XR_240912_21_H10,2436_B07,ferret,Mustela putorius furo,1393529395,NYGC
NY-MX22007-5,10xRSeq_Mult,HMBA_Human_Atlas+HMBA_Human_Atlas_M,ARC-RSEQ,1393858058,A8XR_240910_01_C01,R8XR-24092402,MTX-22007,10000,Nuclei,1061736705,L8XR_240912_21_B11,2435_A06,human,Homo Sapiens,1392335097,NYGC
NY-MX22007-6,10xRSeq_Mult,HMBA_Human_Atlas+HMBA_Human_Atlas_M,ARC-RSEQ,1393858060,A8XR_240910_01_D01,R8XR-24092402,MTX-22007,10000,Nuclei,1061736705,L8XR_240912_21_C11,2435_B06,human,Homo Sapiens,1392335096,NYGC
NY-MX22007-7,10xRSeq_Mult,HMBA_Human_Atlas+HMBA_Human_Atlas_M,ARC-RSEQ,1393858062,A8XR_240910_01_E01,R8XR-24092402,MTX-22007,10000,Nuclei,1061736705,L8XR_240912_21_D11,2435_C06,human,Homo Sapiens,1392335095,NYGC
NY-MX22007-8,10xRSeq_Mult,HMBA_Human_Atlas+HMBA_Human_Atlas_M,ARC-RSEQ,1393858066,A8XR_240910_01_F01,R8XR-24092402,MTX-22007,10000,Nuclei,1061736705,L8XR_240912_21_H11,2435_D06,human,Homo Sapiens,1392934105,NYGC
NY-MX22007-9,10xRSeq_Mult,BG_paper_Human+HMBA_Human_Atlas+HMBA_Human_Atlas_M,ARC-RSEQ,1393858053,A8XR_240910_01_A01,R8XR-24092402,MTX-22007,10000,Nuclei,1061736705,L8XR_240912_21_G11,2435_E06,human,Homo Sapiens,1392934104,NYGC
NY-MX22008-1,10xRSeq_Mult,HMBA_Human_Atlas+HMBA_Human_Atlas_H,ARC-RSEQ,1395749213,A8XR_240913_01_B01,R8XR-24100105,MTX-22008,10000,Nuclei,1061736705,L8XR_240919_21_D05,2451_A09,human,Homo Sapiens,1394760315,NYGC
NY-MX22008-10,10xRSeq_Mult,HMBA_Cross_Species,ARC-RSEQ,1395390846,A8XR_240917_01_H01,R8XR-24100105,MTX-22008,10000,Nuclei,1061736705,L8XR_240919_21_F08,2449_A08,ferret,Mustela putorius furo,1394979290,NYGC
NY-MX22008-11,10xRSeq_Mult,HMBA_Cross_Species,ARC-RSEQ,1395390848,A8XR_240917_01_A02,R8XR-24100105,MTX-22008,10000,Nuclei,1061736705,L8XR_240919_21_G08,2449_B08,ferret,Mustela putorius furo,1394979596,NYGC
NY-MX22008-12,10xRSeq_Mult,BG_paper_Human+HMBA_Human_Atlas+HMBA_Human_Atlas_BN_BF,ARC-RSEQ,1395390850,A8XR_240917_01_B02,R8XR-24100105,MTX-22008,10000,Nuclei,1061736705,L8XR_240919_21_B05,2453_A02,human,Homo Sapiens,1394780511,NYGC
NY-MX22008-13,10xRSeq_Mult,HMBA_Human_Atlas+HMBA_Human_Atlas_BN_BF,ARC-RSEQ,1395390854,A8XR_240917_01_C02,R8XR-24100105,MTX-22008,10000,Nuclei,1061736705,L8XR_240919_21_B06,2453_B02,human,Homo Sapiens,1394780512,NYGC
NY-MX22008-14,10xRSeq_Mult,HMBA_Human_Atlas+HMBA_Human_Atlas_HTH,ARC-RSEQ,1395390840,A8XR_240917_01_E01,R8XR-24100105,MTX-22008,10000,Nuclei,1061736705,L8XR_240919_21_A06,2453_C02,human,Homo Sapiens,1394780513,NYGC
NY-MX22008-15,10xRSeq_Mult,HMBA_Human_Atlas+HMBA_Human_Atlas_BN_BF,ARC-RSEQ,1395390856,A8XR_240917_01_D02,R8XR-24100105,MTX-22008,10000,Nuclei,1061736705,L8XR_240919_21_C06,2453_D02,human,Homo Sapiens,1394761286,NYGC
NY-MX22008-16,10xRSeq_Mult,HMBA_Human_Atlas+HMBA_Human_Atlas_Cx,ARC-RSEQ,1395390860,A8XR_240917_01_E02,R8XR-24100105,MTX-22008,10000,Nuclei,1061736705,L8XR_240919_21_D06,2453_E02,human,Homo Sapiens,1394761287,NYGC
NY-MX22008-17,10xRSeq_Mult,BG_paper_Human+HMBA_Human_Atlas+HMBA_Human_Atlas_BN_BF,ARC-RSEQ,1395390862,A8XR_240917_01_F02,R8XR-24100105,MTX-22008,10000,Nuclei,1061736705,L8XR_240919_21_E07,2453_F02,human,Homo Sapiens,1394761288,NYGC
NY-MX22008-18,10xRSeq_Mult,BICAN_Dev_Atlas+BICAN_Dev_P8,ARC-RSEQ,1396840699,A8XR_240920_01_G02,R8XR-24100105,MTX-22008,10000,Nuclei,1061736705,L8XR_240926_21_B11,2457_A04,mouse,Mus musculus,1395380453,NYGC
NY-MX22008-19,10xRSeq_Mult,BICAN_Dev_Atlas+BICAN_Dev_P8,ARC-RSEQ,1396840701,A8XR_240920_01_H02,R8XR-24100105,MTX-22008,10000,Nuclei,1061736705,L8XR_240926_21_C11,2457_B04,mouse,Mus musculus,1395380454,NYGC
NY-MX22008-2,10xRSeq_Mult,HMBA_Human_Atlas+HMBA_Human_Atlas_H,ARC-RSEQ,1395749215,A8XR_240913_01_C01,R8XR-24100105,MTX-22008,10000,Nuclei,1061736705,L8XR_240919_21_G06,2451_B09,human,Homo Sapiens,1394760314,NYGC
NY-MX22008-20,10xRSeq_Mult,BICAN_Dev_Atlas+BICAN_Dev_P8,ARC-RSEQ,1396840703,A8XR_240920_01_A03,R8XR-24100105,MTX-22008,10000,Nuclei,1061736705,L8XR_240926_21_A12,2457_C04,mouse,Mus musculus,1395380455,NYGC
NY-MX22008-21,10xRSeq_Mult,BICAN_Dev_Atlas+BICAN_Dev_P8,ARC-RSEQ,1396840706,A8XR_240920_01_B03,R8XR-24100105,MTX-22008,10000,Nuclei,1061736705,L8XR_240926_21_B12,2457_D04,mouse,Mus musculus,1395380456,NYGC
NY-MX22008-3,10xRSeq_Mult,HMBA_Human_Atlas+HMBA_Human_Atlas_H,ARC-RSEQ,1395749218,A8XR_240913_01_D01,R8XR-24100105,MTX-22008,10000,Nuclei,1061736705,L8XR_240919_21_H07,2451_C09,human,Homo Sapiens,1394760313,NYGC
NY-MX22008-4,10xRSeq_Mult,HMBA_Human_Atlas+HMBA_Human_Atlas_H,ARC-RSEQ,1395749220,A8XR_240913_01_E01,R8XR-24100105,MTX-22008,10000,Nuclei,1061736705,L8XR_240919_21_A08,2447_A06,human,Homo Sapiens,1393879551,NYGC
NY-MX22008-5,10xRSeq_Mult,BG_paper_Human+HMBA_Human_Atlas+HMBA_Human_Atlas_BN_BF,ARC-RSEQ,1395749223,A8XR_240913_01_F01,R8XR-24100105,MTX-22008,10000,Nuclei,1061736705,L8XR_240919_21_H06,2447_B06,human,Homo Sapiens,1393879550,NYGC
NY-MX22008-6,10xRSeq_Mult,BG_paper_Human+HMBA_Human_Atlas+HMBA_Human_Atlas_BN_BF,ARC-RSEQ,1395749225,A8XR_240913_01_G01,R8XR-24100105,MTX-22008,10000,Nuclei,1061736705,L8XR_240919_21_A07,2447_C06,human,Homo Sapiens,1393879549,NYGC
NY-MX22008-7,10xRSeq_Mult,BG_paper_Human+HMBA_Human_Atlas+HMBA_Human_Atlas_BN_BF,ARC-RSEQ,1395390842,A8XR_240917_01_F01,R8XR-24100105,MTX-22008,10000,Nuclei,1061736705,L8XR_240919_21_D08,2448_A07,human,Homo Sapiens,1394777642,NYGC
NY-MX22008-8,10xRSeq_Mult,HMBA_Human_Atlas+HMBA_Human_Atlas_BN_BF,ARC-RSEQ,1395390844,A8XR_240917_01_G01,R8XR-24100105,MTX-22008,10000,Nuclei,1061736705,L8XR_240919_21_E08,2448_B07,human,Homo Sapiens,1394777643,NYGC
NY-MX22008-9,10xRSeq_Mult,HMBA_Human_Atlas+HMBA_Human_Atlas_BN_BF,ARC-RSEQ,1395390838,A8XR_240917_01_D01,R8XR-24100105,MTX-22008,10000,Nuclei,1061736705,L8XR_240919_21_C08,2448_C07,human,Homo Sapiens,1394777644,NYGC
NY-MX22009-1,10xRSeq_Mult,BICAN_Dev_Atlas+BICAN_Dev_P8,ARC-RSEQ,1396840708,A8XR_240920_01_C03,R8XR-24100106,MTX-22009,10000,Nuclei,1061736705,L8XR_240926_21_D11,2457_E04,mouse,Mus musculus,1395380457,NYGC
NY-MX22009-10,10xRSeq_Mult,BICAN_Dev_Atlas+BICAN_Dev_P8,ARC-RSEQ,1396840683,A8XR_240920_01_H01,R8XR-24100106,MTX-22009,10000,Nuclei,1061736705,L8XR_240926_21_G11,2462_C07,mouse,Mus musculus,1395621759,NYGC
NY-MX22009-11,10xRSeq_Mult,BICAN_Dev_Atlas+BICAN_Dev_P8,ARC-RSEQ,1396840686,A8XR_240920_01_A02,R8XR-24100106,MTX-22009,10000,Nuclei,1061736705,L8XR_240926_21_H11,2462_D07,mouse,Mus musculus,1395621760,NYGC
NY-MX22009-12,10xRSeq_Mult,BICAN_Dev_Atlas+BICAN_Dev_P8,ARC-RSEQ,1396840688,A8XR_240920_01_B02,R8XR-24100106,MTX-22009,10000,Nuclei,1061736705,L8XR_240926_21_E10,2462_E07,mouse,Mus musculus,1395621762,NYGC
NY-MX22009-13,10xRSeq_Mult,BICAN_Dev_Atlas+BICAN_Dev_P8,ARC-RSEQ,1396840690,A8XR_240920_01_C02,R8XR-24100106,MTX-22009,10000,Nuclei,1061736705,L8XR_240926_21_F10,2462_F07,mouse,Mus musculus,1395621764,NYGC
NY-MX22009-14,10xRSeq_Mult,HMBA_Cross_Species,ARC-RSEQ,1397006610,A8XR_240924_01_B01,R8XR-24100106,MTX-22009,10170,Nuclei,1061736705,L8XR_240926_01_E12,2465_A09,owl_monkey,Aotus nancymaae,1396293221,NYGC
NY-MX22009-15,10xRSeq_Mult,HMBA_Cross_Species,ARC-RSEQ,1397006614,A8XR_240924_01_C01,R8XR-24100106,MTX-22009,10170,Nuclei,1061736705,L8XR_240926_01_F12,2465_B09,owl_monkey,Aotus nancymaae,1396293222,NYGC
NY-MX22009-16,10xRSeq_Mult,HMBA_Cross_Species,ARC-RSEQ,1397006619,A8XR_240924_01_D01,R8XR-24100106,MTX-22009,10000,Nuclei,1061736705,L8XR_240926_01_D02,2465_C09,owl_monkey,Aotus nancymaae,1396293275,NYGC
NY-MX22009-17,10xRSeq_Mult,HMBA_Cross_Species,ARC-RSEQ,1397006623,A8XR_240924_01_E01,R8XR-24100106,MTX-22009,10000,Nuclei,1061736705,L8XR_240926_01_D12,2465_D09,owl_monkey,Aotus nancymaae,1396293276,NYGC
NY-MX22009-18,10xRSeq_Mult,BICAN_Dev_Atlas+BICAN_Dev_P8,ARC-RSEQ,1397006660,A8XR_240924_01_G02,R8XR-24100106,MTX-22009,10000,Nuclei,1061736705,L8XR_240926_01_G12,2467_A01,mouse,Mus musculus,1396574664,NYGC
NY-MX22009-19,10xRSeq_Mult,BICAN_Dev_Atlas+BICAN_Dev_P8,ARC-RSEQ,1397006664,A8XR_240924_01_H02,R8XR-24100106,MTX-22009,10000,Nuclei,1061736705,L8XR_240926_01_H12,2467_B01,mouse,Mus musculus,1396574665,NYGC
NY-MX22009-2,10xRSeq_Mult,BICAN_Dev_Atlas+BICAN_Dev_P8,ARC-RSEQ,1396840710,A8XR_240920_01_D03,R8XR-24100106,MTX-22009,10000,Nuclei,1061736705,L8XR_240926_21_E11,2457_F04,mouse,Mus musculus,1395380458,NYGC
NY-MX22009-20,10xRSeq_Mult,BICAN_Dev_Atlas+BICAN_Dev_P8,ARC-RSEQ,1397006668,A8XR_240924_01_A03,R8XR-24100106,MTX-22009,10000,Nuclei,1061736705,L8XR_240926_01_H01,2467_C01,mouse,Mus musculus,1396574666,NYGC
NY-MX22009-21,10xRSeq_Mult,BICAN_Dev_Atlas+BICAN_Dev_P8,ARC-RSEQ,1397006672,A8XR_240924_01_B03,R8XR-24100106,MTX-22009,10000,Nuclei,1061736705,L8XR_240926_01_A02,2467_D01,mouse,Mus musculus,1396574667,NYGC
NY-MX22009-3,10xRSeq_Mult,HMBA_Cross_Species,ARC-RSEQ,1396840670,A8XR_240920_01_B01,R8XR-24100106,MTX-22009,10000,Nuclei,1061736705,L8XR_240926_21_F11,2460_B06,owl_monkey,Aotus nancymaae,1396292372,NYGC
NY-MX22009-4,10xRSeq_Mult,HMBA_Cross_Species,ARC-RSEQ,1396840672,A8XR_240920_01_C01,R8XR-24100106,MTX-22009,10000,Nuclei,1061736705,L8XR_240926_21_B10,2460_1_C06,owl_monkey,Aotus nancymaae,1396292373,NYGC
NY-MX22009-5,10xRSeq_Mult,BG_paper_Human+HMBA_Human_Atlas+HMBA_Human_Atlas_BN_BF,ARC-RSEQ,1396840668,A8XR_240920_01_A01,R8XR-24100106,MTX-22009,10000,Nuclei,1061736705,L8XR_240926_21_A10,2459_A05,human,Homo Sapiens,1395641321,NYGC
NY-MX22009-6,10xRSeq_Mult,BG_paper_Human+HMBA_Human_Atlas+HMBA_Human_Atlas_BN_BF,ARC-RSEQ,1396840674,A8XR_240920_01_D01,R8XR-24100106,MTX-22009,10000,Nuclei,1061736705,L8XR_240926_21_G09,2459_B05,human,Homo Sapiens,1395641319,NYGC
NY-MX22009-7,10xRSeq_Mult,BG_paper_Human+HMBA_Human_Atlas+HMBA_Human_Atlas_BN_BF,ARC-RSEQ,1396840676,A8XR_240920_01_E01,R8XR-24100106,MTX-22009,10000,Nuclei,1061736705,L8XR_240926_21_H09,2459_C05,human,Homo Sapiens,1395641318,NYGC
NY-MX22009-8,10xRSeq_Mult,BICAN_Dev_Atlas+BICAN_Dev_P8,ARC-RSEQ,1396840679,A8XR_240920_01_F01,R8XR-24100106,MTX-22009,10000,Nuclei,1061736705,L8XR_240926_21_C10,2462_A07,mouse,Mus musculus,1395621757,NYGC
NY-MX22009-9,10xRSeq_Mult,BICAN_Dev_Atlas+BICAN_Dev_P8,ARC-RSEQ,1396840681,A8XR_240920_01_G01,R8XR-24100106,MTX-22009,10000,Nuclei,1061736705,L8XR_240926_21_D10,2462_B07,mouse,Mus musculus,1395621758,NYGC
NY-MX22010-1,10xRSeq_Mult,BICAN_Dev_Atlas+BICAN_Dev_P8,ARC-RSEQ,1397006677,A8XR_240924_01_C03,R8XR-24100802,MTX-22010,10000,Nuclei,1061736705,L8XR_240926_01_B02,2467_E01,mouse,Mus musculus,1396574668,NYGC
NY-MX22010-10,10xRSeq_Mult,BICAN_Dev_Atlas+BICAN_Dev_P8,ARC-RSEQ,1398360004,A8XR_240927_01_A03,R8XR-24100802,MTX-22010,10000,Nuclei,1061736705,L8XR_241003_21_H07,2470_E03,mouse,Mus musculus,1398277965,NYGC
NY-MX22010-11,10xRSeq_Mult,BICAN_Dev_Atlas+BICAN_Dev_P8,ARC-RSEQ,1398360006,A8XR_240927_01_B03,R8XR-24100802,MTX-22010,10000,Nuclei,1061736705,L8XR_241003_21_A08,2470_F03,mouse,Mus musculus,1398277966,NYGC
NY-MX22010-12,10xRSeq_Mult,BG_paper_Human+HMBA_Human_Atlas+HMBA_Human_Atlas_BN_BF,ARC-RSEQ,1398359974,A8XR_240927_01_D01,R8XR-24100802,MTX-22010,10000,Nuclei,1061736705,L8XR_241003_21_D07,2471_A04,human,Homo Sapiens,1396578690,NYGC
NY-MX22010-13,10xRSeq_Mult,BG_paper_Human+HMBA_Human_Atlas+HMBA_Human_Atlas_BN_BF,ARC-RSEQ,1398359977,A8XR_240927_01_E01,R8XR-24100802,MTX-22010,10000,Nuclei,1061736705,L8XR_241003_21_E07,2471_B04,human,Homo Sapiens,1396578689,NYGC
NY-MX22010-14,10xRSeq_Mult,BG_paper_Human+HMBA_Human_Atlas+HMBA_Human_Atlas_BN_BF,ARC-RSEQ,1398359984,A8XR_240927_01_H01,R8XR-24100802,MTX-22010,10000,Nuclei,1061736705,L8XR_241003_21_D06,2471_C04,human,Homo Sapiens,1396578688,NYGC
NY-MX22010-15,10xRSeq_Mult,HMBA_Cross_Species,ARC-RSEQ,1398359986,A8XR_240927_01_A02,R8XR-24100802,MTX-22010,10000,Nuclei,1061736705,L8XR_241003_21_G09,2475_A06,armadillo,Dasypus novemcinctus,1397839739,NYGC
NY-MX22010-16,10xRSeq_Mult,HMBA_Cross_Species,ARC-RSEQ,1398359988,A8XR_240927_01_B02,R8XR-24100802,MTX-22010,10000,Nuclei,1061736705,L8XR_241003_21_H09,2475_B06,armadillo,Dasypus novemcinctus,1397839788,NYGC
NY-MX22010-17,10xRSeq_Mult,HMBA_Cross_Species,ARC-RSEQ,1398359990,A8XR_240927_01_C02,R8XR-24100802,MTX-22010,10000,Nuclei,1061736705,L8XR_241003_21_A09,2475_C06,armadillo,Dasypus novemcinctus,1397839789,NYGC
NY-MX22010-18,10xRSeq_Mult,BG_paper_Human+HMBA_Human_Atlas+HMBA_Human_Atlas_BN_BF,ARC-RSEQ,1398359992,A8XR_240927_01_D02,R8XR-24100802,MTX-22010,10000,Nuclei,1061736705,L8XR_241003_21_E06,2474_A05,human,Homo Sapiens,1397831134,NYGC
NY-MX22010-19,10xRSeq_Mult,BG_paper_Human+HMBA_Human_Atlas+HMBA_Human_Atlas_BN_BF,ARC-RSEQ,1398359979,A8XR_240927_01_F01,R8XR-24100802,MTX-22010,10000,Nuclei,1061736705,L8XR_241003_21_F07,2474_B05,human,Homo Sapiens,1397831133,NYGC
NY-MX22010-2,10xRSeq_Mult,BICAN_Dev_Atlas+BICAN_Dev_P8,ARC-RSEQ,1397006682,A8XR_240924_01_D03,R8XR-24100802,MTX-22010,10000,Nuclei,1061736705,L8XR_240926_01_C02,2467_F01,mouse,Mus musculus,1396574669,NYGC
NY-MX22010-20,10xRSeq_Mult,BG_paper_Human+HMBA_Human_Atlas+HMBA_Human_Atlas_BN_BF,ARC-RSEQ,1398359982,A8XR_240927_01_G01,R8XR-24100802,MTX-22010,10000,Nuclei,1061736705,L8XR_241003_21_G07,2474_C05,human,Homo Sapiens,1397831132,NYGC
NY-MX22010-21,10xRSeq_Mult,BICAN_Dev_Atlas+BICAN_Dev_P2,ARC-RSEQ,1398360008,A8XR_240927_01_C03,R8XR-24100802,MTX-22010,10000,Nuclei,1061736705,L8XR_241003_21_G08,2477_A07,mouse,Mus musculus,1396580288,NYGC
NY-MX22010-22,10xRSeq_Mult,HMBA_Cross_Species,ARC-RSEQ,1398042408,A8XR_241001_01_A01,R8XR-24100802,MTX-22010,6677,Nuclei,1061736705,L8XR_241003_21_F09,2480_A09,armadillo,Dasypus novemcinctus,1397840101,NYGC
NY-MX22010-3,10xRSeq_Mult,BG_paper_Human+HMBA_Human_Atlas+HMBA_Human_Atlas_BN_BF,ARC-RSEQ,1397006639,A8XR_240924_01_A02,R8XR-24100802,MTX-22010,10000,Nuclei,1061736705,L8XR_240926_01_D01,2468_D02,human,Homo Sapiens,1396846333,NYGC
NY-MX22010-4,10xRSeq_Mult,BG_paper_Human+HMBA_Human_Atlas+HMBA_Human_Atlas_BN_BF,ARC-RSEQ,1397006643,A8XR_240924_01_B02,R8XR-24100802,MTX-22010,10000,Nuclei,1061736705,L8XR_240926_01_E01,2468_E02,human,Homo Sapiens,1396846334,NYGC
NY-MX22010-5,10xRSeq_Mult,BG_paper_Human+HMBA_Human_Atlas+HMBA_Human_Atlas_BN_BF,ARC-RSEQ,1397006607,A8XR_240924_01_A01,R8XR-24100802,MTX-22010,10000,Nuclei,1061736705,L8XR_240926_01_C01,2468_F02,human,Homo Sapiens,1396846335,NYGC
NY-MX22010-6,10xRSeq_Mult,BICAN_Dev_Atlas+BICAN_Dev_P2,ARC-RSEQ,1398359995,A8XR_240927_01_E02,R8XR-24100802,MTX-22010,10000,Nuclei,1061736705,L8XR_241003_21_A06,2470_A03,mouse,Mus musculus,1396538160,NYGC
NY-MX22010-7,10xRSeq_Mult,BICAN_Dev_Atlas+BICAN_Dev_P2,ARC-RSEQ,1398359997,A8XR_240927_01_F02,R8XR-24100802,MTX-22010,10000,Nuclei,1061736705,L8XR_241003_21_B06,2470_B03,mouse,Mus musculus,1396538161,NYGC
NY-MX22010-8,10xRSeq_Mult,BICAN_Dev_Atlas+BICAN_Dev_P2,ARC-RSEQ,1398359999,A8XR_240927_01_G02,R8XR-24100802,MTX-22010,10000,Nuclei,1061736705,L8XR_241003_21_F06,2470_C03,mouse,Mus musculus,1396538162,NYGC
NY-MX22010-9,10xRSeq_Mult,BICAN_Dev_Atlas+BICAN_Dev_P2,ARC-RSEQ,1398360002,A8XR_240927_01_H02,R8XR-24100802,MTX-22010,10000,Nuclei,1061736705,L8XR_241003_21_G06,2470_D03,mouse,Mus musculus,1396538163,NYGC
NY-MX22011-1,10xRSeq_Mult,BICAN_Dev_Atlas+BICAN_Dev_P2,ARC-RSEQ,1398360010,A8XR_240927_01_D03,R8XR-24101504,MTX-22011,10000,Nuclei,1061736705,L8XR_241003_21_H08,2477_B07,mouse,Mus musculus,1396580289,NYGC
NY-MX22011-10,10xRSeq_Mult,BICAN_Dev_Atlas+BICAN_Dev_P8,ARC-RSEQ,1398042428,A8XR_241001_01_B02,R8XR-24101504,MTX-22011,10000,Nuclei,1061736705,L8XR_241003_21_C07,2483_A01,mouse,Mus musculus,1397637006,NYGC
NY-MX22011-11,10xRSeq_Mult,BICAN_Dev_Atlas+BICAN_Dev_P2,ARC-RSEQ,1398042430,A8XR_241001_01_C02,R8XR-24101504,MTX-22011,10000,Nuclei,1061736705,L8XR_241003_21_D08,2483_C01,mouse,Mus musculus,1397637008,NYGC
NY-MX22011-12,10xRSeq_Mult,BICAN_Dev_Atlas+BICAN_Dev_P2,ARC-RSEQ,1398042432,A8XR_241001_01_D02,R8XR-24101504,MTX-22011,10000,Nuclei,1061736705,L8XR_241003_21_E08,2483_D01,mouse,Mus musculus,1397637009,NYGC
NY-MX22011-13,10xRSeq_Mult,BICAN_Dev_Atlas+BICAN_Dev_P8,ARC-RSEQ,1398042434,A8XR_241001_01_E02,R8XR-24101504,MTX-22011,10000,Nuclei,1061736705,L8XR_241003_21_F08,2483_1_E01,mouse,Mus musculus,1397637010,NYGC
NY-MX22011-14,10xRSeq_Mult,HMBA_Human_Atlas+HMBA_Human_Atlas_BN_BF,ARC-RSEQ,1398042420,A8XR_241001_01_G01,R8XR-24101504,MTX-22011,10000,Nuclei,1061736705,L8XR_241003_21_C08,2484_A02,human,Homo Sapiens,1397646737,NYGC
NY-MX22011-15,10xRSeq_Mult,HMBA_Human_Atlas+HMBA_Human_Atlas_Cx,ARC-RSEQ,1398042423,A8XR_241001_01_H01,R8XR-24101504,MTX-22011,10000,Nuclei,1061736705,L8XR_241003_21_D09,2484_B02,human,Homo Sapiens,1397646738,NYGC
NY-MX22011-16,10xRSeq_Mult,HMBA_Human_Atlas+HMBA_Human_Atlas_Cx,ARC-RSEQ,1398042425,A8XR_241001_01_A02,R8XR-24101504,MTX-22011,10000,Nuclei,1061736705,L8XR_241003_21_E09,2484_C02,human,Homo Sapiens,1397646739,NYGC
NY-MX22011-17,10xRSeq_Mult,HMBA_Human_Atlas+HMBA_Human_Atlas_Cx,ARC-RSEQ,1399468397,A8XR_241004_01_A01,R8XR-24101504,MTX-22011,10000,Nuclei,1061736705,L8XR_241010_21_D12,2485_A03,human,Homo Sapiens,1397992972,NYGC
NY-MX22011-18,10xRSeq_Mult,HMBA_Human_Atlas+HMBA_Human_Atlas_BN_BF,ARC-RSEQ,1399468400,A8XR_241004_01_B01,R8XR-24101504,MTX-22011,9875,Nuclei,1061736705,L8XR_241010_21_B01,2485_B03,human,Homo Sapiens,1397992973,NYGC
NY-MX22011-19,10xRSeq_Mult,HMBA_Human_Atlas+HMBA_Human_Atlas_Cx,ARC-RSEQ,1399468403,A8XR_241004_01_C01,R8XR-24101504,MTX-22011,9099,Nuclei,1061736705,L8XR_241010_21_E12,2485_C03,human,Homo Sapiens,1397992975,NYGC
NY-MX22011-2,10xRSeq_Mult,BICAN_Dev_Atlas+BICAN_Dev_P2,ARC-RSEQ,1398360012,A8XR_240927_01_E03,R8XR-24101504,MTX-22011,10000,Nuclei,1061736705,L8XR_241010_21_G02,2477_C07,mouse,Mus musculus,1398279232,NYGC
NY-MX22011-20,10xRSeq_Mult,BICAN_Dev_Atlas+BICAN_Dev_P2,ARC-RSEQ,1399468405,A8XR_241004_01_D01,R8XR-24101504,MTX-22011,10000,Nuclei,1061736705,L8XR_241010_21_C01,2487_A04,mouse,Mus musculus,1397633296,NYGC
NY-MX22011-21,10xRSeq_Mult,BICAN_Dev_Atlas+BICAN_Dev_P2,ARC-RSEQ,1399468408,A8XR_241004_01_E01,R8XR-24101504,MTX-22011,10000,Nuclei,1061736705,L8XR_241010_21_D01,2487_B04,mouse,Mus musculus,1397633297,NYGC
NY-MX22011-3,10xRSeq_Mult,BICAN_Dev_Atlas+BICAN_Dev_P2,ARC-RSEQ,1398360015,A8XR_240927_01_F03,R8XR-24101504,MTX-22011,10000,Nuclei,1061736705,L8XR_241010_21_H02,2477_D07,mouse,Mus musculus,1398279233,NYGC
NY-MX22011-4,10xRSeq_Mult,BICAN_Dev_Atlas+BICAN_Dev_P2,ARC-RSEQ,1398360017,A8XR_240927_01_G03,R8XR-24101504,MTX-22011,9441,Nuclei,1061736705,L8XR_241003_21_H06,2477_E07,mouse,Mus musculus,1396580292,NYGC
NY-MX22011-5,10xRSeq_Mult,BG_paper_Human+HMBA_Human_Atlas+HMBA_Human_Atlas_BN_BF,ARC-RSEQ,1398042410,A8XR_241001_01_B01,R8XR-24101504,MTX-22011,10000,Nuclei,1061736705,L8XR_241003_21_A07,2479_A08,human,Homo Sapiens,1397870985,NYGC
NY-MX22011-6,10xRSeq_Mult,BG_paper_Human+HMBA_Human_Atlas+HMBA_Human_Atlas_BN_BF,ARC-RSEQ,1398042412,A8XR_241001_01_C01,R8XR-24101504,MTX-22011,10000,Nuclei,1061736705,L8XR_241003_21_B07,2479_B08,human,Homo Sapiens,1397870986,NYGC
NY-MX22011-7,10xRSeq_Mult,HMBA_Human_Atlas+HMBA_Human_Atlas_Cx,ARC-RSEQ,1398042414,A8XR_241001_01_D01,R8XR-24101504,MTX-22011,10000,Nuclei,1061736705,L8XR_241003_21_C06,2479_C08,human,Homo Sapiens,1397870987,NYGC
NY-MX22011-8,10xRSeq_Mult,HMBA_Cross_Species,ARC-RSEQ,1398042416,A8XR_241001_01_E01,R8XR-24101504,MTX-22011,10000,Nuclei,1061736705,L8XR_241003_21_B09,2480_B09,armadillo,Dasypus novemcinctus,1397840147,NYGC
NY-MX22011-9,10xRSeq_Mult,HMBA_Cross_Species,ARC-RSEQ,1398042418,A8XR_241001_01_F01,R8XR-24101504,MTX-22011,10000,Nuclei,1061736705,L8XR_241003_21_C09,2480_C09,armadillo,Dasypus novemcinctus,1397840148,NYGC
NY-MX22012-1,10xRSeq_Mult,BICAN_Dev_Atlas+BICAN_Dev_P2,ARC-RSEQ,1399468411,A8XR_241004_01_F01,R8XR-24101505,MTX-22012,10000,Nuclei,1061736705,L8XR_241010_21_E01,2487_C04,mouse,Mus musculus,1397633298,NYGC
NY-MX22012-10,10xRSeq_Mult,BICAN_Dev_Atlas+BICAN_Dev_P2,ARC-RSEQ,1399468431,A8XR_241004_01_G02,R8XR-24101505,MTX-22012,10000,Nuclei,1061736705,L8XR_241010_21_B02,2491_F07,mouse,Mus musculus,1397644811,NYGC
NY-MX22012-11,10xRSeq_Mult,HMBA_Cross_Species,ARC-RSEQ,1399457902,A8XR_241008_01_A01,R8XR-24101505,MTX-22012,10000,Nuclei,1061736705,L8XR_241010_21_F12,2496_A09,ferret,Mustela putorius furo,1399146163,NYGC
NY-MX22012-12,10xRSeq_Mult,HMBA_Cross_Species,ARC-RSEQ,1399457905,A8XR_241008_01_B01,R8XR-24101505,MTX-22012,10000,Nuclei,1061736705,L8XR_241010_21_A03,2496_B09,opossum,Monodelphis domestica,1399146223,NYGC
NY-MX22012-13,10xRSeq_Mult,BG_paper_Human+HMBA_Human_Atlas+HMBA_Human_Atlas_BN_BF,ARC-RSEQ,1399457907,A8XR_241008_01_C01,R8XR-24101505,MTX-22012,10000,Nuclei,1061736705,L8XR_241010_21_B11,2495_A08,human,Homo Sapiens,1398799620,NYGC
NY-MX22012-14,10xRSeq_Mult,BG_paper_Human+HMBA_Human_Atlas+HMBA_Human_Atlas_BN_BF,ARC-RSEQ,1399457909,A8XR_241008_01_D01,R8XR-24101505,MTX-22012,10000,Nuclei,1061736705,L8XR_241010_21_C11,2495_B08,human,Homo Sapiens,1398799621,NYGC
NY-MX22012-15,10xRSeq_Mult,BG_paper_Human+HMBA_Human_Atlas+HMBA_Human_Atlas_BN_BF,ARC-RSEQ,1399457911,A8XR_241008_01_E01,R8XR-24101505,MTX-22012,10000,Nuclei,1061736705,L8XR_241010_21_D11,2495_1_D08,human,Homo Sapiens,1398799623,NYGC
NY-MX22012-16,10xRSeq_Mult,BICAN_Dev_Atlas+BICAN_Dev_P2,ARC-RSEQ,1399457927,A8XR_241008_01_D02,R8XR-24101505,MTX-22012,10000,Nuclei,1061736705,L8XR_241010_21_F11,2498_A01,mouse,Mus musculus,1398191248,NYGC
NY-MX22012-17,10xRSeq_Mult,BICAN_Dev_Atlas+BICAN_Dev_P2,ARC-RSEQ,1399457929,A8XR_241008_01_E02,R8XR-24101505,MTX-22012,10000,Nuclei,1061736705,L8XR_241010_21_G11,2498_B01,mouse,Mus musculus,1398191249,NYGC
NY-MX22012-18,10xRSeq_Mult,BICAN_Dev_Atlas+BICAN_Dev_P2,ARC-RSEQ,1399457931,A8XR_241008_01_F02,R8XR-24101505,MTX-22012,10000,Nuclei,1061736705,L8XR_241010_21_H11,2498_C01,mouse,Mus musculus,1398191250,NYGC
NY-MX22012-19,10xRSeq_Mult,BICAN_Dev_Atlas+BICAN_Dev_P2,ARC-RSEQ,1399457933,A8XR_241008_01_G02,R8XR-24101505,MTX-22012,10000,Nuclei,1061736705,L8XR_241010_21_A12,2498_D01,mouse,Mus musculus,1398191251,NYGC
NY-MX22012-2,10xRSeq_Mult,BICAN_Dev_Atlas+BICAN_Dev_P2,ARC-RSEQ,1399468413,A8XR_241004_01_G01,R8XR-24101505,MTX-22012,10000,Nuclei,1061736705,L8XR_241010_21_F01,2487_E04,mouse,Mus musculus,1397633300,NYGC
NY-MX22012-20,10xRSeq_Mult,BICAN_Dev_Atlas+BICAN_Dev_P2,ARC-RSEQ,1399457936,A8XR_241008_01_H02,R8XR-24101505,MTX-22012,10000,Nuclei,1061736705,L8XR_241010_21_B12,2498_E01,mouse,Mus musculus,1398191252,NYGC
NY-MX22012-21,10xRSeq_Mult,BICAN_Dev_Atlas+BICAN_Dev_P2,ARC-RSEQ,1399457938,A8XR_241008_01_A03,R8XR-24101505,MTX-22012,10000,Nuclei,1061736705,L8XR_241010_21_C12,2498_F01,mouse,Mus musculus,1398191253,NYGC
NY-MX22012-3,10xRSeq_Mult,BICAN_Dev_Atlas+BICAN_Dev_P2,ARC-RSEQ,1399468415,A8XR_241004_01_H01,R8XR-24101505,MTX-22012,10000,Nuclei,1061736705,L8XR_241010_21_C02,2487_F04,mouse,Mus musculus,1397633301,NYGC
NY-MX22012-4,10xRSeq_Mult,BICAN_Dev_Atlas+BICAN_Dev_P2,ARC-RSEQ,1399468417,A8XR_241004_01_A02,R8XR-24101505,MTX-22012,10000,Nuclei,1061736705,L8XR_241010_21_D02,2487_1_G04,mouse,Mus musculus,1397633302,NYGC
NY-MX22012-5,10xRSeq_Mult,BICAN_Dev_Atlas+BICAN_Dev_P2,ARC-RSEQ,1399468420,A8XR_241004_01_B02,R8XR-24101505,MTX-22012,10000,Nuclei,1061736705,L8XR_241010_21_E02,2491_A07,mouse,Mus musculus,1397644806,NYGC
NY-MX22012-6,10xRSeq_Mult,BICAN_Dev_Atlas+BICAN_Dev_P2,ARC-RSEQ,1399468422,A8XR_241004_01_C02,R8XR-24101505,MTX-22012,10000,Nuclei,1061736705,L8XR_241010_21_F02,2491_B07,mouse,Mus musculus,1397644807,NYGC
NY-MX22012-7,10xRSeq_Mult,BICAN_Dev_Atlas+BICAN_Dev_P2,ARC-RSEQ,1399468425,A8XR_241004_01_D02,R8XR-24101505,MTX-22012,10000,Nuclei,1061736705,L8XR_241010_21_G01,2491_C07,mouse,Mus musculus,1397644808,NYGC
NY-MX22012-8,10xRSeq_Mult,BICAN_Dev_Atlas+BICAN_Dev_P2,ARC-RSEQ,1399468427,A8XR_241004_01_E02,R8XR-24101505,MTX-22012,10000,Nuclei,1061736705,L8XR_241010_21_H01,2491_D07,mouse,Mus musculus,1397644809,NYGC
NY-MX22012-9,10xRSeq_Mult,BICAN_Dev_Atlas+BICAN_Dev_P2,ARC-RSEQ,1399468429,A8XR_241004_01_F02,R8XR-24101505,MTX-22012,10000,Nuclei,1061736705,L8XR_241010_21_A02,2491_E07,mouse,Mus musculus,1397644810,NYGC
NY-MX22013-1,10xRSeq_Mult,HMBA_Human_Atlas+HMBA_Human_Atlas_Cx,ARC-RSEQ,1399457913,A8XR_241008_01_F01,R8XR-24102202,MTX-22013,10000,Nuclei,1061736705,L8XR_241010_21_G12,2499_A02,human,Homo Sapiens,1398891352,NYGC
NY-MX22013-10,10xRSeq_Mult,BICAN_Dev_Atlas+BICAN_Dev_P2,ARC-RSEQ,1400408497,A8XR_241011_01_H01,R8XR-24102202,MTX-22013,10000,Nuclei,1061736705,L8XR_241017_21_E06,2506_D05,mouse,Mus musculus,1398756220,NYGC
NY-MX22013-11,10xRSeq_Mult,BICAN_Dev_Atlas+BICAN_Dev_P2,ARC-RSEQ,1400408499,A8XR_241011_01_A02,R8XR-24102202,MTX-22013,10000,Nuclei,1061736705,L8XR_241017_21_G05,2506_E05,mouse,Mus musculus,1398756221,NYGC
NY-MX22013-12,10xRSeq_Mult,BICAN_Dev_Atlas+BICAN_Dev_P2,ARC-RSEQ,1400408501,A8XR_241011_01_B02,R8XR-24102202,MTX-22013,10000,Nuclei,1061736705,L8XR_241017_21_F06,2506_F05,mouse,Mus musculus,1398756222,NYGC
NY-MX22013-13,10xRSeq_Mult,BICAN_Dev_Atlas+BICAN_Dev_P2,ARC-RSEQ,1400548664,A8XR_241015_01_H01,R8XR-24102202,MTX-22013,10000,Nuclei,1061736705,L8XR_241017_21_E05,2507_A06,mouse,Mus musculus,1399284682,NYGC
NY-MX22013-14,10xRSeq_Mult,BICAN_Dev_Atlas+BICAN_Dev_P2,ARC-RSEQ,1400548669,A8XR_241015_01_A02,R8XR-24102202,MTX-22013,10000,Nuclei,1061736705,L8XR_241017_21_F05,2507_B06,mouse,Mus musculus,1399284683,NYGC
NY-MX22013-15,10xRSeq_Mult,BICAN_Dev_Atlas+BICAN_Dev_P2,ARC-RSEQ,1400548673,A8XR_241015_01_B02,R8XR-24102202,MTX-22013,10000,Nuclei,1061736705,L8XR_241017_21_A06,2507_C06,mouse,Mus musculus,1399284684,NYGC
NY-MX22013-16,10xRSeq_Mult,BICAN_Dev_Atlas+BICAN_Dev_P2,ARC-RSEQ,1400548679,A8XR_241015_01_C02,R8XR-24102202,MTX-22013,10000,Nuclei,1061736705,L8XR_241017_21_A05,2507_D06,mouse,Mus musculus,1399284685,NYGC
NY-MX22013-17,10xRSeq_Mult,BICAN_Dev_Atlas+BICAN_Dev_P2,ARC-RSEQ,1400548685,A8XR_241015_01_D02,R8XR-24102202,MTX-22013,10000,Nuclei,1061736705,L8XR_241017_21_B05,2507_E06,mouse,Mus musculus,1399284687,NYGC
NY-MX22013-18,10xRSeq_Mult,BG_paper_Human+HMBA_Human_Atlas+HMBA_Human_Atlas_BN_BF,ARC-RSEQ,1400548635,A8XR_241015_01_B01,R8XR-24102202,MTX-22013,10000,Nuclei,1061736705,L8XR_241017_21_G06,2508_A07,human,Homo Sapiens,1400082243,NYGC
NY-MX22013-19,10xRSeq_Mult,BG_paper_Human+HMBA_Human_Atlas+HMBA_Human_Atlas_BN_BF,ARC-RSEQ,1400548638,A8XR_241015_01_C01,R8XR-24102202,MTX-22013,10000,Nuclei,1061736705,L8XR_241017_21_F07,2508_B07,human,Homo Sapiens,1400082244,NYGC
NY-MX22013-2,10xRSeq_Mult,HMBA_Human_Atlas+HMBA_Human_Atlas_Cx,ARC-RSEQ,1399457915,A8XR_241008_01_G01,R8XR-24102202,MTX-22013,10000,Nuclei,1061736705,L8XR_241010_21_E11,2499_B02,human,Homo Sapiens,1398891353,NYGC
NY-MX22013-20,10xRSeq_Mult,HMBA_Human_Atlas+HMBA_Human_Atlas_BN_BF,ARC-RSEQ,1400548643,A8XR_241015_01_D01,R8XR-24102202,MTX-22013,10000,Nuclei,1061736705,L8XR_241017_21_H06,2508_C07,human,Homo Sapiens,1400082245,NYGC
NY-MX22013-21,10xRSeq_Mult,BG_paper_Human+HMBA_Human_Atlas+HMBA_Human_Atlas_BN_BF,ARC-RSEQ,1400548649,A8XR_241015_01_E01,R8XR-24102202,MTX-22013,10000,Nuclei,1061736705,L8XR_241017_21_H05,2511_A02,human,Homo Sapiens,1399891776,NYGC
NY-MX22013-3,10xRSeq_Mult,HMBA_Human_Atlas+HMBA_Human_Atlas_Cx,ARC-RSEQ,1399457918,A8XR_241008_01_H01,R8XR-24102202,MTX-22013,10000,Nuclei,1061736705,L8XR_241010_21_H12,2499_C02,human,Homo Sapiens,1398891354,NYGC
NY-MX22013-4,10xRSeq_Mult,HMBA_Human_Atlas+HMBA_Human_Atlas_Cx,ARC-RSEQ,1399457920,A8XR_241008_01_A02,R8XR-24102202,MTX-22013,10000,Nuclei,1061736705,L8XR_241017_21_D07,2499_D02,human,Homo Sapiens,1398805386,NYGC
NY-MX22013-5,10xRSeq_Mult,HMBA_Human_Atlas+HMBA_Human_Atlas_Cx,ARC-RSEQ,1399457922,A8XR_241008_01_B02,R8XR-24102202,MTX-22013,10000,Nuclei,1061736705,L8XR_241017_21_G07,2499_E02,human,Homo Sapiens,1398805387,NYGC
NY-MX22013-6,10xRSeq_Mult,HMBA_Human_Atlas+HMBA_Human_Atlas_Cx,ARC-RSEQ,1399457925,A8XR_241008_01_C02,R8XR-24102202,MTX-22013,10000,Nuclei,1061736705,L8XR_241017_21_E07,2499_F02,human,Homo Sapiens,1398805388,NYGC
NY-MX22013-7,10xRSeq_Mult,BICAN_Dev_Atlas+BICAN_Dev_P2,ARC-RSEQ,1400408489,A8XR_241011_01_E01,R8XR-24102202,MTX-22013,10000,Nuclei,1061736705,L8XR_241017_21_B06,2506_A05,mouse,Mus musculus,1398756217,NYGC
NY-MX22013-8,10xRSeq_Mult,BICAN_Dev_Atlas+BICAN_Dev_P2,ARC-RSEQ,1400408491,A8XR_241011_01_F01,R8XR-24102202,MTX-22013,10000,Nuclei,1061736705,L8XR_241017_21_C06,2506_B05,mouse,Mus musculus,1398756218,NYGC
NY-MX22013-9,10xRSeq_Mult,BICAN_Dev_Atlas+BICAN_Dev_P2,ARC-RSEQ,1400408493,A8XR_241011_01_G01,R8XR-24102202,MTX-22013,10000,Nuclei,1061736705,L8XR_241017_21_D06,2506_C05,mouse,Mus musculus,1398756219,NYGC
NY-MX22014-1,10xRSeq_Mult,BG_paper_Human+HMBA_Human_Atlas+HMBA_Human_Atlas_BN_BF,ARC-RSEQ,1400548654,A8XR_241015_01_F01,R8XR-24110503,MTX-22014,10000,Nuclei,1061736705,L8XR_241017_21_A07,2511_B02,human,Homo Sapiens,1399891777,NYGC
NY-MX22014-10,10xRSeq_Mult,HMBA_Human_Atlas+HMBA_Human_Atlas_BN_BF,ARC-RSEQ,1401600558,A8XR_241022_01_A01,R8XR-24110503,MTX-22014,10000,Nuclei,1061736705,L8XR_241024_21_F10,2523_A07,human,Homo Sapiens,1401489998,NYGC
NY-MX22014-11,10xRSeq_Mult,HMBA_Human_Atlas+HMBA_Human_Atlas_HTH,ARC-RSEQ,1401600561,A8XR_241022_01_B01,R8XR-24110503,MTX-22014,10000,Nuclei,1061736705,L8XR_241024_21_G10,2523_B07,human,Homo Sapiens,1401489999,NYGC
NY-MX22014-12,10xRSeq_Mult,BG_paper_Human+HMBA_Human_Atlas+HMBA_Human_Atlas_BN_BF,ARC-RSEQ,1401600565,A8XR_241022_01_C01,R8XR-24110503,MTX-22014,10000,Nuclei,1061736705,L8XR_241024_21_F09,2523_C07,human,Homo Sapiens,1401490000,NYGC
NY-MX22014-13,10xRSeq_Mult,BG_paper_Human+HMBA_Human_Atlas+HMBA_Human_Atlas_BN_BF,ARC-RSEQ,1401600569,A8XR_241022_01_D01,R8XR-24110503,MTX-22014,10000,Nuclei,1061736705,L8XR_241024_21_G09,2526_A01,human,Homo Sapiens,1401480913,NYGC
NY-MX22014-14,10xRSeq_Mult,BG_paper_Human+HMBA_Human_Atlas+HMBA_Human_Atlas_BN_BF,ARC-RSEQ,1401600573,A8XR_241022_01_E01,R8XR-24110503,MTX-22014,10000,Nuclei,1061736705,L8XR_241024_21_D09,2526_B01,human,Homo Sapiens,1401480914,NYGC
NY-MX22014-15,10xRSeq_Mult,BG_paper_Human+HMBA_Human_Atlas+HMBA_Human_Atlas_BN_BF,ARC-RSEQ,1401600589,A8XR_241022_01_H01,R8XR-24110503,MTX-22014,9068,Nuclei,1061736705,L8XR_241024_21_H09,2526_E01,human,Homo Sapiens,1401491903,NYGC
NY-MX22014-16,10xRSeq_Mult,BG_paper_Human+HMBA_Human_Atlas+HMBA_Human_Atlas_BN_BF,ARC-RSEQ,1401600596,A8XR_241022_01_A02,R8XR-24110503,MTX-22014,10000,Nuclei,1061736705,L8XR_241024_21_E09,2526_F01,human,Homo Sapiens,1401491904,NYGC
NY-MX22014-17,10xRSeq_Mult,BG_paper_Human+HMBA_Human_Atlas+HMBA_Human_Atlas_BN_BF,ARC-RSEQ,1402870494,A8XR_241025_01_A01,R8XR-24110503,MTX-22014,10000,Nuclei,1061736705,L8XR_241031_21_G02,2530_A02,human,Homo Sapiens,1401551851,NYGC
NY-MX22014-18,10xRSeq_Mult,BG_paper_Human+HMBA_Human_Atlas+HMBA_Human_Atlas_BN_BF,ARC-RSEQ,1402870496,A8XR_241025_01_B01,R8XR-24110503,MTX-22014,10000,Nuclei,1061736705,L8XR_241031_21_E01,2530_B02,human,Homo Sapiens,1401551852,NYGC
NY-MX22014-19,10xRSeq_Mult,BG_paper_Human+HMBA_Human_Atlas+HMBA_Human_Atlas_BN_BF,ARC-RSEQ,1402870499,A8XR_241025_01_C01,R8XR-24110503,MTX-22014,10000,Nuclei,1061736705,L8XR_241031_21_G01,2530_C02,human,Homo Sapiens,1401551854,NYGC
NY-MX22014-2,10xRSeq_Mult,HMBA_Human_Atlas+HMBA_Human_Atlas_BN_BF,ARC-RSEQ,1400548659,A8XR_241015_01_G01,R8XR-24110503,MTX-22014,10000,Nuclei,1061736705,L8XR_241017_21_B07,2511_C02,human,Homo Sapiens,1399891779,NYGC
NY-MX22014-20,10xRSeq_Mult,HMBA_Cross_Species,ARC-RSEQ,1402870501,A8XR_241025_01_D01,R8XR-24110503,MTX-22014,10000,Nuclei,1061736705,L8XR_241031_21_A04,2538_A04,ferret,Mustela putorius furo,1401561612,NYGC
NY-MX22014-21,10xRSeq_Mult,HMBA_Cross_Species,ARC-RSEQ,1402870503,A8XR_241025_01_E01,R8XR-24110503,MTX-22014,10000,Nuclei,1061736705,L8XR_241031_21_B04,2538_B04,treeshrew,Tupaia belangeri,1401561655,NYGC
NY-MX22014-22,10xRSeq_Mult,BG_paper_Human+HMBA_Human_Atlas+HMBA_Human_Atlas_BN_BF,ARC-RSEQ,1402870507,A8XR_241025_01_G01,R8XR-24110503,MTX-22014,10000,Nuclei,1061736705,L8XR_241031_21_H01,2531_C03,human,Homo Sapiens,1402585512,NYGC
NY-MX22014-3,10xRSeq_Mult,BG_paper_Human+HMBA_Human_Atlas+HMBA_Human_Atlas_BN_BF,ARC-RSEQ,1401591581,A8XR_241018_01_C01,R8XR-24110503,MTX-22014,10000,Nuclei,1061736705,L8XR_241024_21_D10,2513_B04,human,Homo Sapiens,1400573065,NYGC
NY-MX22014-4,10xRSeq_Mult,BG_paper_Human+HMBA_Human_Atlas+HMBA_Human_Atlas_BN_BF,ARC-RSEQ,1401591583,A8XR_241018_01_D01,R8XR-24110503,MTX-22014,10000,Nuclei,1061736705,L8XR_241024_21_B10,2513_C04,human,Homo Sapiens,1400573066,NYGC
NY-MX22014-5,10xRSeq_Mult,BG_paper_Human+HMBA_Human_Atlas+HMBA_Human_Atlas_BN_BF,ARC-RSEQ,1401591585,A8XR_241018_01_E01,R8XR-24110503,MTX-22014,10000,Nuclei,1061736705,L8XR_241024_21_E10,2517_A05,human,Homo Sapiens,1400372400,NYGC
NY-MX22014-6,10xRSeq_Mult,BG_paper_Human+HMBA_Human_Atlas+HMBA_Human_Atlas_BN_BF,ARC-RSEQ,1401591587,A8XR_241018_01_F01,R8XR-24110503,MTX-22014,10000,Nuclei,1061736705,L8XR_241024_21_C11,2517_B05,human,Homo Sapiens,1400372401,NYGC
NY-MX22014-7,10xRSeq_Mult,BG_paper_Human+HMBA_Human_Atlas+HMBA_Human_Atlas_BN_BF,ARC-RSEQ,1401591589,A8XR_241018_01_G01,R8XR-24110503,MTX-22014,10000,Nuclei,1061736705,L8XR_241024_21_D11,2517_C05,human,Homo Sapiens,1400372403,NYGC
NY-MX22014-8,10xRSeq_Mult,HMBA_Cross_Species,ARC-RSEQ,1401591592,A8XR_241018_01_H01,R8XR-24110503,MTX-22014,10000,Nuclei,1061736705,L8XR_241024_21_E11,2518_A06,rat,Rattus norvegicus,1401022213,NYGC
NY-MX22014-9,10xRSeq_Mult,HMBA_Cross_Species,ARC-RSEQ,1401591576,A8XR_241018_01_A01,R8XR-24110503,MTX-22014,5512,Nuclei,1061736705,L8XR_241024_21_B11,2518_B06,rat,Rattus norvegicus,1401022255,NYGC
NY-MX22015-1,10xRSeq_Mult,HMBA_Human_Atlas+HMBA_Human_Atlas_Cx,ARC-RSEQ,1401591579,A8XR_241018_01_B01,R8XR-24111201,MTX-22015,10000,Nuclei,1061736705,L8XR_241024_21_C10,2513_A04,human,Homo Sapiens,1400573064,NYGC
NY-MX22015-10,10xRSeq_Mult,BG_paper_Human+HMBA_Human_Atlas+HMBA_Human_Atlas_BN_BF,ARC-RSEQ,1403022518,A8XR_241029_01_F01,R8XR-24111201,MTX-22015,10000,Nuclei,1061736705,L8XR_241031_21_F02,2540_B02,human,Homo Sapiens,1402708970,NYGC
NY-MX22015-11,10xRSeq_Mult,BG_paper_Human+HMBA_Human_Atlas+HMBA_Human_Atlas_BN_BF,ARC-RSEQ,1403022520,A8XR_241029_01_G01,R8XR-24111201,MTX-22015,10000,Nuclei,1061736705,L8XR_241031_21_D03,2540_C02,human,Homo Sapiens,1402708971,NYGC
NY-MX22015-12,10xRSeq_Mult,HMBA_Human_Atlas+HMBA_Human_Atlas_Cx,ARC-RSEQ,1403022506,A8XR_241029_01_A01,R8XR-24111201,MTX-22015,10000,Nuclei,1061736705,L8XR_241031_21_C04,2540_D02,human,Homo Sapiens,1403020387,NYGC
NY-MX22015-13,10xRSeq_Mult,HMBA_Human_Atlas+HMBA_Human_Atlas_Cx,ARC-RSEQ,1403022522,A8XR_241029_01_H01,R8XR-24111201,MTX-22015,9689,Nuclei,1061736705,L8XR_241031_21_G03,2540_E02,human,Homo Sapiens,1403020388,NYGC
NY-MX22015-14,10xRSeq_Mult,HMBA_Human_Atlas+HMBA_Human_Atlas_Cx,ARC-RSEQ,1403022525,A8XR_241029_01_A02,R8XR-24111201,MTX-22015,7329,Nuclei,1061736705,L8XR_241031_21_H03,2540_F02,human,Homo Sapiens,1403020389,NYGC
NY-MX22015-15,10xRSeq_Mult,HMBA_Human_Atlas+HMBA_Human_Atlas_Cx,ARC-RSEQ,1404113251,A8XR_241031_01_C01,R8XR-24111201,MTX-22015,10000,Nuclei,1061736705,L8XR_241107_21_C08,2542_A03,human,Homo Sapiens,1402746113,NYGC
NY-MX22015-16,10xRSeq_Mult,HMBA_Human_Atlas+HMBA_Human_Atlas_Cx,ARC-RSEQ,1404113255,A8XR_241031_01_E01,R8XR-24111201,MTX-22015,10000,Nuclei,1061736705,L8XR_241107_21_E07,2542_C03,human,Homo Sapiens,1402746116,NYGC
NY-MX22015-17,10xRSeq_Mult,HMBA_Cross_Species,ARC-RSEQ,1404113257,A8XR_241031_01_F01,R8XR-24111201,MTX-22015,8152,Nuclei,1061736705,L8XR_241107_21_B09,2545_A05,naked_mole_rat,Heterocephalus glaber,1403611806,NYGC
NY-MX22015-18,10xRSeq_Mult,HMBA_Cross_Species,ARC-RSEQ,1404113260,A8XR_241031_01_G01,R8XR-24111201,MTX-22015,8152,Nuclei,1061736705,L8XR_241107_21_C09,2545_B05,naked_mole_rat,Heterocephalus glaber,1403611807,NYGC
NY-MX22015-19,10xRSeq_Mult,HMBA_Cross_Species,ARC-RSEQ,1404113267,A8XR_241031_01_B02,R8XR-24111201,MTX-22015,6832,Nuclei,1061736705,L8XR_241107_21_E08,2545_F05,naked_mole_rat,Heterocephalus glaber,1403612031,NYGC
NY-MX22015-2,10xRSeq_Mult,HMBA_Human_Atlas+HMBA_Human_Atlas_BN_BF,ARC-RSEQ,1401600577,A8XR_241022_01_F01,R8XR-24111201,MTX-22015,10000,Nuclei,1061736705,L8XR_241031_21_A03,2526_C01,human,Homo Sapiens,1401480915,NYGC
NY-MX22015-20,10xRSeq_Mult,HMBA_Human_Atlas+HMBA_Human_Atlas_THM,ARC-RSEQ,1404111693,A8XR_241105_01_E01,R8XR-24111201,MTX-22015,10000,Nuclei,1061736705,L8XR_241107_21_H08,2549_A07,human,Homo Sapiens,1403906731,NYGC
NY-MX22015-21,10xRSeq_Mult,HMBA_Human_Atlas+HMBA_Human_Atlas_THM,ARC-RSEQ,1404111700,A8XR_241105_01_F01,R8XR-24111201,MTX-22015,10000,Nuclei,1061736705,L8XR_241107_21_A08,2549_B07,human,Homo Sapiens,1403906733,NYGC
NY-MX22015-22,10xRSeq_Mult,HMBA_Human_Atlas+HMBA_Human_Atlas_BN_BF,ARC-RSEQ,1404111706,A8XR_241105_01_G01,R8XR-24111201,MTX-22015,10000,Nuclei,1061736705,L8XR_241107_21_B07,2549_C07,human,Homo Sapiens,1403906735,NYGC
NY-MX22015-3,10xRSeq_Mult,BG_paper_Human+HMBA_Human_Atlas+HMBA_Human_Atlas_BN_BF,ARC-RSEQ,1401600582,A8XR_241022_01_G01,R8XR-24111201,MTX-22015,10000,Nuclei,1061736705,L8XR_241031_21_B03,2526_D01,human,Homo Sapiens,1401491902,NYGC
NY-MX22015-4,10xRSeq_Mult,BG_paper_Human+HMBA_Human_Atlas+HMBA_Human_Atlas_BN_BF,ARC-RSEQ,1404113247,A8XR_241031_01_A01,R8XR-24111201,MTX-22015,10000,Nuclei,1061736705,L8XR_241107_21_A07,2531_A03,human,Homo Sapiens,1402585510,NYGC
NY-MX22015-5,10xRSeq_Mult,BG_paper_Human+HMBA_Human_Atlas+HMBA_Human_Atlas_BN_BF,ARC-RSEQ,1402870510,A8XR_241025_01_H01,R8XR-24111201,MTX-22015,10000,Nuclei,1061736705,L8XR_241031_21_F01,2531_1_D03,human,Homo Sapiens,1402585513,NYGC
NY-MX22015-6,10xRSeq_Mult,HMBA_Human_Atlas+HMBA_Human_Atlas_Cx,ARC-RSEQ,1403022509,A8XR_241029_01_B01,R8XR-24111201,MTX-22015,10000,Nuclei,1061736705,L8XR_241031_21_A02,2536_A05,human,Homo Sapiens,1402848661,NYGC
NY-MX22015-7,10xRSeq_Mult,HMBA_Human_Atlas+HMBA_Human_Atlas_THM,ARC-RSEQ,1403022511,A8XR_241029_01_C01,R8XR-24111201,MTX-22015,10000,Nuclei,1061736705,L8XR_241031_21_E02,2536_B05,human,Homo Sapiens,1402848662,NYGC
NY-MX22015-8,10xRSeq_Mult,HMBA_Human_Atlas+HMBA_Human_Atlas_THM,ARC-RSEQ,1403022513,A8XR_241029_01_D01,R8XR-24111201,MTX-22015,10000,Nuclei,1061736705,L8XR_241031_21_C03,2536_C05,human,Homo Sapiens,1402848663,NYGC
NY-MX22015-9,10xRSeq_Mult,BG_paper_Human+HMBA_Human_Atlas+HMBA_Human_Atlas_BN_BF,ARC-RSEQ,1403022515,A8XR_241029_01_E01,R8XR-24111201,MTX-22015,10000,Nuclei,1061736705,L8XR_241031_21_B02,2540_A02,human,Homo Sapiens,1402708969,NYGC
NY-MX22016-1,10xRSeq_Mult,HMBA_Human_Atlas+HMBA_Human_Atlas_Cx,ARC-RSEQ,1404113253,A8XR_241031_01_D01,R8XR-24111904,MTX-22016,10000,Nuclei,1061736705,L8XR_241114_21_H10,2542_B03,human,Homo Sapiens,1402746114,NYGC
NY-MX22016-10,10xRSeq_Mult,HMBA_Human_Atlas+HMBA_Human_Atlas_BN_BF,ARC-RSEQ,1404111721,A8XR_241105_01_B02,R8XR-24111904,MTX-22016,10000,Nuclei,1061736705,L8XR_241107_21_D07,2551_1_C01,human,Homo Sapiens,1403603301,NYGC
NY-MX22016-11,10xRSeq_Mult,HMBA_Human_Atlas+HMBA_Human_Atlas_BN_BF,ARC-RSEQ,1404111725,A8XR_241105_01_C02,R8XR-24111904,MTX-22016,10000,Nuclei,1061736705,L8XR_241114_21_F10,2551_1_D01,human,Homo Sapiens,1403909551,NYGC
NY-MX22016-12,10xRSeq_Mult,HMBA_Human_Atlas+HMBA_Human_Atlas_M,ARC-RSEQ,1404111729,A8XR_241105_01_D02,R8XR-24111904,MTX-22016,10000,Nuclei,1061736705,L8XR_241107_21_C10,2551_1_E01,human,Homo Sapiens,1403909552,NYGC
NY-MX22016-13,10xRSeq_Mult,BG_paper_Human+HMBA_Human_Atlas+HMBA_Human_Atlas_BN_BF,ARC-RSEQ,1404111733,A8XR_241105_01_E02,R8XR-24111904,MTX-22016,10000,Nuclei,1061736705,L8XR_241107_21_H09,2551_1_F01,human,Homo Sapiens,1403909553,NYGC
NY-MX22016-14,10xRSeq_Mult,HMBA_Human_Atlas+HMBA_Human_Atlas_BN_BF,ARC-RSEQ,1405018037,A8XR_241108_01_C01,R8XR-24111904,MTX-22016,10000,Nuclei,1061736705,L8XR_241114_21_A01,2554_A02,human,Homo Sapiens,1404082760,NYGC
NY-MX22016-15,10xRSeq_Mult,HMBA_Human_Atlas+HMBA_Human_Atlas_Cx,ARC-RSEQ,1405018039,A8XR_241108_01_D01,R8XR-24111904,MTX-22016,10000,Nuclei,1061736705,L8XR_241114_21_G10,2554_B02,human,Homo Sapiens,1404082761,NYGC
NY-MX22016-16,10xRSeq_Mult,HMBA_Human_Atlas+HMBA_Human_Atlas_BN_BF,ARC-RSEQ,1405018041,A8XR_241108_01_E01,R8XR-24111904,MTX-22016,10000,Nuclei,1061736705,L8XR_241114_21_D01,2554_C02,human,Homo Sapiens,1404082762,NYGC
NY-MX22016-17,10xRSeq_Mult,HMBA_Cross_Species,ARC-RSEQ,1405018032,A8XR_241108_01_A01,R8XR-24111904,MTX-22016,4891,Nuclei,1061736705,L8XR_241114_21_E12,2558_A03,naked_mole_rat,Heterocephalus glaber,1404683722,NYGC
NY-MX22016-18,10xRSeq_Mult,HMBA_Human_Atlas+HMBA_Human_Atlas_Cx,ARC-RSEQ,1405018043,A8XR_241108_01_F01,R8XR-24111904,MTX-22016,10000,Nuclei,1061736705,L8XR_241114_21_E01,2559_A04,human,Homo Sapiens,1404850473,NYGC
NY-MX22016-19,10xRSeq_Mult,HMBA_Human_Atlas+HMBA_Human_Atlas_Cx,ARC-RSEQ,1405018045,A8XR_241108_01_G01,R8XR-24111904,MTX-22016,10000,Nuclei,1061736705,L8XR_241114_21_B01,2559_B04,human,Homo Sapiens,1404850474,NYGC
NY-MX22016-2,10xRSeq_Mult,HMBA_Cross_Species,ARC-RSEQ,1404113249,A8XR_241031_01_B01,R8XR-24111904,MTX-22016,4736,Nuclei,1061736705,L8XR_241114_21_F11,2545_C05,naked_mole_rat,Heterocephalus glaber,1403611859,NYGC
NY-MX22016-20,10xRSeq_Mult,HMBA_Human_Atlas+HMBA_Human_Atlas_H,ARC-RSEQ,1405018034,A8XR_241108_01_B01,R8XR-24111904,MTX-22016,10000,Nuclei,1061736705,L8XR_241114_21_G11,2559_C04,human,Homo Sapiens,1404850475,NYGC
NY-MX22016-21,10xRSeq_Mult,HMBA_Human_Atlas+HMBA_Human_Atlas_H,ARC-RSEQ,1405167673,A8XR_241112_01_B01,R8XR-24111904,MTX-22016,10000,Nuclei,1061736705,L8XR_241114_21_F12,2565_A05,human,Homo Sapiens,1404861279,NYGC
NY-MX22016-22,10xRSeq_Mult,HMBA_Human_Atlas+HMBA_Human_Atlas_H,ARC-RSEQ,1405167675,A8XR_241112_01_C01,R8XR-24111904,MTX-22016,10000,Nuclei,1061736705,L8XR_241114_21_A12,2565_B05,human,Homo Sapiens,1404861278,NYGC
NY-MX22016-3,10xRSeq_Mult,HMBA_Cross_Species,ARC-RSEQ,1404113263,A8XR_241031_01_H01,R8XR-24111904,MTX-22016,10000,Nuclei,1061736705,L8XR_241114_21_B11,2545_D05,naked_mole_rat,Heterocephalus glaber,1403611909,NYGC
NY-MX22016-4,10xRSeq_Mult,HMBA_Cross_Species,ARC-RSEQ,1404113265,A8XR_241031_01_A02,R8XR-24111904,MTX-22016,10000,Nuclei,1061736705,L8XR_241114_21_C11,2545_E05,naked_mole_rat,Heterocephalus glaber,1403611911,NYGC
NY-MX22016-5,10xRSeq_Mult,HMBA_Human_Atlas+HMBA_Human_Atlas_THM,ARC-RSEQ,1404113269,A8XR_241031_01_C02,R8XR-24111904,MTX-22016,10000,Nuclei,1061736705,L8XR_241107_21_F07,2544_A04,human,Homo Sapiens,1403145986,NYGC
NY-MX22016-6,10xRSeq_Mult,HMBA_Human_Atlas+HMBA_Human_Atlas_HTH,ARC-RSEQ,1404113271,A8XR_241031_01_D02,R8XR-24111904,MTX-22016,10000,Nuclei,1061736705,L8XR_241107_21_F08,2544_B04,human,Homo Sapiens,1403145987,NYGC
NY-MX22016-7,10xRSeq_Mult,HMBA_Human_Atlas+HMBA_Human_Atlas_HTH,ARC-RSEQ,1404113273,A8XR_241031_01_E02,R8XR-24111904,MTX-22016,10000,Nuclei,1061736705,L8XR_241107_21_G08,2544_C04,human,Homo Sapiens,1403145988,NYGC
NY-MX22016-8,10xRSeq_Mult,HMBA_Human_Atlas+HMBA_Human_Atlas_M,ARC-RSEQ,1404111711,A8XR_241105_01_H01,R8XR-24111904,MTX-22016,10000,Nuclei,1061736705,L8XR_241107_21_B10,2551_1_A01,human,Homo Sapiens,1403603299,NYGC
NY-MX22016-9,10xRSeq_Mult,HMBA_Human_Atlas+HMBA_Human_Atlas_BN_BF,ARC-RSEQ,1404111716,A8XR_241105_01_A02,R8XR-24111904,MTX-22016,10000,Nuclei,1061736705,L8XR_241107_21_C07,2551_1_B01,human,Homo Sapiens,1403603300,NYGC
NY-MX22017-1,10xRSeq_Mult,HMBA_Human_Atlas+HMBA_Human_Atlas_H,ARC-RSEQ,1405167671,A8XR_241112_01_A01,R8XR-24121002,MTX-22017,10000,Nuclei,1061736705,L8XR_241114_21_H11,2569_C02,human,Homo Sapiens,1405151968,NYGC
NY-MX22017-10,10xRSeq_Mult,HMBA_Human_Atlas+HMBA_Human_Atlas_H,ARC-RSEQ,1406439376,A8XR_241115_01_B02,R8XR-24121002,MTX-22017,10000,Nuclei,1061736705,L8XR_241121_21_B07,2579_C06,human,Homo Sapiens,1405150648,NYGC
NY-MX22017-11,10xRSeq_Mult,HMBA_Human_Atlas+HMBA_Human_Atlas_H,ARC-RSEQ,1405167679,A8XR_241112_01_E01,R8XR-24121002,MTX-22017,10000,Nuclei,1061736705,L8XR_241114_21_C12,2569_A02,human,Homo Sapiens,1405151970,NYGC
NY-MX22017-12,10xRSeq_Mult,HMBA_Human_Atlas+HMBA_Human_Atlas_H,ARC-RSEQ,1406437773,A8XR_241119_01_C01,R8XR-24121002,MTX-22017,10000,Nuclei,1061736705,L8XR_241121_21_A08,2588_A03,human,Homo Sapiens,1406424234,NYGC
NY-MX22017-13,10xRSeq_Mult,HMBA_Human_Atlas+HMBA_Human_Atlas_H,ARC-RSEQ,1406437776,A8XR_241119_01_D01,R8XR-24121002,MTX-22017,10000,Nuclei,1061736705,L8XR_241121_21_H07,2588_B03,human,Homo Sapiens,1406424233,NYGC
NY-MX22017-14,10xRSeq_Mult,HMBA_Human_Atlas+HMBA_Human_Atlas_H,ARC-RSEQ,1406437778,A8XR_241119_01_E01,R8XR-24121002,MTX-22017,10000,Nuclei,1061736705,L8XR_241121_21_C07,2588_C03,human,Homo Sapiens,1406424232,NYGC
NY-MX22017-15,10xRSeq_Mult,HMBA_Human_Atlas+HMBA_Human_Atlas_H,ARC-RSEQ,1408037414,A8XR_241126_01_C01,R8XR-24121002,MTX-22017,10000,Nuclei,1061736705,L8XR_241205_01_G12,2591_A04,human,Homo Sapiens,1407090619,NYGC
NY-MX22017-16,10xRSeq_Mult,HMBA_Human_Atlas+HMBA_Human_Atlas_H,ARC-RSEQ,1408037407,A8XR_241126_01_A01,R8XR-24121002,MTX-22017,10000,Nuclei,1061736705,L8XR_241205_01_A12,2591_B04,human,Homo Sapiens,1407090618,NYGC
NY-MX22017-17,10xRSeq_Mult,HMBA_Human_Atlas+HMBA_Human_Atlas_H,ARC-RSEQ,1408037412,A8XR_241126_01_B01,R8XR-24121002,MTX-22017,10000,Nuclei,1061736705,L8XR_241205_01_B12,2591_C04,human,Homo Sapiens,1407090616,NYGC
NY-MX22017-18,10xRSeq_Mult,HMBA_Human_Atlas+HMBA_Human_Atlas_H,ARC-RSEQ,1408037416,A8XR_241126_01_D01,R8XR-24121002,MTX-22017,10000,Nuclei,1061736705,L8XR_241205_01_H12,2593_A05,human,Homo Sapiens,1407281128,NYGC
NY-MX22017-19,10xRSeq_Mult,HMBA_Human_Atlas+HMBA_Human_Atlas_H,ARC-RSEQ,1408037418,A8XR_241126_01_E01,R8XR-24121002,MTX-22017,10000,Nuclei,1061736705,L8XR_241205_01_A01,2593_B05,human,Homo Sapiens,1407281127,NYGC
NY-MX22017-2,10xRSeq_Mult,HMBA_Human_Atlas+HMBA_Human_Atlas_H,ARC-RSEQ,1406439352,A8XR_241115_01_B01,R8XR-24121002,MTX-22017,10000,Nuclei,1061736705,L8XR_241121_21_G06,2571_A03,human,Homo Sapiens,1405123301,NYGC
NY-MX22017-20,10xRSeq_Mult,HMBA_Human_Atlas+HMBA_Human_Atlas_H,ARC-RSEQ,1408037420,A8XR_241126_01_F01,R8XR-24121002,MTX-22017,10000,Nuclei,1061736705,L8XR_241205_01_B01,2593_C05,human,Homo Sapiens,1407281126,NYGC
NY-MX22017-21,10xRSeq_Mult,HMBA_Human_Atlas+HMBA_Human_Atlas_H,ARC-RSEQ,1408618265,A8XR_241203_01_F01,R8XR-24121002,MTX-22017,10000,Nuclei,1061736705,L8XR_241205_01_H03,2605_A01,human,Homo Sapiens,1408339496,NYGC
NY-MX22017-3,10xRSeq_Mult,HMBA_Human_Atlas+HMBA_Human_Atlas_H,ARC-RSEQ,1406439354,A8XR_241115_01_C01,R8XR-24121002,MTX-22017,10000,Nuclei,1061736705,L8XR_241121_21_H06,2571_B03,human,Homo Sapiens,1405123299,NYGC
NY-MX22017-4,10xRSeq_Mult,HMBA_Human_Atlas+HMBA_Human_Atlas_H,ARC-RSEQ,1406439357,A8XR_241115_01_D01,R8XR-24121002,MTX-22017,10000,Nuclei,1061736705,L8XR_241121_21_D07,2571_C03,human,Homo Sapiens,1405123298,NYGC
NY-MX22017-5,10xRSeq_Mult,HMBA_Human_Atlas+HMBA_Human_Atlas_H,ARC-RSEQ,1406439359,A8XR_241115_01_E01,R8XR-24121002,MTX-22017,10000,Nuclei,1061736705,L8XR_241121_21_E07,2575_A04,human,Homo Sapiens,1406006637,NYGC
NY-MX22017-6,10xRSeq_Mult,HMBA_Human_Atlas+HMBA_Human_Atlas_H,ARC-RSEQ,1406439364,A8XR_241115_01_F01,R8XR-24121002,MTX-22017,10000,Nuclei,1061736705,L8XR_241121_21_F07,2575_B04,human,Homo Sapiens,1406006636,NYGC
NY-MX22017-7,10xRSeq_Mult,HMBA_Human_Atlas+HMBA_Human_Atlas_H,ARC-RSEQ,1406439368,A8XR_241115_01_G01,R8XR-24121002,MTX-22017,10000,Nuclei,1061736705,L8XR_241121_21_G07,2575_C04,human,Homo Sapiens,1406006635,NYGC
NY-MX22017-8,10xRSeq_Mult,HMBA_Human_Atlas+HMBA_Human_Atlas_H,ARC-RSEQ,1406439371,A8XR_241115_01_H01,R8XR-24121002,MTX-22017,10000,Nuclei,1061736705,L8XR_241121_21_G05,2579_A06,human,Homo Sapiens,1405150650,NYGC
NY-MX22017-9,10xRSeq_Mult,HMBA_Human_Atlas+HMBA_Human_Atlas_H,ARC-RSEQ,1406439373,A8XR_241115_01_A02,R8XR-24121002,MTX-22017,10000,Nuclei,1061736705,L8XR_241121_21_A07,2579_B06,human,Homo Sapiens,1405150649,NYGC
NY-MX22018-1,10xRSeq_Mult,HMBA_Human_Atlas+HMBA_Human_Atlas_H,ARC-RSEQ,1405167677,A8XR_241112_01_D01,R8XR-24121003,MTX-22018,10000,Nuclei,1061736705,L8XR_241114_21_B12,2565_C05,human,Homo Sapiens,1404861277,NYGC
NY-MX22018-10,10xRSeq_Mult,HMBA_Human_Atlas+HMBA_Human_Atlas_H,ARC-RSEQ,1408037438,A8XR_241126_01_F02,R8XR-24121003,MTX-22018,10000,Nuclei,1061736705,L8XR_241205_01_F01,2600_B01,human,Homo Sapiens,1408013490,NYGC
NY-MX22018-11,10xRSeq_Mult,HMBA_Human_Atlas+HMBA_Human_Atlas_H,ARC-RSEQ,1408037440,A8XR_241126_01_G02,R8XR-24121003,MTX-22018,10000,Nuclei,1061736705,L8XR_241205_01_F02,2600_C01,human,Homo Sapiens,1408013489,NYGC
NY-MX22018-12,10xRSeq_Mult,HMBA_Human_Atlas+HMBA_Human_Atlas_H,ARC-RSEQ,1408037442,A8XR_241126_01_H02,R8XR-24121003,MTX-22018,10000,Nuclei,1061736705,L8XR_241205_01_G01,2600_D01,human,Homo Sapiens,1407413520,NYGC
NY-MX22018-13,10xRSeq_Mult,HMBA_Human_Atlas+HMBA_Human_Atlas_H,ARC-RSEQ,1408037445,A8XR_241126_01_A03,R8XR-24121003,MTX-22018,10000,Nuclei,1061736705,L8XR_241205_01_G02,2600_E01,human,Homo Sapiens,1407413519,NYGC
NY-MX22018-14,10xRSeq_Mult,HMBA_Human_Atlas+HMBA_Human_Atlas_H,ARC-RSEQ,1408037447,A8XR_241126_01_B03,R8XR-24121003,MTX-22018,10000,Nuclei,1061736705,L8XR_241205_01_H01,2600_F01,human,Homo Sapiens,1407413518,NYGC
NY-MX22018-15,10xRSeq_Mult,HMBA_Human_Atlas+HMBA_Human_Atlas_H,ARC-RSEQ,1408618306,A8XR_241203_01_A02,R8XR-24121003,MTX-22018,10000,Nuclei,1061736705,L8XR_241205_01_A04,2602_A02,human,Homo Sapiens,1408186532,NYGC
NY-MX22018-16,10xRSeq_Mult,HMBA_Human_Atlas+HMBA_Human_Atlas_H,ARC-RSEQ,1408618320,A8XR_241203_01_B02,R8XR-24121003,MTX-22018,10000,Nuclei,1061736705,L8XR_241205_01_C03,2602_B02,human,Homo Sapiens,1408186531,NYGC
NY-MX22018-17,10xRSeq_Mult,HMBA_Human_Atlas+HMBA_Human_Atlas_H,ARC-RSEQ,1408618332,A8XR_241203_01_C02,R8XR-24121003,MTX-22018,10000,Nuclei,1061736705,L8XR_241205_01_D03,2602_C02,human,Homo Sapiens,1408186530,NYGC
NY-MX22018-18,10xRSeq_Mult,HMBA_Human_Atlas+HMBA_Human_Atlas_H,ARC-RSEQ,1408618237,A8XR_241203_01_D01,R8XR-24121003,MTX-22018,10000,Nuclei,1061736705,L8XR_241205_01_B03,2603_A03,human,Homo Sapiens,1407417636,NYGC
NY-MX22018-19,10xRSeq_Mult,HMBA_Human_Atlas+HMBA_Human_Atlas_H,ARC-RSEQ,1408618347,A8XR_241203_01_D02,R8XR-24121003,MTX-22018,10000,Nuclei,1061736705,L8XR_241205_01_D02,2603_B03,human,Homo Sapiens,1407417635,NYGC
NY-MX22018-2,10xRSeq_Mult,HMBA_Human_Atlas+HMBA_Human_Atlas_H,ARC-RSEQ,1405167683,A8XR_241112_01_F01,R8XR-24121003,MTX-22018,10000,Nuclei,1061736705,L8XR_241114_21_G12,2569_B02,human,Homo Sapiens,1405151969,NYGC
NY-MX22018-20,10xRSeq_Mult,HMBA_Human_Atlas+HMBA_Human_Atlas_H,ARC-RSEQ,1408618361,A8XR_241203_01_E02,R8XR-24121003,MTX-22018,10000,Nuclei,1061736705,L8XR_241205_01_G03,2603_C03,human,Homo Sapiens,1407417633,NYGC
NY-MX22018-21,10xRSeq_Mult,HMBA_Human_Atlas+HMBA_Human_Atlas_H,ARC-RSEQ,1408618278,A8XR_241203_01_G01,R8XR-24121003,MTX-22018,10000,Nuclei,1061736705,L8XR_241205_01_B02,2605_B01,human,Homo Sapiens,1408339495,NYGC
NY-MX22018-3,10xRSeq_Mult,HMBA_Human_Atlas+HMBA_Human_Atlas_H,ARC-RSEQ,1408037422,A8XR_241126_01_G01,R8XR-24121003,MTX-22018,10000,Nuclei,1061736705,L8XR_241205_01_C12,2593_D05,human,Homo Sapiens,1407273449,NYGC
NY-MX22018-4,10xRSeq_Mult,HMBA_Human_Atlas+HMBA_Human_Atlas_H,ARC-RSEQ,1408037425,A8XR_241126_01_H01,R8XR-24121003,MTX-22018,10000,Nuclei,1061736705,L8XR_241205_01_D12,2593_E05,human,Homo Sapiens,1407273448,NYGC
NY-MX22018-5,10xRSeq_Mult,HMBA_Human_Atlas+HMBA_Human_Atlas_H,ARC-RSEQ,1408037427,A8XR_241126_01_A02,R8XR-24121003,MTX-22018,10000,Nuclei,1061736705,L8XR_241205_01_C01,2593_F05,human,Homo Sapiens,1407273447,NYGC
NY-MX22018-6,10xRSeq_Mult,HMBA_Human_Atlas+HMBA_Human_Atlas_H,ARC-RSEQ,1408037429,A8XR_241126_01_B02,R8XR-24121003,MTX-22018,10000,Nuclei,1061736705,L8XR_241205_01_E02,2596_A07,human,Homo Sapiens,1407111022,NYGC
NY-MX22018-7,10xRSeq_Mult,HMBA_Human_Atlas+HMBA_Human_Atlas_H,ARC-RSEQ,1408037432,A8XR_241126_01_C02,R8XR-24121003,MTX-22018,10000,Nuclei,1061736705,L8XR_241205_01_E12,2596_B07,human,Homo Sapiens,1407111021,NYGC
NY-MX22018-8,10xRSeq_Mult,HMBA_Human_Atlas+HMBA_Human_Atlas_H,ARC-RSEQ,1408037434,A8XR_241126_01_D02,R8XR-24121003,MTX-22018,10000,Nuclei,1061736705,L8XR_241205_01_D01,2596_C07,human,Homo Sapiens,1407111020,NYGC
NY-MX22018-9,10xRSeq_Mult,HMBA_Human_Atlas+HMBA_Human_Atlas_H,ARC-RSEQ,1408037436,A8XR_241126_01_E02,R8XR-24121003,MTX-22018,10000,Nuclei,1061736705,L8XR_241205_01_E01,2600_A01,human,Homo Sapiens,1408013491,NYGC
NY-MX22019-1,10xRSeq_Mult,HMBA_Human_Atlas+HMBA_Human_Atlas_VINEseq,ARC-RSEQ,1406437769,A8XR_241119_01_A01,R8XR-24121702,MTX-22019,3338,Nuclei,1061736705,L8XR_241121_21_D04,2584_A08,human,Homo Sapiens,1405706688,NYGC
NY-MX22019-10,10xRSeq_Mult,HMBA_Human_Atlas+HMBA_Human_Atlas_H,ARC-RSEQ,1409951807,A8XR_241206_01_C01,R8XR-24121702,MTX-22019,10000,Nuclei,1061736705,L8XR_241212_21_C09,2608_B02,human,Homo Sapiens,1408349079,NYGC
NY-MX22019-11,10xRSeq_Mult,HMBA_Human_Atlas+HMBA_Human_Atlas_H,ARC-RSEQ,1409951810,A8XR_241206_01_D01,R8XR-24121702,MTX-22019,10000,Nuclei,1061736705,L8XR_241212_21_D09,2608_C02,human,Homo Sapiens,1408349078,NYGC
NY-MX22019-12,10xRSeq_Mult,HMBA_Human_Atlas+HMBA_Human_Atlas_H,ARC-RSEQ,1409951812,A8XR_241206_01_E01,R8XR-24121702,MTX-22019,10000,Nuclei,1061736705,L8XR_241212_21_E09,2612_A05,human,Homo Sapiens,1408846466,NYGC
NY-MX22019-13,10xRSeq_Mult,HMBA_Human_Atlas+HMBA_Human_Atlas_H,ARC-RSEQ,1409951803,A8XR_241206_01_A01,R8XR-24121702,MTX-22019,10000,Nuclei,1061736705,L8XR_241212_21_A07,2612_B05,human,Homo Sapiens,1408846465,NYGC
NY-MX22019-14,10xRSeq_Mult,BICAN_Dev_Atlas+BICAN_Dev_P2,ARC-RSEQ,1410092467,A8XR_241210_01_F02,R8XR-24121702,MTX-22019,10000,Nuclei,1061736705,L8XR_241212_21_G06,2614_A06,mouse,Mus musculus,1408539237,NYGC
NY-MX22019-15,10xRSeq_Mult,BICAN_Dev_Atlas+BICAN_Dev_P2,ARC-RSEQ,1410092469,A8XR_241210_01_G02,R8XR-24121702,MTX-22019,10000,Nuclei,1061736705,L8XR_241212_21_C08,2614_B06,mouse,Mus musculus,1408539238,NYGC
NY-MX22019-16,10xRSeq_Mult,BICAN_Dev_Atlas+BICAN_Dev_P2,ARC-RSEQ,1410092471,A8XR_241210_01_H02,R8XR-24121702,MTX-22019,9813,Nuclei,1061736705,L8XR_241212_21_D08,2614_C06,mouse,Mus musculus,1408539239,NYGC
NY-MX22019-17,10xRSeq_Mult,BICAN_Dev_Atlas+BICAN_Dev_P2,ARC-RSEQ,1410092475,A8XR_241210_01_A03,R8XR-24121702,MTX-22019,9813,Nuclei,1061736705,L8XR_241212_21_E08,2614_D06,mouse,Mus musculus,1408539240,NYGC
NY-MX22019-18,10xRSeq_Mult,BICAN_Dev_Atlas+BICAN_Dev_P2,ARC-RSEQ,1410092477,A8XR_241210_01_B03,R8XR-24121702,MTX-22019,10000,Nuclei,1061736705,L8XR_241212_21_F08,2614_F06,mouse,Mus musculus,1408539242,NYGC
NY-MX22019-19,10xRSeq_Mult,HMBA_Cross_Species,ARC-RSEQ,1410092445,A8XR_241210_01_D01,R8XR-24121702,MTX-22019,7857,Nuclei,1061736705,L8XR_241212_21_E06,2616_A07,naked_mole_rat,Heterocephalus glaber,1409946609,NYGC
NY-MX22019-2,10xRSeq_Mult,HMBA_Human_Atlas+HMBA_Human_Atlas_VINEseq,ARC-RSEQ,1406437771,A8XR_241119_01_B01,R8XR-24121702,MTX-22019,3028,Nuclei,1061736705,L8XR_241121_21_E04,2584_B08,human,Homo Sapiens,1405707742,NYGC
NY-MX22019-20,10xRSeq_Mult,HMBA_Cross_Species,ARC-RSEQ,1410092447,A8XR_241210_01_E01,R8XR-24121702,MTX-22019,7857,Nuclei,1061736705,L8XR_241212_21_F06,2616_B07,naked_mole_rat,Heterocephalus glaber,1409946702,NYGC
NY-MX22019-21,10xRSeq_Mult,HMBA_Cross_Species,ARC-RSEQ,1410092449,A8XR_241210_01_F01,R8XR-24121702,MTX-22019,10000,Nuclei,1061736705,L8XR_241212_21_E07,2616_C07,naked_mole_rat,Heterocephalus glaber,1409946759,NYGC
NY-MX22019-22,10xRSeq_Mult,HMBA_Cross_Species,ARC-RSEQ,1410092451,A8XR_241210_01_G01,R8XR-24121702,MTX-22019,10000,Nuclei,1061736705,L8XR_241212_21_F07,2616_D07,naked_mole_rat,Heterocephalus glaber,1409946811,NYGC
NY-MX22019-23,10xRSeq_Mult,HMBA_Cross_Species,ARC-RSEQ,1410092441,A8XR_241210_01_B01,R8XR-24121702,MTX-22019,5807,Nuclei,1061736705,L8XR_241212_21_H09,2616_E07,naked_mole_rat,Heterocephalus glaber,1409946879,NYGC
NY-MX22019-24,10xRSeq_Mult,HMBA_Human_Atlas+HMBA_Human_Atlas_BN_BF,ARC-RSEQ,1410092455,A8XR_241210_01_H01,R8XR-24121702,MTX-22019,10000,Nuclei,1061736705,L8XR_241212_21_B10,2619_B02,human,Homo Sapiens,1410086855,NYGC
NY-MX22019-3,10xRSeq_Mult,HMBA_Human_Atlas+HMBA_Human_Atlas_VINEseq,ARC-RSEQ,1408618252,A8XR_241203_01_E01,R8XR-24121702,MTX-22019,8074,Nuclei,1061736705,L8XR_241205_01_F12,2604_A04,human,Homo Sapiens,1408035511,NYGC
NY-MX22019-4,10xRSeq_Mult,HMBA_Human_Atlas+HMBA_Human_Atlas_VINEseq,ARC-RSEQ,1408618197,A8XR_241203_01_A01,R8XR-24121702,MTX-22019,2096,Nuclei,1061736705,L8XR_241205_01_H11,2604_B04,human,Homo Sapiens,1408035557,NYGC
NY-MX22019-5,10xRSeq_Mult,HMBA_Human_Atlas+HMBA_Human_Atlas_H,ARC-RSEQ,1408618376,A8XR_241203_01_F02,R8XR-24121702,MTX-22019,10000,Nuclei,1061736705,L8XR_241212_21_D10,2605_C01,human,Homo Sapiens,1408339494,NYGC
NY-MX22019-6,10xRSeq_Mult,HMBA_Human_Atlas+HMBA_Human_Atlas_H,ARC-RSEQ,1408618212,A8XR_241203_01_B01,R8XR-24121702,MTX-22019,10000,Nuclei,1061736705,L8XR_241205_01_A02,2605_D01,human,Homo Sapiens,1408584249,NYGC
NY-MX22019-7,10xRSeq_Mult,HMBA_Human_Atlas+HMBA_Human_Atlas_H,ARC-RSEQ,1408618225,A8XR_241203_01_C01,R8XR-24121702,MTX-22019,10000,Nuclei,1061736705,L8XR_241205_01_A03,2605_E01,human,Homo Sapiens,1408584248,NYGC
NY-MX22019-8,10xRSeq_Mult,HMBA_Human_Atlas+HMBA_Human_Atlas_H,ARC-RSEQ,1408618291,A8XR_241203_01_H01,R8XR-24121702,MTX-22019,10000,Nuclei,1061736705,L8XR_241205_01_C02,2605_F01,human,Homo Sapiens,1408584247,NYGC
NY-MX22019-9,10xRSeq_Mult,HMBA_Human_Atlas+HMBA_Human_Atlas_H,ARC-RSEQ,1409951805,A8XR_241206_01_B01,R8XR-24121702,MTX-22019,10000,Nuclei,1061736705,L8XR_241212_21_B09,2608_A02,human,Homo Sapiens,1408349080,NYGC
NY-MX22020-1,10xRSeq_Mult,HMBA_Human_Atlas+HMBA_Human_Atlas_H,ARC-RSEQ,1409951814,A8XR_241206_01_F01,R8XR-25010701,MTX-22020,10000,Nuclei,1061736705,L8XR_241212_21_B07,2612_C05,human,Homo Sapiens,1408846463,NYGC
NY-MX22020-10,10xRSeq_Mult,BICAN_Dev_Atlas+BICAN_Dev_P6,ARC-RSEQ,1410092495,A8XR_241210_01_B04,R8XR-25010701,MTX-22020,10000,Nuclei,1061736705,L8XR_241219_21_H12,2618_H01,mouse,Mus musculus,1409320397,NYGC
NY-MX22020-11,10xRSeq_Mult,HMBA_Human_Atlas+HMBA_Human_Atlas_H,ARC-RSEQ,1410092439,A8XR_241210_01_A01,R8XR-25010701,MTX-22020,10000,Nuclei,1061736705,L8XR_241212_21_G09,2619_A02,human,Homo Sapiens,1410086854,NYGC
NY-MX22020-12,10xRSeq_Mult,HMBA_Human_Atlas+HMBA_Human_Atlas_Cx,ARC-RSEQ,1410092457,A8XR_241210_01_A02,R8XR-25010701,MTX-22020,10000,Nuclei,1061736705,L8XR_241212_21_G07,2619_D02,human,Homo Sapiens,1409550491,NYGC
NY-MX22020-13,10xRSeq_Mult,HMBA_Human_Atlas+HMBA_Human_Atlas_Cx,ARC-RSEQ,1410092459,A8XR_241210_01_B02,R8XR-25010701,MTX-22020,10000,Nuclei,1061736705,L8XR_241212_21_C10,2619_E02,human,Homo Sapiens,1409550492,NYGC
NY-MX22020-14,10xRSeq_Mult,HMBA_Human_Atlas+HMBA_Human_Atlas_Cx,ARC-RSEQ,1410092461,A8XR_241210_01_C02,R8XR-25010701,MTX-22020,10000,Nuclei,1061736705,L8XR_241212_21_H07,2619_F02,human,Homo Sapiens,1409550493,NYGC
NY-MX22020-15,10xRSeq_Mult,HMBA_Human_Atlas+HMBA_Human_Atlas_Cx,ARC-RSEQ,1410092463,A8XR_241210_01_D02,R8XR-25010701,MTX-22020,10000,Nuclei,1061736705,L8XR_241212_21_A08,2619_G02,human,Homo Sapiens,1409550494,NYGC
NY-MX22020-16,10xRSeq_Mult,HMBA_Human_Atlas+HMBA_Human_Atlas_Cx,ARC-RSEQ,1410092465,A8XR_241210_01_E02,R8XR-25010701,MTX-22020,10000,Nuclei,1061736705,L8XR_241212_21_B08,2619_1_H02,human,Homo Sapiens,1410086861,NYGC
NY-MX22020-17,10xRSeq_Mult,HMBA_Human_Atlas+HMBA_Human_Atlas_Cx,ARC-RSEQ,1410801216,A8XR_241213_01_A01,R8XR-25010701,MTX-22020,10000,Nuclei,1061736705,L8XR_241219_21_G02,2620_A03,human,Homo Sapiens,1410674138,NYGC
NY-MX22020-18,10xRSeq_Mult,HMBA_Human_Atlas+HMBA_Human_Atlas_Cx,ARC-RSEQ,1410801218,A8XR_241213_01_B01,R8XR-25010701,MTX-22020,10000,Nuclei,1061736705,L8XR_241219_21_A01,2620_B03,human,Homo Sapiens,1410674139,NYGC
NY-MX22020-19,10xRSeq_Mult,HMBA_Human_Atlas+HMBA_Human_Atlas_Cx,ARC-RSEQ,1410801220,A8XR_241213_01_C01,R8XR-25010701,MTX-22020,10000,Nuclei,1061736705,L8XR_241219_21_B01,2620_C03,human,Homo Sapiens,1410674140,NYGC
NY-MX22020-2,10xRSeq_Mult,HMBA_Cross_Species,ARC-RSEQ,1410092443,A8XR_241210_01_C01,R8XR-25010701,MTX-22020,10000,Nuclei,1061736705,L8XR_241212_21_A10,2616_F07,naked_mole_rat,Heterocephalus glaber,1409946928,NYGC
NY-MX22020-20,10xRSeq_Mult,BICAN_Dev_Atlas+BICAN_Dev_P6,ARC-RSEQ,1410801230,A8XR_241213_01_G01,R8XR-25010701,MTX-22020,10000,Nuclei,1061736705,L8XR_241219_21_F01,2622_A04,mouse,Mus musculus,1410622480,NYGC
NY-MX22020-21,10xRSeq_Mult,BICAN_Dev_Atlas+BICAN_Dev_P6,ARC-RSEQ,1410801232,A8XR_241213_01_H01,R8XR-25010701,MTX-22020,10000,Nuclei,1061736705,L8XR_241219_21_G01,2622_B04,mouse,Mus musculus,1410622481,NYGC
NY-MX22020-3,10xRSeq_Mult,BICAN_Dev_Atlas+BICAN_Dev_P6,ARC-RSEQ,1410092479,A8XR_241210_01_C03,R8XR-25010701,MTX-22020,10000,Nuclei,1061736705,L8XR_241212_21_G08,2618_A01,mouse,Mus musculus,1409316502,NYGC
NY-MX22020-4,10xRSeq_Mult,BICAN_Dev_Atlas+BICAN_Dev_P6,ARC-RSEQ,1410092481,A8XR_241210_01_D03,R8XR-25010701,MTX-22020,10000,Nuclei,1061736705,L8XR_241212_21_H06,2618_B01,mouse,Mus musculus,1409316503,NYGC
NY-MX22020-5,10xRSeq_Mult,BICAN_Dev_Atlas+BICAN_Dev_P6,ARC-RSEQ,1410092483,A8XR_241210_01_E03,R8XR-25010701,MTX-22020,10000,Nuclei,1061736705,L8XR_241212_21_H08,2618_C01,mouse,Mus musculus,1409316504,NYGC
NY-MX22020-6,10xRSeq_Mult,BICAN_Dev_Atlas+BICAN_Dev_P6,ARC-RSEQ,1410092485,A8XR_241210_01_F03,R8XR-25010701,MTX-22020,10000,Nuclei,1061736705,L8XR_241212_21_A09,2618_D01,mouse,Mus musculus,1409316505,NYGC
NY-MX22020-7,10xRSeq_Mult,BICAN_Dev_Atlas+BICAN_Dev_P6,ARC-RSEQ,1410092487,A8XR_241210_01_G03,R8XR-25010701,MTX-22020,10000,Nuclei,1061736705,L8XR_241219_21_F12,2618_E01,mouse,Mus musculus,1409320394,NYGC
NY-MX22020-8,10xRSeq_Mult,BICAN_Dev_Atlas+BICAN_Dev_P6,ARC-RSEQ,1410092489,A8XR_241210_01_H03,R8XR-25010701,MTX-22020,10000,Nuclei,1061736705,L8XR_241219_21_H11,2618_F01,mouse,Mus musculus,1409320395,NYGC
NY-MX22020-9,10xRSeq_Mult,BICAN_Dev_Atlas+BICAN_Dev_P6,ARC-RSEQ,1410092492,A8XR_241210_01_A04,R8XR-25010701,MTX-22020,10000,Nuclei,1061736705,L8XR_241219_21_G12,2618_G01,mouse,Mus musculus,1409320396,NYGC
NY-MX22021-1,10xRSeq_Mult,BICAN_Dev_Atlas+BICAN_Dev_P6,ARC-RSEQ,1410801234,A8XR_241213_01_A02,R8XR-25010702,MTX-22021,10000,Nuclei,1061736705,L8XR_241219_21_H01,2622_C04,mouse,Mus musculus,1410622482,NYGC
NY-MX22021-10,10xRSeq_Mult,BICAN_Dev_Atlas+BICAN_Dev_P6,ARC-RSEQ,1410801254,A8XR_241213_01_B03,R8XR-25010702,MTX-22021,10000,Nuclei,1061736705,L8XR_241219_21_A03,2626_D07,mouse,Mus musculus,1409921886,NYGC
NY-MX22021-11,10xRSeq_Mult,BICAN_Dev_Atlas+BICAN_Dev_P6,ARC-RSEQ,1410801256,A8XR_241213_01_C03,R8XR-25010702,MTX-22021,10000,Nuclei,1061736705,L8XR_241219_21_D12,2626_E07,mouse,Mus musculus,1409920798,NYGC
NY-MX22021-12,10xRSeq_Mult,BICAN_Dev_Atlas+BICAN_Dev_P6,ARC-RSEQ,1410801258,A8XR_241213_01_D03,R8XR-25010702,MTX-22021,10000,Nuclei,1061736705,L8XR_241219_21_E12,2626_F07,mouse,Mus musculus,1409920799,NYGC
NY-MX22021-13,10xRSeq_Mult,BICAN_Dev_Atlas+BICAN_Dev_P6,ARC-RSEQ,1410801261,A8XR_241213_01_E03,R8XR-25010702,MTX-22021,10000,Nuclei,1061736705,L8XR_241219_21_E02,2626_G07,mouse,Mus musculus,1409920800,NYGC
NY-MX22021-14,10xRSeq_Mult,BICAN_Dev_Atlas+BICAN_Dev_P6,ARC-RSEQ,1410801263,A8XR_241213_01_F03,R8XR-25010702,MTX-22021,10000,Nuclei,1061736705,L8XR_241219_21_F02,2626_H07,mouse,Mus musculus,1409920802,NYGC
NY-MX22021-15,10xRSeq_Mult,HMBA_Human_Atlas+HMBA_Human_Atlas_Cx,ARC-RSEQ,1411081759,A8XR_241217_01_D01,R8XR-25010702,MTX-22021,10000,Nuclei,1061736705,L8XR_241220_01_H04,2624_A06,human,Homo Sapiens,1410115931,NYGC
NY-MX22021-16,10xRSeq_Mult,HMBA_Human_Atlas+HMBA_Human_Atlas_Cx,ARC-RSEQ,1411081761,A8XR_241217_01_E01,R8XR-25010702,MTX-22021,10000,Nuclei,1061736705,L8XR_241220_01_H03,2624_B06,human,Homo Sapiens,1410115932,NYGC
NY-MX22021-17,10xRSeq_Mult,HMBA_Human_Atlas+HMBA_Human_Atlas_Cx,ARC-RSEQ,1411081763,A8XR_241217_01_F01,R8XR-25010702,MTX-22021,10000,Nuclei,1061736705,L8XR_241220_01_A04,2624_C06,human,Homo Sapiens,1410115933,NYGC
NY-MX22021-18,10xRSeq_Mult,HMBA_Human_Atlas+HMBA_Human_Atlas_Cx,ARC-RSEQ,1411081766,A8XR_241217_01_G01,R8XR-25010702,MTX-22021,10000,Nuclei,1061736705,L8XR_241220_01_F05,2624_D06,human,Homo Sapiens,1410956513,NYGC
NY-MX22021-19,10xRSeq_Mult,HMBA_Human_Atlas+HMBA_Human_Atlas_Cx,ARC-RSEQ,1411081753,A8XR_241217_01_A01,R8XR-25010702,MTX-22021,10000,Nuclei,1061736705,L8XR_241219_21_C03,2624_E06,human,Homo Sapiens,1410956514,NYGC
NY-MX22021-2,10xRSeq_Mult,BICAN_Dev_Atlas+BICAN_Dev_P6,ARC-RSEQ,1410801236,A8XR_241213_01_B02,R8XR-25010702,MTX-22021,10000,Nuclei,1061736705,L8XR_241219_21_A02,2622_D04,mouse,Mus musculus,1410622483,NYGC
NY-MX22021-20,10xRSeq_Mult,HMBA_Human_Atlas+HMBA_Human_Atlas_Cx,ARC-RSEQ,1411081769,A8XR_241217_01_H01,R8XR-25010702,MTX-22021,10000,Nuclei,1061736705,L8XR_241220_01_A05,2624_F06,human,Homo Sapiens,1410956515,NYGC
NY-MX22021-21,10xRSeq_Mult,BICAN_Dev_Atlas+BICAN_Dev_P10,ARC-RSEQ,1411081783,A8XR_241217_01_F02,R8XR-25010702,MTX-22021,10000,Nuclei,1061736705,L8XR_241220_01_C04,2630_A01,mouse,Mus musculus,1410796530,NYGC
NY-MX22021-3,10xRSeq_Mult,BICAN_Dev_Atlas+BICAN_Dev_P6,ARC-RSEQ,1410801238,A8XR_241213_01_C02,R8XR-25010702,MTX-22021,10000,Nuclei,1061736705,L8XR_241219_21_A12,2622_E04,mouse,Mus musculus,1410626726,NYGC
NY-MX22021-4,10xRSeq_Mult,BICAN_Dev_Atlas+BICAN_Dev_P6,ARC-RSEQ,1410801241,A8XR_241213_01_D02,R8XR-25010702,MTX-22021,10000,Nuclei,1061736705,L8XR_241219_21_B12,2622_F04,mouse,Mus musculus,1410626727,NYGC
NY-MX22021-5,10xRSeq_Mult,BICAN_Dev_Atlas+BICAN_Dev_P6,ARC-RSEQ,1410801243,A8XR_241213_01_E02,R8XR-25010702,MTX-22021,10000,Nuclei,1061736705,L8XR_241219_21_C12,2622_G04,mouse,Mus musculus,1410626728,NYGC
NY-MX22021-6,10xRSeq_Mult,BICAN_Dev_Atlas+BICAN_Dev_P6,ARC-RSEQ,1410801245,A8XR_241213_01_F02,R8XR-25010702,MTX-22021,10000,Nuclei,1061736705,L8XR_241219_21_B02,2622_H04,mouse,Mus musculus,1410626729,NYGC
NY-MX22021-7,10xRSeq_Mult,BICAN_Dev_Atlas+BICAN_Dev_P6,ARC-RSEQ,1410801248,A8XR_241213_01_G02,R8XR-25010702,MTX-22021,10000,Nuclei,1061736705,L8XR_241219_21_C02,2626_A07,mouse,Mus musculus,1409921883,NYGC
NY-MX22021-8,10xRSeq_Mult,BICAN_Dev_Atlas+BICAN_Dev_P6,ARC-RSEQ,1410801250,A8XR_241213_01_H02,R8XR-25010702,MTX-22021,10000,Nuclei,1061736705,L8XR_241219_21_D02,2626_B07,mouse,Mus musculus,1409921884,NYGC
NY-MX22021-9,10xRSeq_Mult,BICAN_Dev_Atlas+BICAN_Dev_P6,ARC-RSEQ,1410801252,A8XR_241213_01_A03,R8XR-25010702,MTX-22021,10000,Nuclei,1061736705,L8XR_241219_21_H02,2626_C07,mouse,Mus musculus,1409921885,NYGC
NY-MX22022-1,10xRSeq_Mult,BICAN_Dev_Atlas+BICAN_Dev_P10,ARC-RSEQ,1411081785,A8XR_241217_01_G02,R8XR-25011401,MTX-22022,10000,Nuclei,1061736705,L8XR_241219_21_G11,2630_B01,mouse,Mus musculus,1410796531,NYGC
NY-MX22022-10,10xRSeq_Mult,HMBA_Human_Atlas+HMBA_Human_Atlas_Cx,ARC-RSEQ,1411081755,A8XR_241217_01_B01,R8XR-25011401,MTX-22022,10000,Nuclei,1061736705,L8XR_241219_21_D03,2631_E02,human,Homo Sapiens,1410514234,NYGC
NY-MX22022-11,10xRSeq_Mult,HMBA_Human_Atlas+HMBA_Human_Atlas_Cx,ARC-RSEQ,1411081781,A8XR_241217_01_E02,R8XR-25011401,MTX-22022,10000,Nuclei,1061736705,L8XR_241220_01_E05,2631_F02,human,Homo Sapiens,1410514235,NYGC
NY-MX22022-12,10xRSeq_Mult,HMBA_Human_Atlas+HMBA_Human_Atlas_Cx,ARC-RSEQ,1413879991,A8XR_250102_01_D01,R8XR-25011401,MTX-22022,10000,Nuclei,1061736705,L8XR_250109_21_F08,2632_A03,human,Homo Sapiens,1410954506,NYGC
NY-MX22022-13,10xRSeq_Mult,HMBA_Human_Atlas+HMBA_Human_Atlas_Cx,ARC-RSEQ,1413879995,A8XR_250102_01_E01,R8XR-25011401,MTX-22022,10000,Nuclei,1061736705,L8XR_250109_21_G08,2632_B03,human,Homo Sapiens,1410954507,NYGC
NY-MX22022-14,10xRSeq_Mult,HMBA_Human_Atlas+HMBA_Human_Atlas_Cx,ARC-RSEQ,1413879984,A8XR_250102_01_B01,R8XR-25011401,MTX-22022,4747,Nuclei,1061736705,L8XR_250110_01_E10,2632_C03,human,Homo Sapiens,1410954508,NYGC
NY-MX22022-15,10xRSeq_Mult,BICAN_Dev_Atlas+BICAN_Dev_P6,ARC-RSEQ,1413880015,A8XR_250102_01_B02,R8XR-25011401,MTX-22022,10000,Nuclei,1061736705,L8XR_250110_01_E11,2633_A04,mouse,Mus musculus,1413789889,NYGC
NY-MX22022-16,10xRSeq_Mult,BICAN_Dev_Atlas+BICAN_Dev_P6,ARC-RSEQ,1413880020,A8XR_250102_01_C02,R8XR-25011401,MTX-22022,10000,Nuclei,1061736705,L8XR_250110_01_F11,2633_B04,mouse,Mus musculus,1413789890,NYGC
NY-MX22022-17,10xRSeq_Mult,BICAN_Dev_Atlas+BICAN_Dev_P6,ARC-RSEQ,1413880024,A8XR_250102_01_D02,R8XR-25011401,MTX-22022,10000,Nuclei,1061736705,L8XR_250110_01_A10,2633_C04,mouse,Mus musculus,1413789891,NYGC
NY-MX22022-18,10xRSeq_Mult,BICAN_Dev_Atlas+BICAN_Dev_P6,ARC-RSEQ,1413880028,A8XR_250102_01_E02,R8XR-25011401,MTX-22022,10000,Nuclei,1061736705,L8XR_250110_01_B10,2633_D04,mouse,Mus musculus,1413789892,NYGC
NY-MX22022-19,10xRSeq_Mult,BICAN_Dev_Atlas+BICAN_Dev_P10,ARC-RSEQ,1413880032,A8XR_250102_01_F02,R8XR-25011401,MTX-22022,10000,Nuclei,1061736705,L8XR_250110_01_C10,2633_E04,mouse,Mus musculus,1413789893,NYGC
NY-MX22022-2,10xRSeq_Mult,BICAN_Dev_Atlas+BICAN_Dev_P10,ARC-RSEQ,1411081789,A8XR_241217_01_H02,R8XR-25011401,MTX-22022,10000,Nuclei,1061736705,L8XR_241220_01_D04,2630_C01,mouse,Mus musculus,1410796532,NYGC
NY-MX22022-20,10xRSeq_Mult,BICAN_Dev_Atlas+BICAN_Dev_P10,ARC-RSEQ,1413880037,A8XR_250102_01_G02,R8XR-25011401,MTX-22022,10000,Nuclei,1061736705,L8XR_250110_01_D10,2633_F04,mouse,Mus musculus,1413789894,NYGC
NY-MX22022-21,10xRSeq_Mult,HMBA_Cross_Species,ARC-RSEQ,1413879999,A8XR_250102_01_F01,R8XR-25011401,MTX-22022,9161,Nuclei,1061736705,L8XR_250109_21_H08,2635_A06,naked_mole_rat,Heterocephalus glaber,1411653323,NYGC
NY-MX22022-3,10xRSeq_Mult,BICAN_Dev_Atlas+BICAN_Dev_P10,ARC-RSEQ,1411081791,A8XR_241217_01_A03,R8XR-25011401,MTX-22022,10000,Nuclei,1061736705,L8XR_241220_01_E04,2630_D01,mouse,Mus musculus,1410796533,NYGC
NY-MX22022-4,10xRSeq_Mult,BICAN_Dev_Atlas+BICAN_Dev_P6,ARC-RSEQ,1411081793,A8XR_241217_01_B03,R8XR-25011401,MTX-22022,10000,Nuclei,1061736705,L8XR_241220_01_F04,2630_E01,mouse,Mus musculus,1410796534,NYGC
NY-MX22022-5,10xRSeq_Mult,BICAN_Dev_Atlas+BICAN_Dev_P6,ARC-RSEQ,1411081795,A8XR_241217_01_C03,R8XR-25011401,MTX-22022,10000,Nuclei,1061736705,L8XR_241220_01_G04,2630_F01,mouse,Mus musculus,1410796535,NYGC
NY-MX22022-6,10xRSeq_Mult,HMBA_Human_Atlas+HMBA_Human_Atlas_Cx,ARC-RSEQ,1411081773,A8XR_241217_01_A02,R8XR-25011401,MTX-22022,10000,Nuclei,1061736705,L8XR_241220_01_B05,2631_A02,human,Homo Sapiens,1410676939,NYGC
NY-MX22022-7,10xRSeq_Mult,HMBA_Human_Atlas+HMBA_Human_Atlas_Cx,ARC-RSEQ,1411081775,A8XR_241217_01_B02,R8XR-25011401,MTX-22022,10000,Nuclei,1061736705,L8XR_241220_01_C05,2631_B02,human,Homo Sapiens,1410676940,NYGC
NY-MX22022-8,10xRSeq_Mult,HMBA_Human_Atlas+HMBA_Human_Atlas_Cx,ARC-RSEQ,1411081777,A8XR_241217_01_C02,R8XR-25011401,MTX-22022,10000,Nuclei,1061736705,L8XR_241220_01_D05,2631_C02,human,Homo Sapiens,1410676941,NYGC
NY-MX22022-9,10xRSeq_Mult,HMBA_Human_Atlas+HMBA_Human_Atlas_Cx,ARC-RSEQ,1411081779,A8XR_241217_01_D02,R8XR-25011401,MTX-22022,10000,Nuclei,1061736705,L8XR_241220_01_B04,2631_D02,human,Homo Sapiens,1410514233,NYGC
NY-MX22023-1,10xRSeq_Mult,BICAN_Dev_Atlas+BICAN_Dev_P10,ARC-RSEQ,1413880041,A8XR_250102_01_H02,R8XR-25011402,MTX-22023,10000,Nuclei,1061736705,L8XR_250110_01_F10,2637_A07,mouse,Mus musculus,1413788942,NYGC
NY-MX22023-10,10xRSeq_Mult,BICAN_Dev_Atlas+BICAN_Dev_P10,ARC-RSEQ,1413882657,A8XR_250107_01_C02,R8XR-25011402,MTX-22023,10000,Nuclei,1061736705,L8XR_250109_21_E07,2644_A01,mouse,Mus musculus,1412913177,NYGC
NY-MX22023-11,10xRSeq_Mult,BICAN_Dev_Atlas+BICAN_Dev_P10,ARC-RSEQ,1413882660,A8XR_250107_01_D02,R8XR-25011402,MTX-22023,10000,Nuclei,1061736705,L8XR_250109_21_E06,2644_B01,mouse,Mus musculus,1412913178,NYGC
NY-MX22023-12,10xRSeq_Mult,BICAN_Dev_Atlas+BICAN_Dev_P10,ARC-RSEQ,1413882662,A8XR_250107_01_E02,R8XR-25011402,MTX-22023,10000,Nuclei,1061736705,L8XR_250109_21_F07,2644_C01,mouse,Mus musculus,1412913180,NYGC
NY-MX22023-13,10xRSeq_Mult,BICAN_Dev_Atlas+BICAN_Dev_P10,ARC-RSEQ,1413882665,A8XR_250107_01_F02,R8XR-25011402,MTX-22023,10000,Nuclei,1061736705,L8XR_250109_21_G07,2644_D01,mouse,Mus musculus,1412913181,NYGC
NY-MX22023-14,10xRSeq_Mult,BICAN_Dev_Atlas+BICAN_Dev_P10,ARC-RSEQ,1413882667,A8XR_250107_01_G02,R8XR-25011402,MTX-22023,10000,Nuclei,1061736705,L8XR_250109_21_F06,2644_E01,mouse,Mus musculus,1412915906,NYGC
NY-MX22023-15,10xRSeq_Mult,BICAN_Dev_Atlas+BICAN_Dev_P10,ARC-RSEQ,1413882669,A8XR_250107_01_H02,R8XR-25011402,MTX-22023,10000,Nuclei,1061736705,L8XR_250109_21_H07,2644_F01,mouse,Mus musculus,1412915907,NYGC
NY-MX22023-16,10xRSeq_Mult,BICAN_Dev_Atlas+BICAN_Dev_P10,ARC-RSEQ,1413882671,A8XR_250107_01_A03,R8XR-25011402,MTX-22023,10000,Nuclei,1061736705,L8XR_250109_21_A08,2644_G01,mouse,Mus musculus,1412915909,NYGC
NY-MX22023-17,10xRSeq_Mult,BICAN_Dev_Atlas+BICAN_Dev_P10,ARC-RSEQ,1413882673,A8XR_250107_01_B03,R8XR-25011402,MTX-22023,10000,Nuclei,1061736705,L8XR_250109_21_B08,2644_H01,mouse,Mus musculus,1412915911,NYGC
NY-MX22023-18,10xRSeq_Mult,HMBA_Human_Atlas+HMBA_Human_Atlas_Cx,ARC-RSEQ,1413882649,A8XR_250107_01_G01,R8XR-25011402,MTX-22023,10000,Nuclei,1061736705,L8XR_250109_21_C07,2645_A02,human,Homo Sapiens,1413730298,NYGC
NY-MX22023-19,10xRSeq_Mult,HMBA_Human_Atlas+HMBA_Human_Atlas_Cx,ARC-RSEQ,1413882651,A8XR_250107_01_H01,R8XR-25011402,MTX-22023,10000,Nuclei,1061736705,L8XR_250109_21_B09,2645_B02,human,Homo Sapiens,1413730299,NYGC
NY-MX22023-2,10xRSeq_Mult,BICAN_Dev_Atlas+BICAN_Dev_P10,ARC-RSEQ,1413880049,A8XR_250102_01_A03,R8XR-25011402,MTX-22023,10000,Nuclei,1061736705,L8XR_250110_01_G10,2637_B07,mouse,Mus musculus,1413788943,NYGC
NY-MX22023-20,10xRSeq_Mult,HMBA_Human_Atlas+HMBA_Human_Atlas_Cx,ARC-RSEQ,1413882653,A8XR_250107_01_A02,R8XR-25011402,MTX-22023,10000,Nuclei,1061736705,L8XR_250109_21_D07,2645_C02,human,Homo Sapiens,1413730300,NYGC
NY-MX22023-21,10xRSeq_Mult,BICAN_Dev_Atlas+BICAN_Dev_P10,ARC-RSEQ,1413882675,A8XR_250107_01_C03,R8XR-25011402,MTX-22023,10000,Nuclei,1061736705,L8XR_250109_21_C08,2648_A01,mouse,Mus musculus,1413318901,NYGC
NY-MX22023-3,10xRSeq_Mult,BICAN_Dev_Atlas+BICAN_Dev_P10,ARC-RSEQ,1413880054,A8XR_250102_01_B03,R8XR-25011402,MTX-22023,10000,Nuclei,1061736705,L8XR_250110_01_H10,2637_C07,mouse,Mus musculus,1413788944,NYGC
NY-MX22023-4,10xRSeq_Mult,BICAN_Dev_Atlas+BICAN_Dev_P10,ARC-RSEQ,1413880058,A8XR_250102_01_C03,R8XR-25011402,MTX-22023,10000,Nuclei,1061736705,L8XR_250110_01_A11,2637_D07,mouse,Mus musculus,1413788945,NYGC
NY-MX22023-5,10xRSeq_Mult,BICAN_Dev_Atlas+BICAN_Dev_P10,ARC-RSEQ,1413880062,A8XR_250102_01_D03,R8XR-25011402,MTX-22023,10000,Nuclei,1061736705,L8XR_250110_01_B11,2637_E07,mouse,Mus musculus,1413788946,NYGC
NY-MX22023-6,10xRSeq_Mult,BICAN_Dev_Atlas+BICAN_Dev_P10,ARC-RSEQ,1413880066,A8XR_250102_01_E03,R8XR-25011402,MTX-22023,10000,Nuclei,1061736705,L8XR_250110_01_C11,2637_F07,mouse,Mus musculus,1413788947,NYGC
NY-MX22023-7,10xRSeq_Mult,HMBA_Human_Atlas+HMBA_Human_Atlas_Cx,ARC-RSEQ,1413880002,A8XR_250102_01_G01,R8XR-25011402,MTX-22023,10000,Nuclei,1061736705,L8XR_250110_01_D11,2639_A09,human,Homo Sapiens,1411519697,NYGC
NY-MX22023-8,10xRSeq_Mult,HMBA_Human_Atlas+HMBA_Human_Atlas_Cx,ARC-RSEQ,1413880007,A8XR_250102_01_H01,R8XR-25011402,MTX-22023,10000,Nuclei,1061736705,L8XR_250109_21_A09,2639_B09,human,Homo Sapiens,1411519698,NYGC
NY-MX22023-9,10xRSeq_Mult,HMBA_Human_Atlas+HMBA_Human_Atlas_Cx,ARC-RSEQ,1413880011,A8XR_250102_01_A02,R8XR-25011402,MTX-22023,10000,Nuclei,1061736705,L8XR_250109_21_G05,2639_C09,human,Homo Sapiens,1411519699,NYGC
NY-MX22024-1,10xRSeq_Mult,BICAN_Dev_Atlas+BICAN_Dev_P10,ARC-RSEQ,1413882677,A8XR_250107_01_D03,R8XR-25012203,MTX-22024,10000,Nuclei,1061736705,L8XR_250109_21_D08,2648_B01,mouse,Mus musculus,1413318902,NYGC
NY-MX22024-10,10xRSeq_Mult,HMBA_Human_Atlas+HMBA_Human_Atlas_Cx,ARC-RSEQ,1413882636,A8XR_250107_01_B01,R8XR-25012203,MTX-22024,10000,Nuclei,1061736705,L8XR_250109_21_C09,2649_C02,human,Homo Sapiens,1413722878,NYGC
NY-MX22024-11,10xRSeq_Mult,HMBA_Human_Atlas+HMBA_Human_Atlas_Cx,ARC-RSEQ,1413882640,A8XR_250107_01_C01,R8XR-25012203,MTX-22024,10000,Nuclei,1061736705,L8XR_250109_21_A06,2649_D02,human,Homo Sapiens,1413772171,NYGC
NY-MX22024-12,10xRSeq_Mult,HMBA_Human_Atlas+HMBA_Human_Atlas_Cx,ARC-RSEQ,1413882642,A8XR_250107_01_D01,R8XR-25012203,MTX-22024,10000,Nuclei,1061736705,L8XR_250109_21_B06,2649_E02,human,Homo Sapiens,1413772172,NYGC
NY-MX22024-13,10xRSeq_Mult,HMBA_Human_Atlas+HMBA_Human_Atlas_Cx,ARC-RSEQ,1413882644,A8XR_250107_01_E01,R8XR-25012203,MTX-22024,10000,Nuclei,1061736705,L8XR_250109_21_C06,2649_F02,human,Homo Sapiens,1413772173,NYGC
NY-MX22024-14,10xRSeq_Mult,HMBA_Human_Atlas+HMBA_Human_Atlas_Cx,ARC-RSEQ,1413882647,A8XR_250107_01_F01,R8XR-25012203,MTX-22024,10000,Nuclei,1061736705,L8XR_250109_21_B07,2649_G02,human,Homo Sapiens,1413772174,NYGC
NY-MX22024-15,10xRSeq_Mult,HMBA_Human_Atlas+HMBA_Human_Atlas_Cx,ARC-RSEQ,1414608484,A8XR_250110_01_C01,R8XR-25012203,MTX-22024,10000,Nuclei,1061736705,L8XR_250116_01_C05,2651_A04,human,Homo Sapiens,1413731442,NYGC
NY-MX22024-16,10xRSeq_Mult,HMBA_Human_Atlas+HMBA_Human_Atlas_Cx,ARC-RSEQ,1414608486,A8XR_250110_01_D01,R8XR-25012203,MTX-22024,10000,Nuclei,1061736705,L8XR_250116_01_H02,2651_B04,human,Homo Sapiens,1413731443,NYGC
NY-MX22024-17,10xRSeq_Mult,HMBA_Human_Atlas+HMBA_Human_Atlas_Cx,ARC-RSEQ,1414608480,A8XR_250110_01_A01,R8XR-25012203,MTX-22024,10000,Nuclei,1061736705,L8XR_250116_01_B05,2651_C04,human,Homo Sapiens,1413731444,NYGC
NY-MX22024-18,10xRSeq_Mult,HMBA_Human_Atlas+HMBA_Human_Atlas_Cx,ARC-RSEQ,1414608494,A8XR_250110_01_G01,R8XR-25012203,MTX-22024,10000,Nuclei,1061736705,L8XR_250116_01_A03,2652_A05,human,Homo Sapiens,1413760909,NYGC
NY-MX22024-19,10xRSeq_Mult,HMBA_Human_Atlas+HMBA_Human_Atlas_Cx,ARC-RSEQ,1414608496,A8XR_250110_01_H01,R8XR-25012203,MTX-22024,10000,Nuclei,1061736705,L8XR_250116_01_B03,2652_B05,human,Homo Sapiens,1413760910,NYGC
NY-MX22024-2,10xRSeq_Mult,BICAN_Dev_Atlas+BICAN_Dev_P10,ARC-RSEQ,1413882680,A8XR_250107_01_E03,R8XR-25012203,MTX-22024,10000,Nuclei,1061736705,L8XR_250109_21_E08,2648_C01,mouse,Mus musculus,1413318903,NYGC
NY-MX22024-20,10xRSeq_Mult,HMBA_Human_Atlas+HMBA_Human_Atlas_Cx,ARC-RSEQ,1414608498,A8XR_250110_01_A02,R8XR-25012203,MTX-22024,10000,Nuclei,1061736705,L8XR_250116_01_C03,2652_C05,human,Homo Sapiens,1413760911,NYGC
NY-MX22024-21,10xRSeq_Mult,BICAN_Dev_Atlas+BICAN_Dev_P2,ARC-RSEQ,1414608506,A8XR_250110_01_E02,R8XR-25012203,MTX-22024,10000,Nuclei,1061736705,L8XR_250116_01_G03,2656_A07,mouse,Mus musculus,1413763160,NYGC
NY-MX22024-3,10xRSeq_Mult,BICAN_Dev_Atlas+BICAN_Dev_P10,ARC-RSEQ,1413882682,A8XR_250107_01_F03,R8XR-25012203,MTX-22024,10000,Nuclei,1061736705,L8XR_250109_21_G06,2648_D01,mouse,Mus musculus,1413318904,NYGC
NY-MX22024-4,10xRSeq_Mult,BICAN_Dev_Atlas+BICAN_Dev_P10,ARC-RSEQ,1413882685,A8XR_250107_01_G03,R8XR-25012203,MTX-22024,10000,Nuclei,1061736705,L8XR_250109_21_H06,2648_E01,mouse,Mus musculus,1413424087,NYGC
NY-MX22024-5,10xRSeq_Mult,BICAN_Dev_Atlas+BICAN_Dev_P10,ARC-RSEQ,1413882687,A8XR_250107_01_H03,R8XR-25012203,MTX-22024,10000,Nuclei,1061736705,L8XR_250109_21_A07,2648_F01,mouse,Mus musculus,1413424088,NYGC
NY-MX22024-6,10xRSeq_Mult,BICAN_Dev_Atlas+BICAN_Dev_P10,ARC-RSEQ,1413882689,A8XR_250107_01_A04,R8XR-25012203,MTX-22024,10000,Nuclei,1061736705,L8XR_250109_21_D09,2648_G01,mouse,Mus musculus,1413424089,NYGC
NY-MX22024-7,10xRSeq_Mult,BICAN_Dev_Atlas+BICAN_Dev_P10,ARC-RSEQ,1413882691,A8XR_250107_01_B04,R8XR-25012203,MTX-22024,10000,Nuclei,1061736705,L8XR_250109_21_E09,2648_H01,mouse,Mus musculus,1413424090,NYGC
NY-MX22024-8,10xRSeq_Mult,HMBA_Human_Atlas+HMBA_Human_Atlas_Cx,ARC-RSEQ,1413882655,A8XR_250107_01_B02,R8XR-25012203,MTX-22024,10000,Nuclei,1061736705,L8XR_250109_21_D06,2649_A02,human,Homo Sapiens,1413722876,NYGC
NY-MX22024-9,10xRSeq_Mult,HMBA_Human_Atlas+HMBA_Human_Atlas_Cx,ARC-RSEQ,1413882634,A8XR_250107_01_A01,R8XR-25012203,MTX-22024,10000,Nuclei,1061736705,L8XR_250109_21_F09,2649_B02,human,Homo Sapiens,1413722877,NYGC
NY-MX22025-1,10xRSeq_Mult,BICAN_Dev_Atlas+BICAN_Dev_P2,ARC-RSEQ,1414608508,A8XR_250110_01_F02,R8XR-25012204,MTX-22025,10000,Nuclei,1061736705,L8XR_250116_01_H03,2656_B07,mouse,Mus musculus,1413763161,NYGC
NY-MX22025-10,10xRSeq_Mult,BICAN_Dev_Atlas+BICAN_Dev_P10,ARC-RSEQ,1414851907,A8XR_250114_01_G01,R8XR-25012204,MTX-22025,10000,Nuclei,1061736705,L8XR_250116_01_H05,2663_A01,mouse,Mus musculus,1414283092,NYGC
NY-MX22025-11,10xRSeq_Mult,BICAN_Dev_Atlas+BICAN_Dev_P10,ARC-RSEQ,1414851909,A8XR_250114_01_H01,R8XR-25012204,MTX-22025,10000,Nuclei,1061736705,L8XR_250116_01_A06,2663_B01,mouse,Mus musculus,1414283093,NYGC
NY-MX22025-12,10xRSeq_Mult,BICAN_Dev_Atlas+BICAN_Dev_P10,ARC-RSEQ,1414851911,A8XR_250114_01_A02,R8XR-25012204,MTX-22025,10000,Nuclei,1061736705,L8XR_250116_01_B06,2663_C01,mouse,Mus musculus,1414283094,NYGC
NY-MX22025-13,10xRSeq_Mult,BICAN_Dev_Atlas+BICAN_Dev_P10,ARC-RSEQ,1414851913,A8XR_250114_01_B02,R8XR-25012204,MTX-22025,10000,Nuclei,1061736705,L8XR_250116_01_G04,2663_D01,mouse,Mus musculus,1414283095,NYGC
NY-MX22025-14,10xRSeq_Mult,BICAN_Dev_Atlas+BICAN_Dev_P10,ARC-RSEQ,1414851916,A8XR_250114_01_C02,R8XR-25012204,MTX-22025,10000,Nuclei,1061736705,L8XR_250116_01_H04,2663_F01,mouse,Mus musculus,1414283097,NYGC
NY-MX22025-15,10xRSeq_Mult,BICAN_Dev_Atlas+BICAN_Dev_P10,ARC-RSEQ,1414851918,A8XR_250114_01_D02,R8XR-25012204,MTX-22025,10000,Nuclei,1061736705,L8XR_250116_01_A05,2663_1_G01,mouse,Mus musculus,1414283098,NYGC
NY-MX22025-16,10xRSeq_Mult,HMBA_Human_Atlas+HMBA_Human_Atlas_Cx,ARC-RSEQ,1414851893,A8XR_250114_01_A01,R8XR-25012204,MTX-22025,10000,Nuclei,1061736705,L8XR_250116_01_E04,2664_A02,human,Homo Sapiens,1414637137,NYGC
NY-MX22025-17,10xRSeq_Mult,HMBA_Human_Atlas+HMBA_Human_Atlas_Cx,ARC-RSEQ,1414851896,A8XR_250114_01_B01,R8XR-25012204,MTX-22025,10000,Nuclei,1061736705,L8XR_250116_01_F05,2664_B02,human,Homo Sapiens,1414637138,NYGC
NY-MX22025-18,10xRSeq_Mult,HMBA_Human_Atlas+HMBA_Human_Atlas_Cx,ARC-RSEQ,1414851898,A8XR_250114_01_C01,R8XR-25012204,MTX-22025,10000,Nuclei,1061736705,L8XR_250116_01_G05,2664_C02,human,Homo Sapiens,1414637139,NYGC
NY-MX22025-19,10xRSeq_Mult,HMBA_Human_Atlas+HMBA_Human_Atlas_Cx,ARC-RSEQ,1414851900,A8XR_250114_01_D01,R8XR-25012204,MTX-22025,10000,Nuclei,1061736705,L8XR_250116_01_E06,2664_D02,human,Homo Sapiens,1414851396,NYGC
NY-MX22025-2,10xRSeq_Mult,BICAN_Dev_Atlas+BICAN_Dev_P6,ARC-RSEQ,1414608510,A8XR_250110_01_G02,R8XR-25012204,MTX-22025,10000,Nuclei,1061736705,L8XR_250116_01_A04,2656_C07,mouse,Mus musculus,1413763162,NYGC
NY-MX22025-20,10xRSeq_Mult,HMBA_Human_Atlas+HMBA_Human_Atlas_Cx,ARC-RSEQ,1414851903,A8XR_250114_01_E01,R8XR-25012204,MTX-22025,10000,Nuclei,1061736705,L8XR_250116_01_F06,2664_E02,human,Homo Sapiens,1414851397,NYGC
NY-MX22025-21,10xRSeq_Mult,HMBA_Human_Atlas+HMBA_Human_Atlas_Cx,ARC-RSEQ,1414851905,A8XR_250114_01_F01,R8XR-25012204,MTX-22025,10000,Nuclei,1061736705,L8XR_250116_01_F04,2664_F02,human,Homo Sapiens,1414851398,NYGC
NY-MX22025-3,10xRSeq_Mult,BICAN_Dev_Atlas+BICAN_Dev_P6,ARC-RSEQ,1414608514,A8XR_250110_01_H02,R8XR-25012204,MTX-22025,10000,Nuclei,1061736705,L8XR_250116_01_B04,2656_D07,mouse,Mus musculus,1413763163,NYGC
NY-MX22025-4,10xRSeq_Mult,BICAN_Dev_Atlas+BICAN_Dev_P6,ARC-RSEQ,1414608516,A8XR_250110_01_A03,R8XR-25012204,MTX-22025,10000,Nuclei,1061736705,L8XR_250116_01_C04,2656_E07,mouse,Mus musculus,1413763164,NYGC
NY-MX22025-5,10xRSeq_Mult,BICAN_Dev_Atlas+BICAN_Dev_P6,ARC-RSEQ,1414608518,A8XR_250110_01_B03,R8XR-25012204,MTX-22025,10000,Nuclei,1061736705,L8XR_250116_01_D04,2656_F07,mouse,Mus musculus,1413763165,NYGC
NY-MX22025-6,10xRSeq_Mult,HMBA_Human_Atlas+HMBA_Human_Atlas_Cx,ARC-RSEQ,1414608500,A8XR_250110_01_B02,R8XR-25012204,MTX-22025,10000,Nuclei,1061736705,L8XR_250116_01_D05,2660_A08,human,Homo Sapiens,1413779467,NYGC
NY-MX22025-7,10xRSeq_Mult,HMBA_Human_Atlas+HMBA_Human_Atlas_Cx,ARC-RSEQ,1414608502,A8XR_250110_01_C02,R8XR-25012204,MTX-22025,10000,Nuclei,1061736705,L8XR_250116_01_E05,2660_B08,human,Homo Sapiens,1413779468,NYGC
NY-MX22025-8,10xRSeq_Mult,HMBA_Human_Atlas+HMBA_Human_Atlas_Cx,ARC-RSEQ,1414608482,A8XR_250110_01_B01,R8XR-25012204,MTX-22025,10000,Nuclei,1061736705,L8XR_250116_01_G06,2660_C08,human,Homo Sapiens,1413779469,NYGC
NY-MX22025-9,10xRSeq_Mult,HMBA_Human_Atlas+HMBA_Human_Atlas_Cx,ARC-RSEQ,1414608504,A8XR_250110_01_D02,R8XR-25012204,MTX-22025,10000,Nuclei,1061736705,L8XR_250116_01_D03,2660_D08,human,Homo Sapiens,1413779470,NYGC
NY-MX22026-1,10xRSeq_Mult,BICAN_Dev_Atlas+BICAN_Dev_P6,ARC-RSEQ,1416307922,A8XR_250117_01_F01,R8XR-25020404,MTX-22026,10000,Nuclei,1061736705,L8XR_250123_21_A09,2665_A03,mouse,Mus musculus,1416135280,NYGC
NY-MX22026-10,10xRSeq_Mult,BICAN_Dev_Atlas+BICAN_Dev_P6,ARC-RSEQ,1416307936,A8XR_250117_01_D02,R8XR-25020404,MTX-22026,10000,Nuclei,1061736705,L8XR_250123_21_D09,2671_C05,mouse,Mus musculus,1416137586,NYGC
NY-MX22026-11,10xRSeq_Mult,BICAN_Dev_Atlas+BICAN_Dev_P6,ARC-RSEQ,1416307938,A8XR_250117_01_E02,R8XR-25020404,MTX-22026,10000,Nuclei,1061736705,L8XR_250123_21_E09,2671_D05,mouse,Mus musculus,1416137587,NYGC
NY-MX22026-12,10xRSeq_Mult,HMBA_Human_Atlas+HMBA_Human_Atlas_Cx,ARC-RSEQ,1417654522,A8XR_250124_01_B01,R8XR-25020404,MTX-22026,10000,Nuclei,1061736705,L8XR_250130_21_B11,2674_A07,human,Homo Sapiens,1417652377,NYGC
NY-MX22026-13,10xRSeq_Mult,HMBA_Human_Atlas+HMBA_Human_Atlas_Cx,ARC-RSEQ,1417654525,A8XR_250124_01_C01,R8XR-25020404,MTX-22026,10000,Nuclei,1061736705,L8XR_250130_21_D10,2674_C07,human,Homo Sapiens,1417652379,NYGC
NY-MX22026-14,10xRSeq_Mult,HMBA_Human_Atlas+HMBA_Human_Atlas_Cx,ARC-RSEQ,1417654527,A8XR_250124_01_D01,R8XR-25020404,MTX-22026,10000,Nuclei,1061736705,L8XR_250130_21_E11,2674_1_D07,human,Homo Sapiens,1417652380,NYGC
NY-MX22026-15,10xRSeq_Mult,HMBA_Human_Atlas+HMBA_Human_Atlas_Cx,ARC-RSEQ,1417654529,A8XR_250124_01_E01,R8XR-25020404,MTX-22026,10000,Nuclei,1061736705,L8XR_250130_21_C10,2678_A01,human,Homo Sapiens,1416038132,NYGC
NY-MX22026-16,10xRSeq_Mult,HMBA_Human_Atlas+HMBA_Human_Atlas_Cx,ARC-RSEQ,1417654531,A8XR_250124_01_F01,R8XR-25020404,MTX-22026,10000,Nuclei,1061736705,L8XR_250130_21_E10,2678_B01,human,Homo Sapiens,1416038133,NYGC
NY-MX22026-17,10xRSeq_Mult,HMBA_Human_Atlas+HMBA_Human_Atlas_Cx,ARC-RSEQ,1417654534,A8XR_250124_01_G01,R8XR-25020404,MTX-22026,10000,Nuclei,1061736705,L8XR_250130_21_F10,2679_A02,human,Homo Sapiens,1416766445,NYGC
NY-MX22026-18,10xRSeq_Mult,HMBA_Human_Atlas+HMBA_Human_Atlas_Cx,ARC-RSEQ,1417654536,A8XR_250124_01_H01,R8XR-25020404,MTX-22026,10000,Nuclei,1061736705,L8XR_250130_21_G10,2679_B02,human,Homo Sapiens,1416766446,NYGC
NY-MX22026-19,10xRSeq_Mult,HMBA_Human_Atlas+HMBA_Human_Atlas_Cx,ARC-RSEQ,1417654540,A8XR_250124_01_B02,R8XR-25020404,MTX-22026,10000,Nuclei,1061736705,L8XR_250130_21_C11,2683_A03,human,Homo Sapiens,1417173862,NYGC
NY-MX22026-2,10xRSeq_Mult,BICAN_Dev_Atlas+BICAN_Dev_P6,ARC-RSEQ,1416307924,A8XR_250117_01_G01,R8XR-25020404,MTX-22026,10000,Nuclei,1061736705,L8XR_250123_21_B09,2665_B03,mouse,Mus musculus,1416135281,NYGC
NY-MX22026-20,10xRSeq_Mult,HMBA_Human_Atlas+HMBA_Human_Atlas_Cx,ARC-RSEQ,1417654542,A8XR_250124_01_C02,R8XR-25020404,MTX-22026,10000,Nuclei,1061736705,L8XR_250130_21_D11,2683_B03,human,Homo Sapiens,1417173863,NYGC
NY-MX22026-21,10xRSeq_Mult,HMBA_Human_Atlas+HMBA_Human_Atlas_Cx,ARC-RSEQ,1417654545,A8XR_250124_01_D02,R8XR-25020404,MTX-22026,10000,Nuclei,1061736705,L8XR_250130_21_H10,2683_C03,human,Homo Sapiens,1417173864,NYGC
NY-MX22026-3,10xRSeq_Mult,BICAN_Dev_Atlas+BICAN_Dev_P6,ARC-RSEQ,1416307926,A8XR_250117_01_H01,R8XR-25020404,MTX-22026,10000,Nuclei,1061736705,L8XR_250123_21_E08,2665_C03,mouse,Mus musculus,1416135282,NYGC
NY-MX22026-4,10xRSeq_Mult,BICAN_Dev_Atlas+BICAN_Dev_P6,ARC-RSEQ,1416307929,A8XR_250117_01_A02,R8XR-25020404,MTX-22026,10000,Nuclei,1061736705,L8XR_250123_21_F08,2665_D03,mouse,Mus musculus,1416135283,NYGC
NY-MX22026-5,10xRSeq_Mult,HMBA_Human_Atlas+HMBA_Human_Atlas_Cx,ARC-RSEQ,1416307916,A8XR_250117_01_C01,R8XR-25020404,MTX-22026,10000,Nuclei,1061736705,L8XR_250123_21_G08,2669_A04,human,Homo Sapiens,1414624684,NYGC
NY-MX22026-6,10xRSeq_Mult,HMBA_Human_Atlas+HMBA_Human_Atlas_Cx,ARC-RSEQ,1416307918,A8XR_250117_01_D01,R8XR-25020404,MTX-22026,10000,Nuclei,1061736705,L8XR_250123_21_G09,2669_B04,human,Homo Sapiens,1414624685,NYGC
NY-MX22026-7,10xRSeq_Mult,HMBA_Human_Atlas+HMBA_Human_Atlas_Cx,ARC-RSEQ,1416307920,A8XR_250117_01_E01,R8XR-25020404,MTX-22026,10000,Nuclei,1061736705,L8XR_250123_21_H08,2669_C04,human,Homo Sapiens,1414624686,NYGC
NY-MX22026-8,10xRSeq_Mult,BICAN_Dev_Atlas+BICAN_Dev_P10,ARC-RSEQ,1416307932,A8XR_250117_01_B02,R8XR-25020404,MTX-22026,10000,Nuclei,1061736705,L8XR_250123_21_F09,2671_A05,mouse,Mus musculus,1416137584,NYGC
NY-MX22026-9,10xRSeq_Mult,BICAN_Dev_Atlas+BICAN_Dev_P10,ARC-RSEQ,1416307934,A8XR_250117_01_C02,R8XR-25020404,MTX-22026,10000,Nuclei,1061736705,L8XR_250123_21_C09,2671_B05,mouse,Mus musculus,1416137585,NYGC
NY-MX22027-1,10xRSeq_Mult,HMBA_Human_Atlas+HMBA_Human_Atlas_Cx,ARC-RSEQ,1417654520,A8XR_250124_01_A01,R8XR-25021101,MTX-22027,10000,Nuclei,1061736705,L8XR_250206_21_A04,2678_C01,human,Homo Sapiens,1416038134,NYGC
NY-MX22027-10,10xRSeq_Mult,HMBA_Macaque_Atlas+HMBA_Macaque_Atlas_CB,ARC-RSEQ,1418773380,A8XR_250131_01_A02,R8XR-25021101,MTX-22027,7484,Nuclei,1061736705,L8XR_250206_21_H06,2696_B03,macaque,Macaca mulatta,1418542948,NYGC
NY-MX22027-11,10xRSeq_Mult,HMBA_Macaque_Atlas+HMBA_Macaque_Atlas_H,ARC-RSEQ,1418773383,A8XR_250131_01_B02,R8XR-25021101,MTX-22027,10000,Nuclei,1061736705,L8XR_250206_21_A07,2696_C03,macaque,Macaca mulatta,1418542947,NYGC
NY-MX22027-12,10xRSeq_Mult,HMBA_Human_Atlas+HMBA_Human_Atlas_Cx,ARC-RSEQ,1419032392,A8XR_250204_01_E01,R8XR-25021101,MTX-22027,10000,Nuclei,1061736705,L8XR_250206_21_F05,2698_A04,human,Homo Sapiens,1417655692,NYGC
NY-MX22027-13,10xRSeq_Mult,HMBA_Human_Atlas+HMBA_Human_Atlas_Cx,ARC-RSEQ,1419032394,A8XR_250204_01_F01,R8XR-25021101,MTX-22027,9316,Nuclei,1061736705,L8XR_250206_21_C07,2698_B04,human,Homo Sapiens,1417655693,NYGC
NY-MX22027-14,10xRSeq_Mult,HMBA_Macaque_Atlas+HMBA_Macaque_Atlas_H,ARC-RSEQ,1419032382,A8XR_250204_01_A01,R8XR-25021101,MTX-22027,10000,Nuclei,1061736705,L8XR_250206_21_D07,2698_C04,macaque,Macaca mulatta,1418544352,NYGC
NY-MX22027-15,10xRSeq_Mult,HMBA_Macaque_Atlas+HMBA_Macaque_Atlas_H,ARC-RSEQ,1419032387,A8XR_250204_01_C01,R8XR-25021101,MTX-22027,10000,Nuclei,1061736705,L8XR_250206_21_B07,2698_D04,macaque,Macaca mulatta,1418544351,NYGC
NY-MX22027-16,10xRSeq_Mult,HMBA_Macaque_Atlas+HMBA_Macaque_Atlas_H,ARC-RSEQ,1419032384,A8XR_250204_01_B01,R8XR-25021101,MTX-22027,10000,Nuclei,1061736705,L8XR_250206_21_E07,2698_E04,macaque,Macaca mulatta,1418544350,NYGC
NY-MX22027-17,10xRSeq_Mult,HMBA_Human_Atlas+HMBA_Human_Atlas_AMY,ARC-RSEQ,1419032396,A8XR_250204_01_G01,R8XR-25021101,MTX-22027,10000,Nuclei,1061736705,L8XR_250206_21_G04,2701_A01,human,Homo Sapiens,1419030662,NYGC
NY-MX22027-18,10xRSeq_Mult,HMBA_Human_Atlas+HMBA_Human_Atlas_AMY,ARC-RSEQ,1419032398,A8XR_250204_01_H01,R8XR-25021101,MTX-22027,10000,Nuclei,1061736705,L8XR_250206_21_H04,2701_B01,human,Homo Sapiens,1419030663,NYGC
NY-MX22027-19,10xRSeq_Mult,HMBA_Human_Atlas+HMBA_Human_Atlas_AMY,ARC-RSEQ,1419032401,A8XR_250204_01_A02,R8XR-25021101,MTX-22027,10000,Nuclei,1061736705,L8XR_250206_21_A05,2701_C01,human,Homo Sapiens,1419030664,NYGC
NY-MX22027-2,10xRSeq_Mult,HMBA_Human_Atlas+HMBA_Human_Atlas_Cx,ARC-RSEQ,1418773385,A8XR_250131_01_C02,R8XR-25021101,MTX-22027,10000,Nuclei,1061736705,L8XR_250206_21_D05,2679_C02,human,Homo Sapiens,1416766447,NYGC
NY-MX22027-20,10xRSeq_Mult,HMBA_Human_Atlas+HMBA_Human_Atlas_AMY,ARC-RSEQ,1419032403,A8XR_250204_01_B02,R8XR-25021101,MTX-22027,10000,Nuclei,1061736705,L8XR_250206_21_B05,2701_D01,human,Homo Sapiens,1419030665,NYGC
NY-MX22027-21,10xRSeq_Mult,HMBA_Human_Atlas+HMBA_Human_Atlas_Cx,ARC-RSEQ,1419032405,A8XR_250204_01_C02,R8XR-25021101,MTX-22027,10000,Nuclei,1061736705,L8XR_250206_21_G05,2701_E01,human,Homo Sapiens,1419030666,NYGC
NY-MX22027-3,10xRSeq_Mult,HMBA_Macaque_Atlas+HMBA_Macaque_Atlas_H,ARC-RSEQ,1418773365,A8XR_250131_01_B01,R8XR-25021101,MTX-22027,10000,Nuclei,1061736705,L8XR_250206_21_A06,2692_A01,macaque,Macaca mulatta,1417389889,NYGC
NY-MX22027-4,10xRSeq_Mult,HMBA_Macaque_Atlas+HMBA_Macaque_Atlas_H,ARC-RSEQ,1418773367,A8XR_250131_01_C01,R8XR-25021101,MTX-22027,10000,Nuclei,1061736705,L8XR_250206_21_B06,2692_B01,macaque,Macaca mulatta,1417389890,NYGC
NY-MX22027-5,10xRSeq_Mult,HMBA_Macaque_Atlas+HMBA_Macaque_Atlas_H,ARC-RSEQ,1418773369,A8XR_250131_01_D01,R8XR-25021101,MTX-22027,10000,Nuclei,1061736705,L8XR_250206_21_C06,2692_C01,macaque,Macaca mulatta,1417389891,NYGC
NY-MX22027-6,10xRSeq_Mult,HMBA_Macaque_Atlas+HMBA_Macaque_Atlas_CB,ARC-RSEQ,1418773371,A8XR_250131_01_E01,R8XR-25021101,MTX-22027,10000,Nuclei,1061736705,L8XR_250206_21_D06,2693_A02,macaque,Macaca mulatta,1418399394,NYGC
NY-MX22027-7,10xRSeq_Mult,HMBA_Macaque_Atlas+HMBA_Macaque_Atlas_CB,ARC-RSEQ,1418773373,A8XR_250131_01_F01,R8XR-25021101,MTX-22027,10000,Nuclei,1061736705,L8XR_250206_21_E06,2693_B02,macaque,Macaca mulatta,1418399393,NYGC
NY-MX22027-8,10xRSeq_Mult,HMBA_Macaque_Atlas+HMBA_Macaque_Atlas_CB,ARC-RSEQ,1418773376,A8XR_250131_01_G01,R8XR-25021101,MTX-22027,10000,Nuclei,1061736705,L8XR_250206_21_F06,2693_C02,macaque,Macaca mulatta,1418399392,NYGC
NY-MX22027-9,10xRSeq_Mult,HMBA_Macaque_Atlas+HMBA_Macaque_Atlas_CB,ARC-RSEQ,1418773378,A8XR_250131_01_H01,R8XR-25021101,MTX-22027,10000,Nuclei,1061736705,L8XR_250206_21_G06,2696_A03,macaque,Macaca mulatta,1418542949,NYGC
NY-MX22028-1,10xRSeq_Mult,HMBA_Human_Atlas+HMBA_Human_Atlas_AMY,ARC-RSEQ,1419032407,A8XR_250204_01_D02,R8XR-25021802,MTX-22028,10000,Nuclei,1061736705,L8XR_250206_21_D04,2710_A05,human,Homo Sapiens,1418829504,NYGC
NY-MX22028-10,10xRSeq_Mult,HMBA_Human_Atlas+HMBA_Human_Atlas_Cx,ARC-RSEQ,1420736762,A8XR_250207_01_C02,R8XR-25021802,MTX-22028,10000,Nuclei,1061736705,L8XR_250213_21_G08,2706_1_D03,human,Homo Sapiens,1420561939,NYGC
NY-MX22028-11,10xRSeq_Mult,HMBA_Human_Atlas+HMBA_Human_Atlas_Cx,ARC-RSEQ,1420615872,A8XR_250211_01_A02,R8XR-25021802,MTX-22028,10000,Nuclei,1061736705,L8XR_250213_21_E09,2708_A04,human,Homo Sapiens,1420201917,NYGC
NY-MX22028-12,10xRSeq_Mult,HMBA_Human_Atlas+HMBA_Human_Atlas_Cx,ARC-RSEQ,1420615874,A8XR_250211_01_B02,R8XR-25021802,MTX-22028,10000,Nuclei,1061736705,L8XR_250213_21_F07,2708_B04,human,Homo Sapiens,1420201992,NYGC
NY-MX22028-13,10xRSeq_Mult,HMBA_Human_Atlas+HMBA_Human_Atlas_Cx,ARC-RSEQ,1420615876,A8XR_250211_01_C02,R8XR-25021802,MTX-22028,10000,Nuclei,1061736705,L8XR_250213_21_F09,2708_C04,human,Homo Sapiens,1420202044,NYGC
NY-MX22028-14,10xRSeq_Mult,BICAN_Dev_Atlas+BICAN_Dev_P16,ARC-RSEQ,1420615878,A8XR_250211_01_D02,R8XR-25021802,MTX-22028,10000,Nuclei,1061736705,L8XR_250213_21_A08,2713_A01,mouse,Mus musculus,1419913368,NYGC
NY-MX22028-15,10xRSeq_Mult,BICAN_Dev_Atlas+BICAN_Dev_P16,ARC-RSEQ,1420615880,A8XR_250211_01_E02,R8XR-25021802,MTX-22028,10000,Nuclei,1061736705,L8XR_250213_21_B08,2713_B01,mouse,Mus musculus,1419913369,NYGC
NY-MX22028-16,10xRSeq_Mult,BICAN_Dev_Atlas+BICAN_Dev_P16,ARC-RSEQ,1420615883,A8XR_250211_01_F02,R8XR-25021802,MTX-22028,10000,Nuclei,1061736705,L8XR_250213_21_G09,2713_C01,mouse,Mus musculus,1419913370,NYGC
NY-MX22028-17,10xRSeq_Mult,BICAN_Dev_Atlas+BICAN_Dev_P16,ARC-RSEQ,1420615886,A8XR_250211_01_G02,R8XR-25021802,MTX-22028,10000,Nuclei,1061736705,L8XR_250213_21_C10,2713_D01,mouse,Mus musculus,1419913371,NYGC
NY-MX22028-18,10xRSeq_Mult,BICAN_Dev_Atlas+BICAN_Dev_P16,ARC-RSEQ,1420615888,A8XR_250211_01_H02,R8XR-25021802,MTX-22028,10000,Nuclei,1061736705,L8XR_250213_21_C08,2713_E01,mouse,Mus musculus,1419913372,NYGC
NY-MX22028-19,10xRSeq_Mult,BICAN_Dev_Atlas+BICAN_Dev_P16,ARC-RSEQ,1420615891,A8XR_250211_01_A03,R8XR-25021802,MTX-22028,10000,Nuclei,1061736705,L8XR_250213_21_D08,2713_F01,mouse,Mus musculus,1419913373,NYGC
NY-MX22028-2,10xRSeq_Mult,HMBA_Human_Atlas+HMBA_Human_Atlas_AMY,ARC-RSEQ,1419032390,A8XR_250204_01_D01,R8XR-25021802,MTX-22028,10000,Nuclei,1061736705,L8XR_250206_21_E05,2710_B05,human,Homo Sapiens,1418829505,NYGC
NY-MX22028-20,10xRSeq_Mult,HMBA_Human_Atlas+HMBA_Human_Atlas_Cx,ARC-RSEQ,1420615854,A8XR_250211_01_B01,R8XR-25021802,MTX-22028,10000,Nuclei,1061736705,L8XR_250213_21_H08,2714_A02,human,Homo Sapiens,1420566631,NYGC
NY-MX22028-21,10xRSeq_Mult,HMBA_Macaque_Atlas+HMBA_Macaque_Atlas_CB,ARC-RSEQ,1420615858,A8XR_250211_01_D01,R8XR-25021802,MTX-22028,8198,Nuclei,1061736705,L8XR_250213_21_A10,2714_B02,macaque,Macaca mulatta,1420566632,NYGC
NY-MX22028-3,10xRSeq_Mult,HMBA_Human_Atlas+HMBA_Human_Atlas_AMY,ARC-RSEQ,1419032410,A8XR_250204_01_E02,R8XR-25021802,MTX-22028,10000,Nuclei,1061736705,L8XR_250206_21_B04,2710_C05,human,Homo Sapiens,1418829506,NYGC
NY-MX22028-4,10xRSeq_Mult,HMBA_Human_Atlas+HMBA_Human_Atlas_AMY,ARC-RSEQ,1419032412,A8XR_250204_01_F02,R8XR-25021802,MTX-22028,10000,Nuclei,1061736705,L8XR_250206_21_C04,2710_D05,human,Homo Sapiens,1418829507,NYGC
NY-MX22028-5,10xRSeq_Mult,HMBA_Human_Atlas+HMBA_Human_Atlas_AMY,ARC-RSEQ,1419032415,A8XR_250204_01_G02,R8XR-25021802,MTX-22028,10000,Nuclei,1061736705,L8XR_250206_21_E04,2710_E05,human,Homo Sapiens,1418829509,NYGC
NY-MX22028-6,10xRSeq_Mult,HMBA_Human_Atlas+HMBA_Human_Atlas_AMY,ARC-RSEQ,1419032418,A8XR_250204_01_H02,R8XR-25021802,MTX-22028,10000,Nuclei,1061736705,L8XR_250206_21_F04,2710_F05,human,Homo Sapiens,1418829510,NYGC
NY-MX22028-7,10xRSeq_Mult,HMBA_Human_Atlas+HMBA_Human_Atlas_Cx,ARC-RSEQ,1420736742,A8XR_250207_01_B01,R8XR-25021802,MTX-22028,10000,Nuclei,1061736705,L8XR_250213_21_H07,2703_A02,human,Homo Sapiens,1420631686,NYGC
NY-MX22028-8,10xRSeq_Mult,HMBA_Human_Atlas+HMBA_Human_Atlas_Cx,ARC-RSEQ,1420736758,A8XR_250207_01_A02,R8XR-25021802,MTX-22028,10000,Nuclei,1061736705,L8XR_250213_21_E08,2706_A03,human,Homo Sapiens,1420561936,NYGC
NY-MX22028-9,10xRSeq_Mult,HMBA_Human_Atlas+HMBA_Human_Atlas_Cx,ARC-RSEQ,1420736760,A8XR_250207_01_B02,R8XR-25021802,MTX-22028,10000,Nuclei,1061736705,L8XR_250213_21_F08,2706_C03,human,Homo Sapiens,1420561938,NYGC
NY-MX22029-1,10xRSeq_Mult,HMBA_Macaque_Atlas+HMBA_Macaque_Atlas_CB,ARC-RSEQ,1420615861,A8XR_250211_01_E01,R8XR-25022502,MTX-22029,8416,Nuclei,1061736705,L8XR_250213_21_B10,2714_C02,macaque,Macaca mulatta,1420566633,NYGC
NY-MX22029-10,10xRSeq_Mult,HMBA_Macaque_Atlas+HMBA_Macaque_Atlas_H,ARC-RSEQ,1421869959,A8XR_250214_01_F02,R8XR-25022502,MTX-22029,10000,Nuclei,1061736705,L8XR_250220_21_E01,2722_1_D07,macaque,Macaca mulatta,1421603330,NYGC
NY-MX22029-11,10xRSeq_Mult,HMBA_Macaque_Atlas+HMBA_Macaque_Atlas_H,ARC-RSEQ,1421869934,A8XR_250214_01_C01,R8XR-25022502,MTX-22029,2500,Nuclei,1061736705,L8XR_250220_21_D01,2722_1_E07,macaque,Macaca mulatta,1421603329,NYGC
NY-MX22029-12,10xRSeq_Mult,HMBA_Human_Atlas+HMBA_Human_Atlas_Cx,ARC-RSEQ,1421836222,A8XR_250218_01_A02,R8XR-25022502,MTX-22029,10000,Nuclei,1061736705,L8XR_250220_21_G01,2725_A09,human,Homo Sapiens,1421218729,NYGC
NY-MX22029-13,10xRSeq_Mult,HMBA_Macaque_Atlas+HMBA_Macaque_Atlas_H,ARC-RSEQ,1421836204,A8XR_250218_01_A01,R8XR-25022502,MTX-22029,10000,Nuclei,1061736705,L8XR_250220_21_G11,2724_A08,macaque,Macaca mulatta,1421823019,NYGC
NY-MX22029-14,10xRSeq_Mult,HMBA_Macaque_Atlas+HMBA_Macaque_Atlas_H,ARC-RSEQ,1421836212,A8XR_250218_01_E01,R8XR-25022502,MTX-22029,10000,Nuclei,1061736705,L8XR_250220_21_G12,2724_B08,macaque,Macaca mulatta,1421823018,NYGC
NY-MX22029-15,10xRSeq_Mult,HMBA_Macaque_Atlas+HMBA_Macaque_Atlas_H,ARC-RSEQ,1421836206,A8XR_250218_01_B01,R8XR-25022502,MTX-22029,10000,Nuclei,1061736705,L8XR_250220_21_F12,2724_C08,macaque,Macaca mulatta,1421823017,NYGC
NY-MX22029-16,10xRSeq_Mult,BICAN_Dev_Atlas+BICAN_Dev_P10,ARC-RSEQ,1421836224,A8XR_250218_01_B02,R8XR-25022502,MTX-22029,10000,Nuclei,1061736705,L8XR_250220_21_B12,2727_A01,mouse,Mus musculus,1421217449,NYGC
NY-MX22029-17,10xRSeq_Mult,BICAN_Dev_Atlas+BICAN_Dev_P10,ARC-RSEQ,1421836226,A8XR_250218_01_C02,R8XR-25022502,MTX-22029,10000,Nuclei,1061736705,L8XR_250220_21_C12,2727_B01,mouse,Mus musculus,1421217450,NYGC
NY-MX22029-18,10xRSeq_Mult,BICAN_Dev_Atlas+BICAN_Dev_P10,ARC-RSEQ,1421836228,A8XR_250218_01_D02,R8XR-25022502,MTX-22029,10000,Nuclei,1061736705,L8XR_250220_21_D12,2727_C01,mouse,Mus musculus,1421217451,NYGC
NY-MX22029-19,10xRSeq_Mult,BICAN_Dev_Atlas+BICAN_Dev_P10,ARC-RSEQ,1421836230,A8XR_250218_01_E02,R8XR-25022502,MTX-22029,10000,Nuclei,1061736705,L8XR_250220_21_E12,2727_D01,mouse,Mus musculus,1421217452,NYGC
NY-MX22029-2,10xRSeq_Mult,HMBA_Macaque_Atlas+HMBA_Macaque_Atlas_CB,ARC-RSEQ,1420615865,A8XR_250211_01_F01,R8XR-25022502,MTX-22029,10000,Nuclei,1061736705,L8XR_250213_21_B09,2714_D02,macaque,Macaca mulatta,1420605627,NYGC
NY-MX22029-20,10xRSeq_Mult,BICAN_Dev_Atlas+BICAN_Dev_P6,ARC-RSEQ,1421836232,A8XR_250218_01_F02,R8XR-25022502,MTX-22029,10000,Nuclei,1061736705,L8XR_250220_21_C02,2727_E01,mouse,Mus musculus,1421217453,NYGC
NY-MX22029-21,10xRSeq_Mult,BICAN_Dev_Atlas+BICAN_Dev_P6,ARC-RSEQ,1421836235,A8XR_250218_01_G02,R8XR-25022502,MTX-22029,10000,Nuclei,1061736705,L8XR_250220_21_D11,2727_F01,mouse,Mus musculus,1421217454,NYGC
NY-MX22029-22,10xRSeq_Mult,HMBA_Macaque_Atlas+HMBA_Macaque_Atlas_H,ARC-RSEQ,1421836208,A8XR_250218_01_C01,R8XR-25022502,MTX-22029,10000,Nuclei,1061736705,L8XR_250220_21_H11,2728_A02,macaque,Macaca mulatta,1421829630,NYGC
NY-MX22029-23,10xRSeq_Mult,HMBA_Macaque_Atlas+HMBA_Macaque_Atlas_H,ARC-RSEQ,1421836215,A8XR_250218_01_F01,R8XR-25022502,MTX-22029,10000,Nuclei,1061736705,L8XR_250220_21_F01,2728_B02,macaque,Macaca mulatta,1421829629,NYGC
NY-MX22029-3,10xRSeq_Mult,HMBA_Macaque_Atlas+HMBA_Macaque_Atlas_CB,ARC-RSEQ,1420615868,A8XR_250211_01_G01,R8XR-25022502,MTX-22029,10000,Nuclei,1061736705,L8XR_250213_21_C09,2714_E02,macaque,Macaca mulatta,1420605625,NYGC
NY-MX22029-4,10xRSeq_Mult,HMBA_Macaque_Atlas+HMBA_Macaque_Atlas_CB,ARC-RSEQ,1420615870,A8XR_250211_01_H01,R8XR-25022502,MTX-22029,10000,Nuclei,1061736705,L8XR_250213_21_D09,2714_F02,macaque,Macaca mulatta,1420605624,NYGC
NY-MX22029-5,10xRSeq_Mult,HMBA_Macaque_Atlas+HMBA_Macaque_Atlas_CB,ARC-RSEQ,1421869954,A8XR_250214_01_D02,R8XR-25022502,MTX-22029,10000,Nuclei,1061736705,L8XR_250220_21_H01,2716_A03,macaque,Macaca mulatta,1420765454,NYGC
NY-MX22029-6,10xRSeq_Mult,HMBA_Macaque_Atlas+HMBA_Macaque_Atlas_H,ARC-RSEQ,1421869936,A8XR_250214_01_D01,R8XR-25022502,MTX-22029,10000,Nuclei,1061736705,L8XR_250220_21_H12,2716_B03,macaque,Macaca mulatta,1420765453,NYGC
NY-MX22029-7,10xRSeq_Mult,HMBA_Macaque_Atlas+HMBA_Macaque_Atlas_H,ARC-RSEQ,1421869929,A8XR_250214_01_A01,R8XR-25022502,MTX-22029,5372,Nuclei,1061736705,L8XR_250220_21_E11,2716_C03,macaque,Macaca mulatta,1420765452,NYGC
NY-MX22029-8,10xRSeq_Mult,HMBA_Macaque_Atlas+HMBA_Macaque_Atlas_H,ARC-RSEQ,1421869956,A8XR_250214_01_E02,R8XR-25022502,MTX-22029,10000,Nuclei,1061736705,L8XR_250220_21_F11,2722_A07,macaque,Macaca mulatta,1421603333,NYGC
NY-MX22029-9,10xRSeq_Mult,HMBA_Macaque_Atlas+HMBA_Macaque_Atlas_H,ARC-RSEQ,1421869931,A8XR_250214_01_B01,R8XR-25022502,MTX-22029,2500,Nuclei,1061736705,L8XR_250220_21_C01,2722_C07,macaque,Macaca mulatta,1421603331,NYGC
NY-MX22030-1,10xRSeq_Mult,HMBA_Macaque_Atlas+HMBA_Macaque_Atlas_H,ARC-RSEQ,1421836210,A8XR_250218_01_D01,R8XR-25031101,MTX-22030,10000,Nuclei,1061736705,L8XR_250220_21_A02,2728_C02,macaque,Macaca mulatta,1421829628,NYGC
NY-MX22030-10,10xRSeq_Mult,HMBA_Macaque_Atlas+HMBA_Macaque_Atlas_H,ARC-RSEQ,1423071781,A8XR_250225_01_B01,R8XR-25031101,MTX-22030,10000,Nuclei,1061736705,L8XR_250227_21_B04,2741_B01,macaque,Macaca mulatta,1422717960,NYGC
NY-MX22030-11,10xRSeq_Mult,HMBA_Macaque_Atlas+HMBA_Macaque_Atlas_H,ARC-RSEQ,1423071783,A8XR_250225_01_C01,R8XR-25031101,MTX-22030,10000,Nuclei,1061736705,L8XR_250306_21_F08,2741_C01,macaque,Macaca mulatta,1422717959,NYGC
NY-MX22030-12,10xRSeq_Mult,HMBA_Macaque_Atlas+HMBA_Macaque_Atlas_H,ARC-RSEQ,1423071785,A8XR_250225_01_D01,R8XR-25031101,MTX-22030,10000,Nuclei,1061736705,L8XR_250227_21_C04,2741_D01,macaque,Macaca mulatta,1422727812,NYGC
NY-MX22030-13,10xRSeq_Mult,HMBA_Macaque_Atlas+HMBA_Macaque_Atlas_BN_BF,ARC-RSEQ,1423071787,A8XR_250225_01_E01,R8XR-25031101,MTX-22030,10000,Nuclei,1061736705,L8XR_250306_21_D08,2741_E01,macaque,Macaca mulatta,1422727811,NYGC
NY-MX22030-14,10xRSeq_Mult,HMBA_Macaque_Atlas+HMBA_Macaque_Atlas_CB,ARC-RSEQ,1423071789,A8XR_250225_01_F01,R8XR-25031101,MTX-22030,10000,Nuclei,1061736705,L8XR_250306_21_C07,2741_F01,macaque,Macaca mulatta,1422727810,NYGC
NY-MX22030-15,10xRSeq_Mult,HMBA_Macaque_Atlas+HMBA_Macaque_Atlas_Cx,ARC-RSEQ,1423071791,A8XR_250225_01_G01,R8XR-25031101,MTX-22030,10000,Nuclei,1061736705,L8XR_250306_21_D07,2739_A06,macaque,Macaca mulatta,1423059103,NYGC
NY-MX22030-16,10xRSeq_Mult,HMBA_Macaque_Atlas+HMBA_Macaque_Atlas_Cx,ARC-RSEQ,1423071794,A8XR_250225_01_H01,R8XR-25031101,MTX-22030,10000,Nuclei,1061736705,L8XR_250227_21_F04,2739_B06,macaque,Macaca mulatta,1423059161,NYGC
NY-MX22030-17,10xRSeq_Mult,HMBA_Macaque_Atlas+HMBA_Macaque_Atlas_CB,ARC-RSEQ,1424325626,A8XR_250304_01_A01,R8XR-25031101,MTX-22030,10000,Nuclei,1061736705,L8XR_250306_21_A07,2742_B02,macaque,Macaca mulatta,1423864596,NYGC
NY-MX22030-18,10xRSeq_Mult,HMBA_Macaque_Atlas+HMBA_Macaque_Atlas_CB,ARC-RSEQ,1424325628,A8XR_250304_01_B01,R8XR-25031101,MTX-22030,10000,Nuclei,1061736705,L8XR_250306_21_E07,2742_C02,macaque,Macaca mulatta,1423864595,NYGC
NY-MX22030-19,10xRSeq_Mult,HMBA_Human_Atlas+HMBA_Human_Atlas_Cx,ARC-RSEQ,1424325631,A8XR_250304_01_C01,R8XR-25031101,MTX-22030,10000,Nuclei,1061736705,L8XR_250306_21_F07,2748_B04,human,Homo Sapiens,1424321349,NYGC
NY-MX22030-2,10xRSeq_Mult,HMBA_Macaque_Atlas+HMBA_Macaque_Atlas_H,ARC-RSEQ,1421836217,A8XR_250218_01_G01,R8XR-25031101,MTX-22030,10000,Nuclei,1061736705,L8XR_250220_21_B02,2728_1_D02,macaque,Macaca mulatta,1421607203,NYGC
NY-MX22030-20,10xRSeq_Mult,HMBA_Human_Atlas+HMBA_Human_Atlas_Cx,ARC-RSEQ,1424325634,A8XR_250304_01_D01,R8XR-25031101,MTX-22030,10000,Nuclei,1061736705,L8XR_250306_21_G07,2748_C04,human,Homo Sapiens,1424321352,NYGC
NY-MX22030-21,10xRSeq_Mult,HMBA_Human_Atlas+HMBA_Human_Atlas_Cx,ARC-RSEQ,1424325636,A8XR_250304_01_E01,R8XR-25031101,MTX-22030,10000,Nuclei,1061736705,L8XR_250306_21_H07,2748_D04,human,Homo Sapiens,1424321354,NYGC
NY-MX22030-22,10xRSeq_Mult,HMBA_Human_Atlas+HMBA_Human_Atlas_Cx,ARC-RSEQ,1424325638,A8XR_250304_01_F01,R8XR-25031101,MTX-22030,10000,Nuclei,1061736705,L8XR_250306_21_G06,2752_A01,human,Homo Sapiens,1424324999,NYGC
NY-MX22030-23,10xRSeq_Mult,HMBA_Human_Atlas+HMBA_Human_Atlas_Cx,ARC-RSEQ,1424325640,A8XR_250304_01_G01,R8XR-25031101,MTX-22030,10000,Nuclei,1061736705,L8XR_250306_21_A08,2752_C01,human,Homo Sapiens,1424325001,NYGC
NY-MX22030-3,10xRSeq_Mult,HMBA_Macaque_Atlas+HMBA_Macaque_Atlas_H,ARC-RSEQ,1421836219,A8XR_250218_01_H01,R8XR-25031101,MTX-22030,10000,Nuclei,1061736705,L8XR_250220_21_A12,2728_1_F02,macaque,Macaca mulatta,1421607200,NYGC
NY-MX22030-4,10xRSeq_Mult,HMBA_Macaque_Atlas+HMBA_Macaque_Atlas_CB,ARC-RSEQ,1422870339,A8XR_250221_01_B01,R8XR-25031101,MTX-22030,10000,Nuclei,1061736705,L8XR_250306_21_B07,2729_A03,macaque,Macaca mulatta,1421984197,NYGC
NY-MX22030-5,10xRSeq_Mult,HMBA_Macaque_Atlas+HMBA_Macaque_Atlas_CB,ARC-RSEQ,1422870341,A8XR_250221_01_C01,R8XR-25031101,MTX-22030,10000,Nuclei,1061736705,L8XR_250227_21_G04,2729_B03,macaque,Macaca mulatta,1421984196,NYGC
NY-MX22030-6,10xRSeq_Mult,HMBA_Macaque_Atlas+HMBA_Macaque_Atlas_CB,ARC-RSEQ,1422870343,A8XR_250221_01_D01,R8XR-25031101,MTX-22030,10000,Nuclei,1061736705,L8XR_250306_21_B08,2729_C03,macaque,Macaca mulatta,1421984195,NYGC
NY-MX22030-7,10xRSeq_Mult,HMBA_Macaque_Atlas+HMBA_Macaque_Atlas_CB,ARC-RSEQ,1422870345,A8XR_250221_01_E01,R8XR-25031101,MTX-22030,10000,Nuclei,1061736705,L8XR_250227_21_A04,2731_A04,macaque,Macaca mulatta,1421986600,NYGC
NY-MX22030-8,10xRSeq_Mult,HMBA_Macaque_Atlas+HMBA_Macaque_Atlas_H,ARC-RSEQ,1422870337,A8XR_250221_01_A01,R8XR-25031101,MTX-22030,10000,Nuclei,1061736705,L8XR_250306_21_H06,2731_B04,macaque,Macaca mulatta,1421986599,NYGC
NY-MX22030-9,10xRSeq_Mult,HMBA_Macaque_Atlas+HMBA_Macaque_Atlas_H,ARC-RSEQ,1423071779,A8XR_250225_01_A01,R8XR-25031101,MTX-22030,10000,Nuclei,1061736705,L8XR_250306_21_C08,2741_A01,macaque,Macaca mulatta,1422717961,NYGC
NY-TX24001-1,10xV4,BICAN_Dev_Atlas+BICAN_Dev_P14,CELL_RANGER_DUAL_INDEX,1386962505,A8TX_240808_01_A01,R8TX-24090401,RTX-24001,19951,Cells,1338019172,L8TX_240815_02_H09,2369_A01,mouse,Mus musculus,1385039557,NYGC
NY-TX24001-10,10xV4,BICAN_Dev_Atlas+BICAN_Dev_P4,CELL_RANGER_DUAL_INDEX,1390345602,A8TX_240827_03_B01,R8TX-24090401,RTX-24001,19924,Cells,1338019172,L8TX_240829_01_A08,2401_B01,mouse,Mus musculus,1388207184,NYGC
NY-TX24001-11,10xV4,BICAN_Dev_Atlas+BICAN_Dev_P4,CELL_RANGER_DUAL_INDEX,1390345604,A8TX_240827_03_C01,R8TX-24090401,RTX-24001,19931,Cells,1338019172,L8TX_240829_01_G06,2402_A02,mouse,Mus musculus,1388897579,NYGC
NY-TX24001-2,10xV4,BICAN_Dev_Atlas+BICAN_Dev_P14,CELL_RANGER_DUAL_INDEX,1386962507,A8TX_240808_01_B01,R8TX-24090401,RTX-24001,20009,Cells,1338019172,L8TX_240815_02_A10,2369_B01,mouse,Mus musculus,1385039558,NYGC
NY-TX24001-3,10xV4,BICAN_Dev_Atlas+BICAN_Dev_P14,CELL_RANGER_DUAL_INDEX,1386962509,A8TX_240808_01_C01,R8TX-24090401,RTX-24001,19907,Cells,1338019172,L8TX_240815_02_E09,2371_A02,mouse,Mus musculus,1386442500,NYGC
NY-TX24001-4,10xV4,BICAN_Dev_Atlas+BICAN_Dev_P14,CELL_RANGER_DUAL_INDEX,1386962511,A8TX_240808_01_D01,R8TX-24090401,RTX-24001,20009,Cells,1338019172,L8TX_240815_02_C09,2371_B02,mouse,Mus musculus,1386442501,NYGC
NY-TX24001-5,10xV4,BICAN_Dev_Atlas+BICAN_Dev_P4,CELL_RANGER_DUAL_INDEX,1388740673,A8TX_240820_02_A01,R8TX-24090401,RTX-24001,19907,Cells,1338019172,L8TX_240822_02_C01,2388_A01,mouse,Mus musculus,1386771703,NYGC
NY-TX24001-6,10xV4,BICAN_Dev_Atlas+BICAN_Dev_P4,CELL_RANGER_DUAL_INDEX,1388740675,A8TX_240820_02_B01,R8TX-24090401,RTX-24001,19931,Cells,1338019172,L8TX_240822_02_C02,2388_B01,mouse,Mus musculus,1386771704,NYGC
NY-TX24001-7,10xV4,BICAN_Dev_Atlas+BICAN_Dev_P4,CELL_RANGER_DUAL_INDEX,1388740677,A8TX_240820_02_C01,R8TX-24090401,RTX-24001,19944,Cells,1338019172,L8TX_240822_02_D01,2390_A02,mouse,Mus musculus,1386960159,NYGC
NY-TX24001-8,10xV4,BICAN_Dev_Atlas+BICAN_Dev_P4,CELL_RANGER_DUAL_INDEX,1388740679,A8TX_240820_02_D01,R8TX-24090401,RTX-24001,20010,Cells,1338019172,L8TX_240822_02_D02,2390_B02,mouse,Mus musculus,1386960160,NYGC
NY-TX24001-9,10xV4,BICAN_Dev_Atlas+BICAN_Dev_P4,CELL_RANGER_DUAL_INDEX,1390345600,A8TX_240827_03_A01,R8TX-24090401,RTX-24001,19930,Cells,1338019172,L8TX_240829_01_H07,2401_A01,mouse,Mus musculus,1388207183,NYGC
NY-TX24002-1,10xV4,BICAN_Dev_Atlas+BICAN_Dev_P4,CELL_RANGER_DUAL_INDEX,1390345617,A8TX_240827_03_H01,R8TX-24091001,RTX-24002,19934,Cells,1338019172,L8TX_240829_01_C07,2406_A04,mouse,Mus musculus,1388925593,NYGC
NY-TX24002-10,10xV4,BICAN_Dev_Atlas+BICAN_Dev_P4,CELL_RANGER_DUAL_INDEX,1392314038,A8TX_240903_01_H01,R8TX-24091001,RTX-24002,19916,Cells,1338019172,L8TX_240905_01_D10,2424_B04,mouse,Mus musculus,1392293972,NYGC
NY-TX24002-2,10xV4,BICAN_Dev_Atlas+BICAN_Dev_P4,CELL_RANGER_DUAL_INDEX,1390345621,A8TX_240827_03_A02,R8TX-24091001,RTX-24002,19953,Cells,1338019172,L8TX_240829_01_D07,2406_B04,mouse,Mus musculus,1388925594,NYGC
NY-TX24002-3,10xV4,BICAN_Dev_Atlas+BICAN_Dev_P4,CELL_RANGER_DUAL_INDEX,1390345624,A8TX_240827_03_B02,R8TX-24091001,RTX-24002,19960,Cells,1338019172,L8TX_240829_01_E07,2409_A06,mouse,Mus musculus,1389469263,NYGC
NY-TX24002-4,10xV4,BICAN_Dev_Atlas+BICAN_Dev_P4,CELL_RANGER_DUAL_INDEX,1390345626,A8TX_240827_03_C02,R8TX-24091001,RTX-24002,19954,Cells,1338019172,L8TX_240829_01_F07,2409_B06,mouse,Mus musculus,1389469264,NYGC
NY-TX24002-5,10xV4,BICAN_Dev_Atlas+BICAN_Dev_P8,CELL_RANGER_DUAL_INDEX,1392314022,A8TX_240903_01_A01,R8TX-24091001,RTX-24002,20004,Cells,1338019172,L8TX_240905_01_A10,2416_A01,mouse,Mus musculus,1390002968,NYGC
NY-TX24002-6,10xV4,BICAN_Dev_Atlas+BICAN_Dev_P8,CELL_RANGER_DUAL_INDEX,1392314024,A8TX_240903_01_B01,R8TX-24091001,RTX-24002,19933,Cells,1338019172,L8TX_240905_01_F09,2416_B01,mouse,Mus musculus,1390002969,NYGC
NY-TX24002-7,10xV4,BICAN_Dev_Atlas+BICAN_Dev_P14,CELL_RANGER_DUAL_INDEX,1392314030,A8TX_240903_01_E01,R8TX-24091001,RTX-24002,20004,Cells,1338019172,L8TX_240905_01_H09,2423_A03,mouse,Mus musculus,1391530994,NYGC
NY-TX24002-8,10xV4,BICAN_Dev_Atlas+BICAN_Dev_P14,CELL_RANGER_DUAL_INDEX,1392314032,A8TX_240903_01_F01,R8TX-24091001,RTX-24002,19971,Cells,1338019172,L8TX_240905_01_C10,2423_B03,mouse,Mus musculus,1391530995,NYGC
NY-TX24002-9,10xV4,BICAN_Dev_Atlas+BICAN_Dev_P4,CELL_RANGER_DUAL_INDEX,1392314034,A8TX_240903_01_G01,R8TX-24091001,RTX-24002,19913,Cells,1338019172,L8TX_240905_01_E10,2424_A04,mouse,Mus musculus,1392293971,NYGC
NY-TX24003-1,10xV4,BICAN_Dev_Atlas+BICAN_Dev_P8,CELL_RANGER_DUAL_INDEX,1393894688,A8TX_240910_02_A01,R8TX-24091701,RTX-24003,19945,Cells,1338019172,L8TX_240912_02_D03,2427_A01,mouse,Mus musculus,1393264608,NYGC
NY-TX24003-10,10xV4,BICAN_Dev_Atlas+BICAN_Dev_P14,CELL_RANGER_DUAL_INDEX,1393894710,A8TX_240910_02_B02,R8TX-24091701,RTX-24003,19897,Cells,1338019172,L8TX_240912_02_G04,2438_A01,mouse,Mus musculus,1393480823,NYGC
NY-TX24003-11,10xV4,BICAN_Dev_Atlas+BICAN_Dev_P14,CELL_RANGER_DUAL_INDEX,1393894714,A8TX_240910_02_C02,R8TX-24091701,RTX-24003,19953,Cells,1338019172,L8TX_240912_02_H04,2438_B01,mouse,Mus musculus,1393480824,NYGC
NY-TX24003-2,10xV4,BICAN_Dev_Atlas+BICAN_Dev_P8,CELL_RANGER_DUAL_INDEX,1393894692,A8TX_240910_02_B01,R8TX-24091701,RTX-24003,19951,Cells,1338019172,L8TX_240912_02_E03,2427_B01,mouse,Mus musculus,1393264609,NYGC
NY-TX24003-3,10xV4,BICAN_Dev_Atlas+BICAN_Dev_P8,CELL_RANGER_DUAL_INDEX,1393894694,A8TX_240910_02_C01,R8TX-24091701,RTX-24003,19897,Cells,1338019172,L8TX_240912_02_B04,2428_A02,mouse,Mus musculus,1391836695,NYGC
NY-TX24003-4,10xV4,BICAN_Dev_Atlas+BICAN_Dev_P8,CELL_RANGER_DUAL_INDEX,1393894696,A8TX_240910_02_D01,R8TX-24091701,RTX-24003,19913,Cells,1338019172,L8TX_240912_02_C04,2428_B02,mouse,Mus musculus,1391836696,NYGC
NY-TX24003-5,10xV4,BICAN_Dev_Atlas+BICAN_Dev_P8,CELL_RANGER_DUAL_INDEX,1393894698,A8TX_240910_02_E01,R8TX-24091701,RTX-24003,20003,Cells,1338019172,L8TX_240912_02_G03,2428_C02,mouse,Mus musculus,1391836697,NYGC
NY-TX24003-6,10xV4,BICAN_Dev_Atlas+BICAN_Dev_P4,CELL_RANGER_DUAL_INDEX,1393894700,A8TX_240910_02_F01,R8TX-24091701,RTX-24003,19930,Cells,1338019172,L8TX_240912_02_D04,2429_A03,mouse,Mus musculus,1392896976,NYGC
NY-TX24003-7,10xV4,BICAN_Dev_Atlas+BICAN_Dev_P4,CELL_RANGER_DUAL_INDEX,1393894704,A8TX_240910_02_G01,R8TX-24091701,RTX-24003,19944,Cells,1338019172,L8TX_240912_02_E04,2429_B03,mouse,Mus musculus,1392896977,NYGC
NY-TX24003-8,10xV4,BICAN_Dev_Atlas+BICAN_Dev_P4,CELL_RANGER_DUAL_INDEX,1393894706,A8TX_240910_02_H01,R8TX-24091701,RTX-24003,19988,Cells,1338019172,L8TX_240912_02_H03,2430_A04,mouse,Mus musculus,1392298274,NYGC
NY-TX24003-9,10xV4,BICAN_Dev_Atlas+BICAN_Dev_P4,CELL_RANGER_DUAL_INDEX,1393894708,A8TX_240910_02_A02,R8TX-24091701,RTX-24003,19949,Cells,1338019172,L8TX_240912_02_F04,2430_B04,mouse,Mus musculus,1392298275,NYGC
NY-TX24004-1,10xV4,BICAN_Dev_Atlas+BICAN_Dev_P14,CELL_RANGER_DUAL_INDEX,1393894716,A8TX_240910_02_D02,R8TX-24100101,RTX-24004,19971,Cells,1338019172,L8TX_240912_02_A04,2439_A02,mouse,Mus musculus,1393273803,NYGC
NY-TX24004-10,10xV4,BICAN_Dev_Atlas+BICAN_Dev_P14,CELL_RANGER_DUAL_INDEX,1397028901,A8TX_240924_02_A01,R8TX-24100101,RTX-24004,20009,Cells,1338019172,L8TX_240926_02_G02,2455_A01,mouse,Mus musculus,1395748863,NYGC
NY-TX24004-2,10xV4,BICAN_Dev_Atlas+BICAN_Dev_P14,CELL_RANGER_DUAL_INDEX,1393894718,A8TX_240910_02_E02,R8TX-24100101,RTX-24004,19946,Cells,1338019172,L8TX_240912_02_A05,2439_B02,mouse,Mus musculus,1393273804,NYGC
NY-TX24004-3,10xV4,BICAN_Dev_Atlas+BICAN_Dev_P8,CELL_RANGER_DUAL_INDEX,1395653650,A8TX_240917_02_A01,R8TX-24100101,RTX-24004,19930,Cells,1338019172,L8TX_240919_01_A09,2444_A03,mouse,Mus musculus,1394730935,NYGC
NY-TX24004-4,10xV4,BICAN_Dev_Atlas+BICAN_Dev_P8,CELL_RANGER_DUAL_INDEX,1395653654,A8TX_240917_02_B01,R8TX-24100101,RTX-24004,20010,Cells,1338019172,L8TX_240919_01_C09,2444_B03,mouse,Mus musculus,1394730936,NYGC
NY-TX24004-5,10xV4,BICAN_Dev_Atlas+BICAN_Dev_P8,CELL_RANGER_DUAL_INDEX,1395653656,A8TX_240917_02_C01,R8TX-24100101,RTX-24004,20000,Cells,1338019172,L8TX_240919_01_D09,2444_C03,mouse,Mus musculus,1394730937,NYGC
NY-TX24004-6,10xV4,BICAN_Dev_Atlas+BICAN_Dev_P4,CELL_RANGER_DUAL_INDEX,1395653659,A8TX_240917_02_D01,R8TX-24100101,RTX-24004,19935,Cells,1338019172,L8TX_240919_01_B09,2445_A04,mouse,Mus musculus,1395357334,NYGC
NY-TX24004-7,10xV4,BICAN_Dev_Atlas+BICAN_Dev_P4,CELL_RANGER_DUAL_INDEX,1395653661,A8TX_240917_02_E01,R8TX-24100101,RTX-24004,19971,Cells,1338019172,L8TX_240919_01_E09,2445_B04,mouse,Mus musculus,1395357335,NYGC
NY-TX24004-8,10xV4,BICAN_Dev_Atlas+BICAN_Dev_P12,CELL_RANGER_DUAL_INDEX,1395653663,A8TX_240917_02_F01,R8TX-24100101,RTX-24004,19982,Cells,1338019172,L8TX_240919_01_H08,2446_A05,mouse,Mus musculus,1395620805,NYGC
NY-TX24004-9,10xV4,BICAN_Dev_Atlas+BICAN_Dev_P12,CELL_RANGER_DUAL_INDEX,1395653666,A8TX_240917_02_G01,R8TX-24100101,RTX-24004,19947,Cells,1338019172,L8TX_240919_01_F09,2446_B05,mouse,Mus musculus,1395620806,NYGC
NY-TX24005-1,10xV4,BICAN_Dev_Atlas+BICAN_Dev_P14,CELL_RANGER_DUAL_INDEX,1397028903,A8TX_240924_02_B01,R8TX-24100102,RTX-24005,19913,Cells,1338019172,L8TX_240926_02_H02,2455_B01,mouse,Mus musculus,1395748864,NYGC
NY-TX24005-10,10xV4,BICAN_Dev_Atlas+BICAN_Dev_P8,CELL_RANGER_DUAL_INDEX,1397028923,A8TX_240924_02_C02,R8TX-24100102,RTX-24005,19996,Cells,1338019172,L8TX_240926_02_D03,2461_C04,mouse,Mus musculus,1396578094,NYGC
NY-TX24005-2,10xV4,BICAN_Dev_Atlas+BICAN_Dev_P14,CELL_RANGER_DUAL_INDEX,1397028905,A8TX_240924_02_C01,R8TX-24100102,RTX-24005,19977,Cells,1338019172,L8TX_240926_02_A03,2455_C01,mouse,Mus musculus,1395748865,NYGC
NY-TX24005-3,10xV4,BICAN_Dev_Atlas+BICAN_Dev_P14,CELL_RANGER_DUAL_INDEX,1397028907,A8TX_240924_02_D01,R8TX-24100102,RTX-24005,19940,Cells,1338019172,L8TX_240926_02_B03,2456_A02,mouse,Mus musculus,1395637252,NYGC
NY-TX24005-4,10xV4,BICAN_Dev_Atlas+BICAN_Dev_P14,CELL_RANGER_DUAL_INDEX,1397028909,A8TX_240924_02_E01,R8TX-24100102,RTX-24005,19971,Cells,1338019172,L8TX_240926_02_G04,2456_B02,mouse,Mus musculus,1395637253,NYGC
NY-TX24005-5,10xV4,BICAN_Dev_Atlas+BICAN_Dev_P14,CELL_RANGER_DUAL_INDEX,1397028911,A8TX_240924_02_F01,R8TX-24100102,RTX-24005,19960,Cells,1338019172,L8TX_240926_02_H04,2456_C02,mouse,Mus musculus,1395637254,NYGC
NY-TX24005-6,10xV4,BICAN_Dev_Atlas+BICAN_Dev_P4,CELL_RANGER_DUAL_INDEX,1397028913,A8TX_240924_02_G01,R8TX-24100102,RTX-24005,19996,Cells,1338019172,L8TX_240926_02_D05,2458_A03,mouse,Mus musculus,1396574178,NYGC
NY-TX24005-7,10xV4,BICAN_Dev_Atlas+BICAN_Dev_P4,CELL_RANGER_DUAL_INDEX,1397028916,A8TX_240924_02_H01,R8TX-24100102,RTX-24005,19988,Cells,1338019172,L8TX_240926_02_C03,2458_B03,mouse,Mus musculus,1396574179,NYGC
NY-TX24005-8,10xV4,BICAN_Dev_Atlas+BICAN_Dev_P8,CELL_RANGER_DUAL_INDEX,1397028918,A8TX_240924_02_A02,R8TX-24100102,RTX-24005,20010,Cells,1338019172,L8TX_240926_02_B04,2461_A04,mouse,Mus musculus,1396578092,NYGC
NY-TX24005-9,10xV4,BICAN_Dev_Atlas+BICAN_Dev_P8,CELL_RANGER_DUAL_INDEX,1397028921,A8TX_240924_02_B02,R8TX-24100102,RTX-24005,19988,Cells,1338019172,L8TX_240926_02_E02,2461_B04,mouse,Mus musculus,1396578093,NYGC
NY-TX24006-1,10xV4,BICAN_Dev_Atlas+BICAN_Dev_P8,CELL_RANGER_DUAL_INDEX,1397028925,A8TX_240924_02_D02,R8TX-24100801,RTX-24006,19947,Cells,1338019172,L8TX_240926_02_E03,2463_A05,mouse,Mus musculus,1395638663,NYGC
NY-TX24006-10,10xV4,BICAN_Dev_Atlas+BICAN_Dev_P12,CELL_RANGER_DUAL_INDEX,1398360075,A8TX_240930_01_D01,R8TX-24100801,RTX-24006,19960,Cells,1338019172,L8TX_241003_01_F10,2476_B04,mouse,Mus musculus,1398349988,NYGC
NY-TX24006-2,10xV4,BICAN_Dev_Atlas+BICAN_Dev_P8,CELL_RANGER_DUAL_INDEX,1397028927,A8TX_240924_02_E02,R8TX-24100801,RTX-24006,19946,Cells,1338019172,L8TX_240926_02_G03,2463_B05,mouse,Mus musculus,1395638665,NYGC
NY-TX24006-3,10xV4,BICAN_Dev_Atlas+BICAN_Dev_P8,CELL_RANGER_DUAL_INDEX,1397028929,A8TX_240924_02_F02,R8TX-24100801,RTX-24006,19976,Cells,1338019172,L8TX_240926_02_E05,2463_C05,mouse,Mus musculus,1395638667,NYGC
NY-TX24006-4,10xV4,BICAN_Dev_Atlas+BICAN_Dev_P12,CELL_RANGER_DUAL_INDEX,1397028931,A8TX_240924_02_G02,R8TX-24100801,RTX-24006,19955,Cells,1338019172,L8TX_240926_02_H03,2466_A06,mouse,Mus musculus,1396545921,NYGC
NY-TX24006-5,10xV4,BICAN_Dev_Atlas+BICAN_Dev_P12,CELL_RANGER_DUAL_INDEX,1397028933,A8TX_240924_02_H02,R8TX-24100801,RTX-24006,19949,Cells,1338019172,L8TX_240926_02_F02,2466_B06,mouse,Mus musculus,1396545922,NYGC
NY-TX24006-6,10xV4,BICAN_Dev_Atlas+BICAN_Dev_P12,CELL_RANGER_DUAL_INDEX,1397028936,A8TX_240924_02_A03,R8TX-24100801,RTX-24006,20010,Cells,1338019172,L8TX_240926_02_C04,2466_C06,mouse,Mus musculus,1396545923,NYGC
NY-TX24006-7,10xV4,BICAN_Dev_Atlas+BICAN_Dev_P14,CELL_RANGER_DUAL_INDEX,1398360069,A8TX_240930_01_A01,R8TX-24100801,RTX-24006,19933,Cells,1338019172,L8TX_241003_01_C10,2472_A02,mouse,Mus musculus,1396976044,NYGC
NY-TX24006-8,10xV4,BICAN_Dev_Atlas+BICAN_Dev_P14,CELL_RANGER_DUAL_INDEX,1398360071,A8TX_240930_01_B01,R8TX-24100801,RTX-24006,19931,Cells,1338019172,L8TX_241003_01_D10,2472_B02,mouse,Mus musculus,1396976045,NYGC
NY-TX24006-9,10xV4,BICAN_Dev_Atlas+BICAN_Dev_P12,CELL_RANGER_DUAL_INDEX,1398360073,A8TX_240930_01_C01,R8TX-24100801,RTX-24006,20003,Cells,1338019172,L8TX_241003_01_E10,2476_A04,mouse,Mus musculus,1398349987,NYGC
NY-TX24007-1,10xV4,BICAN_Dev_Atlas+BICAN_Dev_P12,CELL_RANGER_DUAL_INDEX,1398360077,A8TX_240930_01_E01,R8TX-24101501,RTX-24007,19907,Cells,1338019172,L8TX_241003_01_G10,2478_A05,mouse,Mus musculus,1397123368,NYGC
NY-TX24007-10,10xV4,BICAN_Dev_Atlas+BICAN_Dev_P12,CELL_RANGER_DUAL_INDEX,1399458481,A8TX_241008_02_A02,R8TX-24101501,RTX-24007,19880,Cells,1338019172,L8TX_241010_01_C04,2493_A04,mouse,Mus musculus,1398802044,NYGC
NY-TX24007-2,10xV4,BICAN_Dev_Atlas+BICAN_Dev_P12,CELL_RANGER_DUAL_INDEX,1398360079,A8TX_240930_01_F01,R8TX-24101501,RTX-24007,19913,Cells,1338019172,L8TX_241003_01_A11,2478_B05,mouse,Mus musculus,1397123369,NYGC
NY-TX24007-3,10xV4,BICAN_Dev_Atlas+BICAN_Dev_P12,CELL_RANGER_DUAL_INDEX,1398360082,A8TX_240930_01_G01,R8TX-24101501,RTX-24007,19935,Cells,1338019172,L8TX_241003_01_H10,2478_C05,mouse,Mus musculus,1397123370,NYGC
NY-TX24007-4,10xV4,BICAN_Dev_Atlas+BICAN_Dev_P28,CELL_RANGER_DUAL_INDEX,1399458463,A8TX_241008_02_A01,R8TX-24101501,RTX-24007,19996,Cells,1338019172,L8TX_241010_01_C03,2486_A01,mouse,Mus musculus,1397962649,NYGC
NY-TX24007-5,10xV4,BICAN_Dev_Atlas+BICAN_Dev_P28,CELL_RANGER_DUAL_INDEX,1399458465,A8TX_241008_02_B01,R8TX-24101501,RTX-24007,19913,Cells,1338019172,L8TX_241010_01_B03,2486_B01,mouse,Mus musculus,1397962650,NYGC
NY-TX24007-6,10xV4,BICAN_Dev_Atlas+BICAN_Dev_P28,CELL_RANGER_DUAL_INDEX,1399458467,A8TX_241008_02_C01,R8TX-24101501,RTX-24007,19982,Cells,1338019172,L8TX_241010_01_G03,2486_C01,mouse,Mus musculus,1397962651,NYGC
NY-TX24007-7,10xV4,BICAN_Dev_Atlas+BICAN_Dev_P12,CELL_RANGER_DUAL_INDEX,1399458474,A8TX_241008_02_F01,R8TX-24101501,RTX-24007,19988,Cells,1338019172,L8TX_241010_01_G04,2492_A03,mouse,Mus musculus,1398890595,NYGC
NY-TX24007-8,10xV4,BICAN_Dev_Atlas+BICAN_Dev_P12,CELL_RANGER_DUAL_INDEX,1399458476,A8TX_241008_02_G01,R8TX-24101501,RTX-24007,19982,Cells,1338019172,L8TX_241010_01_H04,2492_B03,mouse,Mus musculus,1398890597,NYGC
NY-TX24007-9,10xV4,BICAN_Dev_Atlas+BICAN_Dev_P12,CELL_RANGER_DUAL_INDEX,1399458479,A8TX_241008_02_H01,R8TX-24101501,RTX-24007,19930,Cells,1338019172,L8TX_241010_01_B04,2492_C03,mouse,Mus musculus,1398890598,NYGC
NY-TX24008-1,10xV4,BICAN_Dev_Atlas+BICAN_Dev_P12,CELL_RANGER_DUAL_INDEX,1399458483,A8TX_241008_02_B02,R8TX-24102901,RTX-24008,19988,Cells,1338019172,L8TX_241010_01_D04,2493_B04,mouse,Mus musculus,1398802045,NYGC
NY-TX24008-10,10xV4,BICAN_Dev_Atlas+BICAN_Dev_P12,CELL_RANGER_DUAL_INDEX,1401903009,A8TX_241022_02_E01,R8TX-24102901,RTX-24008,20009,Cells,1338019172,L8TX_241024_01_B01,2520_A05,mouse,Mus musculus,1401479735,NYGC
NY-TX24008-2,10xV4,BICAN_Dev_Atlas+BICAN_Dev_P28,CELL_RANGER_DUAL_INDEX,1400527623,A8TX_241015_02_C01,R8TX-24102901,RTX-24008,19933,Cells,1338019172,L8TX_241017_01_D08,2503_A02,mouse,Mus musculus,1399136499,NYGC
NY-TX24008-3,10xV4,BICAN_Dev_Atlas+BICAN_Dev_P28,CELL_RANGER_DUAL_INDEX,1400527626,A8TX_241015_02_D01,R8TX-24102901,RTX-24008,19976,Cells,1338019172,L8TX_241017_01_E08,2503_B02,mouse,Mus musculus,1399136500,NYGC
NY-TX24008-4,10xV4,BICAN_Dev_Atlas+BICAN_Dev_P28,CELL_RANGER_DUAL_INDEX,1400527628,A8TX_241015_02_E01,R8TX-24102901,RTX-24008,20009,Cells,1338019172,L8TX_241017_01_F08,2503_C02,mouse,Mus musculus,1399136501,NYGC
NY-TX24008-5,10xV4,BICAN_Dev_Atlas+BICAN_Dev_P28,CELL_RANGER_DUAL_INDEX,1400527630,A8TX_241015_02_F01,R8TX-24102901,RTX-24008,19924,Cells,1338019172,L8TX_241017_01_G08,2504_A03,mouse,Mus musculus,1399151550,NYGC
NY-TX24008-6,10xV4,BICAN_Dev_Atlas+BICAN_Dev_P28,CELL_RANGER_DUAL_INDEX,1400527632,A8TX_241015_02_G01,R8TX-24102901,RTX-24008,19953,Cells,1338019172,L8TX_241017_01_C09,2504_B03,mouse,Mus musculus,1399151551,NYGC
NY-TX24008-7,10xV4,BICAN_Dev_Atlas+BICAN_Dev_P28,CELL_RANGER_DUAL_INDEX,1400527634,A8TX_241015_02_H01,R8TX-24102901,RTX-24008,19930,Cells,1338019172,L8TX_241017_01_H08,2504_C03,mouse,Mus musculus,1399151552,NYGC
NY-TX24008-8,10xV4,BICAN_Dev_Atlas+BICAN_Dev_P8,CELL_RANGER_DUAL_INDEX,1401902995,A8TX_241022_02_A01,R8TX-24102901,RTX-24008,19996,Cells,1338019172,L8TX_241024_01_H12,2516_A03,mouse,Mus musculus,1401025221,NYGC
NY-TX24008-9,10xV4,BICAN_Dev_Atlas+BICAN_Dev_P8,CELL_RANGER_DUAL_INDEX,1401902999,A8TX_241022_02_B01,R8TX-24102901,RTX-24008,19967,Cells,1338019172,L8TX_241024_01_D12,2516_B03,mouse,Mus musculus,1401025222,NYGC
NY-TX24009-1,10xV4,BICAN_Dev_Atlas+BICAN_Dev_P2,CELL_RANGER_DUAL_INDEX,1401903012,A8TX_241022_02_F01,R8TX-24110501,RTX-24009,19935,Cells,1338019172,L8TX_241024_01_F12,2521_A06,mouse,Mus musculus,1401555599,NYGC
NY-TX24009-10,10xV4,BICAN_Dev_Atlas+BICAN_Dev_P2,CELL_RANGER_DUAL_INDEX,1402911257,A8TX_241029_02_D02,R8TX-24110501,RTX-24009,19933,Cells,1338019172,L8TX_241031_02_D05,2534_A05,mouse,Mus musculus,1402538543,NYGC
NY-TX24009-2,10xV4,BICAN_Dev_Atlas+BICAN_Dev_P2,CELL_RANGER_DUAL_INDEX,1401903014,A8TX_241022_02_G01,R8TX-24110501,RTX-24009,20010,Cells,1338019172,L8TX_241024_01_G12,2521_B06,mouse,Mus musculus,1401555600,NYGC
NY-TX24009-3,10xV4,BICAN_Dev_Atlas+BICAN_Dev_P28,CELL_RANGER_DUAL_INDEX,1402911233,A8TX_241029_02_A01,R8TX-24110501,RTX-24009,19996,Cells,1338019172,L8TX_241031_02_F05,2528_A01,mouse,Mus musculus,1402584132,NYGC
NY-TX24009-4,10xV4,BICAN_Dev_Atlas+BICAN_Dev_P28,CELL_RANGER_DUAL_INDEX,1402911235,A8TX_241029_02_B01,R8TX-24110501,RTX-24009,19944,Cells,1338019172,L8TX_241031_02_G05,2528_B01,mouse,Mus musculus,1402584133,NYGC
NY-TX24009-5,10xV4,BICAN_Dev_Atlas+BICAN_Dev_P28,CELL_RANGER_DUAL_INDEX,1402911237,A8TX_241029_02_C01,R8TX-24110501,RTX-24009,19953,Cells,1338019172,L8TX_241031_02_D04,2529_A02,mouse,Mus musculus,1401497541,NYGC
NY-TX24009-6,10xV4,BICAN_Dev_Atlas+BICAN_Dev_P28,CELL_RANGER_DUAL_INDEX,1402911239,A8TX_241029_02_D01,R8TX-24110501,RTX-24009,19900,Cells,1338019172,L8TX_241031_02_E04,2529_B02,mouse,Mus musculus,1401497543,NYGC
NY-TX24009-7,10xV4,BICAN_Dev_Atlas+BICAN_Dev_P28,CELL_RANGER_DUAL_INDEX,1402911242,A8TX_241029_02_E01,R8TX-24110501,RTX-24009,19953,Cells,1338019172,L8TX_241031_02_F04,2529_C02,mouse,Mus musculus,1401497544,NYGC
NY-TX24009-8,10xV4,BICAN_Dev_Atlas+BICAN_Dev_P2,CELL_RANGER_DUAL_INDEX,1402911253,A8TX_241029_02_B02,R8TX-24110501,RTX-24009,19971,Cells,1338019172,L8TX_241031_02_B05,2533_A04,mouse,Mus musculus,1402578383,NYGC
NY-TX24009-9,10xV4,BICAN_Dev_Atlas+BICAN_Dev_P2,CELL_RANGER_DUAL_INDEX,1402911255,A8TX_241029_02_C02,R8TX-24110501,RTX-24009,19971,Cells,1338019172,L8TX_241031_02_C05,2533_B04,mouse,Mus musculus,1402578384,NYGC
NY-TX24010-1,10xV4,BICAN_Dev_Atlas+BICAN_Dev_P2,CELL_RANGER_DUAL_INDEX,1402911262,A8TX_241029_02_E02,R8TX-24111901,RTX-24010,20000,Cells,1338019172,L8TX_241031_02_E05,2534_B05,mouse,Mus musculus,1402538544,NYGC
NY-TX24010-10,10xV4,BICAN_Dev_Atlas+BICAN_Dev_P28,CELL_RANGER_DUAL_INDEX,1405175778,A8TX_241112_02_A01,R8TX-24111901,RTX-24010,20006,Cells,1338019172,L8TX_241114_01_A04,2553_A01,mouse,Mus musculus,1404115608,NYGC
NY-TX24010-2,10xV4,BICAN_Dev_Atlas+BICAN_Dev_P28,CELL_RANGER_DUAL_INDEX,1404123918,A8TX_241105_02_A01,R8TX-24111901,RTX-24010,19913,Cells,1338019172,L8TX_241107_01_H06,2541_A01,mouse,Mus musculus,1402994769,NYGC
NY-TX24010-3,10xV4,BICAN_Dev_Atlas+BICAN_Dev_P28,CELL_RANGER_DUAL_INDEX,1404123920,A8TX_241105_02_B01,R8TX-24111901,RTX-24010,19931,Cells,1338019172,L8TX_241107_01_C06,2541_B01,mouse,Mus musculus,1402994770,NYGC
NY-TX24010-4,10xV4,BICAN_Dev_Atlas+BICAN_Dev_P28,CELL_RANGER_DUAL_INDEX,1404123922,A8TX_241105_02_C01,R8TX-24111901,RTX-24010,19933,Cells,1338019172,L8TX_241107_01_D06,2543_A02,mouse,Mus musculus,1402847359,NYGC
NY-TX24010-5,10xV4,BICAN_Dev_Atlas+BICAN_Dev_P28,CELL_RANGER_DUAL_INDEX,1404123924,A8TX_241105_02_D01,R8TX-24111901,RTX-24010,19951,Cells,1338019172,L8TX_241107_01_E06,2543_B02,mouse,Mus musculus,1402847360,NYGC
NY-TX24010-6,10xV4,BICAN_Dev_Atlas+BICAN_Dev_P2,CELL_RANGER_DUAL_INDEX,1404123926,A8TX_241105_02_E01,R8TX-24111901,RTX-24010,19982,Cells,1338019172,L8TX_241107_01_F06,2546_1_C03,mouse,Mus musculus,1403148545,NYGC
NY-TX24010-7,10xV4,BICAN_Dev_Atlas+BICAN_Dev_P2,CELL_RANGER_DUAL_INDEX,1404123928,A8TX_241105_02_F01,R8TX-24111901,RTX-24010,19996,Cells,1338019172,L8TX_241107_01_G06,2546_1_D03,mouse,Mus musculus,1403148546,NYGC
NY-TX24010-8,10xV4,BICAN_Dev_Atlas+BICAN_Dev_P2,CELL_RANGER_DUAL_INDEX,1404123932,A8TX_241105_02_G01,R8TX-24111901,RTX-24010,19984,Cells,1338019172,L8TX_241107_01_A06,2547_A04,mouse,Mus musculus,1403148482,NYGC
NY-TX24010-9,10xV4,BICAN_Dev_Atlas+BICAN_Dev_P2,CELL_RANGER_DUAL_INDEX,1404123934,A8TX_241105_02_H01,R8TX-24111901,RTX-24010,19988,Cells,1338019172,L8TX_241107_01_B06,2547_B04,mouse,Mus musculus,1403148483,NYGC
NY-TX24011-1,10xV4,BICAN_Dev_Atlas+BICAN_Dev_P28,CELL_RANGER_DUAL_INDEX,1405175781,A8TX_241112_02_B01,R8TX-24120301,RTX-24011,19941,Cells,1338019172,L8TX_241114_01_A02,2553_B01,mouse,Mus musculus,1404115609,NYGC
NY-TX24011-10,10xV4,BICAN_Dev_Atlas+BICAN_Dev_P10,CELL_RANGER_DUAL_INDEX,1406441008,A8TX_241118_01_B01,R8TX-24120301,RTX-24011,19940,Cells,1338019172,L8TX_241121_01_C09,2570_B01,mouse,Mus musculus,1404863734,NYGC
NY-TX24011-2,10xV4,BICAN_Dev_Atlas+BICAN_Dev_P2,CELL_RANGER_DUAL_INDEX,1405175787,A8TX_241112_02_E01,R8TX-24120301,RTX-24011,19934,Cells,1338019172,L8TX_241114_01_B02,2561_A04,mouse,Mus musculus,1404722789,NYGC
NY-TX24011-3,10xV4,BICAN_Dev_Atlas+BICAN_Dev_P2,CELL_RANGER_DUAL_INDEX,1405175789,A8TX_241112_02_F01,R8TX-24120301,RTX-24011,19927,Cells,1338019172,L8TX_241114_01_C03,2561_B04,mouse,Mus musculus,1404722790,NYGC
NY-TX24011-4,10xV4,BICAN_Dev_Atlas+BICAN_Dev_P2,CELL_RANGER_DUAL_INDEX,1405175791,A8TX_241112_02_G01,R8TX-24120301,RTX-24011,19980,Cells,1338019172,L8TX_241114_01_D03,2562_A05,mouse,Mus musculus,1404680532,NYGC
NY-TX24011-5,10xV4,BICAN_Dev_Atlas+BICAN_Dev_P2,CELL_RANGER_DUAL_INDEX,1405175794,A8TX_241112_02_H01,R8TX-24120301,RTX-24011,19940,Cells,1338019172,L8TX_241114_01_C02,2562_B05,mouse,Mus musculus,1404680533,NYGC
NY-TX24011-6,10xV4,BICAN_Dev_Atlas+BICAN_Dev_P6,CELL_RANGER_DUAL_INDEX,1405175810,A8TX_241112_02_G02,R8TX-24120301,RTX-24011,19982,Cells,1338019172,L8TX_241114_01_H02,2564_A07,mouse,Mus musculus,1405150937,NYGC
NY-TX24011-7,10xV4,BICAN_Dev_Atlas+BICAN_Dev_P6,CELL_RANGER_DUAL_INDEX,1405175812,A8TX_241112_02_H02,R8TX-24120301,RTX-24011,19977,Cells,1338019172,L8TX_241114_01_G03,2564_B07,mouse,Mus musculus,1405150938,NYGC
NY-TX24011-8,10xV4,BICAN_Dev_Atlas+BICAN_Dev_P6,CELL_RANGER_DUAL_INDEX,1405175815,A8TX_241112_02_A03,R8TX-24120301,RTX-24011,19996,Cells,1338019172,L8TX_241114_01_H03,2564_C07,mouse,Mus musculus,1405150939,NYGC
NY-TX24011-9,10xV4,BICAN_Dev_Atlas+BICAN_Dev_P10,CELL_RANGER_DUAL_INDEX,1406441005,A8TX_241118_01_A01,R8TX-24120301,RTX-24011,19982,Cells,1338019172,L8TX_241121_01_B09,2570_A01,mouse,Mus musculus,1404863733,NYGC
NY-TX24012-1,10xV4,BICAN_Dev_Atlas+BICAN_Dev_P6,CELL_RANGER_DUAL_INDEX,1406441032,A8TX_241118_01_E02,R8TX-24121001,RTX-24012,19996,Cells,1338019172,L8TX_241121_01_H09,2581_A07,mouse,Mus musculus,1406388796,NYGC
NY-TX24012-10,10xV4,BICAN_Dev_Atlas+BICAN_Dev_P6,CELL_RANGER_DUAL_INDEX,1407428807,A8TX_241125_01_D02,R8TX-24121001,RTX-24012,19913,Cells,1338019172,L8TX_241205_02_H05,2598_A06,mouse,Mus musculus,1406428649,NYGC
NY-TX24012-2,10xV4,BICAN_Dev_Atlas+BICAN_Dev_P6,CELL_RANGER_DUAL_INDEX,1406441034,A8TX_241118_01_F02,R8TX-24121001,RTX-24012,19927,Cells,1338019172,L8TX_241121_01_A10,2581_B07,mouse,Mus musculus,1406388798,NYGC
NY-TX24012-3,10xV4,BICAN_Dev_Atlas+BICAN_Dev_P6,CELL_RANGER_DUAL_INDEX,1406441037,A8TX_241118_01_G02,R8TX-24121001,RTX-24012,19976,Cells,1338019172,L8TX_241121_01_H08,2583_A08,mouse,Mus musculus,1405784212,NYGC
NY-TX24012-4,10xV4,BICAN_Dev_Atlas+BICAN_Dev_P6,CELL_RANGER_DUAL_INDEX,1406441039,A8TX_241118_01_H02,R8TX-24121001,RTX-24012,19977,Cells,1338019172,L8TX_241121_01_B10,2583_B08,mouse,Mus musculus,1405784213,NYGC
NY-TX24012-5,10xV4,BICAN_Dev_Atlas+BICAN_Dev_P6,CELL_RANGER_DUAL_INDEX,1407428766,A8TX_241125_01_A01,R8TX-24121001,RTX-24012,20003,Cells,1338019172,L8TX_241205_02_A05,2589_A01,mouse,Mus musculus,1406373847,NYGC
NY-TX24012-6,10xV4,BICAN_Dev_Atlas+BICAN_Dev_P6,CELL_RANGER_DUAL_INDEX,1407428771,A8TX_241125_01_B01,R8TX-24121001,RTX-24012,19960,Cells,1338019172,L8TX_241205_02_B05,2589_B01,mouse,Mus musculus,1406373848,NYGC
NY-TX24012-7,10xV4,BICAN_Dev_Atlas+BICAN_Dev_P10,CELL_RANGER_DUAL_INDEX,1407428775,A8TX_241125_01_C01,R8TX-24121001,RTX-24012,19960,Cells,1338019172,L8TX_241205_02_D04,2590_A02,mouse,Mus musculus,1407075030,NYGC
NY-TX24012-8,10xV4,BICAN_Dev_Atlas+BICAN_Dev_P10,CELL_RANGER_DUAL_INDEX,1407428778,A8TX_241125_01_D01,R8TX-24121001,RTX-24012,19953,Cells,1338019172,L8TX_241205_02_C05,2590_B02,mouse,Mus musculus,1407075031,NYGC
NY-TX24012-9,10xV4,BICAN_Dev_Atlas+BICAN_Dev_P10,CELL_RANGER_DUAL_INDEX,1407428782,A8TX_241125_01_E01,R8TX-24121001,RTX-24012,19946,Cells,1338019172,L8TX_241205_02_D05,2590_C02,mouse,Mus musculus,1407075032,NYGC
NY-TX24013-1,10xV4,BICAN_Dev_Atlas+BICAN_Dev_P10,CELL_RANGER_DUAL_INDEX,1408591182,A8TX_241203_02_A01,R8TX-25012201,RTX-24013,19953,Cells,1338019172,L8TX_241205_02_A06,2601_A02,mouse,Mus musculus,1408243406,NYGC
NY-TX24013-10,10xV4,BICAN_Dev_Atlas+BICAN_Dev_P16,CELL_RANGER_DUAL_INDEX,1414800215,A8TX_250113_01_E01,R8TX-25012201,RTX-24013,19938,Cells,1338019172,L8TX_250115_01_F01,2655_A03,mouse,Mus musculus,1414444586,NYGC
NY-TX24013-2,10xV4,BICAN_Dev_Atlas+BICAN_Dev_P10,CELL_RANGER_DUAL_INDEX,1408591184,A8TX_241203_02_B01,R8TX-25012201,RTX-24013,19977,Cells,1338019172,L8TX_241205_02_F05,2601_B02,mouse,Mus musculus,1408243407,NYGC
NY-TX24013-3,10xV4,BICAN_Dev_Atlas+BICAN_Dev_P6,CELL_RANGER_DUAL_INDEX,1408591187,A8TX_241203_02_C01,R8TX-25012201,RTX-24013,19982,Cells,1338019172,L8TX_241205_02_B06,2606_A01,mouse,Mus musculus,1408051408,NYGC
NY-TX24013-4,10xV4,BICAN_Dev_Atlas+BICAN_Dev_P6,CELL_RANGER_DUAL_INDEX,1408591189,A8TX_241203_02_D01,R8TX-25012201,RTX-24013,19996,Cells,1338019172,L8TX_241205_02_C06,2606_B01,mouse,Mus musculus,1408051409,NYGC
NY-TX24013-5,10xV4,BICAN_Dev_Atlas+BICAN_Dev_P6,CELL_RANGER_DUAL_INDEX,1408591192,A8TX_241203_02_E01,R8TX-25012201,RTX-24013,19982,Cells,1338019172,L8TX_241205_02_H04,2607_A02,mouse,Mus musculus,1408341395,NYGC
NY-TX24013-6,10xV4,BICAN_Dev_Atlas+BICAN_Dev_P6,CELL_RANGER_DUAL_INDEX,1408591194,A8TX_241203_02_F01,R8TX-25012201,RTX-24013,20004,Cells,1338019172,L8TX_241205_02_G05,2607_B02,mouse,Mus musculus,1408341396,NYGC
NY-TX24013-7,10xV4,BICAN_Dev_Atlas+BICAN_Dev_P6,CELL_RANGER_DUAL_INDEX,1408591197,A8TX_241203_02_G01,R8TX-25012201,RTX-24013,20009,Cells,1338019172,L8TX_241205_02_D06,2607_C02,mouse,Mus musculus,1408341397,NYGC
NY-TX24013-8,10xV4,BICAN_Dev_Atlas+BICAN_Dev_P6,CELL_RANGER_DUAL_INDEX,1412937465,A8TX_241223_01_E01,R8TX-25012201,RTX-24013,20009,Cells,1338019172,L8TX_250109_01_C12,2641_A03,mouse,Mus musculus,1411523638,NYGC
NY-TX24013-9,10xV4,BICAN_Dev_Atlas+BICAN_Dev_P6,CELL_RANGER_DUAL_INDEX,1412937467,A8TX_241223_01_F01,R8TX-25012201,RTX-24013,19930,Cells,1338019172,L8TX_250109_01_D12,2641_B03,mouse,Mus musculus,1411523639,NYGC
NY-TX24014-1,10xV4,BICAN_Dev_Atlas+BICAN_Dev_P16,CELL_RANGER_DUAL_INDEX,1414800217,A8TX_250113_01_F01,R8TX-25020401,RTX-24014,19951,Cells,1338019172,L8TX_250115_01_G01,2655_B03,mouse,Mus musculus,1414444587,NYGC
NY-TX24014-10,10xV4,BICAN_Dev_Atlas+BICAN_Dev_P16,CELL_RANGER_DUAL_INDEX,1417655401,A8TX_250128_01_E01,R8TX-25020401,RTX-24014,19971,Cells,1338019172,L8TX_250130_01_A12,2676_B01,mouse,Mus musculus,1416101618,NYGC
NY-TX24014-2,10xV4,BICAN_Dev_Atlas+BICAN_Dev_P16,CELL_RANGER_DUAL_INDEX,1414800219,A8TX_250113_01_G01,R8TX-25020401,RTX-24014,19971,Cells,1338019172,L8TX_250115_01_D01,2657_A04,mouse,Mus musculus,1414618291,NYGC
NY-TX24014-3,10xV4,BICAN_Dev_Atlas+BICAN_Dev_P16,CELL_RANGER_DUAL_INDEX,1414800222,A8TX_250113_01_H01,R8TX-25020401,RTX-24014,19982,Cells,1338019172,L8TX_250115_01_E12,2657_B04,mouse,Mus musculus,1414618293,NYGC
NY-TX24014-4,10xV4,BICAN_Dev_Atlas+BICAN_Dev_P6,CELL_RANGER_DUAL_INDEX,1416122407,A8TX_250121_01_A01,R8TX-25020401,RTX-24014,20004,Cells,1338019172,L8TX_250123_01_E07,2666_A01,mouse,Mus musculus,1414784658,NYGC
NY-TX24014-5,10xV4,BICAN_Dev_Atlas+BICAN_Dev_P6,CELL_RANGER_DUAL_INDEX,1416122409,A8TX_250121_01_B01,R8TX-25020401,RTX-24014,19988,Cells,1338019172,L8TX_250123_01_F07,2666_B01,mouse,Mus musculus,1414784659,NYGC
NY-TX24014-6,10xV4,BICAN_Dev_Atlas+BICAN_Dev_P6,CELL_RANGER_DUAL_INDEX,1416122411,A8TX_250121_01_C01,R8TX-25020401,RTX-24014,20006,Cells,1338019172,L8TX_250123_01_G07,2667_A02,mouse,Mus musculus,1414473274,NYGC
NY-TX24014-7,10xV4,BICAN_Dev_Atlas+BICAN_Dev_P10,CELL_RANGER_DUAL_INDEX,1416122415,A8TX_250121_01_D01,R8TX-25020401,RTX-24014,19796,Cells,1338019172,L8TX_250123_01_H07,2668_1_C03,mouse,Mus musculus,1416103961,NYGC
NY-TX24014-8,10xV4,BICAN_Dev_Atlas+BICAN_Dev_P10,CELL_RANGER_DUAL_INDEX,1416122417,A8TX_250121_01_E01,R8TX-25020401,RTX-24014,19872,Cells,1338019172,L8TX_250123_01_A08,2668_1_D03,mouse,Mus musculus,1416103962,NYGC
NY-TX24014-9,10xV4,BICAN_Dev_Atlas+BICAN_Dev_P16,CELL_RANGER_DUAL_INDEX,1417655399,A8TX_250128_01_D01,R8TX-25020401,RTX-24014,19938,Cells,1338019172,L8TX_250130_01_H11,2676_A01,mouse,Mus musculus,1416101617,NYGC
NY-TX24015-1,10xV4,BICAN_Dev_Atlas+BICAN_Dev_P16,CELL_RANGER_DUAL_INDEX,1417655403,A8TX_250128_01_F01,R8TX-25020402,RTX-24015,19988,Cells,1338019172,L8TX_250130_01_F01,2676_C01,mouse,Mus musculus,1416101620,NYGC
NY-TX24015-10,10xV4,BICAN_Dev_Atlas+BICAN_Dev_P10,CELL_RANGER_DUAL_INDEX,1417655438,A8TX_250128_01_E03,R8TX-25020402,RTX-24015,19944,Cells,1338019172,L8TX_250130_01_F12,2689_B01,mouse,Mus musculus,1416805689,NYGC
NY-TX24015-2,10xV4,BICAN_Dev_Atlas+BICAN_Dev_P16,CELL_RANGER_DUAL_INDEX,1417655406,A8TX_250128_01_G01,R8TX-25020402,RTX-24015,19996,Cells,1338019172,L8TX_250130_01_A01,2677_A02,mouse,Mus musculus,1416048383,NYGC
NY-TX24015-3,10xV4,BICAN_Dev_Atlas+BICAN_Dev_P16,CELL_RANGER_DUAL_INDEX,1417655409,A8TX_250128_01_H01,R8TX-25020402,RTX-24015,19946,Cells,1338019172,L8TX_250130_01_B12,2677_B02,mouse,Mus musculus,1416048384,NYGC
NY-TX24015-4,10xV4,BICAN_Dev_Atlas+BICAN_Dev_P10,CELL_RANGER_DUAL_INDEX,1417655420,A8TX_250128_01_E02,R8TX-25020402,RTX-24015,19982,Cells,1338019172,L8TX_250130_01_C12,2685_A05,mouse,Mus musculus,1417182784,NYGC
NY-TX24015-5,10xV4,BICAN_Dev_Atlas+BICAN_Dev_P10,CELL_RANGER_DUAL_INDEX,1417655422,A8TX_250128_01_F02,R8TX-25020402,RTX-24015,19907,Cells,1338019172,L8TX_250130_01_A02,2685_B05,mouse,Mus musculus,1417182786,NYGC
NY-TX24015-6,10xV4,BICAN_Dev_Atlas+BICAN_Dev_P10,CELL_RANGER_DUAL_INDEX,1417655424,A8TX_250128_01_G02,R8TX-25020402,RTX-24015,19913,Cells,1338019172,L8TX_250130_01_D12,2686_A06,mouse,Mus musculus,1416984143,NYGC
NY-TX24015-7,10xV4,BICAN_Dev_Atlas+BICAN_Dev_P10,CELL_RANGER_DUAL_INDEX,1417655427,A8TX_250128_01_H02,R8TX-25020402,RTX-24015,19977,Cells,1338019172,L8TX_250130_01_B02,2686_B06,mouse,Mus musculus,1416984144,NYGC
NY-TX24015-8,10xV4,BICAN_Dev_Atlas+BICAN_Dev_P10,CELL_RANGER_DUAL_INDEX,1417655430,A8TX_250128_01_A03,R8TX-25020402,RTX-24015,20004,Cells,1338019172,L8TX_250130_01_H12,2686_C06,mouse,Mus musculus,1416984145,NYGC
NY-TX24015-9,10xV4,BICAN_Dev_Atlas+BICAN_Dev_P10,CELL_RANGER_DUAL_INDEX,1417655436,A8TX_250128_01_D03,R8TX-25020402,RTX-24015,20004,Cells,1338019172,L8TX_250130_01_E12,2689_A01,mouse,Mus musculus,1416805688,NYGC
NY-TX24016-1,10xV4,BICAN_Dev_Atlas+BICAN_Dev_P10,CELL_RANGER_DUAL_INDEX,1417655440,A8TX_250128_01_F03,R8TX-25022501,RTX-24016,19977,Cells,1338019172,L8TX_250130_01_D02,2691_A03,mouse,Mus musculus,1417655025,NYGC
NY-TX24016-10,10xV4,BICAN_Dev_Atlas+BICAN_Dev_P16,CELL_RANGER_DUAL_INDEX,1421817897,A8TX_250218_02_B01,R8TX-25022501,RTX-24016,19900,Cells,1338019172,L8TX_250220_01_C03,2715_B01,mouse,Mus musculus,1420227462,NYGC
NY-TX24016-2,10xV4,BICAN_Dev_Atlas+BICAN_Dev_P10,CELL_RANGER_DUAL_INDEX,1417655444,A8TX_250128_01_G03,R8TX-25022501,RTX-24016,19977,Cells,1338019172,L8TX_250130_01_G12,2691_B03,mouse,Mus musculus,1417655026,NYGC
NY-TX24016-3,10xV4,BICAN_Dev_Atlas+BICAN_Dev_P16,CELL_RANGER_DUAL_INDEX,1418778876,A8TX_250204_02_E01,R8TX-25022501,RTX-24016,19982,Cells,1338019172,L8TX_250206_01_A03,2695_A05,mouse,Mus musculus,1418591037,NYGC
NY-TX24016-4,10xV4,BICAN_Dev_Atlas+BICAN_Dev_P16,CELL_RANGER_DUAL_INDEX,1418778879,A8TX_250204_02_F01,R8TX-25022501,RTX-24016,20004,Cells,1338019172,L8TX_250206_01_G03,2695_B05,mouse,Mus musculus,1418591038,NYGC
NY-TX24016-5,10xV4,BICAN_Dev_Atlas+BICAN_Dev_P20,CELL_RANGER_DUAL_INDEX,1418778885,A8TX_250204_02_A02,R8TX-25022501,RTX-24016,19944,Cells,1338019172,L8TX_250206_01_D03,2702_A01,mouse,Mus musculus,1418137228,NYGC
NY-TX24016-6,10xV4,BICAN_Dev_Atlas+BICAN_Dev_P20,CELL_RANGER_DUAL_INDEX,1418778887,A8TX_250204_02_B02,R8TX-25022501,RTX-24016,19930,Cells,1338019172,L8TX_250206_01_H03,2702_B01,mouse,Mus musculus,1418137229,NYGC
NY-TX24016-7,10xV4,BICAN_Dev_Atlas+BICAN_Dev_P10,CELL_RANGER_DUAL_INDEX,1420587898,A8TX_250211_02_A01,R8TX-25022501,RTX-24016,19916,Cells,1338019172,L8TX_250213_01_B11,2704_A02,mouse,Mus musculus,1419016741,NYGC
NY-TX24016-8,10xV4,BICAN_Dev_Atlas+BICAN_Dev_P10,CELL_RANGER_DUAL_INDEX,1420587901,A8TX_250211_02_B01,R8TX-25022501,RTX-24016,19880,Cells,1338019172,L8TX_250213_01_C11,2704_B02,mouse,Mus musculus,1419016742,NYGC
NY-TX24016-9,10xV4,BICAN_Dev_Atlas+BICAN_Dev_P16,CELL_RANGER_DUAL_INDEX,1421817895,A8TX_250218_02_A01,R8TX-25022501,RTX-24016,19988,Cells,1338019172,L8TX_250220_01_F02,2715_A01,mouse,Mus musculus,1420227461,NYGC
NY-TX24017-1,10xV4,BICAN_Dev_Atlas+BICAN_Dev_P20,CELL_RANGER_DUAL_INDEX,1422870906,A8TX_250225_02_E01,R8TX-25031801,RTX-24017,19949,Cells,1338019172,L8TX_250227_01_F05,2737_A05,mouse,Mus musculus,1422023632,NYGC
NY-TX24017-10,10xV4_PX,HMBA_Macaque_Atlas+HMBA_NHP_SpC,CELL_RANGER_DUAL_INDEX,1424327908,A8PX_250304_03_A01,R8TX-25031801,RTX-24017,4750,Nuclei,1401481563,L8PX_250306_02_A01,2749_A-D_A01,macaque_nemestrina,Macaca nemestrina,1423299741,NYGC
NY-TX24017-11,10xV4,BICAN_Dev_Atlas+BICAN_Dev_P20,CELL_RANGER_DUAL_INDEX,1425928443,A8TX_250311_02_F03,R8TX-25031801,RTX-24017,19982,Cells,1338019172,L8TX_250313_01_H10,2763_A01,mouse,Mus musculus,1425698038,NYGC
NY-TX24017-12,10xV4,BICAN_Dev_Atlas+BICAN_Dev_P20,CELL_RANGER_DUAL_INDEX,1425928447,A8TX_250311_02_G03,R8TX-25031801,RTX-24017,19982,Cells,1338019172,L8TX_250313_01_A12,2763_B01,mouse,Mus musculus,1425698039,NYGC
NY-TX24017-2,10xV4,BICAN_Dev_Atlas+BICAN_Dev_P20,CELL_RANGER_DUAL_INDEX,1422870908,A8TX_250225_02_F01,R8TX-25031801,RTX-24017,19996,Cells,1338019172,L8TX_250227_01_G05,2737_B05,mouse,Mus musculus,1422023633,NYGC
NY-TX24017-3,10xV4,BICAN_Dev_Atlas+BICAN_Dev_P20,CELL_RANGER_DUAL_INDEX,1422870910,A8TX_250225_02_G01,R8TX-25031801,RTX-24017,19988,Cells,1338019172,L8TX_250227_01_H05,2738_A06,mouse,Mus musculus,1422556697,NYGC
NY-TX24017-4,10xV4,BICAN_Dev_Atlas+BICAN_Dev_P20,CELL_RANGER_DUAL_INDEX,1422870913,A8TX_250225_02_H01,R8TX-25031801,RTX-24017,20009,Cells,1338019172,L8TX_250227_01_A06,2738_B06,mouse,Mus musculus,1422556698,NYGC
NY-TX24017-5,10xV4,BICAN_Dev_Atlas+BICAN_Dev_P20,CELL_RANGER_DUAL_INDEX,1422870915,A8TX_250225_02_A02,R8TX-25031801,RTX-24017,19977,Cells,1338019172,L8TX_250227_01_F06,2738_C06,mouse,Mus musculus,1422556699,NYGC
NY-TX24017-6,10xV4,BICAN_Dev_Atlas+BICAN_Dev_P16,CELL_RANGER_DUAL_INDEX,1424327635,A8TX_250304_02_H01,R8TX-25031801,RTX-24017,19960,Cells,1338019172,L8TX_250306_01_F01,2743_A01,mouse,Mus musculus,1423075620,NYGC
NY-TX24017-7,10xV4,BICAN_Dev_Atlas+BICAN_Dev_P16,CELL_RANGER_DUAL_INDEX,1424327637,A8TX_250304_02_A02,R8TX-25031801,RTX-24017,19938,Cells,1338019172,L8TX_250306_01_B02,2743_B01,mouse,Mus musculus,1423075621,NYGC
NY-TX24017-8,10xV4,BICAN_Dev_Atlas+BICAN_Dev_P16,CELL_RANGER_DUAL_INDEX,1424327639,A8TX_250304_02_B02,R8TX-25031801,RTX-24017,19976,Cells,1338019172,L8TX_250306_01_C02,2744_A02,mouse,Mus musculus,1422876014,NYGC
NY-TX24017-9,10xV4,BICAN_Dev_Atlas+BICAN_Dev_P16,CELL_RANGER_DUAL_INDEX,1424327641,A8TX_250304_02_C02,R8TX-25031801,RTX-24017,19913,Cells,1338019172,L8TX_250306_01_G01,2744_B02,mouse,Mus musculus,1422876016,NYGC
NY_TX4064-1,10xV3.1_HT,AD_Center_Grant,CELL_RANGER_DUAL_INDEX,1245811542,A8HX_230130_01_B02,R8TX-23021401,RTX-4064,19993,Nuclei,1159883766,L8HX_230202_88_D08,1589_B02,human,Homo Sapiens,1243550067,NYGC
NY_TX4064-2,10xV3.1_HT,AD_Center_Grant,CELL_RANGER_DUAL_INDEX,1247015993,A8HX_230207_02_A01,R8TX-23021401,RTX-4064,19997,Nuclei,1159883766,L8HX_230209_22_F10,1599_A01,human,Homo Sapiens,1245188169,NYGC
NY_TX4064-3,10xV3.1_HT,AD_Center_Grant,CELL_RANGER_DUAL_INDEX,1247015995,A8HX_230207_02_B01,R8TX-23021401,RTX-4064,19972,Nuclei,1159883766,L8HX_230209_22_H10,1599_B01,human,Homo Sapiens,1245192378,NYGC
NY_TX4064-4,10xV3.1_HT,AD_Center_Grant,CELL_RANGER_DUAL_INDEX,1247015997,A8HX_230207_02_A02,R8TX-23021401,RTX-4064,19956,Nuclei,1159883766,L8HX_230209_22_G10,1599_A02,human,Homo Sapiens,1245192780,NYGC
NY_TX4064-1,10xV3.1_HT,AD_Center_Grant,CELL_RANGER_DUAL_INDEX,1245811542,A8HX_230130_01_B02,R8TX-23021401,RTX-4064,19993,Nuclei,1159883766,L8HX_230202_88_D08,1589_B02,human,Homo Sapiens,1243550067,NYGC
NY_TX4064-2,10xV3.1_HT,AD_Center_Grant,CELL_RANGER_DUAL_INDEX,1247015993,A8HX_230207_02_A01,R8TX-23021401,RTX-4064,19997,Nuclei,1159883766,L8HX_230209_22_F10,1599_A01,human,Homo Sapiens,1245188169,NYGC
NY_TX4064-3,10xV3.1_HT,AD_Center_Grant,CELL_RANGER_DUAL_INDEX,1247015995,A8HX_230207_02_B01,R8TX-23021401,RTX-4064,19972,Nuclei,1159883766,L8HX_230209_22_H10,1599_B01,human,Homo Sapiens,1245192378,NYGC
NY_TX4064-4,10xV3.1_HT,AD_Center_Grant,CELL_RANGER_DUAL_INDEX,1247015997,A8HX_230207_02_A02,R8TX-23021401,RTX-4064,19956,Nuclei,1159883766,L8HX_230209_22_G10,1599_A02,human,Homo Sapiens,1245192780,NYGC
NY-MX2127-1,10xRSeq_Mult,SCORCH,ARC-RSEQ,1255661532,A8XR_230314_01_C01,R8XR-23032802,MTX-2127,10000,Nuclei,1061736705,L8XR_230316_22_C11,1646_C03,mouse,Mus musculus,1254738042,NYGC
NY-MX2127-2,10xRSeq_Mult,SCORCH,ARC-RSEQ,1255661536,A8XR_230314_01_D01,R8XR-23032802,MTX-2127,10000,Nuclei,1061736705,L8XR_230316_22_A11,1648_A04,mouse,Mus musculus,1255580749,NYGC
NY-MX2127-3,10xRSeq_Mult,SCORCH,ARC-RSEQ,1255661540,A8XR_230314_01_E01,R8XR-23032802,MTX-2127,10000,Nuclei,1061736705,L8XR_230316_22_D11,1648_B04,mouse,Mus musculus,1255573983,NYGC
NY-MX2127-4,10xRSeq_Mult,SCORCH,ARC-RSEQ,1255661543,A8XR_230314_01_F01,R8XR-23032802,MTX-2127,10000,Nuclei,1061736705,L8XR_230316_22_G10,1648_C04,mouse,Mus musculus,1255573984,NYGC
NY-MX2127-5,10xRSeq_Mult,SCORCH,ARC-RSEQ,1255661546,A8XR_230314_01_G01,R8XR-23032802,MTX-2127,10000,Nuclei,1061736705,L8XR_230316_22_B11,1650_A01,mouse,Mus musculus,1254774997,NYGC
NY-MX2127-6,10xRSeq_Mult,SCORCH,ARC-RSEQ,1255661549,A8XR_230314_01_H01,R8XR-23032802,MTX-2127,10000,Nuclei,1061736705,L8XR_230316_22_H10,1650_B01,mouse,Mus musculus,1254775020,NYGC
NY-MX2127-7,10xRSeq_Mult,SCORCH,ARC-RSEQ,1258109344,A8XR_230321_01_A01,R8XR-23032802,MTX-2127,10000,Nuclei,1061736705,L8XR_230323_01_C12,1652_A02,mouse,Mus musculus,1255590797,NYGC
NY-MX2127-8,10xRSeq_Mult,SCORCH,ARC-RSEQ,1258109346,A8XR_230321_01_B01,R8XR-23032802,MTX-2127,10000,Nuclei,1061736705,L8XR_230323_01_D12,1652_B02,mouse,Mus musculus,1255575062,NYGC
NY-MX2127-9,10xRSeq_Mult,SCORCH,ARC-RSEQ,1258109349,A8XR_230321_01_C01,R8XR-23032802,MTX-2127,10000,Nuclei,1061736705,L8XR_230323_01_E12,1653_A03,mouse,Mus musculus,1257556586,NYGC
NY-AT0635-1,10xATAC_Mult,SCORCH,ARC-ATAC,1255660990,B8XM_230314_01_C01,R8XA-23032803,ATX-635,10000,Nuclei,1061736689,L8XA_230314_01_F04,1646_C03,mouse,Mus musculus,1254738033,NYGC
NY-AT0635-2,10xATAC_Mult,SCORCH,ARC-ATAC,1255660992,B8XM_230314_01_D01,R8XA-23032803,ATX-635,10000,Nuclei,1061736689,L8XA_230314_01_G04,1648_A04,mouse,Mus musculus,1255580738,NYGC
NY-AT0635-3,10xATAC_Mult,SCORCH,ARC-ATAC,1255660996,B8XM_230314_01_E01,R8XA-23032803,ATX-635,10000,Nuclei,1061736689,L8XA_230314_01_H04,1648_B04,mouse,Mus musculus,1255573965,NYGC
NY-AT0635-4,10xATAC_Mult,SCORCH,ARC-ATAC,1255660998,B8XM_230314_01_F01,R8XA-23032803,ATX-635,10000,Nuclei,1061736689,L8XA_230314_01_A05,1648_C04,mouse,Mus musculus,1255573966,NYGC
NY-AT0635-5,10xATAC_Mult,SCORCH,ARC-ATAC,1255661000,B8XM_230314_01_G01,R8XA-23032803,ATX-635,10000,Nuclei,1061736689,L8XA_230314_01_B05,1650_A01,mouse,Mus musculus,1254774986,NYGC
NY-AT0635-6,10xATAC_Mult,SCORCH,ARC-ATAC,1255661002,B8XM_230314_01_H01,R8XA-23032803,ATX-635,10000,Nuclei,1061736689,L8XA_230314_01_C05,1650_B01,mouse,Mus musculus,1254775009,NYGC
NY-AT0635-7,10xATAC_Mult,SCORCH,ARC-ATAC,1258094231,B8XM_230321_01_A01,R8XA-23032803,ATX-635,10000,Nuclei,1061736689,L8XA_230321_01_D05,1652_A02,mouse,Mus musculus,1255590787,NYGC
NY-AT0635-8,10xATAC_Mult,SCORCH,ARC-ATAC,1258094234,B8XM_230321_01_B01,R8XA-23032803,ATX-635,10000,Nuclei,1061736689,L8XA_230321_01_E05,1652_B02,mouse,Mus musculus,1255575052,NYGC
NY-AT0635-9,10xATAC_Mult,SCORCH,ARC-ATAC,1258094237,B8XM_230321_01_C01,R8XA-23032803,ATX-635,10000,Nuclei,1061736689,L8XA_230321_01_F05,1653_A03,mouse,Mus musculus,1257556576,NYGC
NY-MX2135-1,10xRSeq_Mult,SCORCH,ARC-RSEQ,1255661532,A8XR_230314_01_C01,R8XR-23052301,MTX-2135,10000,Nuclei,1061736705,L8XR_230316_22_C11,1646_C03,mouse,Mus musculus,1254738042,NYGC
NY-MX2135-2,10xRSeq_Mult,SCORCH,ARC-RSEQ,1255661536,A8XR_230314_01_D01,R8XR-23052301,MTX-2135,10000,Nuclei,1061736705,L8XR_230316_22_A11,1648_A04,mouse,Mus musculus,1255580749,NYGC
NY-MX2135-3,10xRSeq_Mult,SCORCH,ARC-RSEQ,1255661540,A8XR_230314_01_E01,R8XR-23052301,MTX-2135,10000,Nuclei,1061736705,L8XR_230316_22_D11,1648_B04,mouse,Mus musculus,1255573983,NYGC
NY-MX2135-4,10xRSeq_Mult,SCORCH,ARC-RSEQ,1255661543,A8XR_230314_01_F01,R8XR-23052301,MTX-2135,10000,Nuclei,1061736705,L8XR_230316_22_G10,1648_C04,mouse,Mus musculus,1255573984,NYGC
NY-MX2135-5,10xRSeq_Mult,SCORCH,ARC-RSEQ,1255661546,A8XR_230314_01_G01,R8XR-23052301,MTX-2135,10000,Nuclei,1061736705,L8XR_230316_22_B11,1650_A01,mouse,Mus musculus,1254774997,NYGC
NY-MX2135-6,10xRSeq_Mult,SCORCH,ARC-RSEQ,1255661549,A8XR_230314_01_H01,R8XR-23052301,MTX-2135,10000,Nuclei,1061736705,L8XR_230316_22_H10,1650_B01,mouse,Mus musculus,1254775020,NYGC
NY-MX2135-7,10xRSeq_Mult,SCORCH,ARC-RSEQ,1258109344,A8XR_230321_01_A01,R8XR-23052301,MTX-2135,10000,Nuclei,1061736705,L8XR_230323_01_C12,1652_A02,mouse,Mus musculus,1255590797,NYGC
NY-MX2135-8,10xRSeq_Mult,SCORCH,ARC-RSEQ,1258109346,A8XR_230321_01_B01,R8XR-23052301,MTX-2135,10000,Nuclei,1061736705,L8XR_230323_01_D12,1652_B02,mouse,Mus musculus,1255575062,NYGC
NY-MX2135-9,10xRSeq_Mult,SCORCH,ARC-RSEQ,1258109349,A8XR_230321_01_C01,R8XR-23052301,MTX-2135,10000,Nuclei,1061736705,L8XR_230323_01_E12,1653_A03,mouse,Mus musculus,1257556586,NYGC
NY-MX2135-1,10xRSeq_Mult,SCORCH,ARC-RSEQ,1255661532,A8XR_230314_01_C01,R8XR-23052301,MTX-2135,10000,Nuclei,1061736705,L8XR_230316_22_C11,1646_C03,mouse,Mus musculus,1254738042,NYGC
NY-MX2135-2,10xRSeq_Mult,SCORCH,ARC-RSEQ,1255661536,A8XR_230314_01_D01,R8XR-23052301,MTX-2135,10000,Nuclei,1061736705,L8XR_230316_22_A11,1648_A04,mouse,Mus musculus,1255580749,NYGC
NY-MX2135-3,10xRSeq_Mult,SCORCH,ARC-RSEQ,1255661540,A8XR_230314_01_E01,R8XR-23052301,MTX-2135,10000,Nuclei,1061736705,L8XR_230316_22_D11,1648_B04,mouse,Mus musculus,1255573983,NYGC
NY-MX2135-4,10xRSeq_Mult,SCORCH,ARC-RSEQ,1255661543,A8XR_230314_01_F01,R8XR-23052301,MTX-2135,10000,Nuclei,1061736705,L8XR_230316_22_G10,1648_C04,mouse,Mus musculus,1255573984,NYGC
NY-MX2135-5,10xRSeq_Mult,SCORCH,ARC-RSEQ,1255661546,A8XR_230314_01_G01,R8XR-23052301,MTX-2135,10000,Nuclei,1061736705,L8XR_230316_22_B11,1650_A01,mouse,Mus musculus,1254774997,NYGC
NY-MX2135-6,10xRSeq_Mult,SCORCH,ARC-RSEQ,1255661549,A8XR_230314_01_H01,R8XR-23052301,MTX-2135,10000,Nuclei,1061736705,L8XR_230316_22_H10,1650_B01,mouse,Mus musculus,1254775020,NYGC
NY-MX2135-7,10xRSeq_Mult,SCORCH,ARC-RSEQ,1258109344,A8XR_230321_01_A01,R8XR-23052301,MTX-2135,10000,Nuclei,1061736705,L8XR_230323_01_C12,1652_A02,mouse,Mus musculus,1255590797,NYGC
NY-MX2135-8,10xRSeq_Mult,SCORCH,ARC-RSEQ,1258109346,A8XR_230321_01_B01,R8XR-23052301,MTX-2135,10000,Nuclei,1061736705,L8XR_230323_01_D12,1652_B02,mouse,Mus musculus,1255575062,NYGC
NY-MX2135-9,10xRSeq_Mult,SCORCH,ARC-RSEQ,1258109349,A8XR_230321_01_C01,R8XR-23052301,MTX-2135,10000,Nuclei,1061736705,L8XR_230323_01_E12,1653_A03,mouse,Mus musculus,1257556586,NYGC
NY-TX4081-1,10xRSeq_Mult,HEAD_Network,ARC-RSEQ,1268341370,A8XR_230425_01_B02,R8TX-23050901,RTX-4081,10000,Nuclei,1061736705,L8XR_230427_21_B02,1692_B01,mouse,Mus musculus,1268158898,NYGC
NY-TX4081-2,10xRSeq_Mult,HEAD_Network,ARC-RSEQ,1268341373,A8XR_230425_01_C02,R8TX-23050901,RTX-4081,10000,Nuclei,1061736705,L8XR_230427_21_C02,1692_C01,mouse,Mus musculus,1266631470,NYGC
NY-TX4081-3,10xRSeq_Mult,HEAD_Network,ARC-RSEQ,1268341376,A8XR_230425_01_D02,R8TX-23050901,RTX-4081,10000,Nuclei,1061736705,L8XR_230427_21_H12,1692_D01,mouse,Mus musculus,1266631471,NYGC
NY-TX4081-4,10xRSeq_Mult,HEAD_Network,ARC-RSEQ,1269812366,A8XR_230502_01_D04,R8TX-23050901,RTX-4081,10000,Nuclei,1061736705,L8XR_230504_22_A03,1695_A02,mouse,Mus musculus,1269805183,NYGC
NY-TX4081-5,10xRSeq_Mult,HEAD_Network,ARC-RSEQ,1269812368,A8XR_230502_01_E04,R8TX-23050901,RTX-4081,10000,Nuclei,1061736705,L8XR_230505_01_F08,1695_B02,mouse,Mus musculus,1269805184,NYGC
NY-TX4081-6,10xRSeq_Mult,HEAD_Network,ARC-RSEQ,1269812340,A8XR_230502_01_A03,R8TX-23050901,RTX-4081,10000,Nuclei,1061736705,L8XR_230505_01_A07,1695_C02,mouse,Mus musculus,1266857284,NYGC
NY-TX4081-7,10xRSeq_Mult,HEAD_Network,ARC-RSEQ,1269812370,A8XR_230502_01_F04,R8TX-23050901,RTX-4081,10000,Nuclei,1061736705,L8XR_230505_01_G08,1695_D02,mouse,Mus musculus,1266857285,NYGC
NY-TX4081-8,10xRSeq_Mult,HEAD_Network,ARC-RSEQ,1269812347,A8XR_230502_01_D03,R8TX-23050901,RTX-4081,10000,Nuclei,1061736705,L8XR_230505_01_B08,1700_A06,mouse,Mus musculus,1268155773,NYGC
NY-TX4081-9,10xRSeq_Mult,HEAD_Network,ARC-RSEQ,1269812349,A8XR_230502_01_E03,R8TX-23050901,RTX-4081,10000,Nuclei,1061736705,L8XR_230505_01_C08,1700_B06,mouse,Mus musculus,1268155774,NYGC
NY-TX4082-1,10xRSeq_Mult,HEAD_Network,ARC-RSEQ,1269812352,A8XR_230502_01_F03,R8TX-23050902,RTX-4082,10000,Nuclei,1061736705,L8XR_230505_01_B07,1700_C06,mouse,Mus musculus,1267720719,NYGC
NY-TX4082-2,10xRSeq_Mult,HEAD_Network,ARC-RSEQ,1269812354,A8XR_230502_01_G03,R8TX-23050902,RTX-4082,10000,Nuclei,1061736705,L8XR_230505_01_D08,1700_D06,mouse,Mus musculus,1267720720,NYGC
NY-TX4082-3,10xV3.1_HT,AD_Center_Grant,CELL_RANGER_DUAL_INDEX,1268552957,A8HX_230501_02_A01,R8TX-23050902,RTX-4082,19954,Nuclei,1159883766,L8HX_230505_02_A09,1699_A01,human,Homo Sapiens,1267955403,NYGC
NY-TX4082-4,10xV3.1_HT,AD_Center_Grant,CELL_RANGER_DUAL_INDEX,1268552959,A8HX_230501_02_A02,R8TX-23050902,RTX-4082,19954,Nuclei,1159883766,L8HX_230505_02_H08,1699_A02,human,Homo Sapiens,1267957001,NYGC
NY-TX4082-5,10xRSeq_Mult,HEAD_Network,ARC-RSEQ,1269812357,A8XR_230502_01_H03,R8TX-23050902,RTX-4082,10000,Nuclei,1061736705,L8XR_230504_22_D03,1701_A01,mouse,Mus musculus,1268105629,NYGC
NY-TX4082-6,10xRSeq_Mult,HEAD_Network,ARC-RSEQ,1269812359,A8XR_230502_01_A04,R8TX-23050902,RTX-4082,10000,Nuclei,1061736705,L8XR_230504_22_E03,1701_B01,mouse,Mus musculus,1268105631,NYGC
NY-TX4082-7,10xRSeq_Mult,HEAD_Network,ARC-RSEQ,1269812361,A8XR_230502_01_B04,R8TX-23050902,RTX-4082,10000,Nuclei,1061736705,L8XR_230504_22_H02,1701_C01,mouse,Mus musculus,1269800224,NYGC
NY-AT0643-1,10xATAC_Mult,SCORCH,ARC-ATAC,1255660990,B8XM_230314_01_C01,R8XA-23052302,ATX-643,10000,Nuclei,1061736689,L8XA_230314_01_F04,1646_C03,mouse,Mus musculus,1254738033,NYGC
NY-AT0643-2,10xATAC_Mult,SCORCH,ARC-ATAC,1255660992,B8XM_230314_01_D01,R8XA-23052302,ATX-643,10000,Nuclei,1061736689,L8XA_230314_01_G04,1648_A04,mouse,Mus musculus,1255580738,NYGC
NY-AT0643-3,10xATAC_Mult,SCORCH,ARC-ATAC,1255660996,B8XM_230314_01_E01,R8XA-23052302,ATX-643,10000,Nuclei,1061736689,L8XA_230314_01_H04,1648_B04,mouse,Mus musculus,1255573965,NYGC
NY-AT0643-4,10xATAC_Mult,SCORCH,ARC-ATAC,1255660998,B8XM_230314_01_F01,R8XA-23052302,ATX-643,10000,Nuclei,1061736689,L8XA_230314_01_A05,1648_C04,mouse,Mus musculus,1255573966,NYGC
NY-AT0643-5,10xATAC_Mult,SCORCH,ARC-ATAC,1255661000,B8XM_230314_01_G01,R8XA-23052302,ATX-643,10000,Nuclei,1061736689,L8XA_230314_01_B05,1650_A01,mouse,Mus musculus,1254774986,NYGC
NY-AT0643-6,10xATAC_Mult,SCORCH,ARC-ATAC,1255661002,B8XM_230314_01_H01,R8XA-23052302,ATX-643,10000,Nuclei,1061736689,L8XA_230314_01_C05,1650_B01,mouse,Mus musculus,1254775009,NYGC
NY-AT0643-7,10xATAC_Mult,SCORCH,ARC-ATAC,1258094231,B8XM_230321_01_A01,R8XA-23052302,ATX-643,10000,Nuclei,1061736689,L8XA_230321_01_D05,1652_A02,mouse,Mus musculus,1255590787,NYGC
NY-AT0643-8,10xATAC_Mult,SCORCH,ARC-ATAC,1258094234,B8XM_230321_01_B01,R8XA-23052302,ATX-643,10000,Nuclei,1061736689,L8XA_230321_01_E05,1652_B02,mouse,Mus musculus,1255575052,NYGC
NY-AT0643-9,10xATAC_Mult,SCORCH,ARC-ATAC,1258094237,B8XM_230321_01_C01,R8XA-23052302,ATX-643,10000,Nuclei,1061736689,L8XA_230321_01_F05,1653_A03,mouse,Mus musculus,1257556576,NYGC
NY-AT0643-1,10xATAC_Mult,SCORCH,ARC-ATAC,1255660990,B8XM_230314_01_C01,R8XA-23052302,ATX-643,10000,Nuclei,1061736689,L8XA_230314_01_F04,1646_C03,mouse,Mus musculus,1254738033,NYGC
NY-AT0643-2,10xATAC_Mult,SCORCH,ARC-ATAC,1255660992,B8XM_230314_01_D01,R8XA-23052302,ATX-643,10000,Nuclei,1061736689,L8XA_230314_01_G04,1648_A04,mouse,Mus musculus,1255580738,NYGC
NY-AT0643-3,10xATAC_Mult,SCORCH,ARC-ATAC,1255660996,B8XM_230314_01_E01,R8XA-23052302,ATX-643,10000,Nuclei,1061736689,L8XA_230314_01_H04,1648_B04,mouse,Mus musculus,1255573965,NYGC
NY-AT0643-4,10xATAC_Mult,SCORCH,ARC-ATAC,1255660998,B8XM_230314_01_F01,R8XA-23052302,ATX-643,10000,Nuclei,1061736689,L8XA_230314_01_A05,1648_C04,mouse,Mus musculus,1255573966,NYGC
NY-AT0643-5,10xATAC_Mult,SCORCH,ARC-ATAC,1255661000,B8XM_230314_01_G01,R8XA-23052302,ATX-643,10000,Nuclei,1061736689,L8XA_230314_01_B05,1650_A01,mouse,Mus musculus,1254774986,NYGC
NY-AT0643-6,10xATAC_Mult,SCORCH,ARC-ATAC,1255661002,B8XM_230314_01_H01,R8XA-23052302,ATX-643,10000,Nuclei,1061736689,L8XA_230314_01_C05,1650_B01,mouse,Mus musculus,1254775009,NYGC
NY-AT0643-7,10xATAC_Mult,SCORCH,ARC-ATAC,1258094231,B8XM_230321_01_A01,R8XA-23052302,ATX-643,10000,Nuclei,1061736689,L8XA_230321_01_D05,1652_A02,mouse,Mus musculus,1255590787,NYGC
NY-AT0643-8,10xATAC_Mult,SCORCH,ARC-ATAC,1258094234,B8XM_230321_01_B01,R8XA-23052302,ATX-643,10000,Nuclei,1061736689,L8XA_230321_01_E05,1652_B02,mouse,Mus musculus,1255575052,NYGC
NY-AT0643-9,10xATAC_Mult,SCORCH,ARC-ATAC,1258094237,B8XM_230321_01_C01,R8XA-23052302,ATX-643,10000,Nuclei,1061736689,L8XA_230321_01_F05,1653_A03,mouse,Mus musculus,1257556576,NYGC
NY-AT0645-1,10xATAC_Mult,Cocaine,ARC-ATAC,1274279271,B8XM_230530_01_C01,R8XA-23061303,ATX-645,10000,Nuclei,1061736689,L8XA_230530_01_E07,1721.1_D03,mouse,Mus musculus,1273573960,NYGC
NY-AT0645-10,10xATAC_Mult,HMBA_Macaque_Atlas+HMBA_Macaque_Atlas_THM,ARC-ATAC,1275781006,B8XM_230606_01_B01,R8XA-23061303,ATX-645,1705,Nuclei,1061736689,L8XA_230606_01_B08,1734_A01,macaque,Macaca mulatta,1275059909,NYGC
NY-AT0645-11,10xATAC_Mult,HMBA_Macaque_Atlas+HMBA_Macaque_Atlas_THM,ARC-ATAC,1275781008,B8XM_230606_01_C01,R8XA-23061303,ATX-645,10000,Nuclei,1061736689,L8XA_230606_01_D08,1729_A03,macaque,Macaca mulatta,1274782821,NYGC
NY-AT0645-12,10xATAC_Mult,HMBA_Macaque_Atlas+HMBA_Macaque_Atlas_THM,ARC-ATAC,1275781010,B8XM_230606_01_D01,R8XA-23061303,ATX-645,10000,Nuclei,1061736689,L8XA_230606_01_E08,1729_B03,macaque,Macaca mulatta,1274782822,NYGC
NY-AT0645-2,10xATAC_Mult,HMBA_Macaque_Atlas+HMBA_Macaque_Atlas_HTH,ARC-ATAC,1274279273,B8XM_230530_01_D01,R8XA-23061303,ATX-645,329,Nuclei,1061736689,L8XA_230530_01_H06,1722_A04,macaque,Macaca mulatta,1273905574,NYGC
NY-AT0645-3,10xATAC_Mult,HMBA_Macaque_Atlas+HMBA_Macaque_Atlas_THM,ARC-ATAC,1274279277,B8XM_230530_01_E01,R8XA-23061303,ATX-645,229,Nuclei,1061736689,L8XA_230530_01_A07,1722_B04,macaque,Macaca mulatta,1273905575,NYGC
NY-AT0645-4,10xATAC_Mult,Cocaine,ARC-ATAC,1274279279,B8XM_230530_01_F01,R8XA-23061303,ATX-645,10000,Nuclei,1061736689,L8XA_230530_01_F07,1723_A05,mouse,Mus musculus,1273858392,NYGC
NY-AT0645-5,10xATAC_Mult,Cocaine,ARC-ATAC,1274279281,B8XM_230530_01_G01,R8XA-23061303,ATX-645,10000,Nuclei,1061736689,L8XA_230530_01_G07,1723_B05,mouse,Mus musculus,1274268701,NYGC
NY-AT0645-6,10xATAC_Mult,Cocaine,ARC-ATAC,1274279285,B8XM_230530_01_H01,R8XA-23061303,ATX-645,10000,Nuclei,1061736689,L8XA_230530_01_H07,1723.1_D05,mouse,Mus musculus,1274268703,NYGC
NY-AT0645-7,10xATAC_Mult,BG_paper_Macaque+HMBA_Macaque_Atlas+HMBA_Macaque_Atlas_BN_BF,ARC-ATAC,1274279287,B8XM_230530_01_A02,R8XA-23061303,ATX-645,8509,Nuclei,1061736689,L8XA_230530_01_A08,1724_A06,macaque,Macaca mulatta,1274031866,NYGC
NY-AT0645-8,10xATAC_Mult,BG_paper_Macaque+HMBA_Macaque_Atlas+HMBA_Macaque_Atlas_BN_BF,ARC-ATAC,1274279289,B8XM_230530_01_B02,R8XA-23061303,ATX-645,2611,Nuclei,1061736689,L8XA_230530_01_B07,1724_B06,macaque,Macaca mulatta,1274031867,NYGC
NY-AT0645-9,10xATAC_Mult,HMBA_Macaque_Atlas+HMBA_Macaque_Atlas_THM,ARC-ATAC,1275781003,B8XM_230606_01_A01,R8XA-23061303,ATX-645,6366,Nuclei,1061736689,L8XA_230606_01_C08,1728_A02,macaque,Macaca mulatta,1275059334,NYGC
NY-MX2137-1,10xRSeq_Mult,Cocaine,ARC-RSEQ,1275147713,A8XR_230530_01_B02,R8XR-23061302,MTX-2137,10000,Nuclei,1061736705,L8XR_230601_21_G03,1721.1_D03,mouse,Mus musculus,1273573970,NYGC
NY-MX2137-10,10xRSeq_Mult,HMBA_Macaque_Atlas+HMBA_Macaque_Atlas_THM,ARC-RSEQ,1275782218,A8XR_230606_01_C01,R8XR-23061302,MTX-2137,1705,Nuclei,1061736705,L8XR_230608_22_C07,1734_A01,macaque,Macaca mulatta,1275059920,NYGC
NY-MX2137-11,10xRSeq_Mult,HMBA_Macaque_Atlas+HMBA_Macaque_Atlas_THM,ARC-RSEQ,1275782225,A8XR_230606_01_E01,R8XR-23061302,MTX-2137,10000,Nuclei,1061736705,L8XR_230608_22_D07,1729_A03,macaque,Macaca mulatta,1274782832,NYGC
NY-MX2137-12,10xRSeq_Mult,HMBA_Macaque_Atlas+HMBA_Macaque_Atlas_THM,ARC-RSEQ,1275782229,A8XR_230606_01_F01,R8XR-23061302,MTX-2137,10000,Nuclei,1061736705,L8XR_230608_22_E07,1729_B03,macaque,Macaca mulatta,1274782833,NYGC
NY-MX2137-2,10xRSeq_Mult,HMBA_Macaque_Atlas+HMBA_Macaque_Atlas_HTH,ARC-RSEQ,1275147690,A8XR_230530_01_A01,R8XR-23061302,MTX-2137,329,Nuclei,1061736705,L8XR_230608_22_A07,1722_A04,macaque,Macaca mulatta,1273905583,NYGC
NY-MX2137-3,10xRSeq_Mult,HMBA_Macaque_Atlas+HMBA_Macaque_Atlas_THM,ARC-RSEQ,1275147693,A8XR_230530_01_B01,R8XR-23061302,MTX-2137,229,Nuclei,1061736705,L8XR_230608_22_B07,1722_B04,macaque,Macaca mulatta,1273905584,NYGC
NY-MX2137-4,10xRSeq_Mult,Cocaine,ARC-RSEQ,1275147700,A8XR_230530_01_E01,R8XR-23061302,MTX-2137,10000,Nuclei,1061736705,L8XR_230601_21_C03,1723_A05,mouse,Mus musculus,1273858401,NYGC
NY-MX2137-5,10xRSeq_Mult,Cocaine,ARC-RSEQ,1275147703,A8XR_230530_01_F01,R8XR-23061302,MTX-2137,10000,Nuclei,1061736705,L8XR_230601_21_D03,1723_B05,mouse,Mus musculus,1274268711,NYGC
NY-MX2137-6,10xRSeq_Mult,Cocaine,ARC-RSEQ,1275147706,A8XR_230530_01_G01,R8XR-23061302,MTX-2137,10000,Nuclei,1061736705,L8XR_230601_21_B03,1723.1_D05,mouse,Mus musculus,1274268713,NYGC
NY-MX2137-7,10xRSeq_Mult,BG_paper_Macaque+HMBA_Macaque_Atlas+HMBA_Macaque_Atlas_BN_BF,ARC-RSEQ,1275147698,A8XR_230530_01_D01,R8XR-23061302,MTX-2137,8509,Nuclei,1061736705,L8XR_230601_21_H03,1724_A06,macaque,Macaca mulatta,1274031876,NYGC
NY-MX2137-8,10xRSeq_Mult,BG_paper_Macaque+HMBA_Macaque_Atlas+HMBA_Macaque_Atlas_BN_BF,ARC-RSEQ,1275147695,A8XR_230530_01_C01,R8XR-23061302,MTX-2137,2611,Nuclei,1061736705,L8XR_230601_21_A03,1724_B06,macaque,Macaca mulatta,1274031877,NYGC
NY-MX2137-9,10xRSeq_Mult,HMBA_Macaque_Atlas+HMBA_Macaque_Atlas_THM,ARC-RSEQ,1275782222,A8XR_230606_01_D01,R8XR-23061302,MTX-2137,6366,Nuclei,1061736705,L8XR_230608_22_F07,1728_A02,macaque,Macaca mulatta,1275059344,NYGC
NY-TX4086-1,10xV3.1_HT,AD_Center_Grant,CELL_RANGER_DUAL_INDEX,1275144603,A8HX_230530_02_A02,R8TX-23061301,RTX-4086,19968,Nuclei,1159883766,L8HX_230601_22_A04,1725_A02,human,Homo Sapiens,1273660865,NYGC
NY-TX4086-2,10xV3.1_HT,AD_Center_Grant,CELL_RANGER_DUAL_INDEX,1275144605,A8HX_230530_02_B02,R8TX-23061301,RTX-4086,19981,Nuclei,1159883766,L8HX_230601_22_B04,1725_B02,human,Homo Sapiens,1273661689,NYGC
NY-TX4086-3,10xV3.1_HT,AD_Center_Grant,CELL_RANGER_DUAL_INDEX,1275144607,A8HX_230530_02_C02,R8TX-23061301,RTX-4086,19947,Nuclei,1159883766,L8HX_230601_22_G04,1725_C02,human,Homo Sapiens,1273665259,NYGC
NY-TX4086-4,10xV3.1D,Capsid+HGT,CELL_RANGER_DUAL_INDEX,1276771755,A8TX_230605_01_C01,R8TX-23061301,RTX-4086,10713,Cells,1159883646,L8TX_230608_21_D06,1726_A01,mouse,Mus musculus,1273658328,NYGC
NY-TX4086-5,10xV3.1D,Capsid+HGT,CELL_RANGER_DUAL_INDEX,1276771750,A8TX_230605_01_A01,R8TX-23061301,RTX-4086,10715,Cells,1159883646,L8TX_230608_21_A06,1726_B01,mouse,Mus musculus,1273658327,NYGC
NY-TX4086-6,10xV3.1D,Capsid+HGT,CELL_RANGER_DUAL_INDEX,1276771757,A8TX_230605_01_D01,R8TX-23061301,RTX-4086,10725,Cells,1159883646,L8TX_230608_21_B06,1726_C01,mouse,Mus musculus,1273658326,NYGC
NY-MX2138-1,10xRSeq_Mult,AD_Center_Grant,ARC-RSEQ,1277089949,A8XR_230613_01_A01,R8XR-23071102,MTX-2138,10000,Nuclei,1061736705,L8XR_230615_22_A09,1738_A03,human,Homo Sapiens,1276321277,NYGC
NY-MX2138-10,10xRSeq_Mult,AD_Center_Grant,ARC-RSEQ,1281346634,A8XR_230703_02_A01,R8XR-23071102,MTX-2138,10000,Nuclei,1061736705,L8XR_230706_22_D01,1765_A06,human,Homo Sapiens,1279887027,NYGC
NY-MX2138-2,10xRSeq_Mult,AD_Center_Grant,ARC-RSEQ,1277089952,A8XR_230613_01_B01,R8XR-23071102,MTX-2138,10000,Nuclei,1061736705,L8XR_230615_22_B09,1738_B03,human,Homo Sapiens,1276321276,NYGC
NY-MX2138-3,10xRSeq_Mult,AD_Center_Grant,ARC-RSEQ,1277089954,A8XR_230613_01_C01,R8XR-23071102,MTX-2138,10000,Nuclei,1061736705,L8XR_230615_22_E08,1740_A04,human,Homo Sapiens,1276325586,NYGC
NY-MX2138-4,10xRSeq_Mult,AD_Center_Grant,ARC-RSEQ,1277089956,A8XR_230613_01_D01,R8XR-23071102,MTX-2138,10000,Nuclei,1061736705,L8XR_230615_22_F08,1740_B04,human,Homo Sapiens,1276325585,NYGC
NY-MX2138-5,10xRSeq_Mult,NHP_SpC,ARC-RSEQ,1278408158,A8XR_230620_02_B01,R8XR-23071102,MTX-2138,5201,Nuclei,1061736705,L8XR_230622_22_F09,1746_A03,macaque_nemestrina,Macaca nemestrina,1277648958,NYGC
NY-MX2138-6,10xRSeq_Mult,NHP_SpC,ARC-RSEQ,1278408155,A8XR_230620_02_A01,R8XR-23071102,MTX-2138,1863,Nuclei,1061736705,L8XR_230622_22_E09,1749_A05,macaque_nemestrina,Macaca nemestrina,1277642411,NYGC
NY-MX2138-7,10xRSeq_Mult,AD_Center_Grant,ARC-RSEQ,1279891759,A8XR_230627_01_E01,R8XR-23071102,MTX-2138,10000,Nuclei,1061736705,L8XR_230629_22_F11,1758_A01,human,Homo Sapiens,1279162617,NYGC
NY-MX2138-8,10xRSeq_Mult,AD_Center_Grant,ARC-RSEQ,1279891772,A8XR_230627_01_F01,R8XR-23071102,MTX-2138,10000,Nuclei,1061736705,L8XR_230629_22_C12,1758_B01,human,Homo Sapiens,1279162618,NYGC
NY-MX2138-9,10xRSeq_Mult,AD_Center_Grant,ARC-RSEQ,1279891786,A8XR_230627_01_G01,R8XR-23071102,MTX-2138,10000,Nuclei,1061736705,L8XR_230629_22_D12,1758_C01,human,Homo Sapiens,1279162619,NYGC
NY-MX2139-1,10xRSeq_Mult,AD_Center_Grant,ARC-RSEQ,1281346636,A8XR_230703_02_B01,R8XR-23072501,MTX-2139,10000,Nuclei,1061736705,L8XR_230706_22_G12,1765_B06,human,Homo Sapiens,1280736983,NYGC
NY-MX2139-2,10xRSeq_Mult,NHP_SpC,ARC-RSEQ,1281346638,A8XR_230703_02_C01,R8XR-23072501,MTX-2139,7220,Nuclei,1061736705,L8XR_230706_22_H12,1764_A05,macaque_nemestrina,Macaca nemestrina,1280737590,NYGC
NY-MX2139-3,10xRSeq_Mult,AD_Center_Grant,ARC-RSEQ,1285922978,A8XR_230711_01_E01,R8XR-23072501,MTX-2139,10000,Nuclei,1061736705,L8XR_230713_21_A02,1768_B02,human,Homo Sapiens,1285913368,NYGC
NY-MX2139-4,10xRSeq_Mult,AD_Center_Grant,ARC-RSEQ,1285922981,A8XR_230711_01_F01,R8XR-23072501,MTX-2139,10000,Nuclei,1061736705,L8XR_230713_21_C02,1768.1_C02,human,Homo Sapiens,1281352522,NYGC
NY-MX2139-5,10xRSeq_Mult,AD_Center_Grant,ARC-RSEQ,1284315266,A8XR_230718_01_A01,R8XR-23072501,MTX-2139,10000,Nuclei,1061736705,L8XR_230720_01_F03,1772_A05,human,Homo Sapiens,1282100092,NYGC
NY-MX2139-6,10xRSeq_Mult,AD_Center_Grant,ARC-RSEQ,1285922986,A8XR_230711_01_H01,R8XR-23072501,MTX-2139,10000,Nuclei,1061736705,L8XR_230713_21_D02,1772_B05,human,Homo Sapiens,1282103261,NYGC
NY-MX2139-7,10xRSeq_Mult,AD_Center_Grant,ARC-RSEQ,1284315268,A8XR_230718_01_B01,R8XR-23072501,MTX-2139,10000,Nuclei,1061736705,L8XR_230720_01_E03,1779_A05,human,Homo Sapiens,1283492532,NYGC
NY-MX2139-8,10xRSeq_Mult,AD_Center_Grant,ARC-RSEQ,1284315270,A8XR_230718_01_C01,R8XR-23072501,MTX-2139,10000,Nuclei,1061736705,L8XR_230720_01_G03,1779_B05,human,Homo Sapiens,1283492961,NYGC
NY-MX2139-9,10xV3.1D,Treeshrew_V1_dev,CELL_RANGER_DUAL_INDEX,1283462425,A8TX_230703_01_C01,R8XR-23072501,MTX-2139,8424,Nuclei,1159883646,L8TX_230706_21_A01,1766_B03,treeshrew,Tupaia belangeri,1282684262,NYGC
NY-MX2140-1,10xV3.1D,Treeshrew_V1_dev,CELL_RANGER_DUAL_INDEX,1287255333,A8TX_230725_01_A01,R8XR-23080103,MTX-2140,10725,Nuclei,1159883646,L8TX_230727_21_B04,1782_A02,treeshrew,Tupaia belangeri,1284070244,NYGC
NY-MX2140-2,10xRSeq_Mult,AD_Center_Grant,ARC-RSEQ,1286078211,A8XR_230725_02_E01,R8XR-23080103,MTX-2140,10000,Nuclei,1061736705,L8XR_230727_22_D04,1784_B02,human,Homo Sapiens,1285608108,NYGC
NY-MX2140-3,10xRSeq_Mult,AD_Center_Grant,ARC-RSEQ,1286078213,A8XR_230725_02_F01,R8XR-23080103,MTX-2140,10000,Nuclei,1061736705,L8XR_230727_22_H04,1784.1_C02,human,Homo Sapiens,1285607257,NYGC
NY-MX2140-4,10xRSeq_Mult,SCORCH,ARC-RSEQ,1286078216,A8XR_230725_02_G01,R8XR-23080103,MTX-2140,7267,Nuclei,1061736705,L8XR_230727_22_C05,1788_A04,mouse,Mus musculus,1285850080,NYGC
NY-MX2140-5,10xRSeq_Mult,SCORCH,ARC-RSEQ,1286078219,A8XR_230725_02_H01,R8XR-23080103,MTX-2140,10000,Nuclei,1061736705,L8XR_230727_22_D05,1788_B04,mouse,Mus musculus,1285850081,NYGC
NY-MX2140-6,10xRSeq_Mult,SCORCH,ARC-RSEQ,1286078221,A8XR_230725_02_A02,R8XR-23080103,MTX-2140,10000,Nuclei,1061736705,L8XR_230727_22_E05,1788_C04,mouse,Mus musculus,1285220443,NYGC
NY-MX2140-7,10xRSeq_Mult,SCORCH,ARC-RSEQ,1286078223,A8XR_230725_02_B02,R8XR-23080103,MTX-2140,10000,Nuclei,1061736705,L8XR_230727_22_F05,1788_D04,mouse,Mus musculus,1285220445,NYGC
NY-MX2140-8,10xRSeq_Mult,AD_Center_Grant,ARC-RSEQ,1286078226,A8XR_230725_02_C02,R8XR-23080103,MTX-2140,10000,Nuclei,1061736705,L8XR_230727_22_E04,1789_A05,human,Homo Sapiens,1285605107,NYGC
NY-MX2140-9,10xRSeq_Mult,SCORCH,ARC-RSEQ,1286078231,A8XR_230725_02_D02,R8XR-23080103,MTX-2140,10000,Nuclei,1061736705,L8XR_230727_22_F04,1791_A01,mouse,Mus musculus,1285640405,NYGC
NY-MX2141-1,10xRSeq_Mult,SCORCH,ARC-RSEQ,1286078233,A8XR_230725_02_E02,R8XR-23080801,MTX-2141,10000,Nuclei,1061736705,L8XR_230727_22_G05,1791_B01,mouse,Mus musculus,1285640406,NYGC
NY-MX2141-2,10xRSeq_Mult,AD_Center_Grant,ARC-RSEQ,1287558013,A8XR_230801_01_C01,R8XR-23080801,MTX-2141,10000,Nuclei,1061736705,L8XR_230803_01_A07,1793_A03,human,Homo Sapiens,1285846182,NYGC
NY-MX2141-3,10xRSeq_Mult,AD_Center_Grant,ARC-RSEQ,1287558015,A8XR_230801_01_D01,R8XR-23080801,MTX-2141,10000,Nuclei,1061736705,L8XR_230803_01_C07,1793_B03,human,Homo Sapiens,1285846816,NYGC
NY-MX2141-4,10xRSeq_Mult,SCORCH,ARC-RSEQ,1287558017,A8XR_230801_01_E01,R8XR-23080801,MTX-2141,10000,Nuclei,1061736705,L8XR_230803_01_E07,1794_A04,mouse,Mus musculus,1286783780,NYGC
NY-MX2141-5,10xRSeq_Mult,SCORCH,ARC-RSEQ,1287558019,A8XR_230801_01_F01,R8XR-23080801,MTX-2141,10000,Nuclei,1061736705,L8XR_230803_01_D07,1794_B04,mouse,Mus musculus,1286783781,NYGC
NY-MX2141-6,10xRSeq_Mult,SCORCH,ARC-RSEQ,1287558021,A8XR_230801_01_G01,R8XR-23080801,MTX-2141,10000,Nuclei,1061736705,L8XR_230803_01_F07,1794_C04,mouse,Mus musculus,1286073825,NYGC
NY-MX2141-7,10xRSeq_Mult,SCORCH,ARC-RSEQ,1287558023,A8XR_230801_01_H01,R8XR-23080801,MTX-2141,10000,Nuclei,1061736705,L8XR_230803_01_G07,1794_D04,mouse,Mus musculus,1286073826,NYGC
NY-MX2141-8,10xRSeq_Mult,SCORCH,ARC-RSEQ,1287558027,A8XR_230801_01_A02,R8XR-23080801,MTX-2141,10000,Nuclei,1061736705,L8XR_230803_01_B07,1797_A01,mouse,Mus musculus,1287007239,NYGC
NY-MX2141-9,10xRSeq_Mult,SCORCH,ARC-RSEQ,1287558029,A8XR_230801_01_B02,R8XR-23080801,MTX-2141,10000,Nuclei,1061736705,L8XR_230803_01_H07,1797_B01,mouse,Mus musculus,1287007240,NYGC
NY-MX2142-1,10xRSeq_Mult,AD_Center_Grant,ARC-RSEQ,1289057158,A8XR_230808_01_E01,R8XR-23082204,MTX-2142,10000,Nuclei,1061736705,L8XR_230810_01_C09,1800_A04,human,Homo Sapiens,1287716461,NYGC
NY-MX2142-10,10xRSeq_Mult,Dissectate_handling+MG_MethDev,ARC-RSEQ,1287558034,A8XR_230801_01_D02,R8XR-23082204,MTX-2142,10000,Nuclei,1061736705,L8XR_230803_01_A08,1797_D01,mouse,Mus musculus,1287007242,NYGC
NY-MX2142-2,10xRSeq_Mult,AD_Center_Grant,ARC-RSEQ,1289057160,A8XR_230808_01_F01,R8XR-23082204,MTX-2142,8773,Nuclei,1061736705,L8XR_230810_01_H08,1800_B04,human,Homo Sapiens,1287717144,NYGC
NY-MX2142-3,10xRSeq_Mult,SCORCH,ARC-RSEQ,1289057163,A8XR_230808_01_G01,R8XR-23082204,MTX-2142,10000,Nuclei,1061736705,L8XR_230810_01_A09,1802_A05,mouse,Mus musculus,1287545146,NYGC
NY-MX2142-4,10xRSeq_Mult,SCORCH,ARC-RSEQ,1289057165,A8XR_230808_01_H01,R8XR-23082204,MTX-2142,10000,Nuclei,1061736705,L8XR_230810_01_D09,1802_B05,mouse,Mus musculus,1287545147,NYGC
NY-MX2142-5,10xRSeq_Mult,SCORCH,ARC-RSEQ,1289057167,A8XR_230808_01_A02,R8XR-23082204,MTX-2142,10000,Nuclei,1061736705,L8XR_230810_01_E09,1802_C05,mouse,Mus musculus,1287545166,NYGC
NY-MX2142-6,10xRSeq_Mult,SCORCH,ARC-RSEQ,1289057171,A8XR_230808_01_B02,R8XR-23082204,MTX-2142,10000,Nuclei,1061736705,L8XR_230810_01_F09,1802_D05,mouse,Mus musculus,1287545167,NYGC
NY-MX2142-7,10xRSeq_Mult,AD_Center_Grant,ARC-RSEQ,1289057173,A8XR_230808_01_C02,R8XR-23082204,MTX-2142,10000,Nuclei,1061736705,L8XR_230810_01_G08,1804_A06,human,Homo Sapiens,1287718369,NYGC
NY-MX2142-8,10xRSeq_Mult,Dissectate_handling+MG_MethDev,ARC-RSEQ,1287558031,A8XR_230801_01_C02,R8XR-23082204,MTX-2142,10000,Nuclei,1061736705,L8XR_230803_01_B08,1797_C01,mouse,Mus musculus,1287007241,NYGC
NY-MX2142-9,10xRSeq_Mult,Mouse_SpC,ARC-RSEQ,1291011442,A8XR_230815_01_D01,R8XR-23082204,MTX-2142,1568,Nuclei,1061736705,L8XR_230817_01_B02,1818_A09,mouse,Mus musculus,1290865931,NYGC
NY-MX2143-1,10xRSeq_Mult,AD_Center_Grant,ARC-RSEQ,1289057175,A8XR_230808_01_D02,R8XR-23090604,MTX-2143,10000,Nuclei,1061736705,L8XR_230810_01_B09,1804_B06,human,Homo Sapiens,1287718945,NYGC
NY-MX2143-2,10xRSeq_Mult,AD_Center_Grant,ARC-RSEQ,1291011474,A8XR_230815_01_A03,R8XR-23090604,MTX-2143,10000,Nuclei,1061736705,L8XR_230817_01_B12,1817_A08,human,Homo Sapiens,1290191033,NYGC
NY-MX2143-3,10xRSeq_Mult,AD_Center_Grant,ARC-RSEQ,1291011476,A8XR_230815_01_B03,R8XR-23090604,MTX-2143,10000,Nuclei,1061736705,L8XR_230817_01_C01,1817_B08,human,Homo Sapiens,1290191520,NYGC
NY-MX2143-4,10xRSeq_Mult,Costa_Remedio_CMG,ARC-RSEQ,1294316587,A8XR_230829_02_A01,R8XR-23090604,MTX-2143,10000,Nuclei,1061736705,L8XR_230831_03_B08,1840_A08,mouse,Mus musculus,1294247006,NYGC
NY-MX2143-5,10xRSeq_Mult,Costa_Remedio_CMG,ARC-RSEQ,1294316589,A8XR_230829_02_B01,R8XR-23090604,MTX-2143,10000,Nuclei,1061736705,L8XR_230831_03_C08,1840_C08,mouse,Mus musculus,1294247028,NYGC
NY-MX2143-6,10xRSeq_Mult,Costa_Remedio_CMG,ARC-RSEQ,1294316591,A8XR_230829_02_C01,R8XR-23090604,MTX-2143,10000,Nuclei,1061736705,L8XR_230831_03_D08,1840_D08,mouse,Mus musculus,1294247047,NYGC
NY-MX2143-7,10xRSeq_Mult,Costa_Remedio_CMG,ARC-RSEQ,1294316593,A8XR_230829_02_D01,R8XR-23090604,MTX-2143,10000,Nuclei,1061736705,L8XR_230831_03_B07,1840_E08,mouse,Mus musculus,1294249623,NYGC
NY-MX2143-8,10xRSeq_Mult,Costa_Remedio_CMG,ARC-RSEQ,1294316595,A8XR_230829_02_E01,R8XR-23090604,MTX-2143,10000,Nuclei,1061736705,L8XR_230831_03_C07,1840_F08,mouse,Mus musculus,1294249643,NYGC
NY-MX2143-9,10xRSeq_Mult,Costa_Remedio_CMG,ARC-RSEQ,1294316598,A8XR_230829_02_F01,R8XR-23090604,MTX-2143,10000,Nuclei,1061736705,L8XR_230831_03_D07,1840_G08,mouse,Mus musculus,1294249662,NYGC
NY-MX2144-1,10xRSeq_Mult,Costa_Remedio_CMG,ARC-RSEQ,1294316600,A8XR_230829_02_G01,R8XR-23090605,MTX-2144,10000,Nuclei,1061736705,L8XR_230831_03_E07,1840_H08,mouse,Mus musculus,1294249683,NYGC
NY-MX2144-2,10xRSeq_Mult,Costa_Remedio_CMG,ARC-RSEQ,1294316603,A8XR_230829_02_H01,R8XR-23090605,MTX-2144,10000,Nuclei,1061736705,L8XR_230831_03_E08,1841_A09,mouse,Mus musculus,1294250625,NYGC
NY-MX2144-3,10xRSeq_Mult,Costa_Remedio_CMG,ARC-RSEQ,1294316606,A8XR_230829_02_A02,R8XR-23090605,MTX-2144,10000,Nuclei,1061736705,L8XR_230831_03_F08,1841_B09,mouse,Mus musculus,1294250645,NYGC
NY-MX2144-4,10xRSeq_Mult,Costa_Remedio_CMG,ARC-RSEQ,1294316609,A8XR_230829_02_B02,R8XR-23090605,MTX-2144,10000,Nuclei,1061736705,L8XR_230831_03_G08,1841_C09,mouse,Mus musculus,1294250665,NYGC
NY-MX2144-5,10xRSeq_Mult,Costa_Remedio_CMG,ARC-RSEQ,1294316611,A8XR_230829_02_C02,R8XR-23090605,MTX-2144,10000,Nuclei,1061736705,L8XR_230831_03_H08,1841_D09,mouse,Mus musculus,1294250685,NYGC
NY-MX2144-6,10xRSeq_Mult,Costa_Remedio_CMG,ARC-RSEQ,1294316613,A8XR_230829_02_D02,R8XR-23090605,MTX-2144,10000,Nuclei,1061736705,L8XR_230831_03_F07,1841_E09,mouse,Mus musculus,1294251841,NYGC
NY-MX2144-7,10xRSeq_Mult,Costa_Remedio_CMG,ARC-RSEQ,1294316615,A8XR_230829_02_E02,R8XR-23090605,MTX-2144,10000,Nuclei,1061736705,L8XR_230831_03_G07,1841_F09,mouse,Mus musculus,1294251862,NYGC
NY-MX2144-8,10xRSeq_Mult,Costa_Remedio_CMG,ARC-RSEQ,1294316618,A8XR_230829_02_F02,R8XR-23090605,MTX-2144,10000,Nuclei,1061736705,L8XR_230831_03_H07,1841_G09,mouse,Mus musculus,1294251881,NYGC
NY-MX2144-9,10xRSeq_Mult,Costa_Remedio_CMG,ARC-RSEQ,1294316620,A8XR_230829_02_G02,R8XR-23090605,MTX-2144,10000,Nuclei,1061736705,L8XR_230831_03_A08,1841_H09,mouse,Mus musculus,1294251901,NYGC
NY-MX2145-1,10xRSeq_Mult,AD_Center_Grant,ARC-RSEQ,1293278790,A8XR_230822_01_F02,R8XR-23091203,MTX-2145,10000,Nuclei,1061736705,L8XR_230824_01_B03,1824_A06,human,Homo Sapiens,1291808012,NYGC
NY-MX2145-2,10xRSeq_Mult,AD_Center_Grant,ARC-RSEQ,1293278793,A8XR_230822_01_G02,R8XR-23091203,MTX-2145,10000,Nuclei,1061736705,L8XR_230824_01_H02,1824_B06,human,Homo Sapiens,1291809562,NYGC
NY-MX2145-3,10xRSeq_Mult,AD_Center_Grant,ARC-RSEQ,1294127841,A8XR_230829_01_G02,R8XR-23091203,MTX-2145,10000,Nuclei,1061736705,L8XR_230831_01_H04,1836_A04,human,Homo Sapiens,1292694534,NYGC
NY-MX2145-4,10xRSeq_Mult,AD_Center_Grant,ARC-RSEQ,1294127843,A8XR_230829_01_H02,R8XR-23091203,MTX-2145,10000,Nuclei,1061736705,L8XR_230831_01_G04,1836_B04,human,Homo Sapiens,1292695036,NYGC
NY-MX2145-5,10xRSeq_Mult,SCORCH,ARC-RSEQ,1294316630,A8XR_230829_02_C03,R8XR-23091203,MTX-2145,10000,Nuclei,1061736705,L8XR_230831_03_D09,1842_C01,mouse,Mus musculus,1293469308,NYGC
NY-MX2145-6,10xRSeq_Mult,SCORCH,ARC-RSEQ,1294316622,A8XR_230829_02_H02,R8XR-23091203,MTX-2145,10000,Nuclei,1061736705,L8XR_230831_03_A09,1842_D01,mouse,Mus musculus,1293469309,NYGC
NY-MX2145-7,10xRSeq_Mult,SCORCH,ARC-RSEQ,1296100336,A8XR_230905_02_G01,R8XR-23091203,MTX-2145,10000,Nuclei,1061736705,L8XR_230907_02_F10,1849_A06,mouse,Mus musculus,1295181657,NYGC
NY-MX2145-8,10xRSeq_Mult,SCORCH,ARC-RSEQ,1296100339,A8XR_230905_02_H01,R8XR-23091203,MTX-2145,10000,Nuclei,1061736705,L8XR_230907_02_G10,1849_B06,mouse,Mus musculus,1295181659,NYGC
NY-MX2145-9,10xRSeq_Mult,SCORCH,ARC-RSEQ,1296100341,A8XR_230905_02_A02,R8XR-23091203,MTX-2145,10000,Nuclei,1061736705,L8XR_230907_02_C11,1849_C06,mouse,Mus musculus,1294985622,NYGC
NY-MX2146-1,10xRSeq_Mult,SCORCH,ARC-RSEQ,1296100344,A8XR_230905_02_B02,R8XR-23091902,MTX-2146,10000,Nuclei,1061736705,L8XR_230907_02_D11,1849_D06,mouse,Mus musculus,1294985623,NYGC
NY-MX2146-2,10xRSeq_Mult,SCORCH,ARC-RSEQ,1296100347,A8XR_230905_02_C02,R8XR-23091902,MTX-2146,10000,Nuclei,1061736705,L8XR_230907_02_E11,1853_A07,mouse,Mus musculus,1294969919,NYGC
NY-MX2146-3,10xRSeq_Mult,SCORCH,ARC-RSEQ,1296100349,A8XR_230905_02_D02,R8XR-23091902,MTX-2146,10000,Nuclei,1061736705,L8XR_230907_02_C10,1853_B07,mouse,Mus musculus,1294969920,NYGC
NY-MX2146-4,10xRSeq_Mult,SCORCH,ARC-RSEQ,1296100351,A8XR_230905_02_E02,R8XR-23091902,MTX-2146,10000,Nuclei,1061736705,L8XR_230907_02_F11,1853_C07,mouse,Mus musculus,1295397523,NYGC
NY-MX2146-5,10xRSeq_Mult,SCORCH,ARC-RSEQ,1296100353,A8XR_230905_02_F02,R8XR-23091902,MTX-2146,10000,Nuclei,1061736705,L8XR_230907_02_H10,1853_D07,mouse,Mus musculus,1295397524,NYGC
NY-MX2146-6,10xRSeq_Mult,SCORCH,ARC-RSEQ,1297147907,A8XR_230912_01_B02,R8XR-23091902,MTX-2146,10000,Nuclei,1061736705,L8XR_230914_01_C03,1856_A01,mouse,Mus musculus,1295175348,NYGC
NY-MX2146-7,10xRSeq_Mult,SCORCH,ARC-RSEQ,1297147909,A8XR_230912_01_C02,R8XR-23091902,MTX-2146,10000,Nuclei,1061736705,L8XR_230914_01_D03,1856_B01,mouse,Mus musculus,1295175349,NYGC
NY-MX2146-8,10xRSeq_Mult,SCORCH,ARC-RSEQ,1297147915,A8XR_230912_01_D02,R8XR-23091902,MTX-2146,10000,Nuclei,1061736705,L8XR_230914_01_D02,1856_C01,mouse,Mus musculus,1295327112,NYGC
NY-MX2146-9,10xRSeq_Mult,SCORCH,ARC-RSEQ,1297147921,A8XR_230912_01_F02,R8XR-23091902,MTX-2146,10000,Nuclei,1061736705,L8XR_230914_01_F03,1859_A04,mouse,Mus musculus,1295330928,NYGC
NY-MX2147-1,10xRSeq_Mult,SCORCH,ARC-RSEQ,1297147928,A8XR_230912_01_G02,R8XR-23092604,MTX-2147,10000,Nuclei,1061736705,L8XR_230914_01_G03,1859_B04,mouse,Mus musculus,1295330929,NYGC
NY-MX2147-2,10xRSeq_Mult,SCORCH,ARC-RSEQ,1297147930,A8XR_230912_01_H02,R8XR-23092604,MTX-2147,10000,Nuclei,1061736705,L8XR_230914_01_H03,1859_C04,mouse,Mus musculus,1296380516,NYGC
NY-MX2147-3,10xRSeq_Mult,SCORCH,ARC-RSEQ,1297147936,A8XR_230912_01_A03,R8XR-23092604,MTX-2147,10000,Nuclei,1061736705,L8XR_230914_01_A02,1859_D04,mouse,Mus musculus,1296380517,NYGC
NY-MX2147-4,10xRSeq_Mult,SCORCH,ARC-RSEQ,1297147940,A8XR_230912_01_B03,R8XR-23092604,MTX-2147,10000,Nuclei,1061736705,L8XR_230914_01_E02,1862_A01,mouse,Mus musculus,1296429149,NYGC
NY-MX2147-5,10xRSeq_Mult,SCORCH,ARC-RSEQ,1297147944,A8XR_230912_01_C03,R8XR-23092604,MTX-2147,10000,Nuclei,1061736705,L8XR_230914_01_B02,1862_B01,mouse,Mus musculus,1296429150,NYGC
NY-MX2147-6,10xRSeq_Mult,SCORCH,ARC-RSEQ,1297147946,A8XR_230912_01_D03,R8XR-23092604,MTX-2147,10000,Nuclei,1061736705,L8XR_230914_01_A04,1862_C01,mouse,Mus musculus,1296869162,NYGC
NY-MX2147-7,10xRSeq_Mult,SCORCH,ARC-RSEQ,1297147948,A8XR_230912_01_E03,R8XR-23092604,MTX-2147,10000,Nuclei,1061736705,L8XR_230914_01_F02,1862_D01,mouse,Mus musculus,1296869163,NYGC
NY-MX2147-8,10xRSeq_Mult,SCORCH,ARC-RSEQ,1298533759,A8XR_230919_02_G01,R8XR-23092604,MTX-2147,10000,Nuclei,1061736705,L8XR_230921_02_H05,1871_A05,mouse,Mus musculus,1298063363,NYGC
NY-MX2147-9,10xRSeq_Mult,SCORCH,ARC-RSEQ,1298533765,A8XR_230919_02_H01,R8XR-23092604,MTX-2147,10000,Nuclei,1061736705,L8XR_230921_02_A06,1871_B05,mouse,Mus musculus,1298063365,NYGC
NY-MX2148-1,10xRSeq_Mult,Dissectate_handling+MG_MethDev,ARC-RSEQ,1298533771,A8XR_230919_02_A02,R8XR-23100302,MTX-2148,10000,Nuclei,1061736705,L8XR_230921_02_H06,1871_C05,mouse,Mus musculus,1298087011,NYGC
NY-MX2148-2,10xRSeq_Mult,Dissectate_handling+MG_MethDev,ARC-RSEQ,1298533776,A8XR_230919_02_B02,R8XR-23100302,MTX-2148,10000,Nuclei,1061736705,L8XR_230921_02_A07,1871_D05,mouse,Mus musculus,1298087012,NYGC
NY-MX2148-3,10xRSeq_Mult,SCORCH,ARC-RSEQ,1298533779,A8XR_230919_02_C02,R8XR-23100302,MTX-2148,10000,Nuclei,1061736705,L8XR_230921_02_F06,1873_A01,mouse,Mus musculus,1297726800,NYGC
NY-MX2148-4,10xRSeq_Mult,SCORCH,ARC-RSEQ,1298533781,A8XR_230919_02_D02,R8XR-23100302,MTX-2148,10000,Nuclei,1061736705,L8XR_230921_02_B07,1873_B01,mouse,Mus musculus,1297726801,NYGC
NY-MX2148-5,10xRSeq_Mult,SCORCH,ARC-RSEQ,1300206238,A8XR_230922_01_G01,R8XR-23100302,MTX-2148,10000,Nuclei,1061736705,L8XR_230928_01_G11,1875_A03,mouse,Mus musculus,1299462714,NYGC
NY-MX2148-6,10xRSeq_Mult,SCORCH,ARC-RSEQ,1300206240,A8XR_230922_01_H01,R8XR-23100302,MTX-2148,10000,Nuclei,1061736705,L8XR_230928_01_H11,1875_B03,mouse,Mus musculus,1299462715,NYGC
NY-MX2148-7,10xRSeq_Mult,SCORCH,ARC-RSEQ,1300206242,A8XR_230922_01_A02,R8XR-23100302,MTX-2148,10000,Nuclei,1061736705,L8XR_230928_01_H10,1875_C03,mouse,Mus musculus,1298684989,NYGC
NY-MX2148-8,10xRSeq_Mult,SCORCH,ARC-RSEQ,1300206244,A8XR_230922_01_B02,R8XR-23100302,MTX-2148,10000,Nuclei,1061736705,L8XR_230928_01_A12,1875_D03,mouse,Mus musculus,1298684990,NYGC
NY-MX2148-9,10xRSeq_Mult,Marlin_MOE,ARC-RSEQ,1300206246,A8XR_230922_01_C02,R8XR-23100302,MTX-2148,10000,Nuclei,1061736705,L8XR_230928_01_C10,1876_A04,mouse,Mus musculus,1299712135,NYGC
NY-MX2149-1,10xRSeq_Mult,Marlin_MOE,ARC-RSEQ,1300206249,A8XR_230922_01_D02,R8XR-23100303,MTX-2149,10000,Nuclei,1061736705,L8XR_230928_01_A01,1876_B04,mouse,Mus musculus,1299712386,NYGC
NY-MX2149-2,10xRSeq_Mult,SCORCH,ARC-RSEQ,1300489660,A8XR_230926_02_B01,R8XR-23100303,MTX-2149,10000,Nuclei,1061736705,L8XR_230928_01_H12,1881_B07,mouse,Mus musculus,1300479804,NYGC
NY-MX2149-3,10xRSeq_Mult,SCORCH,ARC-RSEQ,1300489663,A8XR_230926_02_C01,R8XR-23100303,MTX-2149,9565,Nuclei,1061736705,L8XR_230928_01_E10,1881_C07,mouse,Mus musculus,1298715252,NYGC
NY-MX2149-4,10xRSeq_Mult,SCORCH,ARC-RSEQ,1300489667,A8XR_230926_02_E01,R8XR-23100303,MTX-2149,10000,Nuclei,1061736705,L8XR_230928_01_E12,1881.1_E07,mouse,Mus musculus,1300479807,NYGC
NY-MX2149-5,10xRSeq_Mult,Marlin_MOE,ARC-RSEQ,1300206454,A8XR_230926_01_A01,R8XR-23100303,MTX-2149,10000,Nuclei,1061736705,L8XR_230928_01_B01,1882_A08,mouse,Mus musculus,1299758663,NYGC
NY-MX2149-6,10xRSeq_Mult,Marlin_MOE,ARC-RSEQ,1300489670,A8XR_230926_02_F01,R8XR-23100303,MTX-2149,10000,Nuclei,1061736705,L8XR_230928_01_F10,1884_A02,mouse,Mus musculus,1299761938,NYGC
NY-MX2149-7,10xRSeq_Mult,Marlin_MOE,ARC-RSEQ,1300489672,A8XR_230926_02_G01,R8XR-23100303,MTX-2149,10000,Nuclei,1061736705,L8XR_230928_01_G10,1884_B02,mouse,Mus musculus,1299765545,NYGC
NY-MX2149-8,10xRSeq_Mult,Marlin_MOE,ARC-RSEQ,1300489674,A8XR_230926_02_H01,R8XR-23100303,MTX-2149,10000,Nuclei,1061736705,L8XR_230928_01_B10,1884_C02,mouse,Mus musculus,1299766062,NYGC
NY-MX2149-9,10xRSeq_Mult,Marlin_MOE,ARC-RSEQ,1300489657,A8XR_230926_02_A01,R8XR-23100303,MTX-2149,10000,Nuclei,1061736705,L8XR_230928_01_A10,1884_D02,mouse,Mus musculus,1299773094,NYGC
NY-MX2150-1,10xRSeq_Mult,Marlin_MOE,ARC-RSEQ,1300206456,A8XR_230926_01_B01,R8XR-23101003,MTX-2150,10000,Nuclei,1061736705,L8XR_230928_01_D10,1882_B08,mouse,Mus musculus,1299759675,NYGC
NY-MX2150-2,10xRSeq_Mult,Marlin_MOE,ARC-RSEQ,1301763734,A8XR_231003_01_G01,R8XR-23101003,MTX-2150,10000,Nuclei,1061736705,L8XR_231005_01_E01,1885_A03,mouse,Mus musculus,1299997719,NYGC
NY-MX2150-3,10xRSeq_Mult,Marlin_MOE,ARC-RSEQ,1301763736,A8XR_231003_01_H01,R8XR-23101003,MTX-2150,10000,Nuclei,1061736705,L8XR_231005_01_F01,1885_B03,mouse,Mus musculus,1299997969,NYGC
NY-MX2150-4,10xRSeq_Mult,AD_Center_Grant,ARC-RSEQ,1301763738,A8XR_231003_01_A02,R8XR-23101003,MTX-2150,10000,Nuclei,1061736705,L8XR_231005_01_H01,1888_A05,human,Homo Sapiens,1301252615,NYGC
NY-MX2150-5,10xRSeq_Mult,AD_Center_Grant,ARC-RSEQ,1301763740,A8XR_231003_01_B02,R8XR-23101003,MTX-2150,10000,Nuclei,1061736705,L8XR_231005_01_D01,1888_B05,human,Homo Sapiens,1301255116,NYGC
NY-MX2150-6,10xRSeq_Mult,SCORCH,ARC-RSEQ,1301764074,A8XR_231003_02_C01,R8XR-23101003,MTX-2150,10000,Nuclei,1061736705,L8XR_231005_01_G01,1893_A07,mouse,Mus musculus,1300230885,NYGC
NY-MX2150-7,10xRSeq_Mult,SCORCH,ARC-RSEQ,1301764076,A8XR_231003_02_D01,R8XR-23101003,MTX-2150,10000,Nuclei,1061736705,L8XR_231005_01_F02,1893_B07,mouse,Mus musculus,1300230886,NYGC
NY-MX2150-8,10xRSeq_Mult,SCORCH,ARC-RSEQ,1301764079,A8XR_231003_02_E01,R8XR-23101003,MTX-2150,10000,Nuclei,1061736705,L8XR_231005_01_G02,1893_C07,mouse,Mus musculus,1300476791,NYGC
NY-MX2150-9,10xRSeq_Mult,SCORCH,ARC-RSEQ,1301764082,A8XR_231003_02_F01,R8XR-23101003,MTX-2150,10000,Nuclei,1061736705,L8XR_231005_01_A02,1893_D07,mouse,Mus musculus,1300476793,NYGC
NY-MX2151-1,10xRSeq_Mult,AD_Center_Grant,ARC-RSEQ,1301764085,A8XR_231003_02_G01,R8XR-23101703,MTX-2151,10000,Nuclei,1061736705,L8XR_231005_01_B02,1894_A08,human,Homo Sapiens,1301255765,NYGC
NY-MX2151-2,10xRSeq_Mult,AD_Center_Grant,ARC-RSEQ,1301764087,A8XR_231003_02_H01,R8XR-23101703,MTX-2151,10000,Nuclei,1061736705,L8XR_231005_01_C01,1894_B08,human,Homo Sapiens,1301256288,NYGC
NY-MX2151-3,10xRSeq_Mult,SCORCH,ARC-RSEQ,1303213329,A8XR_231010_01_G01,R8XR-23101703,MTX-2151,10000,Nuclei,1061736705,L8XR_231012_01_C05,1897_A03,mouse,Mus musculus,1301700134,NYGC
NY-MX2151-4,10xRSeq_Mult,SCORCH,ARC-RSEQ,1303213334,A8XR_231010_01_A02,R8XR-23101703,MTX-2151,10000,Nuclei,1061736705,L8XR_231012_01_E05,1897_C03,mouse,Mus musculus,1302754861,NYGC
NY-MX2151-5,10xRSeq_Mult,SCORCH,ARC-RSEQ,1303213338,A8XR_231010_01_B02,R8XR-23101703,MTX-2151,10000,Nuclei,1061736705,L8XR_231012_01_F05,1897_D03,mouse,Mus musculus,1302754862,NYGC
NY-MX2151-6,10xRSeq_Mult,AD_Center_Grant,ARC-RSEQ,1303213341,A8XR_231010_01_C02,R8XR-23101703,MTX-2151,8618,Nuclei,1061736705,L8XR_231012_01_H04,1900_A06,human,Homo Sapiens,1302746689,NYGC
NY-MX2151-7,10xRSeq_Mult,AD_Center_Grant,ARC-RSEQ,1303213344,A8XR_231010_01_D02,R8XR-23101703,MTX-2151,10000,Nuclei,1061736705,L8XR_231012_01_G05,1900_B06,human,Homo Sapiens,1302747089,NYGC
NY-MX2151-8,10xRSeq_Mult,AD_Center_Grant,ARC-RSEQ,1303213371,A8XR_231010_01_E03,R8XR-23101703,MTX-2151,9083,Nuclei,1061736705,L8XR_231012_01_E04,1902_A08,human,Homo Sapiens,1302747605,NYGC
NY-MX2151-9,10xRSeq_Mult,AD_Center_Grant,ARC-RSEQ,1303213373,A8XR_231010_01_F03,R8XR-23101703,MTX-2151,10000,Nuclei,1061736705,L8XR_231012_01_G04,1902_B08,human,Homo Sapiens,1302748077,NYGC
NY-MX2152-1,10xRSeq_Mult,SCORCH,ARC-RSEQ,1305187036,A8XR_231017_01_D02,R8XR-23102406,MTX-2152,10000,Nuclei,1061736705,L8XR_231019_01_G08,1905_A02,mouse,Mus musculus,1303265174,NYGC
NY-MX2152-2,10xRSeq_Mult,SCORCH,ARC-RSEQ,1305187039,A8XR_231017_01_E02,R8XR-23102406,MTX-2152,10000,Nuclei,1061736705,L8XR_231019_01_H08,1905_B02,mouse,Mus musculus,1303265175,NYGC
NY-MX2152-3,10xRSeq_Mult,SCORCH,ARC-RSEQ,1305187042,A8XR_231017_01_F02,R8XR-23102406,MTX-2152,10000,Nuclei,1061736705,L8XR_231019_01_A09,1905_C02,mouse,Mus musculus,1302924816,NYGC
NY-MX2152-4,10xRSeq_Mult,SCORCH,ARC-RSEQ,1305187044,A8XR_231017_01_G02,R8XR-23102406,MTX-2152,10000,Nuclei,1061736705,L8XR_231019_01_B09,1905_D02,mouse,Mus musculus,1302924817,NYGC
NY-MX2152-5,10xRSeq_Mult,SCORCH,ARC-RSEQ,1305187046,A8XR_231017_01_H02,R8XR-23102406,MTX-2152,10000,Nuclei,1061736705,L8XR_231019_01_F10,1912_A05,mouse,Mus musculus,1303234269,NYGC
NY-MX2152-6,10xRSeq_Mult,SCORCH,ARC-RSEQ,1305187048,A8XR_231017_01_A03,R8XR-23102406,MTX-2152,10000,Nuclei,1061736705,L8XR_231019_01_C09,1912_B05,mouse,Mus musculus,1303234270,NYGC
NY-MX2152-7,10xRSeq_Mult,SCORCH,ARC-RSEQ,1305187051,A8XR_231017_01_B03,R8XR-23102406,MTX-2152,10000,Nuclei,1061736705,L8XR_231019_01_G10,1912_C05,mouse,Mus musculus,1304894220,NYGC
NY-MX2152-8,10xRSeq_Mult,SCORCH,ARC-RSEQ,1305187053,A8XR_231017_01_C03,R8XR-23102406,MTX-2152,10000,Nuclei,1061736705,L8XR_231019_01_H10,1912_D05,mouse,Mus musculus,1304894221,NYGC
NY-MX2152-9,10xRSeq_Mult,SCORCH,ARC-RSEQ,1305187055,A8XR_231017_01_D03,R8XR-23102406,MTX-2152,10000,Nuclei,1061736705,L8XR_231019_01_A11,1912_E05,mouse,Mus musculus,1304352498,NYGC
NY-MX2153-1,10xRSeq_Mult,SCORCH,ARC-RSEQ,1305187057,A8XR_231017_01_E03,R8XR-23103107,MTX-2153,9689,Nuclei,1061736705,L8XR_231019_01_B11,1912_F05,mouse,Mus musculus,1304352499,NYGC
NY-MX2153-10,10xRSeq_Mult,AD_Center_Grant,ARC-RSEQ,1306838319,A8XR_231024_02_A01,R8XR-23103107,MTX-2153,10000,Nuclei,1061736705,L8XR_231026_05_B04,1928_A10,human,Homo Sapiens,1305739864,NYGC
NY-MX2153-2,10xRSeq_Mult,AD_Center_Grant,ARC-RSEQ,1306627263,A8XR_231023_01_C03,R8XR-23103107,MTX-2153,10000,Nuclei,1061736705,L8XR_231026_05_D04,1922_A05,human,Homo Sapiens,1305183547,NYGC
NY-MX2153-3,10xRSeq_Mult,AD_Center_Grant,ARC-RSEQ,1306627265,A8XR_231023_01_D03,R8XR-23103107,MTX-2153,10000,Nuclei,1061736705,L8XR_231026_05_A04,1922_B05,human,Homo Sapiens,1305186630,NYGC
NY-MX2153-4,10xRSeq_Mult,AD_Center_Grant,ARC-RSEQ,1306627267,A8XR_231023_01_E03,R8XR-23103107,MTX-2153,10000,Nuclei,1061736705,L8XR_231026_05_E04,1922_C05,human,Homo Sapiens,1305187226,NYGC
NY-MX2153-5,10xRSeq_Mult,Dissectate_handling+MG_MethDev,ARC-RSEQ,1306627269,A8XR_231023_01_F03,R8XR-23103107,MTX-2153,10000,Nuclei,1061736705,L8XR_231026_05_A05,1923_A06,mouse,Mus musculus,1306524500,NYGC
NY-MX2153-6,10xRSeq_Mult,Dissectate_handling+MG_MethDev,ARC-RSEQ,1306627273,A8XR_231023_01_G03,R8XR-23103107,MTX-2153,10000,Nuclei,1061736705,L8XR_231026_02_G01,1923_B06,mouse,Mus musculus,1306524502,NYGC
NY-MX2153-7,10xRSeq_Mult,SCORCH,ARC-RSEQ,1306627300,A8XR_231023_01_H04,R8XR-23103107,MTX-2153,9751,Nuclei,1061736705,L8XR_231026_02_D02,1925_E07,mouse,Mus musculus,1306526116,NYGC
NY-MX2153-8,10xRSeq_Mult,SCORCH,ARC-RSEQ,1306627232,A8XR_231023_01_B02,R8XR-23103107,MTX-2153,10000,Nuclei,1061736705,L8XR_231026_02_A01,1925_F07,mouse,Mus musculus,1306526117,NYGC
NY-MX2153-9,10xRSeq_Mult,Mouse_SpC,ARC-RSEQ,1306627211,A8XR_231023_01_A01,R8XR-23103107,MTX-2153,1568,Nuclei,1061736705,L8XR_231026_02_D12,1927_A09,mouse,Mus musculus,1305938445,NYGC
NY-MX2155-1,10xRSeq_Mult,AD_Center_Grant,ARC-RSEQ,1308442815,A8XR_231031_01_A02,R8XR-23111406,MTX-2155,10000,Nuclei,1061736705,L8XR_231102_01_F06,1936_A05,human,Homo Sapiens,1307529380,NYGC
NY-MX2155-2,10xRSeq_Mult,AD_Center_Grant,ARC-RSEQ,1308442843,A8XR_231031_01_E03,R8XR-23111406,MTX-2155,10000,Nuclei,1061736705,L8XR_231102_01_G06,1936_B05,human,Homo Sapiens,1307529458,NYGC
NY-MX2155-3,10xRSeq_Mult,AD_Center_Grant,ARC-RSEQ,1308442845,A8XR_231031_01_F03,R8XR-23111406,MTX-2155,10000,Nuclei,1061736705,L8XR_231102_01_E06,1936_C05,human,Homo Sapiens,1307529538,NYGC
NY-MX2155-4,10xRSeq_Mult,SCORCH,ARC-RSEQ,1309857845,A8XR_231107_01_H01,R8XR-23111406,MTX-2155,10000,Nuclei,1061736705,L8XR_231109_22_G12,1940_A02,mouse,Mus musculus,1307717726,NYGC
NY-MX2155-5,10xRSeq_Mult,SCORCH,ARC-RSEQ,1309857853,A8XR_231107_01_C02,R8XR-23111406,MTX-2155,10000,Nuclei,1061736705,L8XR_231109_22_H11,1940_B02,mouse,Mus musculus,1307717727,NYGC
NY-MX2155-6,10xRSeq_Mult,SCORCH,ARC-RSEQ,1309857855,A8XR_231107_01_D02,R8XR-23111406,MTX-2155,10000,Nuclei,1061736705,L8XR_231109_22_A12,1940_C02,mouse,Mus musculus,1308964609,NYGC
NY-MX2155-7,10xRSeq_Mult,SCORCH,ARC-RSEQ,1309857857,A8XR_231107_01_E02,R8XR-23111406,MTX-2155,10000,Nuclei,1061736705,L8XR_231109_22_B12,1940_D02,mouse,Mus musculus,1308964610,NYGC
NY-MX2155-8,10xRSeq_Mult,SCORCH,ARC-RSEQ,1309857860,A8XR_231107_01_F02,R8XR-23111406,MTX-2155,10000,Nuclei,1061736705,L8XR_231109_22_A02,1944_A05,mouse,Mus musculus,1309247315,NYGC
NY-MX2155-9,10xRSeq_Mult,SCORCH,ARC-RSEQ,1309857862,A8XR_231107_01_G02,R8XR-23111406,MTX-2155,10000,Nuclei,1061736705,L8XR_231109_22_B02,1944_B05,mouse,Mus musculus,1309247316,NYGC
NY-MX2156-1,10xRSeq_Mult,SCORCH,ARC-RSEQ,1309857864,A8XR_231107_01_H02,R8XR-23111407,MTX-2156,10000,Nuclei,1061736705,L8XR_231109_22_C02,1944_C05,mouse,Mus musculus,1309247318,NYGC
NY-MX2156-2,10xRSeq_Mult,Geriatric_Mouse,ARC-RSEQ,1309858069,A8XR_231107_02_D01,R8XR-23111407,MTX-2156,10000,Nuclei,1061736705,L8XR_231109_01_G02,1947_A06,mouse,Mus musculus,1308961808,NYGC
NY-MX2156-3,10xRSeq_Mult,Geriatric_Mouse,ARC-RSEQ,1309858071,A8XR_231107_02_E01,R8XR-23111407,MTX-2156,10000,Nuclei,1061736705,L8XR_231109_01_H02,1947_B06,mouse,Mus musculus,1308961809,NYGC
NY-MX2156-4,10xRSeq_Mult,Geriatric_Mouse,ARC-RSEQ,1309858073,A8XR_231107_02_F01,R8XR-23111407,MTX-2156,10000,Nuclei,1061736705,L8XR_231109_01_A03,1947_C06,mouse,Mus musculus,1308961810,NYGC
NY-MX2156-5,10xRSeq_Mult,Geriatric_Mouse,ARC-RSEQ,1309858075,A8XR_231107_02_G01,R8XR-23111407,MTX-2156,10000,Nuclei,1061736705,L8XR_231109_01_E02,1947_D06,mouse,Mus musculus,1308978248,NYGC
NY-MX2156-6,10xRSeq_Mult,SCORCH,ARC-RSEQ,1309858062,A8XR_231107_02_A01,R8XR-23111407,MTX-2156,10000,Nuclei,1061736705,L8XR_231109_01_D02,1947_E06,mouse,Mus musculus,1308978249,NYGC
NY-MX2156-7,10xRSeq_Mult,SCORCH,ARC-RSEQ,1309858077,A8XR_231107_02_H01,R8XR-23111407,MTX-2156,10000,Nuclei,1061736705,L8XR_231109_01_B03,1947_F06,mouse,Mus musculus,1308978250,NYGC
NY-MX2156-8,10xRSeq_Mult,HEAD_Network,ARC-RSEQ,1309858079,A8XR_231107_02_A02,R8XR-23111407,MTX-2156,10000,Nuclei,1061736705,L8XR_231109_01_C03,1950_A01,mouse,Mus musculus,1308995702,NYGC
NY-MX2156-9,10xRSeq_Mult,HEAD_Network,ARC-RSEQ,1309858082,A8XR_231107_02_B02,R8XR-23111407,MTX-2156,10000,Nuclei,1061736705,L8XR_231109_01_E03,1950_B01,mouse,Mus musculus,1308995703,NYGC
NY-MX2158-1,10xRSeq_Mult,P56_Unbiased_Sampling,ARC-RSEQ,1310919431,A8XR_231110_01_F01,R8XR-23112802,MTX-2158,10000,Nuclei,1061736705,L8XR_231116_01_E06,1952_F03,mouse,Mus musculus,1309236278,NYGC
NY-MX2158-2,10xRSeq_Mult,P56_Unbiased_Sampling,ARC-RSEQ,1310919436,A8XR_231110_01_G01,R8XR-23112802,MTX-2158,10000,Nuclei,1061736705,L8XR_231116_01_F06,1952_G03,mouse,Mus musculus,1309236279,NYGC
NY-MX2158-3,10xRSeq_Mult,P56_Unbiased_Sampling,ARC-RSEQ,1310919438,A8XR_231110_01_H01,R8XR-23112802,MTX-2158,10000,Nuclei,1061736705,L8XR_231116_01_G06,1953_A04,mouse,Mus musculus,1309497036,NYGC
NY-MX2158-4,10xRSeq_Mult,P56_Unbiased_Sampling,ARC-RSEQ,1310919442,A8XR_231110_01_A02,R8XR-23112802,MTX-2158,10000,Nuclei,1061736705,L8XR_231116_01_H06,1953_B04,mouse,Mus musculus,1309497038,NYGC
NY-MX2158-5,10xRSeq_Mult,P56_Unbiased_Sampling,ARC-RSEQ,1310919450,A8XR_231110_01_B02,R8XR-23112802,MTX-2158,10000,Nuclei,1061736705,L8XR_231116_01_E05,1953_C04,mouse,Mus musculus,1309497040,NYGC
NY-MX2158-6,10xRSeq_Mult,P56_Unbiased_Sampling,ARC-RSEQ,1310919453,A8XR_231110_01_C02,R8XR-23112802,MTX-2158,10000,Nuclei,1061736705,L8XR_231116_01_D05,1953_D04,mouse,Mus musculus,1309497044,NYGC
NY-MX2158-7,10xRSeq_Mult,P56_Unbiased_Sampling,ARC-RSEQ,1310919458,A8XR_231110_01_D02,R8XR-23112802,MTX-2158,10000,Nuclei,1061736705,L8XR_231116_01_F05,1953_E04,mouse,Mus musculus,1310854228,NYGC
NY-MX2158-8,10xRSeq_Mult,P56_Unbiased_Sampling,ARC-RSEQ,1310919461,A8XR_231110_01_E02,R8XR-23112802,MTX-2158,10000,Nuclei,1061736705,L8XR_231116_01_G05,1953_F04,mouse,Mus musculus,1310854229,NYGC
NY-MX2158-9,10xRSeq_Mult,P56_Unbiased_Sampling,ARC-RSEQ,1310919464,A8XR_231110_01_F02,R8XR-23112802,MTX-2158,9720,Nuclei,1061736705,L8XR_231116_01_H05,1953_G04,mouse,Mus musculus,1310854230,NYGC
NY-MX2160-1,10xRSeq_Mult,HEAD_Network,ARC-RSEQ,1311841355,A8XR_231114_01_B03,R8XR-23120503,MTX-2160,10186,Nuclei,1061736705,L8XR_231116_02_D09,1958_C01,mouse,Mus musculus,1311440518,NYGC
NY-MX2160-2,10xRSeq_Mult,HEAD_Network,ARC-RSEQ,1311841357,A8XR_231114_01_C03,R8XR-23120503,MTX-2160,10000,Nuclei,1061736705,L8XR_231116_02_E09,1958_D01,mouse,Mus musculus,1311201514,NYGC
NY-MX2160-3,10xRSeq_Mult,P56_Unbiased_Sampling,ARC-RSEQ,1311841359,A8XR_231114_01_D03,R8XR-23120503,MTX-2160,10000,Nuclei,1061736705,L8XR_231116_02_F09,1958_E01,mouse,Mus musculus,1311201515,NYGC
NY-MX2160-4,10xRSeq_Mult,P56_Unbiased_Sampling,ARC-RSEQ,1311841361,A8XR_231114_01_E03,R8XR-23120503,MTX-2160,10000,Nuclei,1061736705,L8XR_231116_02_G09,1958_F01,mouse,Mus musculus,1311201516,NYGC
NY-MX2160-5,10xRSeq_Mult,P56_Unbiased_Sampling,ARC-RSEQ,1311841364,A8XR_231114_01_F03,R8XR-23120503,MTX-2160,10000,Nuclei,1061736705,L8XR_231116_02_H09,1958_G01,mouse,Mus musculus,1311201517,NYGC
NY-MX2160-6,10xRSeq_Mult,P56_Unbiased_Sampling,ARC-RSEQ,1311841367,A8XR_231114_01_G03,R8XR-23120503,MTX-2160,10000,Nuclei,1061736705,L8XR_231116_02_A10,1958_H01,mouse,Mus musculus,1311201518,NYGC
NY-MX2160-7,10xRSeq_Mult,P56_Unbiased_Sampling,ARC-RSEQ,1314535221,A8XR_231117_01_G01,R8XR-23120503,MTX-2160,10000,Nuclei,1061736705,L8XR_231130_21_C03,1961_A04,mouse,Mus musculus,1311238544,NYGC
NY-MX2160-8,10xRSeq_Mult,P56_Unbiased_Sampling,ARC-RSEQ,1314535223,A8XR_231117_01_H01,R8XR-23120503,MTX-2160,10000,Nuclei,1061736705,L8XR_231130_21_D03,1961_B04,mouse,Mus musculus,1311238545,NYGC
NY-MX2160-9,10xRSeq_Mult,P56_Unbiased_Sampling,ARC-RSEQ,1314535225,A8XR_231117_01_A02,R8XR-23120503,MTX-2160,10000,Nuclei,1061736705,L8XR_231130_21_B05,1961_C04,mouse,Mus musculus,1311238547,NYGC
NY-MX2161-1,10xRSeq_Mult,P56_Unbiased_Sampling,ARC-RSEQ,1314535227,A8XR_231117_01_B02,R8XR-23120504,MTX-2161,10000,Nuclei,1061736705,L8XR_231130_21_C05,1961_D04,mouse,Mus musculus,1311238548,NYGC
NY-MX2161-2,10xRSeq_Mult,P56_Unbiased_Sampling,ARC-RSEQ,1314535230,A8XR_231117_01_C02,R8XR-23120504,MTX-2161,10000,Nuclei,1061736705,L8XR_231130_21_E03,1961_E04,mouse,Mus musculus,1312610719,NYGC
NY-MX2161-3,10xRSeq_Mult,P56_Unbiased_Sampling,ARC-RSEQ,1314535232,A8XR_231117_01_D02,R8XR-23120504,MTX-2161,10000,Nuclei,1061736705,L8XR_231130_21_F03,1961_F04,mouse,Mus musculus,1312610720,NYGC
NY-MX2161-4,10xRSeq_Mult,P56_Unbiased_Sampling,ARC-RSEQ,1314535234,A8XR_231117_01_E02,R8XR-23120504,MTX-2161,10000,Nuclei,1061736705,L8XR_231130_21_G03,1961_G04,mouse,Mus musculus,1312610721,NYGC
NY-MX2161-5,10xRSeq_Mult,P56_Unbiased_Sampling,ARC-RSEQ,1314535237,A8XR_231117_01_F02,R8XR-23120504,MTX-2161,10000,Nuclei,1061736705,L8XR_231130_21_H03,1961_H04,mouse,Mus musculus,1312610722,NYGC
NY-MX2161-6,10xRSeq_Mult,AD_Center_Grant,ARC-RSEQ,1314535240,A8XR_231117_01_G02,R8XR-23120504,MTX-2161,10000,Nuclei,1061736705,L8XR_231130_21_B02,1963_A06,human,Homo Sapiens,1311274308,NYGC
NY-MX2161-7,10xRSeq_Mult,AD_Center_Grant,ARC-RSEQ,1314535242,A8XR_231117_01_H02,R8XR-23120504,MTX-2161,10000,Nuclei,1061736705,L8XR_231130_21_C02,1963_B06,human,Homo Sapiens,1311274669,NYGC
NY-MX2161-8,10xRSeq_Mult,AD_Center_Grant,ARC-RSEQ,1314535244,A8XR_231117_01_A03,R8XR-23120504,MTX-2161,10000,Nuclei,1061736705,L8XR_231130_21_G02,1963_C06,human,Homo Sapiens,1311277611,NYGC
NY-MX2161-9,10xRSeq_Mult,P56_Unbiased_Sampling,ARC-RSEQ,1314535453,A8XR_231121_01_A01,R8XR-23120504,MTX-2161,10000,Nuclei,1061736705,L8XR_231130_21_A04,1964_A07,mouse,Mus musculus,1313752411,NYGC
NY-MX2162-1,10xRSeq_Mult,P56_Unbiased_Sampling,ARC-RSEQ,1314535455,A8XR_231121_01_B01,R8XR-23120505,MTX-2162,10000,Nuclei,1061736705,L8XR_231130_21_B04,1964_B07,mouse,Mus musculus,1313752412,NYGC
NY-MX2162-2,10xRSeq_Mult,P56_Unbiased_Sampling,ARC-RSEQ,1314535457,A8XR_231121_01_C01,R8XR-23120505,MTX-2162,10000,Nuclei,1061736705,L8XR_231130_21_C04,1964_C07,mouse,Mus musculus,1313752413,NYGC
NY-MX2162-3,10xRSeq_Mult,P56_Unbiased_Sampling,ARC-RSEQ,1314535459,A8XR_231121_01_D01,R8XR-23120505,MTX-2162,10000,Nuclei,1061736705,L8XR_231130_21_D04,1964_D07,mouse,Mus musculus,1313752414,NYGC
NY-MX2162-4,10xRSeq_Mult,P56_Unbiased_Sampling,ARC-RSEQ,1314535461,A8XR_231121_01_E01,R8XR-23120505,MTX-2162,10000,Nuclei,1061736705,L8XR_231130_21_E04,1964_E07,mouse,Mus musculus,1311201098,NYGC
NY-MX2162-5,10xRSeq_Mult,P56_Unbiased_Sampling,ARC-RSEQ,1314535464,A8XR_231121_01_F01,R8XR-23120505,MTX-2162,10000,Nuclei,1061736705,L8XR_231130_21_F04,1964_F07,mouse,Mus musculus,1311201099,NYGC
NY-MX2162-6,10xRSeq_Mult,P56_Unbiased_Sampling,ARC-RSEQ,1314535466,A8XR_231121_01_G01,R8XR-23120505,MTX-2162,10000,Nuclei,1061736705,L8XR_231130_01_B01,1964_G07,mouse,Mus musculus,1311201101,NYGC
NY-MX2162-7,10xRSeq_Mult,P56_Unbiased_Sampling,ARC-RSEQ,1314535468,A8XR_231121_01_H01,R8XR-23120505,MTX-2162,10000,Nuclei,1061736705,L8XR_231130_01_C01,1964.1_H07,mouse,Mus musculus,1311201102,NYGC
NY-MX2162-8,10xRSeq_Mult,HEAD_Network,ARC-RSEQ,1314535470,A8XR_231121_01_A02,R8XR-23120505,MTX-2162,9658,Nuclei,1061736705,L8XR_231130_01_D01,1966_A08,mouse,Mus musculus,1312808910,NYGC
NY-MX2162-9,10xRSeq_Mult,HEAD_Network,ARC-RSEQ,1314535473,A8XR_231121_01_B02,R8XR-23120505,MTX-2162,10000,Nuclei,1061736705,L8XR_231130_01_E01,1966_B08,mouse,Mus musculus,1312808911,NYGC
NY-MX2163-1,10xRSeq_Mult,HEAD_Network,ARC-RSEQ,1314535475,A8XR_231121_01_C02,R8XR-23120506,MTX-2163,10000,Nuclei,1061736705,L8XR_231130_21_G04,1966_C08,mouse,Mus musculus,1312808912,NYGC
NY-MX2163-2,10xRSeq_Mult,HEAD_Network,ARC-RSEQ,1314535478,A8XR_231121_01_D02,R8XR-23120506,MTX-2163,10000,Nuclei,1061736705,L8XR_231130_21_H04,1966_D08,mouse,Mus musculus,1312808932,NYGC
NY-MX2163-3,10xRSeq_Mult,P56_Unbiased_Sampling,ARC-RSEQ,1314535480,A8XR_231121_01_E02,R8XR-23120506,MTX-2163,10000,Nuclei,1061736705,L8XR_231130_01_A01,1966_E08,mouse,Mus musculus,1312808933,NYGC
NY-MX2163-4,10xRSeq_Mult,P56_Unbiased_Sampling,ARC-RSEQ,1314535483,A8XR_231121_01_F02,R8XR-23120506,MTX-2163,10000,Nuclei,1061736705,L8XR_231130_21_H02,1966_F08,mouse,Mus musculus,1312808934,NYGC
NY-MX2163-5,10xRSeq_Mult,AD_Center_Grant,ARC-RSEQ,1314535485,A8XR_231121_01_G02,R8XR-23120506,MTX-2163,10000,Nuclei,1061736705,L8XR_231130_21_D02,1967_A09,human,Homo Sapiens,1311886744,NYGC
NY-MX2163-6,10xRSeq_Mult,AD_Center_Grant,ARC-RSEQ,1314535488,A8XR_231121_01_H02,R8XR-23120506,MTX-2163,10000,Nuclei,1061736705,L8XR_231130_21_E02,1967_B09,human,Homo Sapiens,1311887132,NYGC
NY-MX2163-7,10xRSeq_Mult,AD_Center_Grant,ARC-RSEQ,1314535490,A8XR_231121_01_A03,R8XR-23120506,MTX-2163,10000,Nuclei,1061736705,L8XR_231130_21_F02,1967_C09,human,Homo Sapiens,1311887396,NYGC
NY-MX2163-8,10xRSeq_Mult,P56_Unbiased_Sampling,ARC-RSEQ,1314535938,A8XR_231128_01_B01,R8XR-23120506,MTX-2163,10000,Nuclei,1061736705,L8XR_231130_01_H10,1968_A01,mouse,Mus musculus,1313923111,NYGC
NY-MX2163-9,10xRSeq_Mult,P56_Unbiased_Sampling,ARC-RSEQ,1314535941,A8XR_231128_01_C01,R8XR-23120506,MTX-2163,10000,Nuclei,1061736705,L8XR_231130_01_A11,1968_B01,mouse,Mus musculus,1313923112,NYGC
NY-TX4087-1,10xV3.1D,AD_Center_Grant_Soma,CELL_RANGER_DUAL_INDEX,1271111750,A8TX_230508_01_C02,R8TX-23062701,RTX-4087,10725,Nuclei,1159883646,L8TX_230511_21_E09,1705_D01,human,Homo Sapiens,1268177035,NYGC
NY-TX4087-10,10xV3.1D,MGT_Enhancer_Virus,CELL_RANGER_DUAL_INDEX,1279930766,A8TX_230620_01_A01,R8TX-23062701,RTX-4087,1092,Cells,1159883646,L8TX_230622_21_C09,1744_A01,mouse,Mus musculus,1277114700,NYGC
NY-TX4087-11,10xV3.1D,Psilocybin_In_Slices,CELL_RANGER_DUAL_INDEX,1279930768,A8TX_230620_01_B01,R8TX-23062701,RTX-4087,10724,Cells,1159883646,L8TX_230622_21_D09,1747_A02,mouse,Mus musculus,1276940522,NYGC
NY-TX4087-2,10xV3.1D,AD_Center_Grant_Soma,CELL_RANGER_DUAL_INDEX,1271111759,A8TX_230508_01_G02,R8TX-23062701,RTX-4087,2113,Nuclei,1159883646,L8TX_230511_21_A10,1706_C02,human,Homo Sapiens,1269085734,NYGC
NY-TX4087-3,10xV3.1D,AD_Center_Grant_Soma,CELL_RANGER_DUAL_INDEX,1271111762,A8TX_230508_01_H02,R8TX-23062701,RTX-4087,10715,Nuclei,1159883646,L8TX_230511_21_B10,1706_D02,human,Homo Sapiens,1269085743,NYGC
NY-TX4087-4,10xV3.1D,MGT_Enhancer_Virus,CELL_RANGER_DUAL_INDEX,1276771764,A8TX_230605_01_G01,R8TX-23062701,RTX-4087,10446,Cells,1159883646,L8TX_230608_21_F05,1731_A03,mouse,Mus musculus,1276309645,NYGC
NY-TX4087-5,10xV3.1D,MGT_Enhancer_Virus,CELL_RANGER_DUAL_INDEX,1279930210,A8TX_230612_01_A01,R8TX-23062701,RTX-4087,326,Cells,1159883646,L8TX_230615_21_G07,1733_A01,mouse,Mus musculus,1276316030,NYGC
NY-TX4087-6,10xV3.1D,Psilocybin_In_Slices,CELL_RANGER_DUAL_INDEX,1279930217,A8TX_230612_01_C01,R8TX-23062701,RTX-4087,10720,Cells,1159883646,L8TX_230615_21_B08,1735_A02,mouse,Mus musculus,1275239328,NYGC
NY-TX4087-7,10xV3.1D,BICAN_Dev_Atlas+P0_Pilot,CELL_RANGER_DUAL_INDEX,1279930219,A8TX_230612_01_D01,R8TX-23062701,RTX-4087,10681,Cells,1159883646,L8TX_230615_21_C08,1742_A11,mouse,Mus musculus,1276326528,NYGC
NY-TX4087-8,10xV3.1D,BICAN_Dev_Atlas+P0_Pilot,CELL_RANGER_DUAL_INDEX,1279930222,A8TX_230612_01_E01,R8TX-23062701,RTX-4087,10674,Cells,1159883646,L8TX_230615_21_D08,1742_B11,mouse,Mus musculus,1276326529,NYGC
NY-TX4087-9,10xV3.1D,Psilocybin_In_Slices,CELL_RANGER_DUAL_INDEX,1279930224,A8TX_230612_01_F01,R8TX-23062701,RTX-4087,10693,Cells,1159883646,L8TX_230615_21_A08,1736.1_B03,mouse,Mus musculus,1277607982,NYGC
NY-TX4088-1,10xV3.1D,AD_Center_Grant_Soma,CELL_RANGER_DUAL_INDEX,1263726279,A8TX_230403_01_A02,R8TX-23062702,RTX-4088,10698,Nuclei,1159883646,L8TX_230406_21_A05,1669_A02,human,Homo Sapiens,1263339720,NYGC
NY-TX4088-2,10xV3.1D,AD_Center_Grant_Soma,CELL_RANGER_DUAL_INDEX,1263726281,A8TX_230403_01_B02,R8TX-23062702,RTX-4088,10660,Nuclei,1159883646,L8TX_230406_21_D04,1669_B02,human,Homo Sapiens,1263339728,NYGC
NY-TX4088-3,10xV3.1D,AD_Center_Grant_Soma,CELL_RANGER_DUAL_INDEX,1263726267,A8TX_230403_01_D01,R8TX-23062702,RTX-4088,1268,Nuclei,1159883646,L8TX_230406_21_B04,1669_E02,human,Homo Sapiens,1263344291,NYGC
NY-TX4088-4,10xV3.1D,AD_Center_Grant_Soma,CELL_RANGER_DUAL_INDEX,1263726289,A8TX_230403_01_E02,R8TX-23062702,RTX-4088,10725,Nuclei,1159883646,L8TX_230406_21_B05,1669_F02,human,Homo Sapiens,1263344307,NYGC
NY-TX4088-5,10xV3.1D,AD_Center_Grant_Soma,CELL_RANGER_DUAL_INDEX,1265420400,A8TX_230417_01_B01,R8TX-23062702,RTX-4088,10691,Nuclei,1159883646,L8TX_230421_01_F09,1679_A01,human,Homo Sapiens,1263372241,NYGC
NY-TX4088-6,10xV3.1D,AD_Center_Grant_Soma,CELL_RANGER_DUAL_INDEX,1265420402,A8TX_230417_01_C01,R8TX-23062702,RTX-4088,10670,Nuclei,1159883646,L8TX_230421_01_G09,1679_B01,human,Homo Sapiens,1263372258,NYGC
NY-TX4088-7,10xV3.1D,AD_Center_Grant_Soma,CELL_RANGER_DUAL_INDEX,1271111743,A8TX_230508_01_H01,R8TX-23062702,RTX-4088,10691,Nuclei,1159883646,L8TX_230511_21_B09,1705_A01,human,Homo Sapiens,1268175239,NYGC
NY-TX4088-8,10xV3.1D,AD_Center_Grant_Soma,CELL_RANGER_DUAL_INDEX,1271111745,A8TX_230508_01_A02,R8TX-23062702,RTX-4088,8480,Nuclei,1159883646,L8TX_230511_21_C09,1705_B01,human,Homo Sapiens,1268175247,NYGC
NY-TX4088-9,10xV3.1D,AD_Center_Grant_Soma,CELL_RANGER_DUAL_INDEX,1271111747,A8TX_230508_01_B02,R8TX-23062702,RTX-4088,10701,Nuclei,1159883646,L8TX_230511_21_D09,1705_C01,human,Homo Sapiens,1268177027,NYGC
NY-TX4089-1,10xV3.1D,Capsid+HGT,CELL_RANGER_DUAL_INDEX,1276771752,A8TX_230605_01_B01,R8TX-23070501,RTX-4089,10717,Cells,1159883646,L8TX_230608_21_H05,1726_D01,mouse,Mus musculus,1273658325,NYGC
NY-TX4089-10,10xV3.1D,SKOR2_PC_methdev,CELL_RANGER_DUAL_INDEX,1281343191,A8TX_230626_01_B01,R8TX-23070501,RTX-4089,10691,Nuclei,1159883646,L8TX_230629_21_A11,1755_G03,macaque_nemestrina,Macaca nemestrina,1279454090,NYGC
NY-TX4089-2,10xV3.1D,MGT_Enhancer_Virus,CELL_RANGER_DUAL_INDEX,1279930214,A8TX_230612_01_B01,R8TX-23070501,RTX-4089,6433,Cells,1159883646,L8TX_230615_21_H07,1741_A05,mouse,Mus musculus,1276315904,NYGC
NY-TX4089-3,10xV3.1D,AIND_jGCaMP8,CELL_RANGER_DUAL_INDEX,1281343202,A8TX_230626_01_G01,R8TX-23070501,RTX-4089,10706,Cells,1159883646,L8TX_230629_21_F10,1752_A01,mouse,Mus musculus,1279548218,NYGC
NY-TX4089-4,10xV3.1D,AIND_jGCaMP8,CELL_RANGER_DUAL_INDEX,1281343204,A8TX_230626_01_H01,R8TX-23070501,RTX-4089,10687,Cells,1159883646,L8TX_230629_21_G10,1752_B01,mouse,Mus musculus,1279548219,NYGC
NY-TX4089-5,10xV3.1_CP,HMBA_Macaque_Pop,CELL_RANGER_DUAL_INDEX,1281343776,A8CP_230626_02_A01,R8TX-23070501,RTX-4089,10701,Nuclei,1159883788,L8CP_230629_23_F12,1754_A01,macaque,Macaca mulatta,1279234622,NYGC
NY-TX4089-6,10xV3.1_CP,HMBA_Macaque_Pop,CELL_RANGER_DUAL_INDEX,1281343778,A8CP_230626_02_B01,R8TX-23070501,RTX-4089,10722,Nuclei,1159883788,L8CP_230629_23_E12,1754_B01,macaque,Macaca mulatta,1279188374,NYGC
NY-TX4089-7,10xV3.1_CP-BC,HMBA_Macaque_Pop,CELL_RANGER_DUAL_INDEX,1281344815,A8BC_230626_03_A01,R8TX-23070501,RTX-4089,10701,Nuclei,1281337459,L8BC_230629_01_C01,1754_A01,macaque,Macaca mulatta,1279234631,NYGC
NY-TX4089-8,10xV3.1_CP-BC,HMBA_Macaque_Pop,CELL_RANGER_DUAL_INDEX,1281344817,A8BC_230626_03_B01,R8TX-23070501,RTX-4089,10722,Nuclei,1281337459,L8BC_230629_01_D01,1754_B01,macaque,Macaca mulatta,1279188385,NYGC
NY-TX4089-9,10xV3.1D,Psilocybin_In_Slices,CELL_RANGER_DUAL_INDEX,1281343212,A8TX_230626_01_C02,R8TX-23070501,RTX-4089,10697,Cells,1159883646,L8TX_230629_21_E11,1757_A04,mouse,Mus musculus,1278441000,NYGC
NY-TX4090-1,10xV3.1D,AIND_jGCaMP8,CELL_RANGER_DUAL_INDEX,1281343207,A8TX_230626_01_A02,R8TX-23071101,RTX-4090,10701,Cells,1159883646,L8TX_230629_21_D11,1753_A02,mouse,Mus musculus,1279169974,NYGC
NY-TX4090-2,10xV3.1D,AIND_jGCaMP8,CELL_RANGER_DUAL_INDEX,1281343209,A8TX_230626_01_B02,R8TX-23071101,RTX-4090,10689,Cells,1159883646,L8TX_230629_21_H10,1753_B02,mouse,Mus musculus,1279169975,NYGC
NY-TX4090-3,10xV3.1D,Treeshrew_V1_dev,CELL_RANGER_DUAL_INDEX,1281343195,A8TX_230626_01_D01,R8TX-23071101,RTX-4090,10707,Nuclei,1159883646,L8TX_230629_21_C11,1755_A03,treeshrew,Tupaia belangeri,1279451825,NYGC
NY-TX4090-4,10xV3.1D,Treeshrew_V1_dev,CELL_RANGER_DUAL_INDEX,1281343197,A8TX_230626_01_E01,R8TX-23071101,RTX-4090,10725,Nuclei,1159883646,L8TX_230629_21_D10,1755_D03,treeshrew,Tupaia belangeri,1279452809,NYGC
NY-TX4090-5,10xV3.1D,Treeshrew_V1_dev,CELL_RANGER_DUAL_INDEX,1281343200,A8TX_230626_01_F01,R8TX-23071101,RTX-4090,10725,Nuclei,1159883646,L8TX_230629_21_E10,1755_E03,treeshrew,Tupaia belangeri,1279453099,NYGC
NY-TX4090-6,10xV3.1D,Treeshrew_V1_dev,CELL_RANGER_DUAL_INDEX,1281343193,A8TX_230626_01_C01,R8TX-23071101,RTX-4090,10693,Nuclei,1159883646,L8TX_230629_21_B11,1755.1_C03,treeshrew,Tupaia belangeri,1279452522,NYGC
NY-TX4090-7,10xV3.1D,AIND_jGCaMP8,CELL_RANGER_DUAL_INDEX,1283462420,A8TX_230703_01_A01,R8TX-23071101,RTX-4090,9102,Cells,1159883646,L8TX_230706_21_C01,1761_A01,mouse,Mus musculus,1279596798,NYGC
NY-TX4090-8,10xV3.1D,AIND_jGCaMP8,CELL_RANGER_DUAL_INDEX,1283462423,A8TX_230703_01_B01,R8TX-23071101,RTX-4090,10705,Cells,1159883646,L8TX_230706_21_B01,1763_A02,mouse,Mus musculus,1281270888,NYGC
NY-TX4091-1,10xV3.1_HT,AD_Center_Grant,CELL_RANGER_DUAL_INDEX,1287224877,A8HX_230731_01_A01,R8TX-23092602,RTX-4091,19938,Nuclei,1159883766,L8HX_230803_02_C08,1796_A01,human,Homo Sapiens,1286781602,NYGC
NY-TX4091-2,10xV3.1_HT,AD_Center_Grant,CELL_RANGER_DUAL_INDEX,1287224879,A8HX_230731_01_A02,R8TX-23092602,RTX-4091,19970,Nuclei,1159883766,L8HX_230803_02_D08,1796_A02,human,Homo Sapiens,1286782078,NYGC
NY-TX4091-3,10xV3.1D,Treeshrew_V1_dev,CELL_RANGER_DUAL_INDEX,1295195318,A8TX_230905_01_A01,R8TX-23092602,RTX-4091,10725,Nuclei,1159883646,L8TX_230907_01_H09,1852_A01,treeshrew,Tupaia belangeri,1294972819,NYGC
NY-TX4091-4,10xV3.1D,Treeshrew_V1_dev,CELL_RANGER_DUAL_INDEX,1295195320,A8TX_230905_01_B01,R8TX-23092602,RTX-4091,10725,Nuclei,1159883646,L8TX_230907_01_G09,1852_B01,treeshrew,Tupaia belangeri,1294973388,NYGC
NY-TX4091-5,10xV3.1D,MGT_Enhancer_Virus,CELL_RANGER_DUAL_INDEX,1298470324,A8TX_230919_01_A01,R8TX-23092602,RTX-4091,1853,Cells,1159883646,L8TX_230921_01_D05,1864_A01,mouse,Mus musculus,1297980617,NYGC
NY-AT0646-1,10xATAC_Mult,AD_Center_Grant,ARC-ATAC,1276784356,B8XM_230613_01_A01,R8XA-23071103,ATX-646,10000,Nuclei,1061736689,L8XA_230613_01_F08,1738_A03,human,Homo Sapiens,1276321264,NYGC
NY-AT0646-10,10xATAC_Mult,AD_Center_Grant,ARC-ATAC,1281346376,B8XM_230703_01_A01,R8XA-23071103,ATX-646,10000,Nuclei,1061736689,L8XA_230703_01_A11,1765_A06,human,Homo Sapiens,1279887018,NYGC
NY-AT0646-2,10xATAC_Mult,AD_Center_Grant,ARC-ATAC,1276784358,B8XM_230613_01_B01,R8XA-23071103,ATX-646,10000,Nuclei,1061736689,L8XA_230613_01_G08,1738_B03,human,Homo Sapiens,1276321263,NYGC
NY-AT0646-3,10xATAC_Mult,AD_Center_Grant,ARC-ATAC,1276784361,B8XM_230613_01_C01,R8XA-23071103,ATX-646,10000,Nuclei,1061736689,L8XA_230613_01_H08,1740_A04,human,Homo Sapiens,1276325577,NYGC
NY-AT0646-4,10xATAC_Mult,AD_Center_Grant,ARC-ATAC,1276784363,B8XM_230613_01_D01,R8XA-23071103,ATX-646,10000,Nuclei,1061736689,L8XA_230613_01_A09,1740_B04,human,Homo Sapiens,1276325576,NYGC
NY-AT0646-5,10xATAC_Mult,NHP_SpC,ARC-ATAC,1278407180,B8XM_230620_01_B01,R8XA-23071103,ATX-646,5201,Nuclei,1061736689,L8XA_230620_01_E09,1746_A03,macaque_nemestrina,Macaca nemestrina,1277648949,NYGC
NY-AT0646-6,10xATAC_Mult,NHP_SpC,ARC-ATAC,1278407183,B8XM_230620_01_C01,R8XA-23071103,ATX-646,1863,Nuclei,1061736689,L8XA_230620_01_D09,1749_A05,macaque_nemestrina,Macaca nemestrina,1277642399,NYGC
NY-AT0646-7,10xATAC_Mult,AD_Center_Grant,ARC-ATAC,1279884639,B8XM_230627_01_E01,R8XA-23071103,ATX-646,10000,Nuclei,1061736689,L8XA_230627_01_F10,1758_A01,human,Homo Sapiens,1279162607,NYGC
NY-AT0646-8,10xATAC_Mult,AD_Center_Grant,ARC-ATAC,1279884641,B8XM_230627_01_F01,R8XA-23071103,ATX-646,10000,Nuclei,1061736689,L8XA_230627_01_G10,1758_B01,human,Homo Sapiens,1279162608,NYGC
NY-AT0646-9,10xATAC_Mult,AD_Center_Grant,ARC-ATAC,1279884643,B8XM_230627_01_G01,R8XA-23071103,ATX-646,10000,Nuclei,1061736689,L8XA_230627_01_H10,1758_C01,human,Homo Sapiens,1279162609,NYGC
NY-AT0647-1,10xATAC_Mult,AD_Center_Grant,ARC-ATAC,1281346378,B8XM_230703_01_B01,R8XA-23072502,ATX-647,10000,Nuclei,1061736689,L8XA_230703_01_B11,1765_B06,human,Homo Sapiens,1280736974,NYGC
NY-AT0647-2,10xATAC_Mult,NHP_SpC,ARC-ATAC,1281346381,B8XM_230703_01_C01,R8XA-23072502,ATX-647,7220,Nuclei,1061736689,L8XA_230703_01_C11,1764_A05,macaque_nemestrina,Macaca nemestrina,1280737580,NYGC
NY-AT0647-3,10xATAC_Mult,AD_Center_Grant,ARC-ATAC,1285915621,B8XM_230711_01_B01,R8XA-23072502,ATX-647,10000,Nuclei,1061736689,L8XA_230711_01_E01,1768_B02,human,Homo Sapiens,1285913358,NYGC
NY-AT0647-4,10xATAC_Mult,AD_Center_Grant,ARC-ATAC,1285915623,B8XM_230711_01_C01,R8XA-23072502,ATX-647,10000,Nuclei,1061736689,L8XA_230711_01_F01,1768.1_C02,human,Homo Sapiens,1281352513,NYGC
NY-AT0647-5,10xATAC_Mult,AD_Center_Grant,ARC-ATAC,1285915630,B8XM_230711_01_F01,R8XA-23072502,ATX-647,10000,Nuclei,1061736689,L8XA_230711_01_G01,1772_A05,human,Homo Sapiens,1282100101,NYGC
NY-AT0647-6,10xATAC_Mult,AD_Center_Grant,ARC-ATAC,1285915632,B8XM_230711_01_G01,R8XA-23072502,ATX-647,10000,Nuclei,1061736689,L8XA_230711_01_H01,1772_B05,human,Homo Sapiens,1282103252,NYGC
NY-AT0647-7,10xATAC_Mult,AD_Center_Grant,ARC-ATAC,1283886245,B8XM_230718_01_A01,R8XA-23072502,ATX-647,10000,Nuclei,1061736689,L8XA_230718_01_A02,1779_A05,human,Homo Sapiens,1283492523,NYGC
NY-AT0647-8,10xATAC_Mult,AD_Center_Grant,ARC-ATAC,1283886247,B8XM_230718_01_B01,R8XA-23072502,ATX-647,10000,Nuclei,1061736689,L8XA_230718_01_B02,1779_B05,human,Homo Sapiens,1283492952,NYGC
NY-AT0648-1,10xATAC_Mult,AD_Center_Grant,ARC-ATAC,1286078071,B8XM_230725_01_A01,R8XA-23080105,ATX-648,10000,Nuclei,1061736689,L8XA_230725_01_G03,1784_B02,human,Homo Sapiens,1285608096,NYGC
NY-AT0648-2,10xATAC_Mult,AD_Center_Grant,ARC-ATAC,1286078073,B8XM_230725_01_B01,R8XA-23080105,ATX-648,10000,Nuclei,1061736689,L8XA_230725_01_H03,1784.1_C02,human,Homo Sapiens,1285607247,NYGC
NY-AT0648-3,10xATAC_Mult,SCORCH,ARC-ATAC,1286078081,B8XM_230725_01_E01,R8XA-23080105,ATX-648,7267,Nuclei,1061736689,L8XA_230725_01_F02,1788_A04,mouse,Mus musculus,1285850071,NYGC
NY-AT0648-4,10xATAC_Mult,SCORCH,ARC-ATAC,1286078083,B8XM_230725_01_F01,R8XA-23080105,ATX-648,10000,Nuclei,1061736689,L8XA_230725_01_G02,1788_B04,mouse,Mus musculus,1285850072,NYGC
NY-AT0648-5,10xATAC_Mult,SCORCH,ARC-ATAC,1286078085,B8XM_230725_01_G01,R8XA-23080105,ATX-648,10000,Nuclei,1061736689,L8XA_230725_01_H02,1788_C04,mouse,Mus musculus,1285220429,NYGC
NY-AT0648-6,10xATAC_Mult,SCORCH,ARC-ATAC,1286078087,B8XM_230725_01_H01,R8XA-23080105,ATX-648,10000,Nuclei,1061736689,L8XA_230725_01_A03,1788_D04,mouse,Mus musculus,1285220430,NYGC
NY-AT0648-7,10xATAC_Mult,AD_Center_Grant,ARC-ATAC,1286078089,B8XM_230725_01_A02,R8XA-23080105,ATX-648,10000,Nuclei,1061736689,L8XA_230725_01_A04,1789_A05,human,Homo Sapiens,1285605098,NYGC
NY-AT0648-8,10xATAC_Mult,SCORCH,ARC-ATAC,1286078091,B8XM_230725_01_B02,R8XA-23080105,ATX-648,10000,Nuclei,1061736689,L8XA_230725_01_B03,1791_A01,mouse,Mus musculus,1285640389,NYGC
NY-AT0649-1,10xATAC_Mult,SCORCH,ARC-ATAC,1286078094,B8XM_230725_01_C02,R8XA-23080802,ATX-649,10000,Nuclei,1061736689,L8XA_230725_01_C03,1791_B01,mouse,Mus musculus,1285640390,NYGC
NY-AT0649-2,10xATAC_Mult,AD_Center_Grant,ARC-ATAC,1287033837,B8XM_230801_01_A01,R8XA-23080802,ATX-649,10000,Nuclei,1061736689,L8XA_230801_01_D05,1793_A03,human,Homo Sapiens,1285846173,NYGC
NY-AT0649-3,10xATAC_Mult,AD_Center_Grant,ARC-ATAC,1287033839,B8XM_230801_01_B01,R8XA-23080802,ATX-649,10000,Nuclei,1061736689,L8XA_230801_01_E05,1793_B03,human,Homo Sapiens,1285846807,NYGC
NY-AT0649-4,10xATAC_Mult,SCORCH,ARC-ATAC,1287033841,B8XM_230801_01_C01,R8XA-23080802,ATX-649,10000,Nuclei,1061736689,L8XA_230801_01_D04,1794_A04,mouse,Mus musculus,1286783770,NYGC
NY-AT0649-5,10xATAC_Mult,SCORCH,ARC-ATAC,1287033843,B8XM_230801_01_D01,R8XA-23080802,ATX-649,10000,Nuclei,1061736689,L8XA_230801_01_E04,1794_B04,mouse,Mus musculus,1286783771,NYGC
NY-AT0649-6,10xATAC_Mult,SCORCH,ARC-ATAC,1287033845,B8XM_230801_01_E01,R8XA-23080802,ATX-649,10000,Nuclei,1061736689,L8XA_230801_01_F04,1794_C04,mouse,Mus musculus,1286073814,NYGC
NY-AT0649-7,10xATAC_Mult,SCORCH,ARC-ATAC,1287033847,B8XM_230801_01_F01,R8XA-23080802,ATX-649,10000,Nuclei,1061736689,L8XA_230801_01_G04,1794_D04,mouse,Mus musculus,1286073815,NYGC
NY-AT0649-8,10xATAC_Mult,SCORCH,ARC-ATAC,1287033850,B8XM_230801_01_G01,R8XA-23080802,ATX-649,10000,Nuclei,1061736689,L8XA_230801_01_H04,1797_A01,mouse,Mus musculus,1287007230,NYGC
NY-AT0649-9,10xATAC_Mult,SCORCH,ARC-ATAC,1287033854,B8XM_230801_01_H01,R8XA-23080802,ATX-649,10000,Nuclei,1061736689,L8XA_230801_01_A05,1797_B01,mouse,Mus musculus,1287007231,NYGC
NY-AT0650-1,10xATAC_Mult,AD_Center_Grant,ARC-ATAC,1288557858,B8XM_230808_01_C01,R8XA-23082207,ATX-650,10000,Nuclei,1061736689,L8XA_230808_01_D06,1800_A04,human,Homo Sapiens,1287716451,NYGC
NY-AT0650-10,10xATAC_Mult,Dissectate_handling+MG_MethDev,ARC-ATAC,1287033858,B8XM_230801_01_B02,R8XA-23082207,ATX-650,10000,Nuclei,1061736689,L8XA_230801_01_C05,1797_D01,mouse,Mus musculus,1287007233,NYGC
NY-AT0650-2,10xATAC_Mult,AD_Center_Grant,ARC-ATAC,1288557861,B8XM_230808_01_D01,R8XA-23082207,ATX-650,8773,Nuclei,1061736689,L8XA_230808_01_E06,1800_B04,human,Homo Sapiens,1287717134,NYGC
NY-AT0650-3,10xATAC_Mult,SCORCH,ARC-ATAC,1288557863,B8XM_230808_01_E01,R8XA-23082207,ATX-650,10000,Nuclei,1061736689,L8XA_230808_01_H05,1802_A05,mouse,Mus musculus,1287545136,NYGC
NY-AT0650-4,10xATAC_Mult,SCORCH,ARC-ATAC,1288557865,B8XM_230808_01_F01,R8XA-23082207,ATX-650,10000,Nuclei,1061736689,L8XA_230808_01_A06,1802_B05,mouse,Mus musculus,1287545138,NYGC
NY-AT0650-5,10xATAC_Mult,SCORCH,ARC-ATAC,1288557867,B8XM_230808_01_G01,R8XA-23082207,ATX-650,10000,Nuclei,1061736689,L8XA_230808_01_B06,1802_C05,mouse,Mus musculus,1287545157,NYGC
NY-AT0650-6,10xATAC_Mult,SCORCH,ARC-ATAC,1288557869,B8XM_230808_01_H01,R8XA-23082207,ATX-650,10000,Nuclei,1061736689,L8XA_230808_01_C06,1802_D05,mouse,Mus musculus,1287545158,NYGC
NY-AT0650-7,10xATAC_Mult,AD_Center_Grant,ARC-ATAC,1288557871,B8XM_230808_01_A02,R8XA-23082207,ATX-650,10000,Nuclei,1061736689,L8XA_230808_01_F06,1804_A06,human,Homo Sapiens,1287718360,NYGC
NY-AT0650-8,10xATAC_Mult,Dissectate_handling+MG_MethDev,ARC-ATAC,1287033856,B8XM_230801_01_A02,R8XA-23082207,ATX-650,10000,Nuclei,1061736689,L8XA_230801_01_B05,1797_C01,mouse,Mus musculus,1287007232,NYGC
NY-AT0650-9,10xATAC_Mult,Mouse_SpC,ARC-ATAC,1291008122,B8XM_230815_01_F02,R8XA-23082207,ATX-650,1568,Nuclei,1061736689,L8XA_230815_01_H06,1818_A09,mouse,Mus musculus,1290865920,NYGC
NY-AT0651-1,10xATAC_Mult,HEAD_Network,ARC-ATAC,1269812633,B8XM_230502_01_E04,R8XA-23082903,ATX-651,10000,Nuclei,1061736689,L8XA_230502_01_E12,1701_C01,mouse,Mus musculus,1269800214,NYGC
NY-AT0651-10,10xATAC_Mult,HEAD_Network,ARC-ATAC,1271119365,B8XM_230509_01_F01,R8XA-23082903,ATX-651,10000,Nuclei,1061736689,L8XA_230509_01_G03,1703_D03,mouse,Mus musculus,1269227354,NYGC
NY-AT0651-2,10xATAC_Mult,HEAD_Network,ARC-ATAC,1269812635,B8XM_230502_01_F04,R8XA-23082903,ATX-651,10000,Nuclei,1061736689,L8XA_230502_01_F12,1701_D01,mouse,Mus musculus,1269800215,NYGC
NY-AT0651-3,10xATAC_Mult,HEAD_Network,ARC-ATAC,1269812618,B8XM_230502_01_G03,R8XA-23082903,ATX-651,10000,Nuclei,1061736689,L8XA_230502_01_G11,1700_A06,mouse,Mus musculus,1268155763,NYGC
NY-AT0651-4,10xATAC_Mult,HEAD_Network,ARC-ATAC,1269812566,B8XM_230502_01_A01,R8XA-23082903,ATX-651,10000,Nuclei,1061736689,L8XA_230502_01_G12,1695_A02,mouse,Mus musculus,1269805174,NYGC
NY-AT0651-5,10xATAC_Mult,HEAD_Network,ARC-ATAC,1269812620,B8XM_230502_01_H03,R8XA-23082903,ATX-651,10000,Nuclei,1061736689,L8XA_230502_01_H11,1700_B06,mouse,Mus musculus,1268155764,NYGC
NY-AT0651-6,10xATAC_Mult,HEAD_Network,ARC-ATAC,1269812568,B8XM_230502_01_B01,R8XA-23082903,ATX-651,10000,Nuclei,1061736689,L8XA_230502_01_H12,1695_B02,mouse,Mus musculus,1269805175,NYGC
NY-AT0651-7,10xATAC_Mult,HEAD_Network,ARC-ATAC,1271119354,B8XM_230509_01_C01,R8XA-23082903,ATX-651,10000,Nuclei,1061736689,L8XA_230509_01_D03,1703_A03,mouse,Mus musculus,1269234628,NYGC
NY-AT0651-8,10xATAC_Mult,HEAD_Network,ARC-ATAC,1271119358,B8XM_230509_01_D01,R8XA-23082903,ATX-651,10000,Nuclei,1061736689,L8XA_230509_01_E03,1703_B03,mouse,Mus musculus,1269234629,NYGC
NY-AT0651-9,10xATAC_Mult,HEAD_Network,ARC-ATAC,1271119362,B8XM_230509_01_E01,R8XA-23082903,ATX-651,10000,Nuclei,1061736689,L8XA_230509_01_F03,1703_C03,mouse,Mus musculus,1269227353,NYGC
NY-AT0651-1,10xATAC_Mult,HEAD_Network,ARC-ATAC,1269812633,B8XM_230502_01_E04,R8XA-23082903,ATX-651,10000,Nuclei,1061736689,L8XA_230502_01_E12,1701_C01,mouse,Mus musculus,1269800214,NYGC
NY-AT0651-10,10xATAC_Mult,HEAD_Network,ARC-ATAC,1271119365,B8XM_230509_01_F01,R8XA-23082903,ATX-651,10000,Nuclei,1061736689,L8XA_230509_01_G03,1703_D03,mouse,Mus musculus,1269227354,NYGC
NY-AT0651-2,10xATAC_Mult,HEAD_Network,ARC-ATAC,1269812635,B8XM_230502_01_F04,R8XA-23082903,ATX-651,10000,Nuclei,1061736689,L8XA_230502_01_F12,1701_D01,mouse,Mus musculus,1269800215,NYGC
NY-AT0651-3,10xATAC_Mult,HEAD_Network,ARC-ATAC,1269812618,B8XM_230502_01_G03,R8XA-23082903,ATX-651,10000,Nuclei,1061736689,L8XA_230502_01_G11,1700_A06,mouse,Mus musculus,1268155763,NYGC
NY-AT0651-4,10xATAC_Mult,HEAD_Network,ARC-ATAC,1269812566,B8XM_230502_01_A01,R8XA-23082903,ATX-651,10000,Nuclei,1061736689,L8XA_230502_01_G12,1695_A02,mouse,Mus musculus,1269805174,NYGC
NY-AT0651-5,10xATAC_Mult,HEAD_Network,ARC-ATAC,1269812620,B8XM_230502_01_H03,R8XA-23082903,ATX-651,10000,Nuclei,1061736689,L8XA_230502_01_H11,1700_B06,mouse,Mus musculus,1268155764,NYGC
NY-AT0651-6,10xATAC_Mult,HEAD_Network,ARC-ATAC,1269812568,B8XM_230502_01_B01,R8XA-23082903,ATX-651,10000,Nuclei,1061736689,L8XA_230502_01_H12,1695_B02,mouse,Mus musculus,1269805175,NYGC
NY-AT0651-7,10xATAC_Mult,HEAD_Network,ARC-ATAC,1271119354,B8XM_230509_01_C01,R8XA-23082903,ATX-651,10000,Nuclei,1061736689,L8XA_230509_01_D03,1703_A03,mouse,Mus musculus,1269234628,NYGC
NY-AT0651-8,10xATAC_Mult,HEAD_Network,ARC-ATAC,1271119358,B8XM_230509_01_D01,R8XA-23082903,ATX-651,10000,Nuclei,1061736689,L8XA_230509_01_E03,1703_B03,mouse,Mus musculus,1269234629,NYGC
NY-AT0651-9,10xATAC_Mult,HEAD_Network,ARC-ATAC,1271119362,B8XM_230509_01_E01,R8XA-23082903,ATX-651,10000,Nuclei,1061736689,L8XA_230509_01_F03,1703_C03,mouse,Mus musculus,1269227353,NYGC
NY-AT0651-1,10xATAC_Mult,HEAD_Network,ARC-ATAC,1269812633,B8XM_230502_01_E04,R8XA-23082903,ATX-651,10000,Nuclei,1061736689,L8XA_230502_01_E12,1701_C01,mouse,Mus musculus,1269800214,NYGC
NY-AT0651-10,10xATAC_Mult,HEAD_Network,ARC-ATAC,1271119365,B8XM_230509_01_F01,R8XA-23082903,ATX-651,10000,Nuclei,1061736689,L8XA_230509_01_G03,1703_D03,mouse,Mus musculus,1269227354,NYGC
NY-AT0651-2,10xATAC_Mult,HEAD_Network,ARC-ATAC,1269812635,B8XM_230502_01_F04,R8XA-23082903,ATX-651,10000,Nuclei,1061736689,L8XA_230502_01_F12,1701_D01,mouse,Mus musculus,1269800215,NYGC
NY-AT0651-3,10xATAC_Mult,HEAD_Network,ARC-ATAC,1269812618,B8XM_230502_01_G03,R8XA-23082903,ATX-651,10000,Nuclei,1061736689,L8XA_230502_01_G11,1700_A06,mouse,Mus musculus,1268155763,NYGC
NY-AT0651-4,10xATAC_Mult,HEAD_Network,ARC-ATAC,1269812566,B8XM_230502_01_A01,R8XA-23082903,ATX-651,10000,Nuclei,1061736689,L8XA_230502_01_G12,1695_A02,mouse,Mus musculus,1269805174,NYGC
NY-AT0651-5,10xATAC_Mult,HEAD_Network,ARC-ATAC,1269812620,B8XM_230502_01_H03,R8XA-23082903,ATX-651,10000,Nuclei,1061736689,L8XA_230502_01_H11,1700_B06,mouse,Mus musculus,1268155764,NYGC
NY-AT0651-6,10xATAC_Mult,HEAD_Network,ARC-ATAC,1269812568,B8XM_230502_01_B01,R8XA-23082903,ATX-651,10000,Nuclei,1061736689,L8XA_230502_01_H12,1695_B02,mouse,Mus musculus,1269805175,NYGC
NY-AT0651-7,10xATAC_Mult,HEAD_Network,ARC-ATAC,1271119354,B8XM_230509_01_C01,R8XA-23082903,ATX-651,10000,Nuclei,1061736689,L8XA_230509_01_D03,1703_A03,mouse,Mus musculus,1269234628,NYGC
NY-AT0651-8,10xATAC_Mult,HEAD_Network,ARC-ATAC,1271119358,B8XM_230509_01_D01,R8XA-23082903,ATX-651,10000,Nuclei,1061736689,L8XA_230509_01_E03,1703_B03,mouse,Mus musculus,1269234629,NYGC
NY-AT0651-9,10xATAC_Mult,HEAD_Network,ARC-ATAC,1271119362,B8XM_230509_01_E01,R8XA-23082903,ATX-651,10000,Nuclei,1061736689,L8XA_230509_01_F03,1703_C03,mouse,Mus musculus,1269227353,NYGC
NY-AT0652-1,10xATAC_Mult,HEAD_Network,ARC-ATAC,1268553500,B8XM_230425_01_A02,R8XA-23082904,ATX-652,10000,Nuclei,1061736689,L8XA_230425_01_A11,1692_A01,mouse,Mus musculus,1268158885,NYGC
NY-AT0652-10,10xATAC_Mult,HEAD_Network,ARC-ATAC,1269812631,B8XM_230502_01_D04,R8XA-23082904,ATX-652,10000,Nuclei,1061736689,L8XA_230502_01_D12,1701_B01,mouse,Mus musculus,1268105617,NYGC
NY-AT0652-2,10xATAC_Mult,HEAD_Network,ARC-ATAC,1268553502,B8XM_230425_01_B02,R8XA-23082904,ATX-652,10000,Nuclei,1061736689,L8XA_230425_01_B11,1692_B01,mouse,Mus musculus,1268158886,NYGC
NY-AT0652-3,10xATAC_Mult,HEAD_Network,ARC-ATAC,1268553504,B8XM_230425_01_C02,R8XA-23082904,ATX-652,10000,Nuclei,1061736689,L8XA_230425_01_C11,1692_C01,mouse,Mus musculus,1266631460,NYGC
NY-AT0652-4,10xATAC_Mult,HEAD_Network,ARC-ATAC,1268553506,B8XM_230425_01_D02,R8XA-23082904,ATX-652,10000,Nuclei,1061736689,L8XA_230425_01_D11,1692_D01,mouse,Mus musculus,1266631461,NYGC
NY-AT0652-5,10xATAC_Mult,HEAD_Network,ARC-ATAC,1269812570,B8XM_230502_01_C01,R8XA-23082904,ATX-652,10000,Nuclei,1061736689,L8XA_230502_01_A01,1695_C02,mouse,Mus musculus,1266857275,NYGC
NY-AT0652-6,10xATAC_Mult,HEAD_Network,ARC-ATAC,1269812623,B8XM_230502_01_A04,R8XA-23082904,ATX-652,10000,Nuclei,1061736689,L8XA_230502_01_A12,1700_C06,mouse,Mus musculus,1267720710,NYGC
NY-AT0652-7,10xATAC_Mult,HEAD_Network,ARC-ATAC,1269812573,B8XM_230502_01_D01,R8XA-23082904,ATX-652,10000,Nuclei,1061736689,L8XA_230502_01_B01,1695_D02,mouse,Mus musculus,1266857276,NYGC
NY-AT0652-8,10xATAC_Mult,HEAD_Network,ARC-ATAC,1269812625,B8XM_230502_01_B04,R8XA-23082904,ATX-652,10000,Nuclei,1061736689,L8XA_230502_01_B12,1700_D06,mouse,Mus musculus,1267720711,NYGC
NY-AT0652-9,10xATAC_Mult,HEAD_Network,ARC-ATAC,1269812628,B8XM_230502_01_C04,R8XA-23082904,ATX-652,10000,Nuclei,1061736689,L8XA_230502_01_C12,1701_A01,mouse,Mus musculus,1268105616,NYGC
NY-AT0652-1,10xATAC_Mult,HEAD_Network,ARC-ATAC,1268553500,B8XM_230425_01_A02,R8XA-23082904,ATX-652,10000,Nuclei,1061736689,L8XA_230425_01_A11,1692_A01,mouse,Mus musculus,1268158885,NYGC
NY-AT0652-10,10xATAC_Mult,HEAD_Network,ARC-ATAC,1269812631,B8XM_230502_01_D04,R8XA-23082904,ATX-652,10000,Nuclei,1061736689,L8XA_230502_01_D12,1701_B01,mouse,Mus musculus,1268105617,NYGC
NY-AT0652-2,10xATAC_Mult,HEAD_Network,ARC-ATAC,1268553502,B8XM_230425_01_B02,R8XA-23082904,ATX-652,10000,Nuclei,1061736689,L8XA_230425_01_B11,1692_B01,mouse,Mus musculus,1268158886,NYGC
NY-AT0652-3,10xATAC_Mult,HEAD_Network,ARC-ATAC,1268553504,B8XM_230425_01_C02,R8XA-23082904,ATX-652,10000,Nuclei,1061736689,L8XA_230425_01_C11,1692_C01,mouse,Mus musculus,1266631460,NYGC
NY-AT0652-4,10xATAC_Mult,HEAD_Network,ARC-ATAC,1268553506,B8XM_230425_01_D02,R8XA-23082904,ATX-652,10000,Nuclei,1061736689,L8XA_230425_01_D11,1692_D01,mouse,Mus musculus,1266631461,NYGC
NY-AT0652-5,10xATAC_Mult,HEAD_Network,ARC-ATAC,1269812570,B8XM_230502_01_C01,R8XA-23082904,ATX-652,10000,Nuclei,1061736689,L8XA_230502_01_A01,1695_C02,mouse,Mus musculus,1266857275,NYGC
NY-AT0652-6,10xATAC_Mult,HEAD_Network,ARC-ATAC,1269812623,B8XM_230502_01_A04,R8XA-23082904,ATX-652,10000,Nuclei,1061736689,L8XA_230502_01_A12,1700_C06,mouse,Mus musculus,1267720710,NYGC
NY-AT0652-7,10xATAC_Mult,HEAD_Network,ARC-ATAC,1269812573,B8XM_230502_01_D01,R8XA-23082904,ATX-652,10000,Nuclei,1061736689,L8XA_230502_01_B01,1695_D02,mouse,Mus musculus,1266857276,NYGC
NY-AT0652-8,10xATAC_Mult,HEAD_Network,ARC-ATAC,1269812625,B8XM_230502_01_B04,R8XA-23082904,ATX-652,10000,Nuclei,1061736689,L8XA_230502_01_B12,1700_D06,mouse,Mus musculus,1267720711,NYGC
NY-AT0652-9,10xATAC_Mult,HEAD_Network,ARC-ATAC,1269812628,B8XM_230502_01_C04,R8XA-23082904,ATX-652,10000,Nuclei,1061736689,L8XA_230502_01_C12,1701_A01,mouse,Mus musculus,1268105616,NYGC
NY-AT0652-1,10xATAC_Mult,HEAD_Network,ARC-ATAC,1268553500,B8XM_230425_01_A02,R8XA-23082904,ATX-652,10000,Nuclei,1061736689,L8XA_230425_01_A11,1692_A01,mouse,Mus musculus,1268158885,NYGC
NY-AT0652-10,10xATAC_Mult,HEAD_Network,ARC-ATAC,1269812631,B8XM_230502_01_D04,R8XA-23082904,ATX-652,10000,Nuclei,1061736689,L8XA_230502_01_D12,1701_B01,mouse,Mus musculus,1268105617,NYGC
NY-AT0652-2,10xATAC_Mult,HEAD_Network,ARC-ATAC,1268553502,B8XM_230425_01_B02,R8XA-23082904,ATX-652,10000,Nuclei,1061736689,L8XA_230425_01_B11,1692_B01,mouse,Mus musculus,1268158886,NYGC
NY-AT0652-3,10xATAC_Mult,HEAD_Network,ARC-ATAC,1268553504,B8XM_230425_01_C02,R8XA-23082904,ATX-652,10000,Nuclei,1061736689,L8XA_230425_01_C11,1692_C01,mouse,Mus musculus,1266631460,NYGC
NY-AT0652-4,10xATAC_Mult,HEAD_Network,ARC-ATAC,1268553506,B8XM_230425_01_D02,R8XA-23082904,ATX-652,10000,Nuclei,1061736689,L8XA_230425_01_D11,1692_D01,mouse,Mus musculus,1266631461,NYGC
NY-AT0652-5,10xATAC_Mult,HEAD_Network,ARC-ATAC,1269812570,B8XM_230502_01_C01,R8XA-23082904,ATX-652,10000,Nuclei,1061736689,L8XA_230502_01_A01,1695_C02,mouse,Mus musculus,1266857275,NYGC
NY-AT0652-6,10xATAC_Mult,HEAD_Network,ARC-ATAC,1269812623,B8XM_230502_01_A04,R8XA-23082904,ATX-652,10000,Nuclei,1061736689,L8XA_230502_01_A12,1700_C06,mouse,Mus musculus,1267720710,NYGC
NY-AT0652-7,10xATAC_Mult,HEAD_Network,ARC-ATAC,1269812573,B8XM_230502_01_D01,R8XA-23082904,ATX-652,10000,Nuclei,1061736689,L8XA_230502_01_B01,1695_D02,mouse,Mus musculus,1266857276,NYGC
NY-AT0652-8,10xATAC_Mult,HEAD_Network,ARC-ATAC,1269812625,B8XM_230502_01_B04,R8XA-23082904,ATX-652,10000,Nuclei,1061736689,L8XA_230502_01_B12,1700_D06,mouse,Mus musculus,1267720711,NYGC
NY-AT0652-9,10xATAC_Mult,HEAD_Network,ARC-ATAC,1269812628,B8XM_230502_01_C04,R8XA-23082904,ATX-652,10000,Nuclei,1061736689,L8XA_230502_01_C12,1701_A01,mouse,Mus musculus,1268105616,NYGC
NY-AT0653-1,10xATAC_Mult,HEAD_Network,ARC-ATAC,1227893718,B8XM_221122_01_A01,R8XA-23082905,ATX-653,10000,Nuclei,1061736689,L8XA_221122_01_F08,1516_A01,mouse,Mus musculus,1226544604,NYGC
NY-AT0653-10,10xATAC_Mult,HEAD_Network,ARC-ATAC,1232962894,B8XM_221212_01_B01,R8XA-23082905,ATX-653,6366,Nuclei,1061736689,L8XA_221212_01_G01,1535_B02,mouse,Mus musculus,1231429718,NYGC
NY-AT0653-11,10xATAC_Mult,HEAD_Network,ARC-ATAC,1232962896,B8XM_221212_01_C01,R8XA-23082905,ATX-653,10000,Nuclei,1061736689,L8XA_221212_01_H01,1535_C02,mouse,Mus musculus,1232408779,NYGC
NY-AT0653-2,10xATAC_Mult,HEAD_Network,ARC-ATAC,1227893720,B8XM_221122_01_B01,R8XA-23082905,ATX-653,10000,Nuclei,1061736689,L8XA_221122_01_G08,1516_B01,mouse,Mus musculus,1226544605,NYGC
NY-AT0653-3,10xATAC_Mult,HEAD_Network,ARC-ATAC,1227893723,B8XM_221122_01_C01,R8XA-23082905,ATX-653,10000,Nuclei,1061736689,L8XA_221122_01_H08,1516_C01,mouse,Mus musculus,1226720631,NYGC
NY-AT0653-4,10xATAC_Mult,HEAD_Network,ARC-ATAC,1237791460,B8XM_221206_01_G01,R8XA-23082905,ATX-653,10000,Nuclei,1061736689,L8XA_221208_01_A01,1546_B01,mouse,Mus musculus,1231789923,NYGC
NY-AT0653-5,10xATAC_Mult,HEAD_Network,ARC-ATAC,1237791462,B8XM_221206_01_H01,R8XA-23082905,ATX-653,10000,Nuclei,1061736689,L8XA_221208_01_B01,1546_C01,mouse,Mus musculus,1231434395,NYGC
NY-AT0653-6,10xATAC_Mult,HEAD_Network,ARC-ATAC,1237791465,B8XM_221206_01_A02,R8XA-23082905,ATX-653,10000,Nuclei,1061736689,L8XA_221208_01_C01,1546_D01,mouse,Mus musculus,1231434396,NYGC
NY-AT0653-7,10xATAC_Mult,HEAD_Network,ARC-ATAC,1237791458,B8XM_221206_01_F01,R8XA-23082905,ATX-653,9441,Nuclei,1061736689,L8XA_221208_01_H12,1546_A01,mouse,Mus musculus,1231789922,NYGC
NY-AT0653-8,10xATAC_Mult,HEAD_Network,ARC-ATAC,1232962898,B8XM_221212_01_D01,R8XA-23082905,ATX-653,9875,Nuclei,1061736689,L8XA_221212_01_A02,1535_D02,mouse,Mus musculus,1232408780,NYGC
NY-AT0653-9,10xATAC_Mult,HEAD_Network,ARC-ATAC,1232962892,B8XM_221212_01_A01,R8XA-23082905,ATX-653,10000,Nuclei,1061736689,L8XA_221212_01_F01,1535_A02,mouse,Mus musculus,1231429716,NYGC
NY-AT0654-1,10xATAC_Mult,HEAD_Network,ARC-ATAC,1224957830,B8XM_221108_01_H02,R8XA-23082906,ATX-654,10000,Nuclei,1061736689,L8XA_221108_01_H02,1496_D05,mouse,Mus musculus,1223486585,NYGC
NY-AT0654-10,10xATAC_Mult,HEAD_Network,ARC-ATAC,1227893730,B8XM_221122_01_F01,R8XA-23082906,ATX-654,10000,Nuclei,1061736689,L8XA_221122_01_B09,1518_B03,mouse,Mus musculus,1226952061,NYGC
NY-AT0654-11,10xATAC_Mult,HEAD_Network,ARC-ATAC,1227893732,B8XM_221122_01_G01,R8XA-23082906,ATX-654,10000,Nuclei,1061736689,L8XA_221122_01_C09,1518_C03,mouse,Mus musculus,1227585590,NYGC
NY-AT0654-12,10xATAC_Mult,HEAD_Network,ARC-ATAC,1227893734,B8XM_221122_01_H01,R8XA-23082906,ATX-654,10000,Nuclei,1061736689,L8XA_221122_01_D09,1518_D03,mouse,Mus musculus,1227585591,NYGC
NY-AT0654-13,10xATAC_Mult,HEAD_Network,ARC-ATAC,1227893736,B8XM_221122_01_A02,R8XA-23082906,ATX-654,10000,Nuclei,1061736689,L8XA_221122_01_E09,1518.1_E03,mouse,Mus musculus,1226952064,NYGC
NY-AT0654-2,10xATAC_Mult,HEAD_Network,ARC-ATAC,1229108772,B8XM_221115_01_C01,R8XA-23082906,ATX-654,10000,Nuclei,1061736689,L8XA_221115_01_A06,1506_C03,mouse,Mus musculus,1225367840,NYGC
NY-AT0654-3,10xATAC_Mult,HEAD_Network,ARC-ATAC,1229108774,B8XM_221115_01_D01,R8XA-23082906,ATX-654,10000,Nuclei,1061736689,L8XA_221115_01_B06,1506_D03,mouse,Mus musculus,1225367841,NYGC
NY-AT0654-4,10xATAC_Mult,HEAD_Network,ARC-ATAC,1229108786,B8XM_221115_01_A02,R8XA-23082906,ATX-654,3695,Nuclei,1061736689,L8XA_221115_01_E06,1508_A06,mouse,Mus musculus,1225971423,NYGC
NY-AT0654-5,10xATAC_Mult,HEAD_Network,ARC-ATAC,1229108768,B8XM_221115_01_A01,R8XA-23082906,ATX-654,10000,Nuclei,1061736689,L8XA_221115_01_G05,1506_A03,mouse,Mus musculus,1224928495,NYGC
NY-AT0654-6,10xATAC_Mult,HEAD_Network,ARC-ATAC,1229108793,B8XM_221115_01_C02,R8XA-23082906,ATX-654,3571,Nuclei,1061736689,L8XA_221115_01_G06,1508_C06,mouse,Mus musculus,1227052886,NYGC
NY-AT0654-7,10xATAC_Mult,HEAD_Network,ARC-ATAC,1229108770,B8XM_221115_01_B01,R8XA-23082906,ATX-654,10000,Nuclei,1061736689,L8XA_221115_01_H05,1506_B03,mouse,Mus musculus,1224928496,NYGC
NY-AT0654-8,10xATAC_Mult,HEAD_Network,ARC-ATAC,1229108795,B8XM_221115_01_D02,R8XA-23082906,ATX-654,1841,Nuclei,1061736689,L8XA_221115_01_H06,1508_D06,mouse,Mus musculus,1227052887,NYGC
NY-AT0654-9,10xATAC_Mult,HEAD_Network,ARC-ATAC,1227893725,B8XM_221122_01_D01,R8XA-23082906,ATX-654,10000,Nuclei,1061736689,L8XA_221122_01_A09,1516_D01,mouse,Mus musculus,1226720632,NYGC
NY-AT0654-1,10xATAC_Mult,HEAD_Network,ARC-ATAC,1224957830,B8XM_221108_01_H02,R8XA-23082906,ATX-654,10000,Nuclei,1061736689,L8XA_221108_01_H02,1496_D05,mouse,Mus musculus,1223486585,NYGC
NY-AT0654-10,10xATAC_Mult,HEAD_Network,ARC-ATAC,1227893730,B8XM_221122_01_F01,R8XA-23082906,ATX-654,10000,Nuclei,1061736689,L8XA_221122_01_B09,1518_B03,mouse,Mus musculus,1226952061,NYGC
NY-AT0654-11,10xATAC_Mult,HEAD_Network,ARC-ATAC,1227893732,B8XM_221122_01_G01,R8XA-23082906,ATX-654,10000,Nuclei,1061736689,L8XA_221122_01_C09,1518_C03,mouse,Mus musculus,1227585590,NYGC
NY-AT0654-12,10xATAC_Mult,HEAD_Network,ARC-ATAC,1227893734,B8XM_221122_01_H01,R8XA-23082906,ATX-654,10000,Nuclei,1061736689,L8XA_221122_01_D09,1518_D03,mouse,Mus musculus,1227585591,NYGC
NY-AT0654-13,10xATAC_Mult,HEAD_Network,ARC-ATAC,1227893736,B8XM_221122_01_A02,R8XA-23082906,ATX-654,10000,Nuclei,1061736689,L8XA_221122_01_E09,1518.1_E03,mouse,Mus musculus,1226952064,NYGC
NY-AT0654-2,10xATAC_Mult,HEAD_Network,ARC-ATAC,1229108772,B8XM_221115_01_C01,R8XA-23082906,ATX-654,10000,Nuclei,1061736689,L8XA_221115_01_A06,1506_C03,mouse,Mus musculus,1225367840,NYGC
NY-AT0654-3,10xATAC_Mult,HEAD_Network,ARC-ATAC,1229108774,B8XM_221115_01_D01,R8XA-23082906,ATX-654,10000,Nuclei,1061736689,L8XA_221115_01_B06,1506_D03,mouse,Mus musculus,1225367841,NYGC
NY-AT0654-4,10xATAC_Mult,HEAD_Network,ARC-ATAC,1229108786,B8XM_221115_01_A02,R8XA-23082906,ATX-654,3695,Nuclei,1061736689,L8XA_221115_01_E06,1508_A06,mouse,Mus musculus,1225971423,NYGC
NY-AT0654-5,10xATAC_Mult,HEAD_Network,ARC-ATAC,1229108768,B8XM_221115_01_A01,R8XA-23082906,ATX-654,10000,Nuclei,1061736689,L8XA_221115_01_G05,1506_A03,mouse,Mus musculus,1224928495,NYGC
NY-AT0654-6,10xATAC_Mult,HEAD_Network,ARC-ATAC,1229108793,B8XM_221115_01_C02,R8XA-23082906,ATX-654,3571,Nuclei,1061736689,L8XA_221115_01_G06,1508_C06,mouse,Mus musculus,1227052886,NYGC
NY-AT0654-7,10xATAC_Mult,HEAD_Network,ARC-ATAC,1229108770,B8XM_221115_01_B01,R8XA-23082906,ATX-654,10000,Nuclei,1061736689,L8XA_221115_01_H05,1506_B03,mouse,Mus musculus,1224928496,NYGC
NY-AT0654-8,10xATAC_Mult,HEAD_Network,ARC-ATAC,1229108795,B8XM_221115_01_D02,R8XA-23082906,ATX-654,1841,Nuclei,1061736689,L8XA_221115_01_H06,1508_D06,mouse,Mus musculus,1227052887,NYGC
NY-AT0654-9,10xATAC_Mult,HEAD_Network,ARC-ATAC,1227893725,B8XM_221122_01_D01,R8XA-23082906,ATX-654,10000,Nuclei,1061736689,L8XA_221122_01_A09,1516_D01,mouse,Mus musculus,1226720632,NYGC
NY-AT0655-1,10xATAC_Mult,HEAD_Network,ARC-ATAC,1224957881,B8XM_221108_01_A04,R8XA-23082907,ATX-655,10000,Nuclei,1061736689,L8XA_221108_01_A04,1503_C02,mouse,Mus musculus,1224553265,NYGC
NY-AT0655-10,10xATAC_Mult,HEAD_Network,ARC-ATAC,1224957791,B8XM_221108_01_G01,R8XA-23082907,ATX-655,10000,Nuclei,1061736689,L8XA_221108_01_H01,1493_B03,mouse,Mus musculus,1223409768,NYGC
NY-AT0655-11,10xATAC_Mult,HEAD_Network,ARC-ATAC,1229108791,B8XM_221115_01_B02,R8XA-23082907,ATX-655,6149,Nuclei,1061736689,L8XA_221115_01_F06,1508_B06,mouse,Mus musculus,1225971424,NYGC
NY-AT0655-2,10xATAC_Mult,HEAD_Network,ARC-ATAC,1224957870,B8XM_221108_01_G03,R8XA-23082907,ATX-655,10000,Nuclei,1061736689,L8XA_221108_01_B03,1503_A02,mouse,Mus musculus,1224875043,NYGC
NY-AT0655-3,10xATAC_Mult,HEAD_Network,ARC-ATAC,1224957803,B8XM_221108_01_B02,R8XA-23082907,ATX-655,10000,Nuclei,1061736689,L8XA_221108_01_C02,1493.1_E03,mouse,Mus musculus,1223409772,NYGC
NY-AT0655-4,10xATAC_Mult,HEAD_Network,ARC-ATAC,1224957875,B8XM_221108_01_H03,R8XA-23082907,ATX-655,10000,Nuclei,1061736689,L8XA_221108_01_C03,1503_B02,mouse,Mus musculus,1224875044,NYGC
NY-AT0655-5,10xATAC_Mult,HEAD_Network,ARC-ATAC,1224957808,B8XM_221108_01_C02,R8XA-23082907,ATX-655,10000,Nuclei,1061736689,L8XA_221108_01_D02,1493.1_F03,mouse,Mus musculus,1223738405,NYGC
NY-AT0655-6,10xATAC_Mult,HEAD_Network,ARC-ATAC,1224957886,B8XM_221108_01_B04,R8XA-23082907,ATX-655,10000,Nuclei,1061736689,L8XA_221108_01_D03,1503_D02,mouse,Mus musculus,1224553266,NYGC
NY-AT0655-7,10xATAC_Mult,HEAD_Network,ARC-ATAC,1224957816,B8XM_221108_01_E02,R8XA-23082907,ATX-655,9472,Nuclei,1061736689,L8XA_221108_01_E02,1496_A05,mouse,Mus musculus,1223486554,NYGC
NY-AT0655-8,10xATAC_Mult,HEAD_Network,ARC-ATAC,1224957819,B8XM_221108_01_F02,R8XA-23082907,ATX-655,10000,Nuclei,1061736689,L8XA_221108_01_F02,1496_B05,mouse,Mus musculus,1223486555,NYGC
NY-AT0655-9,10xATAC_Mult,HEAD_Network,ARC-ATAC,1224957825,B8XM_221108_01_G02,R8XA-23082907,ATX-655,10000,Nuclei,1061736689,L8XA_221108_01_G02,1496_C05,mouse,Mus musculus,1223486584,NYGC
NY-AT0656-1,10xATAC_Mult,Morphine,ARC-ATAC,1224387828,B8XM_221101_01_C01,R8XA-23082908,ATX-656,10000,Nuclei,1061736689,L8XA_221101_01_C10,1480_C01,mouse,Mus musculus,1221087639,NYGC
NY-AT0656-10,10xATAC_Mult,HEAD_Network,ARC-ATAC,1224387867,B8XM_221101_01_C03,R8XA-23082908,ATX-656,10000,Nuclei,1061736689,L8XA_221101_01_H09,1489_D01,mouse,Mus musculus,1223250265,NYGC
NY-AT0656-11,10xATAC_Mult,Morphine,ARC-ATAC,1224387841,B8XM_221101_01_H01,R8XA-23082908,ATX-656,10000,Nuclei,1061736689,L8XA_221101_01_H10,1481_D02,mouse,Mus musculus,1223249274,NYGC
NY-AT0656-12,10xATAC_Mult,HEAD_Network,ARC-ATAC,1224957796,B8XM_221108_01_H01,R8XA-23082908,ATX-656,10000,Nuclei,1061736689,L8XA_221108_01_A02,1493_C03,mouse,Mus musculus,1223738402,NYGC
NY-AT0656-2,10xATAC_Mult,Morphine,ARC-ATAC,1224387847,B8XM_221101_01_C02,R8XA-23082908,ATX-656,3788,Nuclei,1061736689,L8XA_221101_01_C11,1483_C04,mouse,Mus musculus,1223006722,NYGC
NY-AT0656-3,10xATAC_Mult,Morphine,ARC-ATAC,1224387831,B8XM_221101_01_D01,R8XA-23082908,ATX-656,10000,Nuclei,1061736689,L8XA_221101_01_D10,1480_D01,mouse,Mus musculus,1221087640,NYGC
NY-AT0656-4,10xATAC_Mult,HEAD_Network,ARC-ATAC,1224387862,B8XM_221101_01_A03,R8XA-23082908,ATX-656,1505,Nuclei,1061736689,L8XA_221101_01_D11,1489_B01,mouse,Mus musculus,1223737103,NYGC
NY-AT0656-5,10xATAC_Mult,Morphine,ARC-ATAC,1224387833,B8XM_221101_01_E01,R8XA-23082908,ATX-656,10000,Nuclei,1061736689,L8XA_221101_01_E10,1481_A02,mouse,Mus musculus,1222973911,NYGC
NY-AT0656-6,10xATAC_Mult,HEAD_Network,ARC-ATAC,1224387860,B8XM_221101_01_H02,R8XA-23082908,ATX-656,10000,Nuclei,1061736689,L8XA_221101_01_F09,1489_A01,mouse,Mus musculus,1223737102,NYGC
NY-AT0656-7,10xATAC_Mult,Morphine,ARC-ATAC,1224387836,B8XM_221101_01_F01,R8XA-23082908,ATX-656,10000,Nuclei,1061736689,L8XA_221101_01_F10,1481_B02,mouse,Mus musculus,1222973912,NYGC
NY-AT0656-8,10xATAC_Mult,HEAD_Network,ARC-ATAC,1224387864,B8XM_221101_01_B03,R8XA-23082908,ATX-656,10000,Nuclei,1061736689,L8XA_221101_01_G09,1489_C01,mouse,Mus musculus,1223250264,NYGC
NY-AT0656-9,10xATAC_Mult,Morphine,ARC-ATAC,1224387839,B8XM_221101_01_G01,R8XA-23082908,ATX-656,10000,Nuclei,1061736689,L8XA_221101_01_G10,1481_C02,mouse,Mus musculus,1223249273,NYGC
NY-AT0657-1,10xATAC_Mult,Morphine,ARC-ATAC,1221888380,B8XM_221025_01_H01,R8XA-23082909,ATX-657,10000,Nuclei,1061736689,L8XA_221025_02_D07,1472_C03,mouse,Mus musculus,1220255369,NYGC
NY-AT0657-10,10xATAC_Mult,Morphine,ARC-ATAC,1224387826,B8XM_221101_01_B01,R8XA-23082909,ATX-657,10000,Nuclei,1061736689,L8XA_221101_01_B10,1480_B01,mouse,Mus musculus,1221553365,NYGC
NY-AT0657-11,10xATAC_Mult,Morphine,ARC-ATAC,1224387845,B8XM_221101_01_B02,R8XA-23082909,ATX-657,5652,Nuclei,1061736689,L8XA_221101_01_B11,1483_B04,mouse,Mus musculus,1223255066,NYGC
NY-AT0657-2,10xATAC_Mult,Morphine,ARC-ATAC,1221888385,B8XM_221025_01_A02,R8XA-23082909,ATX-657,10000,Nuclei,1061736689,L8XA_221025_02_E07,1472_D03,mouse,Mus musculus,1220255370,NYGC
NY-AT0657-3,10xATAC_Mult,Morphine,ARC-ATAC,1221888354,B8XM_221025_01_A01,R8XA-23082909,ATX-657,10000,Nuclei,1061736689,L8XA_221025_02_F06,1471_A02,mouse,Mus musculus,1219680918,NYGC
NY-AT0657-4,10xATAC_Mult,Morphine,ARC-ATAC,1221888390,B8XM_221025_01_B02,R8XA-23082909,ATX-657,10000,Nuclei,1061736689,L8XA_221025_02_F07,1474_A05,mouse,Mus musculus,1221430502,NYGC
NY-AT0657-5,10xATAC_Mult,Morphine,ARC-ATAC,1221888358,B8XM_221025_01_B01,R8XA-23082909,ATX-657,10000,Nuclei,1061736689,L8XA_221025_02_G06,1471_B02,mouse,Mus musculus,1219680919,NYGC
NY-AT0657-6,10xATAC_Mult,Morphine,ARC-ATAC,1221888395,B8XM_221025_01_C02,R8XA-23082909,ATX-657,10000,Nuclei,1061736689,L8XA_221025_02_G07,1474_B05,mouse,Mus musculus,1221430503,NYGC
NY-AT0657-7,10xATAC_Mult,Morphine,ARC-ATAC,1221888362,B8XM_221025_01_C01,R8XA-23082909,ATX-657,10000,Nuclei,1061736689,L8XA_221025_02_H06,1471_C02,mouse,Mus musculus,1218834790,NYGC
NY-AT0657-8,10xATAC_Mult,Morphine,ARC-ATAC,1221888400,B8XM_221025_01_D02,R8XA-23082909,ATX-657,10000,Nuclei,1061736689,L8XA_221025_02_H07,1474_C05,mouse,Mus musculus,1219707763,NYGC
NY-AT0657-9,10xATAC_Mult,Morphine,ARC-ATAC,1224387824,B8XM_221101_01_A01,R8XA-23082909,ATX-657,10000,Nuclei,1061736689,L8XA_221101_01_A10,1480_A01,mouse,Mus musculus,1221553364,NYGC
NY-AT0658-1,10xATAC_Mult,Morphine,ARC-ATAC,1219458115,B8XM_221018_01_F01,R8XA-23082910,ATX-658,10000,Nuclei,1061736689,L8XA_221018_02_E05,1462_B04,mouse,Mus musculus,1217821762,NYGC
NY-AT0658-10,10xATAC_Mult,Morphine,ARC-ATAC,1221888377,B8XM_221025_01_G01,R8XA-23082910,ATX-658,10000,Nuclei,1061736689,L8XA_221025_02_C07,1472_B03,mouse,Mus musculus,1219683145,NYGC
NY-AT0658-11,10xATAC_Mult,Morphine,ARC-ATAC,1221888374,B8XM_221025_01_F01,R8XA-23082910,ATX-658,10000,Nuclei,1061736689,L8XA_221025_02_C08,1472_A03,mouse,Mus musculus,1219683144,NYGC
NY-AT0658-2,10xATAC_Mult,Morphine,ARC-ATAC,1219458145,B8XM_221018_01_A03,R8XA-23082910,ATX-658,10000,Nuclei,1061736689,L8XA_221018_02_E12,1465_E07,mouse,Mus musculus,1218590567,NYGC
NY-AT0658-3,10xATAC_Mult,Morphine,ARC-ATAC,1219458118,B8XM_221018_01_G01,R8XA-23082910,ATX-658,10000,Nuclei,1061736689,L8XA_221018_02_F05,1462_C04,mouse,Mus musculus,1217821763,NYGC
NY-AT0658-4,10xATAC_Mult,Morphine,ARC-ATAC,1219458124,B8XM_221018_01_H01,R8XA-23082910,ATX-658,10000,Nuclei,1061736689,L8XA_221018_02_G05,1462_D04,mouse,Mus musculus,1217821783,NYGC
NY-AT0658-5,10xATAC_Mult,Morphine,ARC-ATAC,1219458102,B8XM_221018_01_A01,R8XA-23082910,ATX-658,10000,Nuclei,1061736689,L8XA_221018_02_H04,1461_A03,mouse,Mus musculus,1217779952,NYGC
NY-AT0658-6,10xATAC_Mult,Morphine,ARC-ATAC,1219458126,B8XM_221018_01_A02,R8XA-23082910,ATX-658,10000,Nuclei,1061736689,L8XA_221018_02_H05,1462_E04,mouse,Mus musculus,1217821784,NYGC
NY-AT0658-7,10xATAC_Mult,Morphine,ARC-ATAC,1219458141,B8XM_221018_01_G02,R8XA-23082910,ATX-658,5000,Nuclei,1061736689,L8XA_221018_02_H12,1465_C07,mouse,Mus musculus,1218590534,NYGC
NY-AT0658-8,10xATAC_Mult,Morphine,ARC-ATAC,1221888366,B8XM_221025_01_D01,R8XA-23082910,ATX-658,10000,Nuclei,1061736689,L8XA_221025_02_A07,1471_D02,mouse,Mus musculus,1218834791,NYGC
NY-AT0658-9,10xATAC_Mult,Morphine,ARC-ATAC,1221888404,B8XM_221025_01_E02,R8XA-23082910,ATX-658,10000,Nuclei,1061736689,L8XA_221025_02_A08,1474_D05,mouse,Mus musculus,1219707764,NYGC
NY-AT0659-1,10xATAC_Mult,Morphine,ARC-ATAC,1218550522,B8XM_221011_01_A01,R8XA-23091206,ATX-659,10000,Nuclei,1061736689,L8XA_221011_01_H01,1451_A03,mouse,Mus musculus,1215607289,NYGC
NY-AT0659-10,10xATAC_Mult,Morphine,ARC-ATAC,1219458143,B8XM_221018_01_H02,R8XA-23091206,ATX-659,10000,Nuclei,1061736689,L8XA_221018_02_D12,1465_D07,mouse,Mus musculus,1218590565,NYGC
NY-AT0659-2,10xATAC_Mult,Morphine,ARC-ATAC,1218550540,B8XM_221011_01_A02,R8XA-23091206,ATX-659,10000,Nuclei,1061736689,L8XA_221011_01_H02,1453_C05,mouse,Mus musculus,1216317677,NYGC
NY-AT0659-3,10xATAC_Mult,Morphine,ARC-ATAC,1218550559,B8XM_221011_01_A03,R8XA-23091206,ATX-659,10000,Nuclei,1061736689,L8XA_221011_01_H03,1455_E07,mouse,Mus musculus,1216127284,NYGC
NY-AT0659-4,10xATAC_Mult,Morphine,ARC-ATAC,1219458105,B8XM_221018_01_B01,R8XA-23091206,ATX-659,10000,Nuclei,1061736689,L8XA_221018_02_A05,1461_B03,mouse,Mus musculus,1217779953,NYGC
NY-AT0659-5,10xATAC_Mult,Morphine,ARC-ATAC,1219458108,B8XM_221018_01_C01,R8XA-23091206,ATX-659,10000,Nuclei,1061736689,L8XA_221018_02_B05,1461_D03,mouse,Mus musculus,1217779973,NYGC
NY-AT0659-6,10xATAC_Mult,Morphine,ARC-ATAC,1219458136,B8XM_221018_01_E02,R8XA-23091206,ATX-659,10000,Nuclei,1061736689,L8XA_221018_02_B12,1465_A07,mouse,Mus musculus,1218590530,NYGC
NY-AT0659-7,10xATAC_Mult,Morphine,ARC-ATAC,1219458110,B8XM_221018_01_D01,R8XA-23091206,ATX-659,10000,Nuclei,1061736689,L8XA_221018_02_C05,1461_E03,mouse,Mus musculus,1217779974,NYGC
NY-AT0659-8,10xATAC_Mult,Morphine,ARC-ATAC,1219458139,B8XM_221018_01_F02,R8XA-23091206,ATX-659,10000,Nuclei,1061736689,L8XA_221018_02_C12,1465_B07,mouse,Mus musculus,1218590532,NYGC
NY-AT0659-9,10xATAC_Mult,Morphine,ARC-ATAC,1219458113,B8XM_221018_01_E01,R8XA-23091206,ATX-659,10000,Nuclei,1061736689,L8XA_221018_02_D05,1462_A04,mouse,Mus musculus,1217821761,NYGC
NY-AT0660-1,10xATAC_Mult,Morphine,ARC-ATAC,1218550542,B8XM_221011_01_B02,R8XA-23091207,ATX-660,10000,Nuclei,1061736689,L8XA_221011_01_A03,1453_D05,mouse,Mus musculus,1217158961,NYGC
NY-AT0660-10,10xATAC_Mult,Morphine,ARC-ATAC,1218550557,B8XM_221011_01_H02,R8XA-23091207,ATX-660,10000,Nuclei,1061736689,L8XA_221011_01_G03,1455_D07,mouse,Mus musculus,1216127283,NYGC
NY-AT0660-2,10xATAC_Mult,Morphine,ARC-ATAC,1218550526,B8XM_221011_01_C01,R8XA-23091207,ATX-660,10000,Nuclei,1061736689,L8XA_221011_01_B02,1451_C03,mouse,Mus musculus,1215607291,NYGC
NY-AT0660-3,10xATAC_Mult,Morphine,ARC-ATAC,1218550545,B8XM_221011_01_C02,R8XA-23091207,ATX-660,10000,Nuclei,1061736689,L8XA_221011_01_B03,1453_E05,mouse,Mus musculus,1217158962,NYGC
NY-AT0660-4,10xATAC_Mult,Morphine,ARC-ATAC,1218550528,B8XM_221011_01_D01,R8XA-23091207,ATX-660,10000,Nuclei,1061736689,L8XA_221011_01_C02,1451_D03,mouse,Mus musculus,1215607260,NYGC
NY-AT0660-5,10xATAC_Mult,Morphine,ARC-ATAC,1218550549,B8XM_221011_01_E02,R8XA-23091207,ATX-660,10000,Nuclei,1061736689,L8XA_221011_01_D03,1455_A07,mouse,Mus musculus,1216117974,NYGC
NY-AT0660-6,10xATAC_Mult,Morphine,ARC-ATAC,1218550552,B8XM_221011_01_F02,R8XA-23091207,ATX-660,10000,Nuclei,1061736689,L8XA_221011_01_E03,1455_B07,mouse,Mus musculus,1216117975,NYGC
NY-AT0660-7,10xATAC_Mult,Morphine,ARC-ATAC,1218550536,B8XM_221011_01_G01,R8XA-23091207,ATX-660,10000,Nuclei,1061736689,L8XA_221011_01_F02,1453_A05,mouse,Mus musculus,1216317675,NYGC
NY-AT0660-8,10xATAC_Mult,Morphine,ARC-ATAC,1218550554,B8XM_221011_01_G02,R8XA-23091207,ATX-660,10000,Nuclei,1061736689,L8XA_221011_01_F03,1455_C07,mouse,Mus musculus,1216117976,NYGC
NY-AT0660-9,10xATAC_Mult,Morphine,ARC-ATAC,1218550538,B8XM_221011_01_H01,R8XA-23091207,ATX-660,10000,Nuclei,1061736689,L8XA_221011_01_G02,1453_B05,mouse,Mus musculus,1216317676,NYGC
NY-AT0661-1,10xATAC_Mult,Morphine,ARC-ATAC,1217203797,B8XM_221004_01_C01,R8XA-23091208,ATX-661,10000,Nuclei,1061736689,L8XA_221004_01_A09,1439_C03,mouse,Mus musculus,1214399038,NYGC
NY-AT0661-10,10xATAC_Mult,Morphine,ARC-ATAC,1218550524,B8XM_221011_01_B01,R8XA-23091208,ATX-661,10000,Nuclei,1061736689,L8XA_221011_01_A02,1451_B03,mouse,Mus musculus,1215607290,NYGC
NY-AT0661-2,10xATAC_Mult,Morphine,ARC-ATAC,1217203800,B8XM_221004_01_D01,R8XA-23091208,ATX-661,10000,Nuclei,1061736689,L8XA_221004_01_B09,1439_D03,mouse,Mus musculus,1214399059,NYGC
NY-AT0661-3,10xATAC_Mult,Morphine,ARC-ATAC,1217203802,B8XM_221004_01_E01,R8XA-23091208,ATX-661,10000,Nuclei,1061736689,L8XA_221004_01_C09,1439_E03,mouse,Mus musculus,1214399060,NYGC
NY-AT0661-4,10xATAC_Mult,Morphine,ARC-ATAC,1217203808,B8XM_221004_01_H01,R8XA-23091208,ATX-661,10000,Nuclei,1061736689,L8XA_221004_01_D09,1441_A05,mouse,Mus musculus,1214909085,NYGC
NY-AT0661-5,10xATAC_Mult,Morphine,ARC-ATAC,1217203810,B8XM_221004_01_A02,R8XA-23091208,ATX-661,10000,Nuclei,1061736689,L8XA_221004_01_E09,1441_B05,mouse,Mus musculus,1214909086,NYGC
NY-AT0661-6,10xATAC_Mult,Morphine,ARC-ATAC,1217203812,B8XM_221004_01_B02,R8XA-23091208,ATX-661,10000,Nuclei,1061736689,L8XA_221004_01_F09,1441_C05,mouse,Mus musculus,1214909087,NYGC
NY-AT0661-7,10xATAC_Mult,Morphine,ARC-ATAC,1217203792,B8XM_221004_01_A01,R8XA-23091208,ATX-661,10000,Nuclei,1061736689,L8XA_221004_01_G08,1439_A03,mouse,Mus musculus,1214399036,NYGC
NY-AT0661-8,10xATAC_Mult,Morphine,ARC-ATAC,1217203814,B8XM_221004_01_C02,R8XA-23091208,ATX-661,10000,Nuclei,1061736689,L8XA_221004_01_G09,1441_D05,mouse,Mus musculus,1214909107,NYGC
NY-AT0661-9,10xATAC_Mult,Morphine,ARC-ATAC,1217203795,B8XM_221004_01_B01,R8XA-23091208,ATX-661,10000,Nuclei,1061736689,L8XA_221004_01_H08,1439_B03,mouse,Mus musculus,1214399037,NYGC
NY-AT0662-1,10xATAC_Mult,Morphine,ARC-ATAC,1214422284,B8XM_220920_01_A02,R8XA-23091209,ATX-662,10000,Nuclei,1061736689,L8XA_220920_01_D02,1418_D03,mouse,Mus musculus,1212519195,NYGC
NY-AT0662-10,10xATAC_Mult,Morphine,ARC-ATAC,1214422296,B8XM_220920_01_F02,R8XA-23091209,ATX-662,10000,Nuclei,1061736689,L8XA_220920_01_H02,1421_C05,mouse,Mus musculus,1211285115,NYGC
NY-AT0662-2,10xATAC_Mult,Morphine,ARC-ATAC,1214422286,B8XM_220920_01_B02,R8XA-23091209,ATX-662,10000,Nuclei,1061736689,L8XA_220920_01_E02,1418_E03,mouse,Mus musculus,1212519196,NYGC
NY-AT0662-3,10xATAC_Mult,Morphine,ARC-ATAC,1214422277,B8XM_220920_01_F01,R8XA-23091209,ATX-662,10000,Nuclei,1061736689,L8XA_220920_01_E03,1418_A03,mouse,Mus musculus,1212518928,NYGC
NY-AT0662-4,10xATAC_Mult,Morphine,ARC-ATAC,1214422291,B8XM_220920_01_D02,R8XA-23091209,ATX-662,10000,Nuclei,1061736689,L8XA_220920_01_F02,1421_A05,mouse,Mus musculus,1211285113,NYGC
NY-AT0662-5,10xATAC_Mult,Morphine,ARC-ATAC,1214422279,B8XM_220920_01_G01,R8XA-23091209,ATX-662,10000,Nuclei,1061736689,L8XA_220920_01_F03,1418_B03,mouse,Mus musculus,1212518929,NYGC
NY-AT0662-6,10xATAC_Mult,Morphine,ARC-ATAC,1214422266,B8XM_220920_01_A01,R8XA-23091209,ATX-662,10000,Nuclei,1061736689,L8XA_220920_01_G01,1417_A02,mouse,Mus musculus,1211153932,NYGC
NY-AT0662-7,10xATAC_Mult,Morphine,ARC-ATAC,1214422293,B8XM_220920_01_E02,R8XA-23091209,ATX-662,10000,Nuclei,1061736689,L8XA_220920_01_G02,1421_B05,mouse,Mus musculus,1211285114,NYGC
NY-AT0662-8,10xATAC_Mult,Morphine,ARC-ATAC,1214422282,B8XM_220920_01_H01,R8XA-23091209,ATX-662,10000,Nuclei,1061736689,L8XA_220920_01_G03,1418_C03,mouse,Mus musculus,1212518931,NYGC
NY-AT0662-9,10xATAC_Mult,Morphine,ARC-ATAC,1214422268,B8XM_220920_01_B01,R8XA-23091209,ATX-662,10000,Nuclei,1061736689,L8XA_220920_01_H01,1417_B02,mouse,Mus musculus,1211153933,NYGC
NY-AT0663-1,10xATAC_Mult,Morphine,ARC-ATAC,1212851105,B8XM_220913_01_E01,R8XA-23091210,ATX-663,10000,Nuclei,1061736689,L8XA_220913_01_B12,1409_A03,mouse,Mus musculus,1208688668,NYGC
NY-AT0663-10,10xATAC_Mult,Morphine,ARC-ATAC,1214422275,B8XM_220920_01_E01,R8XA-23091210,ATX-663,10000,Nuclei,1061736689,L8XA_220920_01_C02,1417_E02,mouse,Mus musculus,1212275794,NYGC
NY-AT0663-2,10xATAC_Mult,Morphine,ARC-ATAC,1212851114,B8XM_220913_01_A02,R8XA-23091210,ATX-663,10000,Nuclei,1061736689,L8XA_220913_01_C12,1409_E03,mouse,Mus musculus,1209148353,NYGC
NY-AT0663-3,10xATAC_Mult,Morphine,ARC-ATAC,1212851107,B8XM_220913_01_F01,R8XA-23091210,ATX-663,10000,Nuclei,1061736689,L8XA_220913_01_D12,1409_B03,mouse,Mus musculus,1208688669,NYGC
NY-AT0663-4,10xATAC_Mult,Morphine,ARC-ATAC,1212851110,B8XM_220913_01_G01,R8XA-23091210,ATX-663,10000,Nuclei,1061736689,L8XA_220913_01_E12,1409_C03,mouse,Mus musculus,1208688670,NYGC
NY-AT0663-5,10xATAC_Mult,Morphine,ARC-ATAC,1212851112,B8XM_220913_01_H01,R8XA-23091210,ATX-663,10000,Nuclei,1061736689,L8XA_220913_01_F12,1409_D03,mouse,Mus musculus,1209148352,NYGC
NY-AT0663-6,10xATAC_Mult,Morphine,ARC-ATAC,1214422271,B8XM_220920_01_C01,R8XA-23091210,ATX-663,10000,Nuclei,1061736689,L8XA_220920_01_A02,1417_C02,mouse,Mus musculus,1211153934,NYGC
NY-AT0663-7,10xATAC_Mult,Morphine,ARC-ATAC,1214422298,B8XM_220920_01_G02,R8XA-23091210,ATX-663,10000,Nuclei,1061736689,L8XA_220920_01_A03,1421_D05,mouse,Mus musculus,1212886487,NYGC
NY-AT0663-8,10xATAC_Mult,Morphine,ARC-ATAC,1214422273,B8XM_220920_01_D01,R8XA-23091210,ATX-663,10000,Nuclei,1061736689,L8XA_220920_01_B02,1417_D02,mouse,Mus musculus,1212275793,NYGC
NY-AT0663-9,10xATAC_Mult,Morphine,ARC-ATAC,1214422300,B8XM_220920_01_H02,R8XA-23091210,ATX-663,10000,Nuclei,1061736689,L8XA_220920_01_B03,1421_E05,mouse,Mus musculus,1212886488,NYGC
NY-AT0664-1,10xATAC_Mult,AD_Center_Grant,ARC-ATAC,1288557874,B8XM_230808_01_B02,R8XA-23090607,ATX-664,10000,Nuclei,1061736689,L8XA_230808_01_G06,1804_B06,human,Homo Sapiens,1287718935,NYGC
NY-AT0664-2,10xATAC_Mult,AD_Center_Grant,ARC-ATAC,1291008124,B8XM_230815_01_G02,R8XA-23090607,ATX-664,10000,Nuclei,1061736689,L8XA_230815_01_D09,1817_A08,human,Homo Sapiens,1290191024,NYGC
NY-AT0664-3,10xATAC_Mult,AD_Center_Grant,ARC-ATAC,1291008126,B8XM_230815_01_H02,R8XA-23090607,ATX-664,10000,Nuclei,1061736689,L8XA_230815_01_E09,1817_B08,human,Homo Sapiens,1290191511,NYGC
NY-AT0664-4,10xATAC_Mult,Costa_Remedio_CMG,ARC-ATAC,1294253195,B8XM_230829_02_A01,R8XA-23090607,ATX-664,10000,Nuclei,1061736689,L8XA_230829_02_B01,1840_A08,mouse,Mus musculus,1294246997,NYGC
NY-AT0664-5,10xATAC_Mult,Costa_Remedio_CMG,ARC-ATAC,1294253198,B8XM_230829_02_B01,R8XA-23090607,ATX-664,10000,Nuclei,1061736689,L8XA_230829_02_C01,1840_C08,mouse,Mus musculus,1294247018,NYGC
NY-AT0664-6,10xATAC_Mult,Costa_Remedio_CMG,ARC-ATAC,1294253200,B8XM_230829_02_C01,R8XA-23090607,ATX-664,10000,Nuclei,1061736689,L8XA_230829_02_D01,1840_D08,mouse,Mus musculus,1294247038,NYGC
NY-AT0664-7,10xATAC_Mult,Costa_Remedio_CMG,ARC-ATAC,1294253203,B8XM_230829_02_D01,R8XA-23090607,ATX-664,10000,Nuclei,1061736689,L8XA_230829_02_E01,1840_E08,mouse,Mus musculus,1294249613,NYGC
NY-AT0664-8,10xATAC_Mult,Costa_Remedio_CMG,ARC-ATAC,1294253205,B8XM_230829_02_E01,R8XA-23090607,ATX-664,10000,Nuclei,1061736689,L8XA_230829_02_F01,1840_F08,mouse,Mus musculus,1294249634,NYGC
NY-AT0664-9,10xATAC_Mult,Costa_Remedio_CMG,ARC-ATAC,1294253207,B8XM_230829_02_F01,R8XA-23090607,ATX-664,10000,Nuclei,1061736689,L8XA_230829_02_G01,1840_G08,mouse,Mus musculus,1294249653,NYGC
NY-AT0665-1,10xATAC_Mult,Costa_Remedio_CMG,ARC-ATAC,1294253210,B8XM_230829_02_G01,R8XA-23090608,ATX-665,10000,Nuclei,1061736689,L8XA_230829_02_E11,1840_H08,mouse,Mus musculus,1294249674,NYGC
NY-AT0665-2,10xATAC_Mult,Costa_Remedio_CMG,ARC-ATAC,1294253213,B8XM_230829_02_H01,R8XA-23090608,ATX-665,10000,Nuclei,1061736689,L8XA_230829_02_F11,1841_A09,mouse,Mus musculus,1294250616,NYGC
NY-AT0665-3,10xATAC_Mult,Costa_Remedio_CMG,ARC-ATAC,1294253215,B8XM_230829_02_A02,R8XA-23090608,ATX-665,10000,Nuclei,1061736689,L8XA_230829_02_G11,1841_B09,mouse,Mus musculus,1294250636,NYGC
NY-AT0665-4,10xATAC_Mult,Costa_Remedio_CMG,ARC-ATAC,1294253217,B8XM_230829_02_B02,R8XA-23090608,ATX-665,10000,Nuclei,1061736689,L8XA_230829_02_H11,1841_C09,mouse,Mus musculus,1294250655,NYGC
NY-AT0665-5,10xATAC_Mult,Costa_Remedio_CMG,ARC-ATAC,1294253220,B8XM_230829_02_C02,R8XA-23090608,ATX-665,10000,Nuclei,1061736689,L8XA_230829_02_A12,1841_D09,mouse,Mus musculus,1294250676,NYGC
NY-AT0665-6,10xATAC_Mult,Costa_Remedio_CMG,ARC-ATAC,1294253223,B8XM_230829_02_D02,R8XA-23090608,ATX-665,10000,Nuclei,1061736689,L8XA_230829_02_B12,1841_E09,mouse,Mus musculus,1294251832,NYGC
NY-AT0665-7,10xATAC_Mult,Costa_Remedio_CMG,ARC-ATAC,1294253225,B8XM_230829_02_E02,R8XA-23090608,ATX-665,10000,Nuclei,1061736689,L8XA_230829_02_C12,1841_F09,mouse,Mus musculus,1294251851,NYGC
NY-AT0665-8,10xATAC_Mult,Costa_Remedio_CMG,ARC-ATAC,1294253227,B8XM_230829_02_F02,R8XA-23090608,ATX-665,10000,Nuclei,1061736689,L8XA_230829_02_D12,1841_G09,mouse,Mus musculus,1294251872,NYGC
NY-AT0665-9,10xATAC_Mult,Costa_Remedio_CMG,ARC-ATAC,1294253230,B8XM_230829_02_G02,R8XA-23090608,ATX-665,10000,Nuclei,1061736689,L8XA_230829_02_E12,1841_H09,mouse,Mus musculus,1294251892,NYGC
NY-AT0667-1,10xATAC_Mult,SCORCH,ARC-ATAC,1296100233,B8XM_230905_01_B02,R8XA-23091903,ATX-667,10000,Nuclei,1061736689,L8XA_230905_01_A05,1849_D06,mouse,Mus musculus,1294985613,NYGC
NY-AT0667-2,10xATAC_Mult,SCORCH,ARC-ATAC,1296100236,B8XM_230905_01_C02,R8XA-23091903,ATX-667,10000,Nuclei,1061736689,L8XA_230905_01_B05,1853_A07,mouse,Mus musculus,1294969910,NYGC
NY-AT0667-3,10xATAC_Mult,SCORCH,ARC-ATAC,1296100238,B8XM_230905_01_D02,R8XA-23091903,ATX-667,10000,Nuclei,1061736689,L8XA_230905_01_C05,1853_B07,mouse,Mus musculus,1294969911,NYGC
NY-AT0667-4,10xATAC_Mult,SCORCH,ARC-ATAC,1296100241,B8XM_230905_01_E02,R8XA-23091903,ATX-667,10000,Nuclei,1061736689,L8XA_230905_01_D05,1853_C07,mouse,Mus musculus,1295397513,NYGC
NY-AT0667-5,10xATAC_Mult,SCORCH,ARC-ATAC,1296100243,B8XM_230905_01_F02,R8XA-23091903,ATX-667,10000,Nuclei,1061736689,L8XA_230905_01_E05,1853_D07,mouse,Mus musculus,1295397514,NYGC
NY-AT0667-6,10xATAC_Mult,SCORCH,ARC-ATAC,1296918197,B8XM_230912_01_A01,R8XA-23091903,ATX-667,10000,Nuclei,1061736689,L8XA_230912_01_F06,1856_A01,mouse,Mus musculus,1295175338,NYGC
NY-AT0667-7,10xATAC_Mult,SCORCH,ARC-ATAC,1296918199,B8XM_230912_01_B01,R8XA-23091903,ATX-667,10000,Nuclei,1061736689,L8XA_230912_01_G06,1856_B01,mouse,Mus musculus,1295175339,NYGC
NY-AT0667-8,10xATAC_Mult,SCORCH,ARC-ATAC,1296918202,B8XM_230912_01_C01,R8XA-23091903,ATX-667,10000,Nuclei,1061736689,L8XA_230912_01_H06,1856_C01,mouse,Mus musculus,1295327103,NYGC
NY-AT0667-9,10xATAC_Mult,SCORCH,ARC-ATAC,1296918222,B8XM_230912_01_A02,R8XA-23091903,ATX-667,10000,Nuclei,1061736689,L8XA_230912_01_B07,1859_A04,mouse,Mus musculus,1295330918,NYGC
NY-AT0668-1,10xATAC_Mult,SCORCH,ARC-ATAC,1296918224,B8XM_230912_01_B02,R8XA-23092606,ATX-668,10000,Nuclei,1061736689,L8XA_230912_01_C07,1859_B04,mouse,Mus musculus,1295330919,NYGC
NY-AT0668-2,10xATAC_Mult,SCORCH,ARC-ATAC,1296918226,B8XM_230912_01_C02,R8XA-23092606,ATX-668,10000,Nuclei,1061736689,L8XA_230912_01_D07,1859_C04,mouse,Mus musculus,1296380500,NYGC
NY-AT0668-3,10xATAC_Mult,SCORCH,ARC-ATAC,1296918228,B8XM_230912_01_D02,R8XA-23092606,ATX-668,10000,Nuclei,1061736689,L8XA_230912_01_E07,1859_D04,mouse,Mus musculus,1296380502,NYGC
NY-AT0668-4,10xATAC_Mult,SCORCH,ARC-ATAC,1296918238,B8XM_230912_01_H02,R8XA-23092606,ATX-668,10000,Nuclei,1061736689,L8XA_230912_01_G07,1862_A01,mouse,Mus musculus,1296429140,NYGC
NY-AT0668-5,10xATAC_Mult,SCORCH,ARC-ATAC,1296918240,B8XM_230912_01_A03,R8XA-23092606,ATX-668,10000,Nuclei,1061736689,L8XA_230912_01_H07,1862_B01,mouse,Mus musculus,1296429141,NYGC
NY-AT0668-6,10xATAC_Mult,SCORCH,ARC-ATAC,1296918242,B8XM_230912_01_B03,R8XA-23092606,ATX-668,10000,Nuclei,1061736689,L8XA_230912_01_A08,1862_C01,mouse,Mus musculus,1296869153,NYGC
NY-AT0668-7,10xATAC_Mult,SCORCH,ARC-ATAC,1296918245,B8XM_230912_01_C03,R8XA-23092606,ATX-668,10000,Nuclei,1061736689,L8XA_230912_01_B08,1862_D01,mouse,Mus musculus,1296869154,NYGC
NY-AT0668-8,10xATAC_Mult,SCORCH,ARC-ATAC,1298532755,B8XM_230919_01_E01,R8XA-23092606,ATX-668,10000,Nuclei,1061736689,L8XA_230922_01_E11,1871_A05,mouse,Mus musculus,1298063354,NYGC
NY-AT0668-9,10xATAC_Mult,SCORCH,ARC-ATAC,1298532758,B8XM_230919_01_F01,R8XA-23092606,ATX-668,10000,Nuclei,1061736689,L8XA_230922_01_F11,1871_B05,mouse,Mus musculus,1298063355,NYGC
NY-AT0669-1,10xATAC_Mult,Dissectate_handling+MG_MethDev,ARC-ATAC,1298532760,B8XM_230919_01_G01,R8XA-23100305,ATX-669,10000,Nuclei,1061736689,L8XA_230922_01_G11,1871_C05,mouse,Mus musculus,1298087001,NYGC
NY-AT0669-2,10xATAC_Mult,Dissectate_handling+MG_MethDev,ARC-ATAC,1298532763,B8XM_230919_01_H01,R8XA-23100305,ATX-669,10000,Nuclei,1061736689,L8XA_230922_01_H11,1871_D05,mouse,Mus musculus,1298087002,NYGC
NY-AT0669-3,10xATAC_Mult,SCORCH,ARC-ATAC,1298532770,B8XM_230919_01_C02,R8XA-23100305,ATX-669,10000,Nuclei,1061736689,L8XA_230922_01_A12,1873_A01,mouse,Mus musculus,1297726789,NYGC
NY-AT0669-4,10xATAC_Mult,SCORCH,ARC-ATAC,1298532772,B8XM_230919_01_D02,R8XA-23100305,ATX-669,10000,Nuclei,1061736689,L8XA_230922_01_B12,1873_B01,mouse,Mus musculus,1297726790,NYGC
NY-AT0669-5,10xATAC_Mult,SCORCH,ARC-ATAC,1299736163,B8XM_230922_01_A01,R8XA-23100305,ATX-669,10000,Nuclei,1061736689,L8XA_230922_01_G10,1875_A03,mouse,Mus musculus,1299462704,NYGC
NY-AT0669-6,10xATAC_Mult,SCORCH,ARC-ATAC,1299736166,B8XM_230922_01_B01,R8XA-23100305,ATX-669,10000,Nuclei,1061736689,L8XA_230922_01_H10,1875_B03,mouse,Mus musculus,1299462705,NYGC
NY-AT0669-7,10xATAC_Mult,SCORCH,ARC-ATAC,1299736169,B8XM_230922_01_C01,R8XA-23100305,ATX-669,10000,Nuclei,1061736689,L8XA_230922_01_A11,1875_C03,mouse,Mus musculus,1298684979,NYGC
NY-AT0669-8,10xATAC_Mult,SCORCH,ARC-ATAC,1299736171,B8XM_230922_01_D01,R8XA-23100305,ATX-669,10000,Nuclei,1061736689,L8XA_230922_01_B11,1875_D03,mouse,Mus musculus,1298684980,NYGC
NY-AT0669-9,10xATAC_Mult,Marlin_MOE,ARC-ATAC,1299736173,B8XM_230922_01_E01,R8XA-23100305,ATX-669,10000,Nuclei,1061736689,L8XA_230922_01_C11,1876_A04,mouse,Mus musculus,1299712123,NYGC
NY-AT0670-1,10xATAC_Mult,Marlin_MOE,ARC-ATAC,1299736175,B8XM_230922_01_F01,R8XA-23100306,ATX-670,10000,Nuclei,1061736689,L8XA_230922_01_D11,1876_B04,mouse,Mus musculus,1299712377,NYGC
NY-AT0670-2,10xATAC_Mult,SCORCH,ARC-ATAC,1300489708,B8XM_230926_02_A01,R8XA-23100306,ATX-670,10000,Nuclei,1061736689,L8XA_230926_02_D01,1881_B07,mouse,Mus musculus,1300479794,NYGC
NY-AT0670-3,10xATAC_Mult,SCORCH,ARC-ATAC,1300489710,B8XM_230926_02_B01,R8XA-23100306,ATX-670,9565,Nuclei,1061736689,L8XA_230926_02_E01,1881_C07,mouse,Mus musculus,1298715239,NYGC
NY-AT0670-4,10xATAC_Mult,SCORCH,ARC-ATAC,1300489715,B8XM_230926_02_D01,R8XA-23100306,ATX-670,10000,Nuclei,1061736689,L8XA_230926_02_G01,1881.1_E07,mouse,Mus musculus,1300479797,NYGC
NY-AT0670-5,10xATAC_Mult,Marlin_MOE,ARC-ATAC,1300205071,B8XM_230926_01_A01,R8XA-23100306,ATX-670,10000,Nuclei,1061736689,L8XA_230926_01_A01,1882_A08,mouse,Mus musculus,1299758653,NYGC
NY-AT0670-6,10xATAC_Mult,Marlin_MOE,ARC-ATAC,1300489717,B8XM_230926_02_E01,R8XA-23100306,ATX-670,10000,Nuclei,1061736689,L8XA_230926_02_H01,1884_A02,mouse,Mus musculus,1299761928,NYGC
NY-AT0670-7,10xATAC_Mult,Marlin_MOE,ARC-ATAC,1300489719,B8XM_230926_02_F01,R8XA-23100306,ATX-670,10000,Nuclei,1061736689,L8XA_230926_02_A02,1884_B02,mouse,Mus musculus,1299765534,NYGC
NY-AT0670-8,10xATAC_Mult,Marlin_MOE,ARC-ATAC,1300489722,B8XM_230926_02_G01,R8XA-23100306,ATX-670,10000,Nuclei,1061736689,L8XA_230926_02_B02,1884_C02,mouse,Mus musculus,1299766052,NYGC
NY-AT0670-9,10xATAC_Mult,Marlin_MOE,ARC-ATAC,1300489724,B8XM_230926_02_H01,R8XA-23100306,ATX-670,10000,Nuclei,1061736689,L8XA_230926_02_C01,1884_D02,mouse,Mus musculus,1299773084,NYGC
NY-AT0671-1,10xATAC_Mult,Marlin_MOE,ARC-ATAC,1300205073,B8XM_230926_01_B01,R8XA-23101005,ATX-671,10000,Nuclei,1061736689,L8XA_231003_01_C02,1882_B08,mouse,Mus musculus,1299759666,NYGC
NY-AT0671-2,10xATAC_Mult,Marlin_MOE,ARC-ATAC,1301752546,B8XM_231003_01_A01,R8XA-23101005,ATX-671,10000,Nuclei,1061736689,L8XA_231003_01_B03,1885_A03,mouse,Mus musculus,1299997710,NYGC
NY-AT0671-3,10xATAC_Mult,Marlin_MOE,ARC-ATAC,1301752552,B8XM_231003_01_B01,R8XA-23101005,ATX-671,10000,Nuclei,1061736689,L8XA_231003_01_C03,1885_B03,mouse,Mus musculus,1299997960,NYGC
NY-AT0671-4,10xATAC_Mult,AD_Center_Grant,ARC-ATAC,1301752573,B8XM_231003_01_E01,R8XA-23101005,ATX-671,10000,Nuclei,1061736689,L8XA_231003_01_D03,1888_A05,human,Homo Sapiens,1301252604,NYGC
NY-AT0671-5,10xATAC_Mult,AD_Center_Grant,ARC-ATAC,1301752578,B8XM_231003_01_F01,R8XA-23101005,ATX-671,10000,Nuclei,1061736689,L8XA_231003_01_E03,1888_B05,human,Homo Sapiens,1301255107,NYGC
NY-AT0671-6,10xATAC_Mult,SCORCH,ARC-ATAC,1301754533,B8XM_231003_02_A01,R8XA-23101005,ATX-671,10000,Nuclei,1061736689,L8XA_231003_02_H03,1893_A07,mouse,Mus musculus,1300230876,NYGC
NY-AT0671-7,10xATAC_Mult,SCORCH,ARC-ATAC,1301754543,B8XM_231003_02_B01,R8XA-23101005,ATX-671,10000,Nuclei,1061736689,L8XA_231003_02_A04,1893_B07,mouse,Mus musculus,1300230877,NYGC
NY-AT0671-8,10xATAC_Mult,SCORCH,ARC-ATAC,1301754548,B8XM_231003_02_C01,R8XA-23101005,ATX-671,10000,Nuclei,1061736689,L8XA_231003_02_B04,1893_C07,mouse,Mus musculus,1300476772,NYGC
NY-AT0671-9,10xATAC_Mult,SCORCH,ARC-ATAC,1301754554,B8XM_231003_02_D01,R8XA-23101005,ATX-671,10000,Nuclei,1061736689,L8XA_231003_02_C04,1893_D07,mouse,Mus musculus,1300476773,NYGC
NY-AT0672-1,10xATAC_Mult,AD_Center_Grant,ARC-ATAC,1301754564,B8XM_231003_02_E01,R8XA-23101706,ATX-672,10000,Nuclei,1061736689,L8XA_231003_02_D04,1894_A08,human,Homo Sapiens,1301255756,NYGC
NY-AT0672-2,10xATAC_Mult,AD_Center_Grant,ARC-ATAC,1301754569,B8XM_231003_02_F01,R8XA-23101706,ATX-672,10000,Nuclei,1061736689,L8XA_231003_02_E04,1894_B08,human,Homo Sapiens,1301256278,NYGC
NY-AT0672-3,10xATAC_Mult,SCORCH,ARC-ATAC,1303210075,B8XM_231010_01_C01,R8XA-23101706,ATX-672,10000,Nuclei,1061736689,L8XA_231010_01_C05,1897_A03,mouse,Mus musculus,1301700125,NYGC
NY-AT0672-4,10xATAC_Mult,SCORCH,ARC-ATAC,1303210079,B8XM_231010_01_E01,R8XA-23101706,ATX-672,10000,Nuclei,1061736689,L8XA_231010_01_E05,1897_C03,mouse,Mus musculus,1302754852,NYGC
NY-AT0672-5,10xATAC_Mult,SCORCH,ARC-ATAC,1303210081,B8XM_231010_01_F01,R8XA-23101706,ATX-672,10000,Nuclei,1061736689,L8XA_231010_01_F05,1897_D03,mouse,Mus musculus,1302754853,NYGC
NY-AT0672-6,10xATAC_Mult,AD_Center_Grant,ARC-ATAC,1303210089,B8XM_231010_01_A02,R8XA-23101706,ATX-672,8618,Nuclei,1061736689,L8XA_231010_01_H06,1900_A06,human,Homo Sapiens,1302746680,NYGC
NY-AT0672-7,10xATAC_Mult,AD_Center_Grant,ARC-ATAC,1303210091,B8XM_231010_01_B02,R8XA-23101706,ATX-672,10000,Nuclei,1061736689,L8XA_231010_01_A07,1900_B06,human,Homo Sapiens,1302747080,NYGC
NY-AT0672-8,10xATAC_Mult,AD_Center_Grant,ARC-ATAC,1303210112,B8XM_231010_01_C03,R8XA-23101706,ATX-672,9083,Nuclei,1061736689,L8XA_231010_01_B07,1902_A08,human,Homo Sapiens,1302747595,NYGC
NY-AT0672-9,10xATAC_Mult,AD_Center_Grant,ARC-ATAC,1303210115,B8XM_231010_01_D03,R8XA-23101706,ATX-672,10000,Nuclei,1061736689,L8XA_231010_01_C07,1902_B08,human,Homo Sapiens,1302748068,NYGC
NY-AT0673-1,10xATAC_Mult,SCORCH,ARC-ATAC,1305181976,B8XM_231017_01_A01,R8XA-23102409,ATX-673,10000,Nuclei,1061736689,L8XA_231017_01_C08,1905_A02,mouse,Mus musculus,1303265165,NYGC
NY-AT0673-2,10xATAC_Mult,SCORCH,ARC-ATAC,1305181978,B8XM_231017_01_B01,R8XA-23102409,ATX-673,10000,Nuclei,1061736689,L8XA_231017_01_D08,1905_B02,mouse,Mus musculus,1303265166,NYGC
NY-AT0673-3,10xATAC_Mult,SCORCH,ARC-ATAC,1305181980,B8XM_231017_01_C01,R8XA-23102409,ATX-673,10000,Nuclei,1061736689,L8XA_231017_01_E08,1905_C02,mouse,Mus musculus,1302924807,NYGC
NY-AT0673-4,10xATAC_Mult,SCORCH,ARC-ATAC,1305181983,B8XM_231017_01_D01,R8XA-23102409,ATX-673,10000,Nuclei,1061736689,L8XA_231017_01_F08,1905_D02,mouse,Mus musculus,1302924808,NYGC
NY-AT0673-5,10xATAC_Mult,SCORCH,ARC-ATAC,1305182003,B8XM_231017_01_C02,R8XA-23102409,ATX-673,10000,Nuclei,1061736689,L8XA_231017_01_A09,1912_A05,mouse,Mus musculus,1303234258,NYGC
NY-AT0673-6,10xATAC_Mult,SCORCH,ARC-ATAC,1305182005,B8XM_231017_01_D02,R8XA-23102409,ATX-673,10000,Nuclei,1061736689,L8XA_231017_01_B09,1912_B05,mouse,Mus musculus,1303234260,NYGC
NY-AT0673-7,10xATAC_Mult,SCORCH,ARC-ATAC,1305182007,B8XM_231017_01_E02,R8XA-23102409,ATX-673,10000,Nuclei,1061736689,L8XA_231017_01_C09,1912_C05,mouse,Mus musculus,1304894211,NYGC
NY-AT0673-8,10xATAC_Mult,SCORCH,ARC-ATAC,1305182012,B8XM_231017_01_F02,R8XA-23102409,ATX-673,10000,Nuclei,1061736689,L8XA_231017_01_D09,1912_D05,mouse,Mus musculus,1304894212,NYGC
NY-AT0673-9,10xATAC_Mult,SCORCH,ARC-ATAC,1305182022,B8XM_231017_01_G02,R8XA-23102409,ATX-673,10000,Nuclei,1061736689,L8XA_231017_01_E09,1912_E05,mouse,Mus musculus,1304352489,NYGC
NY-AT0674-1,10xATAC_Mult,SCORCH,ARC-ATAC,1305182043,B8XM_231017_01_H02,R8XA-23103111,ATX-674,9689,Nuclei,1061736689,L8XA_231017_01_F09,1912_F05,mouse,Mus musculus,1304352490,NYGC
NY-AT0674-10,10xATAC_Mult,AD_Center_Grant,ARC-ATAC,1306838068,B8XM_231024_01_A01,R8XA-23103111,ATX-674,10000,Nuclei,1061736689,L8XA_231024_01_B03,1928_A10,human,Homo Sapiens,1305739832,NYGC
NY-AT0674-2,10xATAC_Mult,AD_Center_Grant,ARC-ATAC,1306626444,B8XM_231023_01_F02,R8XA-23103111,ATX-674,10000,Nuclei,1061736689,L8XA_231023_01_G02,1922_A05,human,Homo Sapiens,1305183538,NYGC
NY-AT0674-3,10xATAC_Mult,AD_Center_Grant,ARC-ATAC,1306626447,B8XM_231023_01_G02,R8XA-23103111,ATX-674,10000,Nuclei,1061736689,L8XA_231023_01_H02,1922_B05,human,Homo Sapiens,1305186517,NYGC
NY-AT0674-4,10xATAC_Mult,AD_Center_Grant,ARC-ATAC,1306626450,B8XM_231023_01_H02,R8XA-23103111,ATX-674,10000,Nuclei,1061736689,L8XA_231023_01_A03,1922_C05,human,Homo Sapiens,1305187179,NYGC
NY-AT0674-5,10xATAC_Mult,Dissectate_handling+MG_MethDev,ARC-ATAC,1306626452,B8XM_231023_01_A03,R8XA-23103111,ATX-674,10000,Nuclei,1061736689,L8XA_231023_01_D01,1923_A06,mouse,Mus musculus,1306524489,NYGC
NY-AT0674-6,10xATAC_Mult,Dissectate_handling+MG_MethDev,ARC-ATAC,1306626454,B8XM_231023_01_B03,R8XA-23103111,ATX-674,10000,Nuclei,1061736689,L8XA_231023_01_E01,1923_B06,mouse,Mus musculus,1306524490,NYGC
NY-AT0674-7,10xATAC_Mult,SCORCH,ARC-ATAC,1306626475,B8XM_231023_01_C04,R8XA-23103111,ATX-674,9751,Nuclei,1061736689,L8XA_231023_01_F02,1925_E07,mouse,Mus musculus,1306526105,NYGC
NY-AT0674-8,10xATAC_Mult,SCORCH,ARC-ATAC,1306626477,B8XM_231023_01_D04,R8XA-23103111,ATX-674,10000,Nuclei,1061736689,L8XA_231023_01_H11,1925_F07,mouse,Mus musculus,1306526106,NYGC
NY-AT0674-9,10xATAC_Mult,Mouse_SpC,ARC-ATAC,1306626486,B8XM_231023_01_H04,R8XA-23103111,ATX-674,1568,Nuclei,1061736689,L8XA_231023_01_B11,1927_A09,mouse,Mus musculus,1305938436,NYGC
NY-AT0676-1,10xATAC_Mult,AD_Center_Grant,ARC-ATAC,1308442225,B8XM_231031_01_H02,R8XA-23111409,ATX-676,10000,Nuclei,1061736689,L8XA_231031_01_B06,1936_A05,human,Homo Sapiens,1307529344,NYGC
NY-AT0676-2,10xATAC_Mult,AD_Center_Grant,ARC-ATAC,1308442227,B8XM_231031_01_A03,R8XA-23111409,ATX-676,10000,Nuclei,1061736689,L8XA_231031_01_C06,1936_B05,human,Homo Sapiens,1307529428,NYGC
NY-AT0676-3,10xATAC_Mult,AD_Center_Grant,ARC-ATAC,1308442230,B8XM_231031_01_B03,R8XA-23111409,ATX-676,10000,Nuclei,1061736689,L8XA_231031_01_D06,1936_C05,human,Homo Sapiens,1307529510,NYGC
NY-AT0676-4,10xATAC_Mult,SCORCH,ARC-ATAC,1309502748,B8XM_231107_01_A01,R8XA-23111409,ATX-676,10000,Nuclei,1061736689,L8XA_231107_01_E06,1940_A02,mouse,Mus musculus,1307717716,NYGC
NY-AT0676-5,10xATAC_Mult,SCORCH,ARC-ATAC,1309502750,B8XM_231107_01_B01,R8XA-23111409,ATX-676,10000,Nuclei,1061736689,L8XA_231107_01_D07,1940_B02,mouse,Mus musculus,1307717718,NYGC
NY-AT0676-6,10xATAC_Mult,SCORCH,ARC-ATAC,1309502753,B8XM_231107_01_C01,R8XA-23111409,ATX-676,10000,Nuclei,1061736689,L8XA_231107_01_E07,1940_C02,mouse,Mus musculus,1308964600,NYGC
NY-AT0676-7,10xATAC_Mult,SCORCH,ARC-ATAC,1309502755,B8XM_231107_01_D01,R8XA-23111409,ATX-676,10000,Nuclei,1061736689,L8XA_231107_01_F07,1940_D02,mouse,Mus musculus,1308964601,NYGC
NY-AT0676-8,10xATAC_Mult,SCORCH,ARC-ATAC,1309502772,B8XM_231107_01_C02,R8XA-23111409,ATX-676,10000,Nuclei,1061736689,L8XA_231107_01_H07,1944_A05,mouse,Mus musculus,1309247300,NYGC
NY-AT0676-9,10xATAC_Mult,SCORCH,ARC-ATAC,1309502774,B8XM_231107_01_D02,R8XA-23111409,ATX-676,10000,Nuclei,1061736689,L8XA_231107_01_A08,1944_B05,mouse,Mus musculus,1309247302,NYGC
NY-AT0677-1,10xATAC_Mult,SCORCH,ARC-ATAC,1309502776,B8XM_231107_01_E02,R8XA-23111410,ATX-677,10000,Nuclei,1061736689,L8XA_231107_01_B08,1944_C05,mouse,Mus musculus,1309247303,NYGC
NY-AT0677-2,10xATAC_Mult,Geriatric_Mouse,ARC-ATAC,1309857153,B8XM_231107_02_A01,R8XA-23111410,ATX-677,10000,Nuclei,1061736689,L8XA_231107_02_F08,1947_A06,mouse,Mus musculus,1308961799,NYGC
NY-AT0677-3,10xATAC_Mult,Geriatric_Mouse,ARC-ATAC,1309857157,B8XM_231107_02_B01,R8XA-23111410,ATX-677,10000,Nuclei,1061736689,L8XA_231107_02_G08,1947_B06,mouse,Mus musculus,1308961800,NYGC
NY-AT0677-4,10xATAC_Mult,Geriatric_Mouse,ARC-ATAC,1309857159,B8XM_231107_02_C01,R8XA-23111410,ATX-677,10000,Nuclei,1061736689,L8XA_231107_02_H08,1947_C06,mouse,Mus musculus,1308961801,NYGC
NY-AT0677-5,10xATAC_Mult,Geriatric_Mouse,ARC-ATAC,1309857161,B8XM_231107_02_D01,R8XA-23111410,ATX-677,10000,Nuclei,1061736689,L8XA_231107_02_A09,1947_D06,mouse,Mus musculus,1308978238,NYGC
NY-AT0677-6,10xATAC_Mult,SCORCH,ARC-ATAC,1309857163,B8XM_231107_02_E01,R8XA-23111410,ATX-677,10000,Nuclei,1061736689,L8XA_231107_02_E08,1947_E06,mouse,Mus musculus,1308978240,NYGC
NY-AT0677-7,10xATAC_Mult,SCORCH,ARC-ATAC,1309857165,B8XM_231107_02_F01,R8XA-23111410,ATX-677,10000,Nuclei,1061736689,L8XA_231107_02_B09,1947_F06,mouse,Mus musculus,1308978241,NYGC
NY-AT0677-8,10xATAC_Mult,HEAD_Network,ARC-ATAC,1309857172,B8XM_231107_02_A02,R8XA-23111410,ATX-677,10000,Nuclei,1061736689,L8XA_231107_02_E09,1950_A01,mouse,Mus musculus,1308995690,NYGC
NY-AT0677-9,10xATAC_Mult,HEAD_Network,ARC-ATAC,1309857176,B8XM_231107_02_B02,R8XA-23111410,ATX-677,10000,Nuclei,1061736689,L8XA_231107_02_F09,1950_B01,mouse,Mus musculus,1308995691,NYGC
NY-AT0679-1,10xATAC_Mult,P56_Unbiased_Sampling,ARC-ATAC,1310901032,B8XM_231110_01_F01,R8XA-23112805,ATX-679,10000,Nuclei,1061736689,L8XA_231110_01_H10,1952_F03,mouse,Mus musculus,1309236267,NYGC
NY-AT0679-2,10xATAC_Mult,P56_Unbiased_Sampling,ARC-ATAC,1310901034,B8XM_231110_01_G01,R8XA-23112805,ATX-679,10000,Nuclei,1061736689,L8XA_231110_01_A11,1952_G03,mouse,Mus musculus,1309236269,NYGC
NY-AT0679-3,10xATAC_Mult,P56_Unbiased_Sampling,ARC-ATAC,1310901037,B8XM_231110_01_H01,R8XA-23112805,ATX-679,10000,Nuclei,1061736689,L8XA_231110_01_B11,1953_A04,mouse,Mus musculus,1309497002,NYGC
NY-AT0679-4,10xATAC_Mult,P56_Unbiased_Sampling,ARC-ATAC,1310901040,B8XM_231110_01_A02,R8XA-23112805,ATX-679,10000,Nuclei,1061736689,L8XA_231110_01_C11,1953_B04,mouse,Mus musculus,1309497005,NYGC
NY-AT0679-5,10xATAC_Mult,P56_Unbiased_Sampling,ARC-ATAC,1310901043,B8XM_231110_01_B02,R8XA-23112805,ATX-679,10000,Nuclei,1061736689,L8XA_231110_01_D11,1953_C04,mouse,Mus musculus,1309497007,NYGC
NY-AT0679-6,10xATAC_Mult,P56_Unbiased_Sampling,ARC-ATAC,1310901045,B8XM_231110_01_C02,R8XA-23112805,ATX-679,10000,Nuclei,1061736689,L8XA_231110_01_E11,1953_D04,mouse,Mus musculus,1309497010,NYGC
NY-AT0679-7,10xATAC_Mult,P56_Unbiased_Sampling,ARC-ATAC,1310901047,B8XM_231110_01_D02,R8XA-23112805,ATX-679,10000,Nuclei,1061736689,L8XA_231110_01_F11,1953_E04,mouse,Mus musculus,1310854219,NYGC
NY-AT0679-8,10xATAC_Mult,P56_Unbiased_Sampling,ARC-ATAC,1310901049,B8XM_231110_01_E02,R8XA-23112805,ATX-679,10000,Nuclei,1061736689,L8XA_231110_01_G11,1953_F04,mouse,Mus musculus,1310854220,NYGC
NY-AT0679-9,10xATAC_Mult,P56_Unbiased_Sampling,ARC-ATAC,1310901052,B8XM_231110_01_F02,R8XA-23112805,ATX-679,9720,Nuclei,1061736689,L8XA_231110_01_H11,1953_G04,mouse,Mus musculus,1310854221,NYGC
NY-AT0681-1,10xATAC_Mult,HEAD_Network,ARC-ATAC,1311479663,B8XM_231114_01_G02,R8XA-23120510,ATX-681,10186,Nuclei,1061736689,L8XA_231114_01_G01,1958_C01,mouse,Mus musculus,1311440508,NYGC
NY-AT0681-2,10xATAC_Mult,HEAD_Network,ARC-ATAC,1311479665,B8XM_231114_01_H02,R8XA-23120510,ATX-681,10000,Nuclei,1061736689,L8XA_231114_01_H01,1958_D01,mouse,Mus musculus,1311201503,NYGC
NY-AT0681-3,10xATAC_Mult,P56_Unbiased_Sampling,ARC-ATAC,1311479667,B8XM_231114_01_A03,R8XA-23120510,ATX-681,10000,Nuclei,1061736689,L8XA_231114_01_A02,1958_E01,mouse,Mus musculus,1311201504,NYGC
NY-AT0681-4,10xATAC_Mult,P56_Unbiased_Sampling,ARC-ATAC,1311479669,B8XM_231114_01_B03,R8XA-23120510,ATX-681,10000,Nuclei,1061736689,L8XA_231114_01_B02,1958_F01,mouse,Mus musculus,1311201505,NYGC
NY-AT0681-5,10xATAC_Mult,P56_Unbiased_Sampling,ARC-ATAC,1311479671,B8XM_231114_01_C03,R8XA-23120510,ATX-681,10000,Nuclei,1061736689,L8XA_231114_01_C02,1958_G01,mouse,Mus musculus,1311201507,NYGC
NY-AT0681-6,10xATAC_Mult,P56_Unbiased_Sampling,ARC-ATAC,1311479673,B8XM_231114_01_D03,R8XA-23120510,ATX-681,10000,Nuclei,1061736689,L8XA_231114_01_D02,1958_H01,mouse,Mus musculus,1311201508,NYGC
NY-AT0681-7,10xATAC_Mult,P56_Unbiased_Sampling,ARC-ATAC,1312887227,B8XM_231117_01_D01,R8XA-23120510,ATX-681,10000,Nuclei,1061736689,L8XA_231117_01_G03,1961_A04,mouse,Mus musculus,1311238535,NYGC
NY-AT0681-8,10xATAC_Mult,P56_Unbiased_Sampling,ARC-ATAC,1312887230,B8XM_231117_01_E01,R8XA-23120510,ATX-681,10000,Nuclei,1061736689,L8XA_231117_01_H03,1961_B04,mouse,Mus musculus,1311238536,NYGC
NY-AT0681-9,10xATAC_Mult,P56_Unbiased_Sampling,ARC-ATAC,1312887232,B8XM_231117_01_F01,R8XA-23120510,ATX-681,10000,Nuclei,1061736689,L8XA_231117_01_A04,1961_C04,mouse,Mus musculus,1311238537,NYGC
NY-AT0682-1,10xATAC_Mult,P56_Unbiased_Sampling,ARC-ATAC,1312887234,B8XM_231117_01_G01,R8XA-23120511,ATX-682,10000,Nuclei,1061736689,L8XA_231117_01_B04,1961_D04,mouse,Mus musculus,1311238538,NYGC
NY-AT0682-2,10xATAC_Mult,P56_Unbiased_Sampling,ARC-ATAC,1312887237,B8XM_231117_01_H01,R8XA-23120511,ATX-682,10000,Nuclei,1061736689,L8XA_231117_01_C04,1961_E04,mouse,Mus musculus,1312610710,NYGC
NY-AT0682-3,10xATAC_Mult,P56_Unbiased_Sampling,ARC-ATAC,1312887239,B8XM_231117_01_A02,R8XA-23120511,ATX-682,10000,Nuclei,1061736689,L8XA_231117_01_D04,1961_F04,mouse,Mus musculus,1312610711,NYGC
NY-AT0682-4,10xATAC_Mult,P56_Unbiased_Sampling,ARC-ATAC,1312887241,B8XM_231117_01_B02,R8XA-23120511,ATX-682,10000,Nuclei,1061736689,L8XA_231117_01_E04,1961_G04,mouse,Mus musculus,1312610712,NYGC
NY-AT0682-5,10xATAC_Mult,P56_Unbiased_Sampling,ARC-ATAC,1312887243,B8XM_231117_01_C02,R8XA-23120511,ATX-682,10000,Nuclei,1061736689,L8XA_231117_01_F04,1961_H04,mouse,Mus musculus,1312610713,NYGC
NY-AT0682-6,10xATAC_Mult,AD_Center_Grant,ARC-ATAC,1312887253,B8XM_231117_01_G02,R8XA-23120511,ATX-682,10000,Nuclei,1061736689,L8XA_231117_01_G04,1963_A06,human,Homo Sapiens,1311274270,NYGC
NY-AT0682-7,10xATAC_Mult,AD_Center_Grant,ARC-ATAC,1312887255,B8XM_231117_01_H02,R8XA-23120511,ATX-682,10000,Nuclei,1061736689,L8XA_231117_01_H04,1963_B06,human,Homo Sapiens,1311274611,NYGC
NY-AT0682-8,10xATAC_Mult,AD_Center_Grant,ARC-ATAC,1312887257,B8XM_231117_01_A03,R8XA-23120511,ATX-682,10000,Nuclei,1061736689,L8XA_231117_01_A05,1963_C06,human,Homo Sapiens,1311277577,NYGC
NY-AT0682-9,10xATAC_Mult,P56_Unbiased_Sampling,ARC-ATAC,1313775315,B8XM_231121_01_A01,R8XA-23120511,ATX-682,10000,Nuclei,1061736689,L8XA_231121_01_B05,1964_A07,mouse,Mus musculus,1313752401,NYGC
NY-AT0683-1,10xATAC_Mult,P56_Unbiased_Sampling,ARC-ATAC,1313775318,B8XM_231121_01_B01,R8XA-23120512,ATX-683,10000,Nuclei,1061736689,L8XA_231121_01_C05,1964_B07,mouse,Mus musculus,1313752402,NYGC
NY-AT0683-2,10xATAC_Mult,P56_Unbiased_Sampling,ARC-ATAC,1313775321,B8XM_231121_01_C01,R8XA-23120512,ATX-683,10000,Nuclei,1061736689,L8XA_231121_01_D05,1964_C07,mouse,Mus musculus,1313752403,NYGC
NY-AT0683-3,10xATAC_Mult,P56_Unbiased_Sampling,ARC-ATAC,1313775323,B8XM_231121_01_D01,R8XA-23120512,ATX-683,10000,Nuclei,1061736689,L8XA_231121_01_E05,1964_D07,mouse,Mus musculus,1313752404,NYGC
NY-AT0683-4,10xATAC_Mult,P56_Unbiased_Sampling,ARC-ATAC,1313775325,B8XM_231121_01_E01,R8XA-23120512,ATX-683,10000,Nuclei,1061736689,L8XA_231121_01_F05,1964_E07,mouse,Mus musculus,1311201088,NYGC
NY-AT0683-5,10xATAC_Mult,P56_Unbiased_Sampling,ARC-ATAC,1313775327,B8XM_231121_01_F01,R8XA-23120512,ATX-683,10000,Nuclei,1061736689,L8XA_231121_01_G05,1964_F07,mouse,Mus musculus,1311201089,NYGC
NY-AT0683-6,10xATAC_Mult,P56_Unbiased_Sampling,ARC-ATAC,1313775329,B8XM_231121_01_G01,R8XA-23120512,ATX-683,10000,Nuclei,1061736689,L8XA_231121_01_H05,1964_G07,mouse,Mus musculus,1311201090,NYGC
NY-AT0683-7,10xATAC_Mult,P56_Unbiased_Sampling,ARC-ATAC,1313775334,B8XM_231121_01_H01,R8XA-23120512,ATX-683,10000,Nuclei,1061736689,L8XA_231121_01_A06,1964.1_H07,mouse,Mus musculus,1311201091,NYGC
NY-AT0683-8,10xATAC_Mult,HEAD_Network,ARC-ATAC,1313775336,B8XM_231121_01_A02,R8XA-23120512,ATX-683,9658,Nuclei,1061736689,L8XA_231121_01_B06,1966_A08,mouse,Mus musculus,1312808900,NYGC
NY-AT0683-9,10xATAC_Mult,HEAD_Network,ARC-ATAC,1313775340,B8XM_231121_01_B02,R8XA-23120512,ATX-683,10000,Nuclei,1061736689,L8XA_231121_01_C06,1966_B08,mouse,Mus musculus,1312808901,NYGC
NY-AT0684-1,10xATAC_Mult,HEAD_Network,ARC-ATAC,1313775347,B8XM_231121_01_C02,R8XA-23120513,ATX-684,10000,Nuclei,1061736689,L8XA_231121_01_D06,1966_C08,mouse,Mus musculus,1312808902,NYGC
NY-AT0684-2,10xATAC_Mult,HEAD_Network,ARC-ATAC,1313775350,B8XM_231121_01_D02,R8XA-23120513,ATX-684,10000,Nuclei,1061736689,L8XA_231121_01_E06,1966_D08,mouse,Mus musculus,1312808922,NYGC
NY-AT0684-3,10xATAC_Mult,P56_Unbiased_Sampling,ARC-ATAC,1313775352,B8XM_231121_01_E02,R8XA-23120513,ATX-684,10000,Nuclei,1061736689,L8XA_231121_01_F06,1966_E08,mouse,Mus musculus,1312808923,NYGC
NY-AT0684-4,10xATAC_Mult,P56_Unbiased_Sampling,ARC-ATAC,1313775354,B8XM_231121_01_F02,R8XA-23120513,ATX-684,10000,Nuclei,1061736689,L8XA_231121_01_G06,1966_F08,mouse,Mus musculus,1312808925,NYGC
NY-AT0684-5,10xATAC_Mult,AD_Center_Grant,ARC-ATAC,1313775356,B8XM_231121_01_G02,R8XA-23120513,ATX-684,10000,Nuclei,1061736689,L8XA_231121_01_H06,1967_A09,human,Homo Sapiens,1311886693,NYGC
NY-AT0684-6,10xATAC_Mult,AD_Center_Grant,ARC-ATAC,1313775360,B8XM_231121_01_H02,R8XA-23120513,ATX-684,10000,Nuclei,1061736689,L8XA_231121_01_A07,1967_B09,human,Homo Sapiens,1311887062,NYGC
NY-AT0684-7,10xATAC_Mult,AD_Center_Grant,ARC-ATAC,1313775363,B8XM_231121_01_A03,R8XA-23120513,ATX-684,10000,Nuclei,1061736689,L8XA_231121_01_B07,1967_C09,human,Homo Sapiens,1311887365,NYGC
NY-AT0684-8,10xATAC_Mult,P56_Unbiased_Sampling,ARC-ATAC,1314536386,B8XM_231128_01_A01,R8XA-23120513,ATX-684,10000,Nuclei,1061736689,L8XA_231128_01_B08,1968_A01,mouse,Mus musculus,1313923102,NYGC
NY-AT0684-9,10xATAC_Mult,P56_Unbiased_Sampling,ARC-ATAC,1314536390,B8XM_231128_01_B01,R8XA-23120513,ATX-684,10000,Nuclei,1061736689,L8XA_231128_01_C08,1968_B01,mouse,Mus musculus,1313923103,NYGC
NY-TX34001-1,10xV4,Psilocybin,CELL_RANGER_DUAL_INDEX,1402911249,A8TX_241029_02_H01,R8TX-24120302,RTX-34001,19930,Cells,1338019172,L8TX_241031_02_H04,2535_A06,mouse,Mus musculus,1402722321,NYGC
NY-TX34001-10,10xV4,Psilocybin,CELL_RANGER_DUAL_INDEX,1405175808,A8TX_241112_02_F02,R8TX-24120302,RTX-34001,19982,Cells,1338019172,L8TX_241114_01_H01,2567_B08,mouse,Mus musculus,1405120008,NYGC
NY-TX34001-2,10xV4,Psilocybin,CELL_RANGER_DUAL_INDEX,1402911251,A8TX_241029_02_A02,R8TX-24120302,RTX-34001,19988,Cells,1338019172,L8TX_241031_02_A05,2535_B06,mouse,Mus musculus,1402722322,NYGC
NY-TX34001-3,10xV4,Mouse_Var,CELL_RANGER_DUAL_INDEX,1405175783,A8TX_241112_02_C01,R8TX-24120302,RTX-34001,19978,Cells,1338019172,L8TX_241114_01_A03,2555_A02,mouse,Mus musculus,1404084547,NYGC
NY-TX34001-4,10xV4,Mouse_Var,CELL_RANGER_DUAL_INDEX,1405175785,A8TX_241112_02_D01,R8TX-24120302,RTX-34001,19981,Cells,1338019172,L8TX_241114_01_B03,2555_B02,mouse,Mus musculus,1404084548,NYGC
NY-TX34001-5,10xV4,Psilocybin,CELL_RANGER_DUAL_INDEX,1405175796,A8TX_241112_02_A02,R8TX-24120302,RTX-34001,19974,Cells,1338019172,L8TX_241114_01_D02,2560_A03,mouse,Mus musculus,1404082437,NYGC
NY-TX34001-6,10xV4,Psilocybin,CELL_RANGER_DUAL_INDEX,1405175798,A8TX_241112_02_B02,R8TX-24120302,RTX-34001,19976,Cells,1338019172,L8TX_241114_01_E02,2560_B03,mouse,Mus musculus,1404082438,NYGC
NY-TX34001-7,10xV4,Psilocybin,CELL_RANGER_DUAL_INDEX,1405175801,A8TX_241112_02_C02,R8TX-24120302,RTX-34001,20003,Cells,1338019172,L8TX_241114_01_F02,2563_A06,mouse,Mus musculus,1404849815,NYGC
NY-TX34001-8,10xV4,Psilocybin,CELL_RANGER_DUAL_INDEX,1405175803,A8TX_241112_02_D02,R8TX-24120302,RTX-34001,19977,Cells,1338019172,L8TX_241114_01_G02,2563_B06,mouse,Mus musculus,1404849817,NYGC
NY-TX34001-9,10xV4,Psilocybin,CELL_RANGER_DUAL_INDEX,1405175805,A8TX_241112_02_E02,R8TX-24120302,RTX-34001,19924,Cells,1338019172,L8TX_241114_01_G01,2567_A08,mouse,Mus musculus,1405120007,NYGC
NY-TX34002-1,10xV4,Mouse_Var,CELL_RANGER_DUAL_INDEX,1406441010,A8TX_241118_01_C01,R8TX-24120303,RTX-34002,19982,Cells,1338019172,L8TX_241121_01_D09,2572_A02,mouse,Mus musculus,1405155910,NYGC
NY-TX34002-10,10xV4,Ketamine,CELL_RANGER_DUAL_INDEX,1406441030,A8TX_241118_01_D02,R8TX-24120303,RTX-34002,19967,Cells,1338019172,L8TX_241121_01_G08,2580_B06,mouse,Mus musculus,1406371579,NYGC
NY-TX34002-2,10xV4,Mouse_Var,CELL_RANGER_DUAL_INDEX,1406441012,A8TX_241118_01_D01,R8TX-24120303,RTX-34002,19971,Cells,1338019172,L8TX_241121_01_E09,2572_B02,mouse,Mus musculus,1405155911,NYGC
NY-TX34002-3,10xV4,Mouse_Var,CELL_RANGER_DUAL_INDEX,1406441014,A8TX_241118_01_E01,R8TX-24120303,RTX-34002,19996,Cells,1338019172,L8TX_241121_01_E08,2573_A03,mouse,Mus musculus,1405157006,NYGC
NY-TX34002-4,10xV4,Mouse_Var,CELL_RANGER_DUAL_INDEX,1406441017,A8TX_241118_01_F01,R8TX-24120303,RTX-34002,19951,Cells,1338019172,L8TX_241121_01_F08,2573_B03,mouse,Mus musculus,1405157007,NYGC
NY-TX34002-5,10xV4,Psilocybin,CELL_RANGER_DUAL_INDEX,1406441019,A8TX_241118_01_G01,R8TX-24120303,RTX-34002,19945,Cells,1338019172,L8TX_241121_01_B08,2577_A04,mouse,Mus musculus,1405011756,NYGC
NY-TX34002-6,10xV4,Psilocybin,CELL_RANGER_DUAL_INDEX,1406441021,A8TX_241118_01_H01,R8TX-24120303,RTX-34002,19955,Cells,1338019172,L8TX_241121_01_C08,2577_B04,mouse,Mus musculus,1405011757,NYGC
NY-TX34002-7,10xV4,Mouse_Var,CELL_RANGER_DUAL_INDEX,1406441023,A8TX_241118_01_A02,R8TX-24120303,RTX-34002,19976,Cells,1338019172,L8TX_241121_01_F09,2578_A05,mouse,Mus musculus,1405158620,NYGC
NY-TX34002-8,10xV4,Mouse_Var,CELL_RANGER_DUAL_INDEX,1406441025,A8TX_241118_01_B02,R8TX-24120303,RTX-34002,19996,Cells,1338019172,L8TX_241121_01_G09,2578_B05,mouse,Mus musculus,1405158621,NYGC
NY-TX34002-9,10xV4,Ketamine,CELL_RANGER_DUAL_INDEX,1406441028,A8TX_241118_01_C02,R8TX-24120303,RTX-34002,20004,Cells,1338019172,L8TX_241121_01_D08,2580_A06,mouse,Mus musculus,1406371578,NYGC
