Fastq Name,Library Prep Method,Study Set,Alignment Method,Amplification ID,Amplification,Batch Name,Batch Name From Vendor,Cell Capture,Cell Prep Type,Library Prep Method ID,Library Prep Name,Load Name,Organism Common Name,Organism Name,Sample ID,Sequencing Vendor
10X120-3,10Xv2,Brain_survey_10xV2,CELL_RANGER_SC3PV2,883940189,AKTX_180801_01_A01,RKTX-180806,10X120,1743,Nuclei,1023060312,LKTX_180804_01_A01,10X120_3,human,Homo Sapiens,883931117,M1TX_180712_001_A01_A01,FacsWellTemplate,Karolinkska
10X120-4,10Xv2,Brain_survey_10xV2,CELL_RANGER_SC3PV2,883940199,AKTX_180801_01_B01,RKTX-180806,10X120,7078,Nuclei,1023060312,LKTX_180804_01_B01,10X120_4,human,Homo Sapiens,883931144,M1TX_180712_001_B01_B01,FacsWellTemplate,Karolinkska
10X134-1,10Xv2,Brain_survey+Hu_Ref_Brain,CELL_RANGER_SC3PV2,898689746,AKTX_181015_01_A01,RKTX-181018,10X134,7664,Nuclei,1023060312,LKTX_181017_01_A01,10X134_1,human,Homo Sapiens,898685242,M1TX_180926_001_A01_A01,FacsWellTemplate,Karolinkska
10X134-2,10Xv2,Brain_survey+Hu_Ref_Brain,CELL_RANGER_SC3PV2,898689750,AKTX_181015_01_B01,RKTX-181018,10X134,7005,Nuclei,1023060312,LKTX_181017_01_B01,10X134_2,human,Homo Sapiens,898685266,M1TX_180926_001_B01_B01,FacsWellTemplate,Karolinkska
10X134-5,10Xv2,Brain_survey+Hu_Ref_Brain,CELL_RANGER_SC3PV2,898689754,AKTX_181015_01_E01,RKTX-181018,10X134,7467,Nuclei,1023060312,LKTX_181017_01_E01,10X134_5,human,Homo Sapiens,898686671,M1TX_180927_002_A01_A01,FacsWellTemplate,Karolinkska
10X134-6,10Xv2,Brain_survey+Hu_Ref_Brain,CELL_RANGER_SC3PV2,898689758,AKTX_181015_01_F01,RKTX-181018,10X134,7908,Nuclei,1023060312,LKTX_181017_01_F01,10X134_6,human,Homo Sapiens,898686696,M1TX_180927_002_B01_B01,FacsWellTemplate,Karolinkska
10X135-1,10Xv2,Brain_survey+Hu_Ref_Brain,CELL_RANGER_SC3PV2,898697373,AKTX_181015_02_A01,RKTX-181019,10X135,8989,Nuclei,1023060312,LKTX_181017_02_A01,10X135_1,human,Homo Sapiens,898695644,M1TX_180928_001_A01_A01,FacsWellTemplate,Karolinkska
10X135-2,10Xv2,Brain_survey+Hu_Ref_Brain,CELL_RANGER_SC3PV2,898697377,AKTX_181015_02_B01,RKTX-181019,10X135,8364,Nuclei,1023060312,LKTX_181017_02_B01,10X135_2,human,Homo Sapiens,898695668,M1TX_180928_001_B01_B01,FacsWellTemplate,Karolinkska
10X135-3,10Xv2,Brain_survey+Hu_Ref_Brain,CELL_RANGER_SC3PV2,898697381,AKTX_181015_02_C01,RKTX-181019,10X135,7717,Nuclei,1023060312,LKTX_181017_02_C01,10X135_3,human,Homo Sapiens,898696720,M1TX_180928_004_A01_A01,FacsWellTemplate,Karolinkska
10X135-4,10Xv2,Brain_survey+Hu_Ref_Brain,CELL_RANGER_SC3PV2,898697385,AKTX_181015_02_D01,RKTX-181019,10X135,8476,Nuclei,1023060312,LKTX_181017_02_D01,10X135_4,human,Homo Sapiens,898696744,M1TX_180928_004_B01_B01,FacsWellTemplate,Karolinkska
10X146-1,10Xv3,Brain_survey+Hu_Ref_Brain,CELL_RANGER,898861826,AKTX_181210_01_A01,RKTX-181213,10X146,18968,Nuclei,1023060325,LKTX_181212_01_A01,10X146_1,human,Homo Sapiens,898701967,M1TX_181031_001_A01_A01,FacsWellTemplate,Karolinkska
10X146-2,10Xv3,Brain_survey+Hu_Ref_Brain,CELL_RANGER,898861830,AKTX_181210_01_B01,RKTX-181213,10X146,8086,Nuclei,1023060325,LKTX_181212_01_B01,10X146_2,human,Homo Sapiens,898702601,M1TX_181031_002_A01_A01,FacsWellTemplate,Karolinkska
10X146-3,10Xv3,Brain_survey+Hu_Ref_Brain,CELL_RANGER,898861834,AKTX_181210_01_C01,RKTX-181213,10X146,8033,Nuclei,1023060325,LKTX_181212_01_C01,10X146_3,human,Homo Sapiens,898702627,M1TX_181031_002_B01_B01,FacsWellTemplate,Karolinkska
10X146-4,10Xv3,Brain_survey+Hu_Ref_Brain,CELL_RANGER,898861838,AKTX_181210_01_D01,RKTX-181213,10X146,7104,Nuclei,1023060325,LKTX_181212_01_D01,10X146_4,human,Homo Sapiens,898703590,M1TX_181105_001_A01_A01,FacsWellTemplate,Karolinkska
10X146-5,10Xv3,Brain_survey+Hu_Ref_Brain,CELL_RANGER,898861842,AKTX_181210_01_E01,RKTX-181213,10X146,7010,Nuclei,1023060325,LKTX_181212_01_E01,10X146_5,human,Homo Sapiens,898703615,M1TX_181105_001_B01_B01,FacsWellTemplate,Karolinkska
10X146-6,10Xv3,Brain_survey+Hu_Ref_Brain,CELL_RANGER,898861847,AKTX_181210_01_F01,RKTX-181213,10X146,6106,Nuclei,1023060325,LKTX_181212_01_F01,10X146_6,human,Homo Sapiens,898704177,M1TX_181105_002_A01_A01,FacsWellTemplate,Karolinkska
10X146-7,10Xv3,Brain_survey+Hu_Ref_Brain,CELL_RANGER,898861851,AKTX_181210_01_G01,RKTX-181213,10X146,4751,Nuclei,1023060325,LKTX_181212_01_G01,10X146_7,human,Homo Sapiens,898704203,M1TX_181105_002_B01_B01,FacsWellTemplate,Karolinkska
10X161-1,10Xv3,Brain_survey+Hu_Ref_Brain,CELL_RANGER,898950733,AKTX_190128_01_A01,RKTX-190131-2,10X161,4597,Nuclei,1023060325,LKTX_190130_02_A01,10X161_1,human,Homo Sapiens,898950058,M1TX_180917_004_A01_A01,FacsWellTemplate,Karolinkska
10X171-1,10Xv3,Brain_survey+Hu_Ref_Brain,CELL_RANGER,898961899,AKTX_190218_01_A01,RKTX-190221,10X171,5979,Nuclei,1023060325,LKTX_190220_01_A01,10X171_1,human,Homo Sapiens,898958483,M1TX_190125_111_A01_A01,FacsWellTemplate,Karolinkska
10X172-1,10Xv3,Brain_survey+Hu_Ref_Brain,CELL_RANGER,897085016,AKTX_190320_01_A01,RKTX-190323,10X172,6237,Nuclei,1023060325,LKTX_190322_01_A01,10X172_1,human,Homo Sapiens,897042440,M2TX_181106_001_A01_A01,FacsWellTemplate,Karolinkska
10X172-2,10Xv3,Brain_survey+Hu_Ref_Brain,CELL_RANGER,897085020,AKTX_190320_01_B01,RKTX-190323,10X172,6637,Nuclei,1023060325,LKTX_190322_01_B01,10X172_2,human,Homo Sapiens,897042469,M2TX_181106_001_B01_B01,FacsWellTemplate,Karolinkska
10X172-3,10Xv3,Brain_survey+Hu_Ref_Brain,CELL_RANGER,897085024,AKTX_190320_01_C01,RKTX-190323,10X172,6445,Nuclei,1023060325,LKTX_190322_01_C01,10X172_3,human,Homo Sapiens,897046213,M2TX_181106_003_A01_A01,FacsWellTemplate,Karolinkska
10X172-4,10Xv3,Brain_survey+Hu_Ref_Brain,CELL_RANGER,897085028,AKTX_190320_01_D01,RKTX-190323,10X172,6313,Nuclei,1023060325,LKTX_190322_01_D01,10X172_4,human,Homo Sapiens,897046251,M2TX_181106_003_B01_B01,FacsWellTemplate,Karolinkska
10X172-5,10Xv3,Brain_survey+Hu_Ref_Brain,CELL_RANGER,897085033,AKTX_190320_01_E01,RKTX-190323,10X172,6303,Nuclei,1023060325,LKTX_190322_01_E01,10X172_5,human,Homo Sapiens,897053505,M1TX_181107_001_A01_A01,FacsWellTemplate,Karolinkska
10X172-6,10Xv3,Brain_survey+Hu_Ref_Brain,CELL_RANGER,897085037,AKTX_190320_01_F01,RKTX-190323,10X172,6162,Nuclei,1023060325,LKTX_190322_01_F01,10X172_6,human,Homo Sapiens,897053534,M1TX_181107_001_B01_B01,FacsWellTemplate,Karolinkska
10X172-7,10Xv3,Brain_survey+Hu_Ref_Brain,CELL_RANGER,897085041,AKTX_190320_01_G01,RKTX-190323,10X172,7152,Nuclei,1023060325,LKTX_190322_01_G01,10X172_7,human,Homo Sapiens,897066409,M1TX_181107_003_A01_A01,FacsWellTemplate,Karolinkska
10X172-8,10Xv3,Brain_survey+Hu_Ref_Brain,CELL_RANGER,897085045,AKTX_190320_01_H01,RKTX-190323,10X172,8228,Nuclei,1023060325,LKTX_190322_01_H01,10X172_8,human,Homo Sapiens,897066433,M1TX_181107_003_B01_B01,FacsWellTemplate,Karolinkska
10X173-1,10Xv3,Brain_survey+Hu_Ref_Brain,CELL_RANGER,898874061,AKTX_190328_02_A01,RKTX-190331-2,10X173,4187,Nuclei,1023060325,LKTX_190330_02_A01,10X173_1,human,Homo Sapiens,898868586,M1TX_181113_003_A01_A01,FacsWellTemplate,Karolinkska
10X173-2,10Xv3,Brain_survey+Hu_Ref_Brain,CELL_RANGER,898874066,AKTX_190328_02_B01,RKTX-190331-2,10X173,5148,Nuclei,1023060325,LKTX_190330_02_B01,10X173_2,human,Homo Sapiens,898868610,M1TX_181113_003_B01_B01,FacsWellTemplate,Karolinkska
10X173-3,10Xv3,Brain_survey+Hu_Ref_Brain,CELL_RANGER,898874070,AKTX_190328_02_C01,RKTX-190331-2,10X173,5042,Nuclei,1023060325,LKTX_190330_02_C01,10X173_3,human,Homo Sapiens,898870253,M1TX_181121_001_A01_A01,FacsWellTemplate,Karolinkska
10X173-4,10Xv3,Brain_survey+Hu_Ref_Brain,CELL_RANGER,898874075,AKTX_190328_02_D01,RKTX-190331-2,10X173,4519,Nuclei,1023060325,LKTX_190330_02_D01,10X173_4,human,Homo Sapiens,898871079,M1TX_181121_002_A01_A01,FacsWellTemplate,Karolinkska
10X173-5,10Xv3,Brain_survey+Hu_Ref_Brain,CELL_RANGER,898874079,AKTX_190328_02_E01,RKTX-190331-2,10X173,6244,Nuclei,1023060325,LKTX_190330_02_E01,10X173_5,human,Homo Sapiens,898871103,M1TX_181121_002_B01_B01,FacsWellTemplate,Karolinkska
10X173-7,10Xv3,Brain_survey+Hu_Ref_Brain,CELL_RANGER,898874084,AKTX_190328_02_G01,RKTX-190331-2,10X173,6195,Nuclei,1023060325,LKTX_190330_02_G01,10X173_7,human,Homo Sapiens,898872029,M1TX_181127_001_B01_A01,FacsWellTemplate,Karolinkska
10X174-3,10Xv3,Brain_survey+Hu_Ref_Brain,CELL_RANGER,969558410,AKTX_190328_03_C01,RKTX-190331-3,10X174,6407,Nuclei,1023060325,LKTX_190330_03_C01,10X174_3,human,Homo Sapiens,969538686,M1TX_181210_101_A01_A01,FacsWellTemplate,Karolinkska
10X174-4,10Xv3,Brain_survey+Hu_Ref_Brain,CELL_RANGER,969558425,AKTX_190328_03_D01,RKTX-190331-3,10X174,7040,Nuclei,1023060325,LKTX_190330_03_D01,10X174_4,human,Homo Sapiens,969538713,M1TX_181210_101_B01_B01,FacsWellTemplate,Karolinkska
10X174-5,10Xv3,Brain_survey+Hu_Ref_Brain,CELL_RANGER,969558436,AKTX_190328_03_E01,RKTX-190331-3,10X174,7883,Nuclei,1023060325,LKTX_190330_03_E01,10X174_5,human,Homo Sapiens,969541581,M1TX_181210_105_A01_A01,FacsWellTemplate,Karolinkska
10X174-6,10Xv3,Brain_survey+Hu_Ref_Brain,CELL_RANGER,969558444,AKTX_190328_03_F01,RKTX-190331-3,10X174,8486,Nuclei,1023060325,LKTX_190330_03_F01,10X174_6,human,Homo Sapiens,969541609,M1TX_181210_105_B01_B01,FacsWellTemplate,Karolinkska
10X174-7,10Xv3,Brain_survey+Hu_Ref_Brain,CELL_RANGER,969558454,AKTX_190328_03_G01,RKTX-190331-3,10X174,5779,Nuclei,1023060325,LKTX_190330_03_G01,10X174_7,human,Homo Sapiens,969543283,M1TX_181211_101_A01_A01,FacsWellTemplate,Karolinkska
10X174-8,10Xv3,Brain_survey+Hu_Ref_Brain,CELL_RANGER,969558462,AKTX_190328_03_H01,RKTX-190331-3,10X174,5685,Nuclei,1023060325,LKTX_190330_03_H01,10X174_8,human,Homo Sapiens,969543309,M1TX_181211_101_B01_B01,FacsWellTemplate,Karolinkska
10X174-3,10Xv3,Brain_survey+Hu_Ref_Brain,CELL_RANGER,969558410,AKTX_190328_03_C01,RKTX-190331-3,10X174,6407,Nuclei,1023060325,LKTX_190330_03_C01,10X174_3,human,Homo Sapiens,969538686,M1TX_181210_101_A01_A01,FacsWellTemplate,Karolinkska
10X174-4,10Xv3,Brain_survey+Hu_Ref_Brain,CELL_RANGER,969558425,AKTX_190328_03_D01,RKTX-190331-3,10X174,7040,Nuclei,1023060325,LKTX_190330_03_D01,10X174_4,human,Homo Sapiens,969538713,M1TX_181210_101_B01_B01,FacsWellTemplate,Karolinkska
10X174-5,10Xv3,Brain_survey+Hu_Ref_Brain,CELL_RANGER,969558436,AKTX_190328_03_E01,RKTX-190331-3,10X174,7883,Nuclei,1023060325,LKTX_190330_03_E01,10X174_5,human,Homo Sapiens,969541581,M1TX_181210_105_A01_A01,FacsWellTemplate,Karolinkska
10X174-6,10Xv3,Brain_survey+Hu_Ref_Brain,CELL_RANGER,969558444,AKTX_190328_03_F01,RKTX-190331-3,10X174,8486,Nuclei,1023060325,LKTX_190330_03_F01,10X174_6,human,Homo Sapiens,969541609,M1TX_181210_105_B01_B01,FacsWellTemplate,Karolinkska
10X174-7,10Xv3,Brain_survey+Hu_Ref_Brain,CELL_RANGER,969558454,AKTX_190328_03_G01,RKTX-190331-3,10X174,5779,Nuclei,1023060325,LKTX_190330_03_G01,10X174_7,human,Homo Sapiens,969543283,M1TX_181211_101_A01_A01,FacsWellTemplate,Karolinkska
10X174-8,10Xv3,Brain_survey+Hu_Ref_Brain,CELL_RANGER,969558462,AKTX_190328_03_H01,RKTX-190331-3,10X174,5685,Nuclei,1023060325,LKTX_190330_03_H01,10X174_8,human,Homo Sapiens,969543309,M1TX_181211_101_B01_B01,FacsWellTemplate,Karolinkska
10X175-1,10Xv3,Brain_survey+Hu_Ref_Brain,CELL_RANGER,891246837,AKTX_190401_01_A01,RKTX-190404,10X175,5902,Nuclei,1023060325,LKTX_190403_01_A01,10X175_1,human,Homo Sapiens,891191331,M1TX_181211_106_A01_A01,FacsWellTemplate,Karolinkska
10X175-2,10Xv3,Brain_survey+Hu_Ref_Brain,CELL_RANGER,891246852,AKTX_190401_01_B01,RKTX-190404,10X175,6272,Nuclei,1023060325,LKTX_190403_01_B01,10X175_2,human,Homo Sapiens,891191355,M1TX_181211_106_B01_B01,FacsWellTemplate,Karolinkska
10X175-3,10Xv3,Brain_survey+Hu_Ref_Brain,CELL_RANGER,891246861,AKTX_190401_01_C01,RKTX-190404,10X175,5628,Nuclei,1023060325,LKTX_190403_01_C01,10X175_3,human,Homo Sapiens,891192598,M2TX_181212_202_A01_A01,FacsWellTemplate,Karolinkska
10X175-4,10Xv3,Brain_survey+Hu_Ref_Brain,CELL_RANGER,891246875,AKTX_190401_01_D01,RKTX-190404,10X175,5988,Nuclei,1023060325,LKTX_190403_01_D01,10X175_4,human,Homo Sapiens,891192622,M2TX_181212_202_B01_B01,FacsWellTemplate,Karolinkska
10X175-5,10Xv3,Brain_survey+Hu_Ref_Brain,CELL_RANGER,891246888,AKTX_190401_01_E01,RKTX-190404,10X175,4434,Nuclei,1023060325,LKTX_190403_01_E01,10X175_5,human,Homo Sapiens,891193302,M1TX_181214_101_A01_A01,FacsWellTemplate,Karolinkska
10X175-6,10Xv3,Brain_survey+Hu_Ref_Brain,CELL_RANGER,891246901,AKTX_190401_01_F01,RKTX-190404,10X175,4712,Nuclei,1023060325,LKTX_190403_01_F01,10X175_6,human,Homo Sapiens,891193327,M1TX_181214_101_B01_B01,FacsWellTemplate,Karolinkska
10X175-7,10Xv3,Brain_survey+Hu_Ref_Brain,CELL_RANGER,891246916,AKTX_190401_01_G01,RKTX-190404,10X175,6674,Nuclei,1023060325,LKTX_190403_01_G01,10X175_7,human,Homo Sapiens,891193746,M1TX_181217_102_A01_A01,FacsWellTemplate,Karolinkska
10X175-8,10Xv3,Brain_survey+Hu_Ref_Brain,CELL_RANGER,891246930,AKTX_190401_01_H01,RKTX-190404,10X175,6359,Nuclei,1023060325,LKTX_190403_01_H01,10X175_8,human,Homo Sapiens,891193770,M1TX_181217_102_B01_B01,FacsWellTemplate,Karolinkska
10X176-1,10Xv3,Brain_survey+Hu_Ref_Brain,CELL_RANGER,893595479,AKTX_190401_02_A01,RKTX-190405,10X176,5899,Nuclei,1023060325,LKTX_190403_02_A01,10X176_1,human,Homo Sapiens,893563958,M1TX_181217_103_A01_A01,FacsWellTemplate,Karolinkska
10X176-2,10Xv3,Brain_survey+Hu_Ref_Brain,CELL_RANGER,893595488,AKTX_190401_02_B01,RKTX-190405,10X176,6386,Nuclei,1023060325,LKTX_190403_02_B01,10X176_2,human,Homo Sapiens,893563982,M1TX_181217_103_B01_B01,FacsWellTemplate,Karolinkska
10X176-3,10Xv3,Brain_survey+Hu_Ref_Brain,CELL_RANGER,893595494,AKTX_190401_02_C01,RKTX-190405,10X176,5954,Nuclei,1023060325,LKTX_190403_02_C01,10X176_3,human,Homo Sapiens,893572084,M1TX_181220_101_A01_A01,FacsWellTemplate,Karolinkska
10X176-4,10Xv3,Brain_survey+Hu_Ref_Brain,CELL_RANGER,893595503,AKTX_190401_02_D01,RKTX-190405,10X176,5149,Nuclei,1023060325,LKTX_190403_02_D01,10X176_4,human,Homo Sapiens,893572115,M1TX_181220_101_B01_B01,FacsWellTemplate,Karolinkska
10X176-5,10Xv3,Brain_survey+Hu_Ref_Brain,CELL_RANGER,893595514,AKTX_190401_02_E01,RKTX-190405,10X176,8255,Nuclei,1023060325,LKTX_190403_02_E01,10X176_5,human,Homo Sapiens,893578144,M2TX_181220_204_A01_A01,FacsWellTemplate,Karolinkska
10X176-6,10Xv3,Brain_survey+Hu_Ref_Brain,CELL_RANGER,893595523,AKTX_190401_02_F01,RKTX-190405,10X176,8735,Nuclei,1023060325,LKTX_190403_02_F01,10X176_6,human,Homo Sapiens,893578169,M2TX_181220_204_B01_B01,FacsWellTemplate,Karolinkska
10X176-7,10Xv3,Brain_survey+Hu_Ref_Brain,CELL_RANGER,893595537,AKTX_190401_02_G01,RKTX-190405,10X176,4433,Nuclei,1023060325,LKTX_190403_02_G01,10X176_7,human,Homo Sapiens,893582397,M1TX_190125_101_A01_A01,FacsWellTemplate,Karolinkska
10X176-8,10Xv3,Brain_survey+Hu_Ref_Brain,CELL_RANGER,893595545,AKTX_190401_02_H01,RKTX-190405,10X176,5020,Nuclei,1023060325,LKTX_190403_02_H01,10X176_8,human,Homo Sapiens,893582430,M1TX_190125_101_B01_B01,FacsWellTemplate,Karolinkska
10X182-1,10Xv3,Brain_survey+Hu_Ref_Brain,CELL_RANGER,974491630,AKTX_190508_01_A01,RKTX-190511,10X182,5929,Nuclei,1023060325,LKTX_190510_01_A01,10X182_1,human,Homo Sapiens,974490178,M1TX_190125_106_A01_A01,FacsWellTemplate,Karolinkska
10X182-2,10Xv3,Brain_survey+Hu_Ref_Brain,CELL_RANGER,974491634,AKTX_190508_01_B01,RKTX-190511,10X182,4864,Nuclei,1023060325,LKTX_190510_01_B01,10X182_2,human,Homo Sapiens,974490202,M1TX_190125_106_B01_B01,FacsWellTemplate,Karolinkska
10X182-3,10Xv3,Brain_survey+Hu_Ref_Brain,CELL_RANGER,974491638,AKTX_190508_01_C01,RKTX-190511,10X182,2669,Nuclei,1023060325,LKTX_190510_01_C01,10X182_3,human,Homo Sapiens,968560923,M1TX_190222_105_A01_A01,FacsWellTemplate,Karolinkska
10X182-4,10Xv3,Brain_survey+Hu_Ref_Brain,CELL_RANGER,974491643,AKTX_190508_01_D01,RKTX-190511,10X182,2434,Nuclei,1023060325,LKTX_190510_01_D01,10X182_4,human,Homo Sapiens,968560956,M1TX_190222_105_B01_B01,FacsWellTemplate,Karolinkska
10X182-5,10Xv3,Brain_survey+Hu_Ref_Brain,CELL_RANGER,974491647,AKTX_190508_01_E01,RKTX-190511,10X182,5206,Nuclei,1023060325,LKTX_190510_01_E01,10X182_5,human,Homo Sapiens,968573356,M1TX_190220_101_A01_A01,FacsWellTemplate,Karolinkska
10X182-6,10Xv3,Brain_survey+Hu_Ref_Brain,CELL_RANGER,974491652,AKTX_190508_01_F01,RKTX-190511,10X182,6117,Nuclei,1023060325,LKTX_190510_01_F01,10X182_6,human,Homo Sapiens,968573393,M1TX_190220_101_B01_B01,FacsWellTemplate,Karolinkska
10X182-7,10Xv3,Brain_survey+Hu_Ref_Brain,CELL_RANGER,974491661,AKTX_190508_01_G01,RKTX-190511,10X182,5518,Nuclei,1023060325,LKTX_190510_01_G01,10X182_7,human,Homo Sapiens,968574890,M1TX_190221_101_A01_A01,FacsWellTemplate,Karolinkska
10X182-8,10Xv3,Brain_survey+Hu_Ref_Brain,CELL_RANGER,974491671,AKTX_190508_01_H01,RKTX-190511,10X182,5037,Nuclei,1023060325,LKTX_190510_01_H01,10X182_8,human,Homo Sapiens,968574915,M1TX_190221_101_B01_B01,FacsWellTemplate,Karolinkska
10X190-1,10Xv3,Brain_survey+Hu_Ref_Brain,CELL_RANGER,968615030,AKTX_190522_01_A01,RKTX-190525,10X190,6514,Nuclei,1023060325,LKTX_190524_01_A01,10X190_1,human,Homo Sapiens,968603447,M1TX_190221_105_A01_A01,FacsWellTemplate,Karolinkska
10X190-2,10Xv3,Brain_survey+Hu_Ref_Brain,CELL_RANGER,968615034,AKTX_190522_01_B01,RKTX-190525,10X190,6473,Nuclei,1023060325,LKTX_190524_01_B01,10X190_2,human,Homo Sapiens,968603473,M1TX_190221_105_B01_B01,FacsWellTemplate,Karolinkska
10X190-3,10Xv3,Brain_survey+Hu_Ref_Brain,CELL_RANGER,968615038,AKTX_190522_01_C01,RKTX-190525,10X190,6102,Nuclei,1023060325,LKTX_190524_01_C01,10X190_3,human,Homo Sapiens,968610672,M1TX_190222_101_A01_A01,FacsWellTemplate,Karolinkska
10X190-4,10Xv3,Brain_survey+Hu_Ref_Brain,CELL_RANGER,968615042,AKTX_190522_01_D01,RKTX-190525,10X190,6907,Nuclei,1023060325,LKTX_190524_01_D01,10X190_4,human,Homo Sapiens,968610697,M1TX_190222_101_B01_B01,FacsWellTemplate,Karolinkska
10X190-5,10Xv3,Brain_survey+Hu_Ref_Brain,CELL_RANGER,968615046,AKTX_190522_01_E01,RKTX-190525,10X190,6076,Nuclei,1023060325,LKTX_190524_01_E01,10X190_5,human,Homo Sapiens,968611255,M1TX_190226_101_A01_A01,FacsWellTemplate,Karolinkska
10X190-6,10Xv3,Brain_survey+Hu_Ref_Brain,CELL_RANGER,968615051,AKTX_190522_01_F01,RKTX-190525,10X190,6592,Nuclei,1023060325,LKTX_190524_01_F01,10X190_6,human,Homo Sapiens,968611279,M1TX_190226_101_B01_B01,FacsWellTemplate,Karolinkska
10X190-7,10Xv3,Brain_survey+Hu_Ref_Brain,CELL_RANGER,968615055,AKTX_190522_01_G01,RKTX-190525,10X190,6466,Nuclei,1023060325,LKTX_190524_01_G01,10X190_7,human,Homo Sapiens,968611961,M1TX_190226_105_A01_A01,FacsWellTemplate,Karolinkska
10X190-8,10Xv3,Brain_survey+Hu_Ref_Brain,CELL_RANGER,968615059,AKTX_190522_01_H01,RKTX-190525,10X190,6476,Nuclei,1023060325,LKTX_190524_01_H01,10X190_8,human,Homo Sapiens,968611985,M1TX_190226_105_B01_B01,FacsWellTemplate,Karolinkska
10X191-1,10Xv3,Brain_survey+Hu_Ref_Brain,CELL_RANGER,969648699,AKTX_190522_02_A01,RKTX-190525-2,10X191,7695,Nuclei,1023060325,LKTX_190524_02_A01,10X191_1,human,Homo Sapiens,969634166,M1TX_190227_101_A01_A01,FacsWellTemplate,Karolinkska
10X191-2,10Xv3,Brain_survey+Hu_Ref_Brain,CELL_RANGER,969648703,AKTX_190522_02_B01,RKTX-190525-2,10X191,7247,Nuclei,1023060325,LKTX_190524_02_B01,10X191_2,human,Homo Sapiens,969634191,M1TX_190227_101_B01_B01,FacsWellTemplate,Karolinkska
10X191-3,10Xv3,Brain_survey+Hu_Ref_Brain,CELL_RANGER,969648707,AKTX_190522_02_C01,RKTX-190525-2,10X191,4655,Nuclei,1023060325,LKTX_190524_02_C01,10X191_3,human,Homo Sapiens,969635873,M1TX_190227_109_A01_A01,FacsWellTemplate,Karolinkska
10X191-4,10Xv3,Brain_survey+Hu_Ref_Brain,CELL_RANGER,969648711,AKTX_190522_02_D01,RKTX-190525-2,10X191,5171,Nuclei,1023060325,LKTX_190524_02_D01,10X191_4,human,Homo Sapiens,969635900,M1TX_190227_109_B01_B01,FacsWellTemplate,Karolinkska
10X191-5,10Xv3,Brain_survey+Hu_Ref_Brain,CELL_RANGER,969648716,AKTX_190522_02_E01,RKTX-190525-2,10X191,5390,Nuclei,1023060325,LKTX_190524_02_E01,10X191_5,human,Homo Sapiens,969636948,M1TX_190228_104_A01_A01,FacsWellTemplate,Karolinkska
10X191-6,10Xv3,Brain_survey+Hu_Ref_Brain,CELL_RANGER,969648720,AKTX_190522_02_F01,RKTX-190525-2,10X191,5663,Nuclei,1023060325,LKTX_190524_02_F01,10X191_6,human,Homo Sapiens,969636981,M1TX_190228_104_B01_B01,FacsWellTemplate,Karolinkska
10X191-7,10Xv3,Brain_survey+Hu_Ref_Brain,CELL_RANGER,969648724,AKTX_190522_02_G01,RKTX-190525-2,10X191,5491,Nuclei,1023060325,LKTX_190524_02_G01,10X191_7,human,Homo Sapiens,969638242,M1TX_190301_101_A01_A01,FacsWellTemplate,Karolinkska
10X191-8,10Xv3,Brain_survey+Hu_Ref_Brain,CELL_RANGER,969648728,AKTX_190522_02_H01,RKTX-190525-2,10X191,5465,Nuclei,1023060325,LKTX_190524_02_H01,10X191_8,human,Homo Sapiens,969638274,M1TX_190301_101_B01_B01,FacsWellTemplate,Karolinkska
10X192-1,10Xv3,Brain_survey+Hu_Ref_Brain,CELL_RANGER,969682685,AKTX_190522_03_A01,RKTX-190525-3,10X192,4475,Nuclei,1023060325,LKTX_190524_03_A01,10X192_1,human,Homo Sapiens,969673286,M1TX_190301_106_A01_A01,FacsWellTemplate,Karolinkska
10X192-2,10Xv3,Brain_survey+Hu_Ref_Brain,CELL_RANGER,969682689,AKTX_190522_03_B01,RKTX-190525-3,10X192,4211,Nuclei,1023060325,LKTX_190524_03_B01,10X192_2,human,Homo Sapiens,969673318,M1TX_190301_106_B01_B01,FacsWellTemplate,Karolinkska
10X192-3,10Xv3,Brain_survey+Hu_Ref_Brain,CELL_RANGER,969682694,AKTX_190522_03_C01,RKTX-190525-3,10X192,4059,Nuclei,1023060325,LKTX_190524_03_C01,10X192_3,human,Homo Sapiens,969674575,M1TX_190306_102_A01_A01,FacsWellTemplate,Karolinkska
10X192-4,10Xv3,Brain_survey+Hu_Ref_Brain,CELL_RANGER,969682700,AKTX_190522_03_D01,RKTX-190525-3,10X192,4405,Nuclei,1023060325,LKTX_190524_03_D01,10X192_4,human,Homo Sapiens,969674600,M1TX_190306_102_B01_B01,FacsWellTemplate,Karolinkska
10X192-5,10Xv3,Brain_survey+Hu_Ref_Brain,CELL_RANGER,969682704,AKTX_190522_03_E01,RKTX-190525-3,10X192,5555,Nuclei,1023060325,LKTX_190524_03_E01,10X192_5,human,Homo Sapiens,969676560,M1TX_190307_101_A01_A01,FacsWellTemplate,Karolinkska
10X192-6,10Xv3,Brain_survey+Hu_Ref_Brain,CELL_RANGER,969682708,AKTX_190522_03_F01,RKTX-190525-3,10X192,5933,Nuclei,1023060325,LKTX_190524_03_F01,10X192_6,human,Homo Sapiens,969676586,M1TX_190307_101_B01_B01,FacsWellTemplate,Karolinkska
10X192-7,10Xv3,Brain_survey+Hu_Ref_Brain,CELL_RANGER,969682712,AKTX_190522_03_G01,RKTX-190525-3,10X192,5896,Nuclei,1023060325,LKTX_190524_03_G01,10X192_7,human,Homo Sapiens,969677872,M1TX_190319_102_A01_A01,FacsWellTemplate,Karolinkska
10X192-8,10Xv3,Brain_survey+Hu_Ref_Brain,CELL_RANGER,969682716,AKTX_190522_03_H01,RKTX-190525-3,10X192,5684,Nuclei,1023060325,LKTX_190524_03_H01,10X192_8,human,Homo Sapiens,969677902,M1TX_190319_102_B01_B01,FacsWellTemplate,Karolinkska
10X193-1,10Xv3,Brain_survey+Hu_Ref_Brain,CELL_RANGER,969715642,AKTX_190527_01_A01,RKTX-190530,10X193,4453,Nuclei,1023060325,LKTX_190529_01_A01,10X193_1,human,Homo Sapiens,969705143,M1TX_190201_106_A01_A01,FacsWellTemplate,Karolinkska
10X193-2,10Xv3,Brain_survey+Hu_Ref_Brain,CELL_RANGER,969715658,AKTX_190527_01_B01,RKTX-190530,10X193,4839,Nuclei,1023060325,LKTX_190529_01_B01,10X193_2,human,Homo Sapiens,969705178,M1TX_190201_106_B01_B01,FacsWellTemplate,Karolinkska
10X193-3,10Xv3,Brain_survey+Hu_Ref_Brain,CELL_RANGER,969715675,AKTX_190527_01_C01,RKTX-190530,10X193,5244,Nuclei,1023060325,LKTX_190529_01_C01,10X193_3,human,Homo Sapiens,969706897,M1TX_190321_101_A01_A01,FacsWellTemplate,Karolinkska
10X193-4,10Xv3,Brain_survey+Hu_Ref_Brain,CELL_RANGER,969715697,AKTX_190527_01_D01,RKTX-190530,10X193,5631,Nuclei,1023060325,LKTX_190529_01_D01,10X193_4,human,Homo Sapiens,969706922,M1TX_190321_101_B01_B01,FacsWellTemplate,Karolinkska
10X193-5,10Xv3,Brain_survey+Hu_Ref_Brain,CELL_RANGER,969715718,AKTX_190527_01_E01,RKTX-190530,10X193,9180,Nuclei,1023060325,LKTX_190529_01_E01,10X193_5,human,Homo Sapiens,969707572,M1TX_190321_105_A01_A01,FacsWellTemplate,Karolinkska
10X193-6,10Xv3,Brain_survey+Hu_Ref_Brain,CELL_RANGER,969715734,AKTX_190527_01_F01,RKTX-190530,10X193,10131,Nuclei,1023060325,LKTX_190529_01_F01,10X193_6,human,Homo Sapiens,969707602,M1TX_190321_105_B01_B01,FacsWellTemplate,Karolinkska
10X193-7,10Xv3,Brain_survey+Hu_Ref_Brain,CELL_RANGER,969715750,AKTX_190527_01_G01,RKTX-190530,10X193,8900,Nuclei,1023060325,LKTX_190529_01_G01,10X193_7,human,Homo Sapiens,969713258,M1TX_190322_101_A01_A01,FacsWellTemplate,Karolinkska
10X193-8,10Xv3,Brain_survey+Hu_Ref_Brain,CELL_RANGER,969715771,AKTX_190527_01_H01,RKTX-190530,10X193,5896,Nuclei,1023060325,LKTX_190529_01_H01,10X193_8,human,Homo Sapiens,969713283,M1TX_190322_101_B01_B01,FacsWellTemplate,Karolinkska
10X194-1,10Xv3,Brain_survey+Hu_Ref_Brain,CELL_RANGER,975491933,AKTX_190527_02_A01,RKTX-190530-2,10X194,3879,Nuclei,1023060325,LKTX_190529_02_A01,10X194_1,human,Homo Sapiens,975485352,M1TX_190401_103_A01_A01,FacsWellTemplate,Karolinkska
10X194-2,10Xv3,Brain_survey+Hu_Ref_Brain,CELL_RANGER,975491938,AKTX_190527_02_B01,RKTX-190530-2,10X194,3797,Nuclei,1023060325,LKTX_190529_02_B01,10X194_2,human,Homo Sapiens,975485376,M1TX_190401_103_B01_B01,FacsWellTemplate,Karolinkska
10X194-4,10Xv3,Brain_survey+Hu_Ref_Brain,CELL_RANGER,975491942,AKTX_190527_02_D01,RKTX-190530-2,10X194,6222,Nuclei,1023060325,LKTX_190529_02_D01,10X194_4,human,Homo Sapiens,975487835,M1TX_181214_104_B01_B01,FacsWellTemplate,Karolinkska
10X194-5,10Xv3,Brain_survey+Hu_Ref_Brain,CELL_RANGER,975491947,AKTX_190527_02_E01,RKTX-190530-2,10X194,7838,Nuclei,1023060325,LKTX_190529_02_E01,10X194_5,human,Homo Sapiens,975488698,M1TX_181217_104_A01_A01,FacsWellTemplate,Karolinkska
10X194-6,10Xv3,Brain_survey+Hu_Ref_Brain,CELL_RANGER,975491951,AKTX_190527_02_F01,RKTX-190530-2,10X194,7572,Nuclei,1023060325,LKTX_190529_02_F01,10X194_6,human,Homo Sapiens,975488723,M1TX_181217_104_B01_B01,FacsWellTemplate,Karolinkska
10X194-7,10Xv3,Brain_survey+Hu_Ref_Brain,CELL_RANGER,975491962,AKTX_190527_02_G01,RKTX-190530-2,10X194,7979,Nuclei,1023060325,LKTX_190529_02_G01,10X194_7,human,Homo Sapiens,975489571,M1TX_181217_101_A01_A01,FacsWellTemplate,Karolinkska
10X194-8,10Xv3,Brain_survey+Hu_Ref_Brain,CELL_RANGER,975491966,AKTX_190527_02_H01,RKTX-190530-2,10X194,8357,Nuclei,1023060325,LKTX_190529_02_H01,10X194_8,human,Homo Sapiens,975489606,M1TX_181217_101_B01_B01,FacsWellTemplate,Karolinkska
10X203-1,10Xv3,Brain_survey+Hu_Ref_Brain,CELL_RANGER,978717781,AKTX_190617_01_A01,RKTX-190620,10X203,3786,Nuclei,1023060325,LKTX_190619_01_A01,10X203_1,human,Homo Sapiens,978709202,M1TX_190322_104_A01_A01,FacsWellTemplate,Karolinkska
10X203-2,10Xv3,Brain_survey+Hu_Ref_Brain,CELL_RANGER,978717785,AKTX_190617_01_B01,RKTX-190620,10X203,2717,Nuclei,1023060325,LKTX_190619_01_B01,10X203_2,human,Homo Sapiens,978709226,M1TX_190322_104_B01_B01,FacsWellTemplate,Karolinkska
10X203-3,10Xv3,Brain_survey+Hu_Ref_Brain,CELL_RANGER,969898814,AKTX_190617_01_C01,RKTX-190620,10X203,4320,Nuclei,1023060325,LKTX_190619_01_C01,10X203_3,human,Homo Sapiens,969894560,M1TX_190408_101_A01_A01,FacsWellTemplate,Karolinkska
10X203-4,10Xv3,Brain_survey+Hu_Ref_Brain,CELL_RANGER,969898818,AKTX_190617_01_D01,RKTX-190620,10X203,5106,Nuclei,1023060325,LKTX_190619_01_D01,10X203_4,human,Homo Sapiens,969894584,M1TX_190408_101_B01_B01,FacsWellTemplate,Karolinkska
10X203-5,10Xv3,Brain_survey+Hu_Ref_Brain,CELL_RANGER,969898822,AKTX_190617_01_E01,RKTX-190620,10X203,5707,Nuclei,1023060325,LKTX_190619_01_E01,10X203_5,human,Homo Sapiens,969894870,M1TX_190408_104_A01_A01,FacsWellTemplate,Karolinkska
10X203-6,10Xv3,Brain_survey+Hu_Ref_Brain,CELL_RANGER,969898826,AKTX_190617_01_F01,RKTX-190620,10X203,5274,Nuclei,1023060325,LKTX_190619_01_F01,10X203_6,human,Homo Sapiens,969894895,M1TX_190408_104_B01_B01,FacsWellTemplate,Karolinkska
10X203-7,10Xv3,Brain_survey+Hu_Ref_Brain,CELL_RANGER,969898830,AKTX_190617_01_G01,RKTX-190620,10X203,8167,Nuclei,1023060325,LKTX_190619_01_G01,10X203_7,human,Homo Sapiens,969895230,M1TX_190411_101_A01_A01,FacsWellTemplate,Karolinkska
10X203-8,10Xv3,Brain_survey+Hu_Ref_Brain,CELL_RANGER,969898835,AKTX_190617_01_H01,RKTX-190620,10X203,8190,Nuclei,1023060325,LKTX_190619_01_H01,10X203_8,human,Homo Sapiens,969895255,M1TX_190411_101_B01_B01,FacsWellTemplate,Karolinkska
10X204-1,10Xv3,Brain_survey+Hu_Ref_Brain,CELL_RANGER,970554987,AKTX_190617_02_A01,RKTX-190620-2,10X204,5409,Nuclei,1023060325,LKTX_190619_02_A01,10X204_1,human,Homo Sapiens,970066816,M1TX_190411_105_A01_A01,FacsWellTemplate,Karolinkska
10X204-2,10Xv3,Brain_survey+Hu_Ref_Brain,CELL_RANGER,970554991,AKTX_190617_02_B01,RKTX-190620-2,10X204,5515,Nuclei,1023060325,LKTX_190619_02_B01,10X204_2,human,Homo Sapiens,970066843,M1TX_190411_105_B01_B01,FacsWellTemplate,Karolinkska
10X204-3,10Xv3,Brain_survey+Hu_Ref_Brain,CELL_RANGER,970554995,AKTX_190617_02_C01,RKTX-190620-2,10X204,6615,Nuclei,1023060325,LKTX_190619_02_C01,10X204_3,human,Homo Sapiens,970067729,M1TX_190416_101_A01_A01,FacsWellTemplate,Karolinkska
10X204-4,10Xv3,Brain_survey+Hu_Ref_Brain,CELL_RANGER,970555001,AKTX_190617_02_D01,RKTX-190620-2,10X204,7124,Nuclei,1023060325,LKTX_190619_02_D01,10X204_4,human,Homo Sapiens,970067754,M1TX_190416_101_B01_B01,FacsWellTemplate,Karolinkska
10X204-5,10Xv3,Brain_survey+Hu_Ref_Brain,CELL_RANGER,1197507884,AKTX_190617_02_E01,RKTX-190620-2,10X204,13113,Nuclei,1023060325,LKTX_190619_02_E01,10X204_5,human,Homo Sapiens,1197504721,M1TX_190416_107_A01_A01,FacsWellTemplate,Karolinkska
10X204-6,10Xv3,Brain_survey+Hu_Ref_Brain,CELL_RANGER,978716055,AKTX_190617_02_F01,RKTX-190620-2,10X204,13035,Nuclei,1023060325,LKTX_190619_02_F01,10X204_6,human,Homo Sapiens,978710609,M1TX_190416_107_B01_B01,FacsWellTemplate,Karolinkska
10X204-7,10Xv3,Brain_survey+Hu_Ref_Brain,CELL_RANGER,1197507886,AKTX_190617_02_G01,RKTX-190620-2,10X204,7871,Nuclei,1023060325,LKTX_190619_02_G01,10X204_7,human,Homo Sapiens,1197505731,M1TX_190419_101_A01_A01,FacsWellTemplate,Karolinkska
10X204-8,10Xv3,Brain_survey+Hu_Ref_Brain,CELL_RANGER,970555006,AKTX_190617_02_H01,RKTX-190620-2,10X204,7683,Nuclei,1023060325,LKTX_190619_02_H01,10X204_8,human,Homo Sapiens,970068751,M1TX_190419_101_B01_B01,FacsWellTemplate,Karolinkska
10X205-1,10Xv3,Brain_survey+Hu_Ref_Brain,CELL_RANGER,971175059,AKTX_190618_01_A01,RKTX-190621,10X205,13399,Nuclei,1023060325,LKTX_190620_01_A01,10X205_1,human,Homo Sapiens,971161509,M1TX_190423_105_A01_A01,FacsWellTemplate,Karolinkska
10X205-2,10Xv3,Brain_survey+Hu_Ref_Brain,CELL_RANGER,971175068,AKTX_190618_01_B01,RKTX-190621,10X205,7397,Nuclei,1023060325,LKTX_190620_01_B01,10X205_2,human,Homo Sapiens,971161534,M1TX_190423_105_B01_B01,FacsWellTemplate,Karolinkska
10X205-3,10Xv3,Brain_survey+Hu_Ref_Brain,CELL_RANGER,971175078,AKTX_190618_01_C01,RKTX-190621,10X205,7400,Nuclei,1023060325,LKTX_190620_01_C01,10X205_3,human,Homo Sapiens,971165818,M1TX_190425_108_A01_A01,FacsWellTemplate,Karolinkska
10X205-4,10Xv3,Brain_survey+Hu_Ref_Brain,CELL_RANGER,971175085,AKTX_190618_01_D01,RKTX-190621,10X205,8487,Nuclei,1023060325,LKTX_190620_01_D01,10X205_4,human,Homo Sapiens,971165849,M1TX_190425_108_B01_B01,FacsWellTemplate,Karolinkska
10X205-5,10Xv3,Brain_survey+Hu_Ref_Brain,CELL_RANGER,971175093,AKTX_190618_01_E01,RKTX-190621,10X205,6841,Nuclei,1023060325,LKTX_190620_01_E01,10X205_5,human,Homo Sapiens,971167759,M1TX_190429_105_A01_A01,FacsWellTemplate,Karolinkska
10X205-6,10Xv3,Brain_survey+Hu_Ref_Brain,CELL_RANGER,971175099,AKTX_190618_01_F01,RKTX-190621,10X205,6988,Nuclei,1023060325,LKTX_190620_01_F01,10X205_6,human,Homo Sapiens,971167796,M1TX_190429_105_B01_B01,FacsWellTemplate,Karolinkska
10X205-7,10Xv3,Brain_survey+Hu_Ref_Brain,CELL_RANGER,971175108,AKTX_190618_01_G01,RKTX-190621,10X205,7046,Nuclei,1023060325,LKTX_190620_01_G01,10X205_7,human,Homo Sapiens,971173749,M1TX_190430_101_A01_A01,FacsWellTemplate,Karolinkska
10X205-8,10Xv3,Brain_survey+Hu_Ref_Brain,CELL_RANGER,971175119,AKTX_190618_01_H01,RKTX-190621,10X205,7806,Nuclei,1023060325,LKTX_190620_01_H01,10X205_8,human,Homo Sapiens,971173775,M1TX_190430_101_B01_B01,FacsWellTemplate,Karolinkska
10X206-1,10Xv3,Brain_survey+Hu_Ref_Brain,CELL_RANGER,976227013,AKTX_190618_02_A01,RKTX-190621-2,10X206,8549,Nuclei,1023060325,LKTX_190620_02_A01,10X206_1,human,Homo Sapiens,976223152,M1TX_190429_101_A01_A01,FacsWellTemplate,Karolinkska
10X206-2,10Xv3,Brain_survey+Hu_Ref_Brain,CELL_RANGER,976227017,AKTX_190618_02_B01,RKTX-190621-2,10X206,8811,Nuclei,1023060325,LKTX_190620_02_B01,10X206_2,human,Homo Sapiens,976223176,M1TX_190429_101_B01_B01,FacsWellTemplate,Karolinkska
10X206-3,10Xv3,Brain_survey+Hu_Ref_Brain,CELL_RANGER,976227021,AKTX_190618_02_C01,RKTX-190621-2,10X206,8491,Nuclei,1023060325,LKTX_190620_02_C01,10X206_3,human,Homo Sapiens,976223432,M1TX_190510_103_A01_A01,FacsWellTemplate,Karolinkska
10X206-4,10Xv3,Brain_survey+Hu_Ref_Brain,CELL_RANGER,976227025,AKTX_190618_02_D01,RKTX-190621-2,10X206,8926,Nuclei,1023060325,LKTX_190620_02_D01,10X206_4,human,Homo Sapiens,976223457,M1TX_190510_103_B01_B01,FacsWellTemplate,Karolinkska
10X206-5,10Xv3,Brain_survey+Hu_Ref_Brain,CELL_RANGER,976227029,AKTX_190618_02_E01,RKTX-190621-2,10X206,8073,Nuclei,1023060325,LKTX_190620_02_E01,10X206_5,human,Homo Sapiens,976223747,M1TX_190531_101_A01_A01,FacsWellTemplate,Karolinkska
10X206-6,10Xv3,Brain_survey+Hu_Ref_Brain,CELL_RANGER,976227033,AKTX_190618_02_F01,RKTX-190621-2,10X206,8091,Nuclei,1023060325,LKTX_190620_02_F01,10X206_6,human,Homo Sapiens,976223771,M1TX_190531_101_B01_B01,FacsWellTemplate,Karolinkska
10X206-7,10Xv3,Brain_survey+Hu_Ref_Brain,CELL_RANGER,976227037,AKTX_190618_02_G01,RKTX-190621-2,10X206,9000,Nuclei,1023060325,LKTX_190620_02_G01,10X206_7,human,Homo Sapiens,976224001,M1TX_190531_103_A01_A01,FacsWellTemplate,Karolinkska
10X206-8,10Xv3,Brain_survey+Hu_Ref_Brain,CELL_RANGER,976227041,AKTX_190618_02_H01,RKTX-190621-2,10X206,9404,Nuclei,1023060325,LKTX_190620_02_H01,10X206_8,human,Homo Sapiens,976224025,M1TX_190531_103_B01_B01,FacsWellTemplate,Karolinkska
10X215-1,10Xv3,Brain_survey+Hu_Ref_Brain,CELL_RANGER,1007863134,AKTX_190816_01_A01,RKTX-190819,10X215,5480,Nuclei,1023060325,LKTX_190818_01_A01,10X215_1,human,Homo Sapiens,1007852977,M1TX_180912_005_A01_A01,FacsWellTemplate,Karolinkska
10X215-2,10Xv3,Brain_survey+Hu_Ref_Brain,CELL_RANGER,1007863136,AKTX_190816_01_B01,RKTX-190819,10X215,5734,Nuclei,1023060325,LKTX_190818_01_B01,10X215_2,human,Homo Sapiens,1007852986,M1TX_180912_005_B01_B01,FacsWellTemplate,Karolinkska
10X215-3,10Xv3,Brain_survey+Hu_Ref_Brain,CELL_RANGER,1007863138,AKTX_190816_01_C01,RKTX-190819,10X215,5553,Nuclei,1023060325,LKTX_190818_01_C01,10X215_3,human,Homo Sapiens,1007854644,M2TX_180914_003_A01_A01,FacsWellTemplate,Karolinkska
10X215-4,10Xv3,Brain_survey+Hu_Ref_Brain,CELL_RANGER,1007863141,AKTX_190816_01_D01,RKTX-190819,10X215,5963,Nuclei,1023060325,LKTX_190818_01_D01,10X215_4,human,Homo Sapiens,1007854653,M2TX_180914_003_B01_B01,FacsWellTemplate,Karolinkska
10X215-5,10Xv3,Brain_survey+Hu_Ref_Brain,CELL_RANGER,1007863143,AKTX_190816_01_E01,RKTX-190819,10X215,5657,Nuclei,1023060325,LKTX_190818_01_E01,10X215_5,human,Homo Sapiens,1007855751,M1TX_180917_008_A01_A01,FacsWellTemplate,Karolinkska
10X215-6,10Xv3,Brain_survey+Hu_Ref_Brain,CELL_RANGER,1007863145,AKTX_190816_01_F01,RKTX-190819,10X215,6156,Nuclei,1023060325,LKTX_190818_01_F01,10X215_6,human,Homo Sapiens,1007855760,M1TX_180917_008_B01_B01,FacsWellTemplate,Karolinkska
10X215-7,10Xv3,Brain_survey+Hu_Ref_Brain,CELL_RANGER,1007863147,AKTX_190816_01_G01,RKTX-190819,10X215,7723,Nuclei,1023060325,LKTX_190818_01_G01,10X215_7,human,Homo Sapiens,1007855986,M1TX_180917_006_A01_A01,FacsWellTemplate,Karolinkska
10X215-8,10Xv3,Brain_survey+Hu_Ref_Brain,CELL_RANGER,1007863150,AKTX_190816_01_H01,RKTX-190819,10X215,7667,Nuclei,1023060325,LKTX_190818_01_H01,10X215_8,human,Homo Sapiens,1007855994,M1TX_180917_006_B01_B01,FacsWellTemplate,Karolinkska
10X216-1,10Xv3,Brain_survey+Hu_Ref_Brain,CELL_RANGER,1007883116,AKTX_190816_02_A01,RKTX-190819-2,10X216,4889,Nuclei,1023060325,LKTX_190818_02_A01,10X216_1,human,Homo Sapiens,1007878504,M1TX_180918_001_A01_A01,FacsWellTemplate,Karolinkska
10X216-2,10Xv3,Brain_survey+Hu_Ref_Brain,CELL_RANGER,1007883119,AKTX_190816_02_B01,RKTX-190819-2,10X216,4999,Nuclei,1023060325,LKTX_190818_02_B01,10X216_2,human,Homo Sapiens,1007878512,M1TX_180918_001_B01_B01,FacsWellTemplate,Karolinkska
10X216-3,10Xv3,Brain_survey+Hu_Ref_Brain,CELL_RANGER,1007883122,AKTX_190816_02_C01,RKTX-190819-2,10X216,6404,Nuclei,1023060325,LKTX_190818_02_C01,10X216_3,human,Homo Sapiens,1007879190,M1TX_190621_101_A01_A01,FacsWellTemplate,Karolinkska
10X216-4,10Xv3,Brain_survey+Hu_Ref_Brain,CELL_RANGER,1007883125,AKTX_190816_02_D01,RKTX-190819-2,10X216,6390,Nuclei,1023060325,LKTX_190818_02_D01,10X216_4,human,Homo Sapiens,1007879198,M1TX_190621_101_B01_B01,FacsWellTemplate,Karolinkska
10X216-5,10Xv3,Brain_survey+Hu_Ref_Brain,CELL_RANGER,1007883128,AKTX_190816_02_E01,RKTX-190819-2,10X216,6250,Nuclei,1023060325,LKTX_190818_02_E01,10X216_5,human,Homo Sapiens,1007880886,M1TX_190621_106_A01_A01,FacsWellTemplate,Karolinkska
10X216-6,10Xv3,Brain_survey+Hu_Ref_Brain,CELL_RANGER,1007883133,AKTX_190816_02_F01,RKTX-190819-2,10X216,6597,Nuclei,1023060325,LKTX_190818_02_F01,10X216_6,human,Homo Sapiens,1007880896,M1TX_190621_106_B01_B01,FacsWellTemplate,Karolinkska
10X216-7,10Xv3,Brain_survey+Hu_Ref_Brain,CELL_RANGER,1007883137,AKTX_190816_02_G01,RKTX-190819-2,10X216,6828,Nuclei,1023060325,LKTX_190818_02_G01,10X216_7,human,Homo Sapiens,1007881685,M1TX_190626_101_A01_A01,FacsWellTemplate,Karolinkska
10X216-8,10Xv3,Brain_survey+Hu_Ref_Brain,CELL_RANGER,1007883140,AKTX_190816_02_H01,RKTX-190819-2,10X216,6578,Nuclei,1023060325,LKTX_190818_02_H01,10X216_8,human,Homo Sapiens,1007881694,M1TX_190626_101_B01_B01,FacsWellTemplate,Karolinkska
10X217-1,10Xv3,Brain_survey+Hu_Ref_Brain,CELL_RANGER,1007892941,AKTX_190821_01_A01,RKTX-190824,10X217,3363,Nuclei,1023060325,LKTX_190823_01_A01,10X217_1,human,Homo Sapiens,1007890047,M1TX_180912_006_A01_A01,FacsWellTemplate,Karolinkska
10X217-2,10Xv3,Brain_survey+Hu_Ref_Brain,CELL_RANGER,1007892945,AKTX_190821_01_B01,RKTX-190824,10X217,3653,Nuclei,1023060325,LKTX_190823_01_B01,10X217_2,human,Homo Sapiens,1007890057,M1TX_180912_006_B01_B01,FacsWellTemplate,Karolinkska
10X217-3,10Xv3,Brain_survey+Hu_Ref_Brain,CELL_RANGER,1007892947,AKTX_190821_01_C01,RKTX-190824,10X217,6086,Nuclei,1023060325,LKTX_190823_01_C01,10X217_3,human,Homo Sapiens,1007890671,M1TX_180914_002_A01_A01,FacsWellTemplate,Karolinkska
10X217-4,10Xv3,Brain_survey+Hu_Ref_Brain,CELL_RANGER,1007892949,AKTX_190821_01_D01,RKTX-190824,10X217,6828,Nuclei,1023060325,LKTX_190823_01_D01,10X217_4,human,Homo Sapiens,1007890681,M1TX_180914_002_B01_B01,FacsWellTemplate,Karolinkska
10X217-5,10Xv3,Brain_survey+Hu_Ref_Brain,CELL_RANGER,1007892951,AKTX_190821_01_E01,RKTX-190824,10X217,6926,Nuclei,1023060325,LKTX_190823_01_E01,10X217_5,human,Homo Sapiens,1007891704,M1TX_190419_104_A01_A01,FacsWellTemplate,Karolinkska
10X217-6,10Xv3,Brain_survey+Hu_Ref_Brain,CELL_RANGER,1007892953,AKTX_190821_01_F01,RKTX-190824,10X217,7434,Nuclei,1023060325,LKTX_190823_01_F01,10X217_6,human,Homo Sapiens,1007891712,M1TX_190419_104_B01_B01,FacsWellTemplate,Karolinkska
10X217-7,10Xv3,Brain_survey+Hu_Ref_Brain,CELL_RANGER,1007892955,AKTX_190821_01_G01,RKTX-190824,10X217,7882,Nuclei,1023060325,LKTX_190823_01_G01,10X217_7,human,Homo Sapiens,1007892270,M1TX_190423_101_A01_A01,FacsWellTemplate,Karolinkska
10X217-8,10Xv3,Brain_survey+Hu_Ref_Brain,CELL_RANGER,1007892957,AKTX_190821_01_H01,RKTX-190824,10X217,9397,Nuclei,1023060325,LKTX_190823_01_H01,10X217_8,human,Homo Sapiens,1007892279,M1TX_190423_101_B01_B01,FacsWellTemplate,Karolinkska
10X218-1,10Xv3,Brain_survey+Hu_Ref_Brain,CELL_RANGER,1007903271,AKTX_190821_02_A01,RKTX-190824-2,10X218,3916,Nuclei,1023060325,LKTX_190823_02_A01,10X218_1,human,Homo Sapiens,1007901197,M1TX_190510_105_A01_A01,FacsWellTemplate,Karolinkska
10X218-2,10Xv3,Brain_survey+Hu_Ref_Brain,CELL_RANGER,1007903275,AKTX_190821_02_B01,RKTX-190824-2,10X218,4650,Nuclei,1023060325,LKTX_190823_02_B01,10X218_2,human,Homo Sapiens,1007901205,M1TX_190510_105_B01_B01,FacsWellTemplate,Karolinkska
10X218-3,10Xv3,Brain_survey+Hu_Ref_Brain,CELL_RANGER,1007903280,AKTX_190821_02_C01,RKTX-190824-2,10X218,2305,Nuclei,1023060325,LKTX_190823_02_C01,10X218_3,human,Homo Sapiens,1007901668,M1TX_190501_101_A01_A01,FacsWellTemplate,Karolinkska
10X218-4,10Xv3,Brain_survey+Hu_Ref_Brain,CELL_RANGER,1007903283,AKTX_190821_02_D01,RKTX-190824-2,10X218,2981,Nuclei,1023060325,LKTX_190823_02_D01,10X218_4,human,Homo Sapiens,1007902439,M1TX_190503_103_A01_A01,FacsWellTemplate,Karolinkska
10X218-5,10Xv3,Brain_survey+Hu_Ref_Brain,CELL_RANGER,1007903286,AKTX_190821_02_E01,RKTX-190824-2,10X218,5518,Nuclei,1023060325,LKTX_190823_02_E01,10X218_5,human,Homo Sapiens,1007902448,M1TX_190503_103_B01_B01,FacsWellTemplate,Karolinkska
10X218-6,10Xv3,Brain_survey+Hu_Ref_Brain,CELL_RANGER,1007903288,AKTX_190821_02_F01,RKTX-190824-2,10X218,5895,Nuclei,1023060325,LKTX_190823_02_F01,10X218_6,human,Homo Sapiens,1007902780,M2TX_181220_201_A01_A01,FacsWellTemplate,Karolinkska
10X218-7,10Xv3,Brain_survey+Hu_Ref_Brain,CELL_RANGER,1007903290,AKTX_190821_02_G01,RKTX-190824-2,10X218,5788,Nuclei,1023060325,LKTX_190823_02_G01,10X218_7,human,Homo Sapiens,1007902788,M2TX_181220_201_B01_B01,FacsWellTemplate,Karolinkska
10X219-1,10Xv3,Brain_survey+Hu_Ref_Brain,CELL_RANGER,1197708811,AKTX_190826_01_A01,RKTX-190829,10X219,5998,Nuclei,1023060325,LKTX_190828_01_A01,10X219_1,human,Homo Sapiens,1197706047,M1TX_190220_102_A01_A01,FacsWellTemplate,Karolinkska
10X219-2,10Xv3,Brain_survey+Hu_Ref_Brain,CELL_RANGER,1197708815,AKTX_190826_01_B01,RKTX-190829,10X219,6245,Nuclei,1023060325,LKTX_190828_01_B01,10X219_2,human,Homo Sapiens,1197706056,M1TX_190220_102_B01_B01,FacsWellTemplate,Karolinkska
10X219-5,10Xv3,Brain_survey+Hu_Ref_Brain,CELL_RANGER,1197708817,AKTX_190826_01_E01,RKTX-190829,10X219,6710,Nuclei,1023060325,LKTX_190828_01_E01,10X219_5,human,Homo Sapiens,1197708256,M1TX_190227_102_A01_A01,FacsWellTemplate,Karolinkska
10X219-6,10Xv3,Brain_survey+Hu_Ref_Brain,CELL_RANGER,1197708819,AKTX_190826_01_F01,RKTX-190829,10X219,7060,Nuclei,1023060325,LKTX_190828_01_F01,10X219_6,human,Homo Sapiens,1197708265,M1TX_190227_102_B01_B01,FacsWellTemplate,Karolinkska
10X221-3,10Xv3,Brain_survey+Hu_Ref_Brain,CELL_RANGER,1197947286,AKTX_190828_01_C01,RKTX-190831,10X221,5641,Nuclei,1023060325,LKTX_190830_01_C01,10X221_3,human,Homo Sapiens,1197940101,M1TX_190408_103_A01_A01,FacsWellTemplate,Karolinkska
10X221-4,10Xv3,Brain_survey+Hu_Ref_Brain,CELL_RANGER,1197947288,AKTX_190828_01_D01,RKTX-190831,10X221,5984,Nuclei,1023060325,LKTX_190830_01_D01,10X221_4,human,Homo Sapiens,1197940110,M1TX_190408_103_B01_B01,FacsWellTemplate,Karolinkska
10X221-5,10Xv3,Brain_survey+Hu_Ref_Brain,CELL_RANGER,1197947291,AKTX_190828_01_E01,RKTX-190831,10X221,5449,Nuclei,1023060325,LKTX_190830_01_E01,10X221_5,human,Homo Sapiens,1197941055,M1TX_190621_102_A01_A01,FacsWellTemplate,Karolinkska
10X221-6,10Xv3,Brain_survey+Hu_Ref_Brain,CELL_RANGER,1197947293,AKTX_190828_01_F01,RKTX-190831,10X221,5793,Nuclei,1023060325,LKTX_190830_01_F01,10X221_6,human,Homo Sapiens,1197941063,M1TX_190621_102_B01_B01,FacsWellTemplate,Karolinkska
10X221-7,10Xv3,Brain_survey+Hu_Ref_Brain,CELL_RANGER,1197947296,AKTX_190828_01_G01,RKTX-190831,10X221,6376,Nuclei,1023060325,LKTX_190830_01_G01,10X221_7,human,Homo Sapiens,1197945953,M1TX_190626_102_A01_A01,FacsWellTemplate,Karolinkska
10X221-8,10Xv3,Brain_survey+Hu_Ref_Brain,CELL_RANGER,1197947298,AKTX_190828_01_H01,RKTX-190831,10X221,6083,Nuclei,1023060325,LKTX_190830_01_H01,10X221_8,human,Homo Sapiens,1197945963,M1TX_190626_102_B01_B01,FacsWellTemplate,Karolinkska
10X222-1,10Xv3,Brain_survey+Hu_Ref_Brain,CELL_RANGER,1197957955,AKTX_190830_01_A01,RKTX-190902,10X222,11244,Nuclei,1023060325,LKTX_190901_01_A01,10X222_1,human,Homo Sapiens,1197953739,M1TX_190430_107_A01_A01,FacsWellTemplate,Karolinkska
10X222-2,10Xv3,Brain_survey+Hu_Ref_Brain,CELL_RANGER,1197957958,AKTX_190830_01_B01,RKTX-190902,10X222,12334,Nuclei,1023060325,LKTX_190901_01_B01,10X222_2,human,Homo Sapiens,1197953748,M1TX_190430_107_B01_B01,FacsWellTemplate,Karolinkska
10X222-3,10Xv3,Brain_survey+Hu_Ref_Brain,CELL_RANGER,1197957962,AKTX_190830_01_C01,RKTX-190902,10X222,6303,Nuclei,1023060325,LKTX_190901_01_C01,10X222_3,human,Homo Sapiens,1197956186,M1TX_190201_104_A01_A01,FacsWellTemplate,Karolinkska
10X222-4,10Xv3,Brain_survey+Hu_Ref_Brain,CELL_RANGER,1197957966,AKTX_190830_01_D01,RKTX-190902,10X222,6211,Nuclei,1023060325,LKTX_190901_01_D01,10X222_4,human,Homo Sapiens,1197956196,M1TX_190201_104_B01_B01,FacsWellTemplate,Karolinkska
10X222-5,10Xv3,Brain_survey+Hu_Ref_Brain,CELL_RANGER,1197957969,AKTX_190830_01_E01,RKTX-190902,10X222,9241,Nuclei,1023060325,LKTX_190901_01_E01,10X222_5,human,Homo Sapiens,1197956897,M1TX_190503_102_A01_A01,FacsWellTemplate,Karolinkska
10X222-6,10Xv3,Brain_survey+Hu_Ref_Brain,CELL_RANGER,1197957973,AKTX_190830_01_F01,RKTX-190902,10X222,9659,Nuclei,1023060325,LKTX_190901_01_F01,10X222_6,human,Homo Sapiens,1197956905,M1TX_190503_102_B01_B01,FacsWellTemplate,Karolinkska
10X222-7,10Xv3,Brain_survey+Hu_Ref_Brain,CELL_RANGER,1197957977,AKTX_190830_01_G01,RKTX-190902,10X222,8939,Nuclei,1023060325,LKTX_190901_01_G01,10X222_7,human,Homo Sapiens,1197957557,M1TX_190530_102_A01_A01,FacsWellTemplate,Karolinkska
10X222-8,10Xv3,Brain_survey+Hu_Ref_Brain,CELL_RANGER,1197957981,AKTX_190830_01_H01,RKTX-190902,10X222,9571,Nuclei,1023060325,LKTX_190901_01_H01,10X222_8,human,Homo Sapiens,1197957565,M1TX_190530_102_B01_B01,FacsWellTemplate,Karolinkska
10X224-1,10Xv3,Brain_survey+Hu_Ref_Brain,CELL_RANGER,1199444845,AKTX_190911_01_A01,RKTX-190914,10X224,13837,Nuclei,1023060325,LKTX_190913_01_A01,10X224_1,human,Homo Sapiens,1199442967,M1TX_190429_102_A01_A01,FacsWellTemplate,Karolinkska
10X224-2,10Xv3,Brain_survey+Hu_Ref_Brain,CELL_RANGER,1199444850,AKTX_190911_01_B01,RKTX-190914,10X224,14943,Nuclei,1023060325,LKTX_190913_01_B01,10X224_2,human,Homo Sapiens,1199442975,M1TX_190429_102_B01_B01,FacsWellTemplate,Karolinkska
10X225-1,10Xv3,Brain_survey+Hu_Ref_Brain,CELL_RANGER,1199448936,AKTX_190911_02_A01,RKTX-190914-1,10X225,7014,Nuclei,1023060325,LKTX_190913_02_A01,10X225_1,human,Homo Sapiens,1199448448,M1TX_190201_105_A01_A01,FacsWellTemplate,Karolinkska
10X225-2,10Xv3,Brain_survey+Hu_Ref_Brain,CELL_RANGER,1199448938,AKTX_190911_02_B01,RKTX-190914-1,10X225,7401,Nuclei,1023060325,LKTX_190913_02_B01,10X225_2,human,Homo Sapiens,1199448456,M1TX_190201_105_B01_B01,FacsWellTemplate,Karolinkska
10X227-1,10Xv3,Brain_survey+Hu_Ref_Brain,CELL_RANGER,1007907580,AKTX_191007_01_A01,RKTX-191010,10X227,6549,Nuclei,1023060325,LKTX_191009_01_A01,10X227_1,human,Homo Sapiens,1007906314,M1TX_190731_101_A01_A01,FacsWellTemplate,Karolinkska
10X227-2,10Xv3,Brain_survey+Hu_Ref_Brain,CELL_RANGER,1007907582,AKTX_191007_01_B01,RKTX-191010,10X227,3243,Nuclei,1023060325,LKTX_191009_01_B01,10X227_2,human,Homo Sapiens,1007906322,M1TX_190731_101_B01_B01,FacsWellTemplate,Karolinkska
10X227-3,10Xv3,Brain_survey+Hu_Ref_Brain,CELL_RANGER,1007907585,AKTX_191007_01_C01,RKTX-191010,10X227,6846,Nuclei,1023060325,LKTX_191009_01_C01,10X227_3,human,Homo Sapiens,1007906694,M1TX_190731_107_A01_A01,FacsWellTemplate,Karolinkska
10X227-4,10Xv3,Brain_survey+Hu_Ref_Brain,CELL_RANGER,1007907589,AKTX_191007_01_D01,RKTX-191010,10X227,7853,Nuclei,1023060325,LKTX_191009_01_D01,10X227_4,human,Homo Sapiens,1007906704,M1TX_190731_107_B01_B01,FacsWellTemplate,Karolinkska
10X227-5,10Xv3,Brain_survey+Hu_Ref_Brain,CELL_RANGER,1007907591,AKTX_191007_01_E01,RKTX-191010,10X227,8769,Nuclei,1023060325,LKTX_191009_01_E01,10X227_5,human,Homo Sapiens,1007907116,M1TX_190913_105_A01_A01,FacsWellTemplate,Karolinkska
10X227-6,10Xv3,Brain_survey+Hu_Ref_Brain,CELL_RANGER,1007907593,AKTX_191007_01_F01,RKTX-191010,10X227,9479,Nuclei,1023060325,LKTX_191009_01_F01,10X227_6,human,Homo Sapiens,1007907125,M1TX_190913_105_B01_B01,FacsWellTemplate,Karolinkska
10X228-1,10Xv3,Brain_survey+Hu_Ref_Brain,CELL_RANGER,1008505671,AKTX_191007_02_A01,RKTX-191010-2,10X228,7370,Nuclei,1023060325,LKTX_191009_02_A01,10X228_1,human,Homo Sapiens,1008493822,M1TX_180926_002_A01_A01,FacsWellTemplate,Karolinkska
10X228-2,10Xv3,Brain_survey+Hu_Ref_Brain,CELL_RANGER,1008505673,AKTX_191007_02_B01,RKTX-191010-2,10X228,7378,Nuclei,1023060325,LKTX_191009_02_B01,10X228_2,human,Homo Sapiens,1008493831,M1TX_180926_002_B01_B01,FacsWellTemplate,Karolinkska
10X228-3,10Xv3,Brain_survey+Hu_Ref_Brain,CELL_RANGER,1008505676,AKTX_191007_02_C01,RKTX-191010-2,10X228,9545,Nuclei,1023060325,LKTX_191009_02_C01,10X228_3,human,Homo Sapiens,1008497375,M1TX_180928_002_A01_A01,FacsWellTemplate,Karolinkska
10X228-4,10Xv3,Brain_survey+Hu_Ref_Brain,CELL_RANGER,1008505678,AKTX_191007_02_D01,RKTX-191010-2,10X228,9988,Nuclei,1023060325,LKTX_191009_02_D01,10X228_4,human,Homo Sapiens,1008497402,M1TX_180928_002_B01_B01,FacsWellTemplate,Karolinkska
10X228-5,10Xv3,Brain_survey+Hu_Ref_Brain,CELL_RANGER,1008505680,AKTX_191007_02_E01,RKTX-191010-2,10X228,11318,Nuclei,1023060325,LKTX_191009_02_E01,10X228_5,human,Homo Sapiens,1008504235,M1TX_180928_005_A01_A01,FacsWellTemplate,Karolinkska
10X228-6,10Xv3,Brain_survey+Hu_Ref_Brain,CELL_RANGER,1008505682,AKTX_191007_02_F01,RKTX-191010-2,10X228,12444,Nuclei,1023060325,LKTX_191009_02_F01,10X228_6,human,Homo Sapiens,1008504260,M1TX_180928_005_B01_B01,FacsWellTemplate,Karolinkska
10X229-1,10Xv3,Brain_survey+Hu_Ref_Brain,CELL_RANGER,1008562355,AKTX_191008_01_A01,RKTX-191011,10X229,6057,Nuclei,1023060325,LKTX_191010_01_A01,10X229_1,human,Homo Sapiens,1008551368,M1TX_190722_105_A01_A01,FacsWellTemplate,Karolinkska
10X229-2,10Xv3,Brain_survey+Hu_Ref_Brain,CELL_RANGER,1008562364,AKTX_191008_01_B01,RKTX-191011,10X229,6103,Nuclei,1023060325,LKTX_191010_01_B01,10X229_2,human,Homo Sapiens,1008551376,M1TX_190722_105_B01_B01,FacsWellTemplate,Karolinkska
10X229-3,10Xv3,Brain_survey+Hu_Ref_Brain,CELL_RANGER,1008562374,AKTX_191008_01_C01,RKTX-191011,10X229,6613,Nuclei,1023060325,LKTX_191010_01_C01,10X229_3,human,Homo Sapiens,1008552733,M1TX_190802_105_A01_A01,FacsWellTemplate,Karolinkska
10X229-4,10Xv3,Brain_survey+Hu_Ref_Brain,CELL_RANGER,1008562383,AKTX_191008_01_D01,RKTX-191011,10X229,7891,Nuclei,1023060325,LKTX_191010_01_D01,10X229_4,human,Homo Sapiens,1008552753,M1TX_190802_105_B01_B01,FacsWellTemplate,Karolinkska
10X229-5,10Xv3,Brain_survey+Hu_Ref_Brain,CELL_RANGER,1008562394,AKTX_191008_01_E01,RKTX-191011,10X229,5975,Nuclei,1023060325,LKTX_191010_01_E01,10X229_5,human,Homo Sapiens,1008553619,M1TX_190816_101_A01_A01,FacsWellTemplate,Karolinkska
10X229-6,10Xv3,Brain_survey+Hu_Ref_Brain,CELL_RANGER,1008562403,AKTX_191008_01_F01,RKTX-191011,10X229,6667,Nuclei,1023060325,LKTX_191010_01_F01,10X229_6,human,Homo Sapiens,1008553627,M1TX_190816_101_B01_B01,FacsWellTemplate,Karolinkska
10X229-7,10Xv3,Brain_survey+Hu_Ref_Brain,CELL_RANGER,1008562416,AKTX_191008_01_G01,RKTX-191011,10X229,6750,Nuclei,1023060325,LKTX_191010_01_G01,10X229_7,human,Homo Sapiens,1008557478,M1TX_190816_105_A01_A01,FacsWellTemplate,Karolinkska
10X229-8,10Xv3,Brain_survey+Hu_Ref_Brain,CELL_RANGER,1008562427,AKTX_191008_01_H01,RKTX-191011,10X229,6481,Nuclei,1023060325,LKTX_191010_01_H01,10X229_8,human,Homo Sapiens,1008557486,M1TX_190816_105_B01_B01,FacsWellTemplate,Karolinkska
10X230-1,10Xv3,Brain_survey+Hu_Ref_Brain,CELL_RANGER,1199458639,AKTX_191008_03_A01,RKTX-191011-2,10X230,7058,Nuclei,1023060325,LKTX_191010_03_A01,10X230_1,human,Homo Sapiens,1199453542,M1TX_190913_102_A01_A01,FacsWellTemplate,Karolinkska
10X230-2,10Xv3,Brain_survey+Hu_Ref_Brain,CELL_RANGER,1199458641,AKTX_191008_03_B01,RKTX-191011-2,10X230,7285,Nuclei,1023060325,LKTX_191010_03_B01,10X230_2,human,Homo Sapiens,1199453550,M1TX_190913_102_B01_B01,FacsWellTemplate,Karolinkska
10X230-3,10Xv3,Brain_survey+Hu_Ref_Brain,CELL_RANGER,1008576670,AKTX_191008_02_C01,RKTX-191011-2,10X230,4381,Nuclei,1023060325,LKTX_191010_02_C01,10X230_3,human,Homo Sapiens,1008574191,M1TX_190913_103_A01_A01,FacsWellTemplate,Karolinkska
10X230-4,10Xv3,Brain_survey+Hu_Ref_Brain,CELL_RANGER,1008576672,AKTX_191008_02_D01,RKTX-191011-2,10X230,4547,Nuclei,1023060325,LKTX_191010_02_D01,10X230_4,human,Homo Sapiens,1008574200,M1TX_190913_103_B01_B01,FacsWellTemplate,Karolinkska
10X230-5,10Xv3,Brain_survey+Hu_Ref_Brain,CELL_RANGER,1199458643,AKTX_191008_03_E01,RKTX-191011-2,10X230,5292,Nuclei,1023060325,LKTX_191010_03_E01,10X230_5,human,Homo Sapiens,1199456654,M1TX_190722_107_A01_A01,FacsWellTemplate,Karolinkska
10X230-6,10Xv3,Brain_survey+Hu_Ref_Brain,CELL_RANGER,1199458645,AKTX_191008_03_F01,RKTX-191011-2,10X230,5579,Nuclei,1023060325,LKTX_191010_03_F01,10X230_6,human,Homo Sapiens,1199456664,M1TX_190722_107_B01_B01,FacsWellTemplate,Karolinkska
10X230-7,10Xv3,Brain_survey+Hu_Ref_Brain,CELL_RANGER,1199458647,AKTX_191008_03_G01,RKTX-191011-2,10X230,5896,Nuclei,1023060325,LKTX_191010_03_G01,10X230_7,human,Homo Sapiens,1199457007,M1TX_190816_103_A01_A01,FacsWellTemplate,Karolinkska
10X230-8,10Xv3,Brain_survey+Hu_Ref_Brain,CELL_RANGER,1199458649,AKTX_191008_03_H01,RKTX-191011-2,10X230,5864,Nuclei,1023060325,LKTX_191010_03_H01,10X230_8,human,Homo Sapiens,1199457016,M1TX_190816_103_B01_B01,FacsWellTemplate,Karolinkska
10X236-1,10Xv3,Brain_survey+Hu_Ref_Brain,CELL_RANGER,1199480944,AKTX_191111_01_A01,RKTX-191114,10X236,10937,Nuclei,1023060325,LKTX_191113_01_A01,10X236_1,human,Homo Sapiens,1199477967,M1TX_191101_101_A01_A01,FacsWellTemplate,Karolinkska
10X236-2,10Xv3,Brain_survey+Hu_Ref_Brain,CELL_RANGER,1008590702,AKTX_191111_01_B01,RKTX-191114,10X236,8004,Nuclei,1023060325,LKTX_191113_01_B01,10X236_2,human,Homo Sapiens,1008587101,M1TX_191101_104_A01_A01,FacsWellTemplate,Karolinkska
10X237-1,10Xv3,Brain_survey+Hu_Ref_Brain,CELL_RANGER,1008598484,AKTX_191112_01_A01,RKTX-191115,10X237,8565,Nuclei,1023060325,LKTX_191114_01_A01,10X237_1,human,Homo Sapiens,1008596155,M1TX_191031_102_A01_A01,FacsWellTemplate,Karolinkska
10X237-2,10Xv3,Brain_survey+Hu_Ref_Brain,CELL_RANGER,1199485112,AKTX_191112_01_B01,RKTX-191115,10X237,9201,Nuclei,1023060325,LKTX_191114_01_B01,10X237_2,human,Homo Sapiens,1199484641,M1TX_191031_104_A01_A01,FacsWellTemplate,Karolinkska
10X237-3,10Xv3,Brain_survey+Hu_Ref_Brain,CELL_RANGER,1199485118,AKTX_191112_01_C01,RKTX-191115,10X237,9019,Nuclei,1023060325,LKTX_191114_01_C01,10X237_3,human,Homo Sapiens,1199484897,M1TX_191101_102_A01_A01,FacsWellTemplate,Karolinkska
10X240-1,10Xv3,Brain_survey+Hu_Ref_Brain,CELL_RANGER,1008609984,AKTX_191202_01_A01,RKTX-191205,10X240,4821,Nuclei,1023060325,LKTX_191204_01_A01,10X240_1,human,Homo Sapiens,1008606197,M1TX_190626_107_A01_A01,FacsWellTemplate,Karolinkska
10X240-2,10Xv3,Brain_survey+Hu_Ref_Brain,CELL_RANGER,1008609989,AKTX_191202_01_B01,RKTX-191205,10X240,4969,Nuclei,1023060325,LKTX_191204_01_B01,10X240_2,human,Homo Sapiens,1008606216,M1TX_190626_107_B01_B01,FacsWellTemplate,Karolinkska
10X240-3,10Xv3,Brain_survey+Hu_Ref_Brain,CELL_RANGER,1008609994,AKTX_191202_01_C01,RKTX-191205,10X240,4944,Nuclei,1023060325,LKTX_191204_01_C01,10X240_3,human,Homo Sapiens,1008606237,M1TX_190626_107_C01_C01,FacsWellTemplate,Karolinkska
10X240-4,10Xv3,Brain_survey+Hu_Ref_Brain,CELL_RANGER,1008609996,AKTX_191202_01_D01,RKTX-191205,10X240,5595,Nuclei,1023060325,LKTX_191204_01_D01,10X240_4,human,Homo Sapiens,1008606253,M1TX_190626_107_D01_D01,FacsWellTemplate,Karolinkska
10X240-5,10Xv3,Brain_survey+Hu_Ref_Brain,CELL_RANGER,1008610000,AKTX_191202_01_E01,RKTX-191205,10X240,5485,Nuclei,1023060325,LKTX_191204_01_E01,10X240_5,human,Homo Sapiens,1008606272,M1TX_190626_107_E01_E01,FacsWellTemplate,Karolinkska
10X240-6,10Xv3,Brain_survey+Hu_Ref_Brain,CELL_RANGER,1008610004,AKTX_191202_01_F01,RKTX-191205,10X240,5177,Nuclei,1023060325,LKTX_191204_01_F01,10X240_6,human,Homo Sapiens,1008608286,M1TX_191024_101_A01_A01,FacsWellTemplate,Karolinkska
10X240-7,10Xv3,Brain_survey+Hu_Ref_Brain,CELL_RANGER,1008610010,AKTX_191202_01_G01,RKTX-191205,10X240,5310,Nuclei,1023060325,LKTX_191204_01_G01,10X240_7,human,Homo Sapiens,1008608311,M1TX_191024_101_B01_B01,FacsWellTemplate,Karolinkska
10X240-8,10Xv3,Brain_survey+Hu_Ref_Brain,CELL_RANGER,1008610013,AKTX_191202_01_H01,RKTX-191205,10X240,5456,Nuclei,1023060325,LKTX_191204_01_H01,10X240_8,human,Homo Sapiens,1008608332,M1TX_191024_101_C01_C01,FacsWellTemplate,Karolinkska
10X241-1,10Xv3,Brain_survey+Hu_Ref_Brain,CELL_RANGER,1008648732,AKTX_191202_02_A01,RKTX-191205-2,10X241,6031,Nuclei,1023060325,LKTX_191204_02_A01,10X241_1,human,Homo Sapiens,1008644025,M1TX_191024_101_D01_D01,FacsWellTemplate,Karolinkska
10X241-2,10Xv3,Brain_survey+Hu_Ref_Brain,CELL_RANGER,1008648734,AKTX_191202_02_B01,RKTX-191205-2,10X241,6060,Nuclei,1023060325,LKTX_191204_02_B01,10X241_2,human,Homo Sapiens,1008644033,M1TX_191024_101_E01_E01,FacsWellTemplate,Karolinkska
10X241-3,10Xv3,Brain_survey+Hu_Ref_Brain,CELL_RANGER,1008648739,AKTX_191202_02_C01,RKTX-191205-2,10X241,6048,Nuclei,1023060325,LKTX_191204_02_C01,10X241_3,human,Homo Sapiens,1008646225,M1TX_191024_109_A01_A01,FacsWellTemplate,Karolinkska
10X241-4,10Xv3,Brain_survey+Hu_Ref_Brain,CELL_RANGER,1008648741,AKTX_191202_02_D01,RKTX-191205-2,10X241,6197,Nuclei,1023060325,LKTX_191204_02_D01,10X241_4,human,Homo Sapiens,1008646236,M1TX_191024_109_B01_B01,FacsWellTemplate,Karolinkska
10X241-5,10Xv3,Brain_survey+Hu_Ref_Brain,CELL_RANGER,1008648743,AKTX_191202_02_E01,RKTX-191205-2,10X241,6306,Nuclei,1023060325,LKTX_191204_02_E01,10X241_5,human,Homo Sapiens,1008646249,M1TX_191024_109_C01_C01,FacsWellTemplate,Karolinkska
10X241-6,10Xv3,Brain_survey+Hu_Ref_Brain,CELL_RANGER,1008648745,AKTX_191202_02_F01,RKTX-191205-2,10X241,5205,Nuclei,1023060325,LKTX_191204_02_F01,10X241_6,human,Homo Sapiens,1008647458,M1TX_191024_110_A01_A01,FacsWellTemplate,Karolinkska
10X241-7,10Xv3,Brain_survey+Hu_Ref_Brain,CELL_RANGER,1008648747,AKTX_191202_02_G01,RKTX-191205-2,10X241,5825,Nuclei,1023060325,LKTX_191204_02_G01,10X241_7,human,Homo Sapiens,1008647466,M1TX_191024_110_B01_B01,FacsWellTemplate,Karolinkska
10X241-8,10Xv3,Brain_survey+Hu_Ref_Brain,CELL_RANGER,1008648749,AKTX_191202_02_H01,RKTX-191205-2,10X241,5433,Nuclei,1023060325,LKTX_191204_02_H01,10X241_8,human,Homo Sapiens,1008647475,M1TX_191024_110_C01_C01,FacsWellTemplate,Karolinkska
10X243-1,10Xv3,Brain_survey+Hu_Ref_Brain,CELL_RANGER,1008665853,AKTX_191205_01_A01,RKTX-191208,10X243,7339,Nuclei,1023060325,LKTX_191207_01_A01,10X243_1,human,Homo Sapiens,1008663037,M1TX_191031_103_A01_A01,FacsWellTemplate,Karolinkska
10X243-2,10Xv3,Brain_survey+Hu_Ref_Brain,CELL_RANGER,1008665855,AKTX_191205_01_B01,RKTX-191208,10X243,6755,Nuclei,1023060325,LKTX_191207_01_B01,10X243_2,human,Homo Sapiens,1008663045,M1TX_191031_103_B01_B01,FacsWellTemplate,Karolinkska
10X243-3,10Xv3,Brain_survey+Hu_Ref_Brain,CELL_RANGER,1008665861,AKTX_191205_01_C01,RKTX-191208,10X243,5881,Nuclei,1023060325,LKTX_191207_01_C01,10X243_3,human,Homo Sapiens,1008663053,M1TX_191031_103_C01_C01,FacsWellTemplate,Karolinkska
10X243-4,10Xv3,Brain_survey+Hu_Ref_Brain,CELL_RANGER,1008665865,AKTX_191205_01_D01,RKTX-191208,10X243,6589,Nuclei,1023060325,LKTX_191207_01_D01,10X243_4,human,Homo Sapiens,1008663061,M1TX_191031_103_D01_D01,FacsWellTemplate,Karolinkska
10X243-5,10Xv3,Brain_survey+Hu_Ref_Brain,CELL_RANGER,1008665872,AKTX_191205_01_E01,RKTX-191208,10X243,7177,Nuclei,1023060325,LKTX_191207_01_E01,10X243_5,human,Homo Sapiens,1008664514,M1TX_191114_101_A01_A01,FacsWellTemplate,Karolinkska
10X243-6,10Xv3,Brain_survey+Hu_Ref_Brain,CELL_RANGER,1008665875,AKTX_191205_01_F01,RKTX-191208,10X243,7576,Nuclei,1023060325,LKTX_191207_01_F01,10X243_6,human,Homo Sapiens,1008664522,M1TX_191114_101_B01_B01,FacsWellTemplate,Karolinkska
10X243-7,10Xv3,Brain_survey+Hu_Ref_Brain,CELL_RANGER,1008665879,AKTX_191205_01_G01,RKTX-191208,10X243,7829,Nuclei,1023060325,LKTX_191207_01_G01,10X243_7,human,Homo Sapiens,1008664530,M1TX_191114_101_C01_C01,FacsWellTemplate,Karolinkska
10X243-8,10Xv3,Brain_survey+Hu_Ref_Brain,CELL_RANGER,1008665883,AKTX_191205_01_H01,RKTX-191208,10X243,7216,Nuclei,1023060325,LKTX_191207_01_H01,10X243_8,human,Homo Sapiens,1008664538,M1TX_191114_101_D01_D01,FacsWellTemplate,Karolinkska
10X248-1,10Xv3,Brain_survey+Hu_Ref_Brain,CELL_RANGER,1060696896,AKTX_200206_01_A01,RKTX-200209,10X248,10517,Nuclei,1023060325,LKTX_200208_01_A01,10X248_1,human,Homo Sapiens,1059513871,M1TX_200124_103_A01_A01,FacsWellTemplate,Karolinkska
10X248-2,10Xv3,Brain_survey+Hu_Ref_Brain,CELL_RANGER,1060696898,AKTX_200206_01_B01,RKTX-200209,10X248,4297,Nuclei,1023060325,LKTX_200208_01_B01,10X248_2,human,Homo Sapiens,1059513879,M1TX_200124_103_B01_B01,FacsWellTemplate,Karolinkska
10X248-3,10Xv3,Brain_survey+Hu_Ref_Brain,CELL_RANGER,1060696901,AKTX_200206_01_C01,RKTX-200209,10X248,5066,Nuclei,1023060325,LKTX_200208_01_C01,10X248_3,human,Homo Sapiens,1059514481,M1TX_200124_107_A01_A01,FacsWellTemplate,Karolinkska
10X248-4,10Xv3,Brain_survey+Hu_Ref_Brain,CELL_RANGER,1060696903,AKTX_200206_01_D01,RKTX-200209,10X248,5499,Nuclei,1023060325,LKTX_200208_01_D01,10X248_4,human,Homo Sapiens,1059514489,M1TX_200124_107_B01_B01,FacsWellTemplate,Karolinkska
10X248-5,10Xv3,Brain_survey+Hu_Ref_Brain,CELL_RANGER,1060696905,AKTX_200206_01_E01,RKTX-200209,10X248,4470,Nuclei,1023060325,LKTX_200208_01_E01,10X248_5,human,Homo Sapiens,1059514726,M1TX_200130_103_A01_A01,FacsWellTemplate,Karolinkska
10X248-6,10Xv3,Brain_survey+Hu_Ref_Brain,CELL_RANGER,1060696907,AKTX_200206_01_F01,RKTX-200209,10X248,4765,Nuclei,1023060325,LKTX_200208_01_F01,10X248_6,human,Homo Sapiens,1059514734,M1TX_200130_103_B01_B01,FacsWellTemplate,Karolinkska
10X248-7,10Xv3,Brain_survey+Hu_Ref_Brain,CELL_RANGER,1060696909,AKTX_200206_01_G01,RKTX-200209,10X248,1650,Nuclei,1023060325,LKTX_200208_01_G01,10X248_7,human,Homo Sapiens,1059515236,M1TX_200130_105_A01_A01,FacsWellTemplate,Karolinkska
10X248-8,10Xv3,Brain_survey+Hu_Ref_Brain,CELL_RANGER,1060696911,AKTX_200206_01_H01,RKTX-200209,10X248,5516,Nuclei,1023060325,LKTX_200208_01_H01,10X248_8,human,Homo Sapiens,1059515245,M1TX_200130_105_B01_B01,FacsWellTemplate,Karolinkska
10X249-1,10Xv3,Brain_survey+Hu_Ref_Brain,CELL_RANGER,1065933662,AKTX_200206_02_A01,RKTX-200209-2,10X249,5787,Nuclei,1023060325,LKTX_200208_02_A01,10X249_1,human,Homo Sapiens,1065931797,M1TX_200130_109_A01_A01,FacsWellTemplate,Karolinkska
10X249-2,10Xv3,Brain_survey+Hu_Ref_Brain,CELL_RANGER,1065933664,AKTX_200206_02_B01,RKTX-200209-2,10X249,5622,Nuclei,1023060325,LKTX_200208_02_B01,10X249_2,human,Homo Sapiens,1065931806,M1TX_200130_109_B01_B01,FacsWellTemplate,Karolinkska
10X249-3,10Xv3,Brain_survey+Hu_Ref_Brain,CELL_RANGER,1065933667,AKTX_200206_02_C01,RKTX-200209-2,10X249,5657,Nuclei,1023060325,LKTX_200208_02_C01,10X249_3,human,Homo Sapiens,1065932113,M1TX_200131_103_A01_A01,FacsWellTemplate,Karolinkska
10X249-4,10Xv3,Brain_survey+Hu_Ref_Brain,CELL_RANGER,1065933669,AKTX_200206_02_D01,RKTX-200209-2,10X249,6166,Nuclei,1023060325,LKTX_200208_02_D01,10X249_4,human,Homo Sapiens,1065932122,M1TX_200131_103_B01_B01,FacsWellTemplate,Karolinkska
10X249-5,10Xv3,Brain_survey+Hu_Ref_Brain,CELL_RANGER,1065933671,AKTX_200206_02_E01,RKTX-200209-2,10X249,6448,Nuclei,1023060325,LKTX_200208_02_E01,10X249_5,human,Homo Sapiens,1065932348,M1TX_200131_106_A01_A01,FacsWellTemplate,Karolinkska
10X249-6,10Xv3,Brain_survey+Hu_Ref_Brain,CELL_RANGER,1065933673,AKTX_200206_02_F01,RKTX-200209-2,10X249,6441,Nuclei,1023060325,LKTX_200208_02_F01,10X249_6,human,Homo Sapiens,1065932358,M1TX_200131_106_B01_B01,FacsWellTemplate,Karolinkska
10X249-7,10Xv3,Brain_survey+Hu_Ref_Brain,CELL_RANGER,1065933675,AKTX_200206_02_G01,RKTX-200209-2,10X249,6516,Nuclei,1023060325,LKTX_200208_02_G01,10X249_7,human,Homo Sapiens,1065932994,M1TX_200131_109_A01_A01,FacsWellTemplate,Karolinkska
10X249-8,10Xv3,Brain_survey+Hu_Ref_Brain,CELL_RANGER,1065933677,AKTX_200206_02_H01,RKTX-200209-2,10X249,6707,Nuclei,1023060325,LKTX_200208_02_H01,10X249_8,human,Homo Sapiens,1065933002,M1TX_200131_109_B01_B01,FacsWellTemplate,Karolinkska
10X264-1,10Xv3,Brain_survey+Hu_Ref_Brain,CELL_RANGER,1065940251,AKTX_200525_01_A01,RKTX-200528,10X264,6909,Nuclei,1023060325,LKTX_200527_01_A01,10X264_1,human,Homo Sapiens,1065937917,M1TX_200206_108_A01_A01,FacsWellTemplate,Karolinkska
10X264-2,10Xv3,Brain_survey+Hu_Ref_Brain,CELL_RANGER,1065940253,AKTX_200525_01_B01,RKTX-200528,10X264,7716,Nuclei,1023060325,LKTX_200527_01_B01,10X264_2,human,Homo Sapiens,1065937925,M1TX_200206_108_B01_B01,FacsWellTemplate,Karolinkska
10X264-3,10Xv3,Brain_survey+Hu_Ref_Brain,CELL_RANGER,1065940255,AKTX_200525_01_C01,RKTX-200528,10X264,5291,Nuclei,1023060325,LKTX_200527_01_C01,10X264_3,human,Homo Sapiens,1065938137,M1TX_200206_109_A01_A01,FacsWellTemplate,Karolinkska
10X264-4,10Xv3,Brain_survey+Hu_Ref_Brain,CELL_RANGER,1065940257,AKTX_200525_01_D01,RKTX-200528,10X264,5840,Nuclei,1023060325,LKTX_200527_01_D01,10X264_4,human,Homo Sapiens,1065938147,M1TX_200206_109_B01_B01,FacsWellTemplate,Karolinkska
10X264-5,10Xv3,Brain_survey+Hu_Ref_Brain,CELL_RANGER,1065940259,AKTX_200525_01_E01,RKTX-200528,10X264,6331,Nuclei,1023060325,LKTX_200527_01_E01,10X264_5,human,Homo Sapiens,1065938367,M1TX_200206_112_A01_A01,FacsWellTemplate,Karolinkska
10X264-6,10Xv3,Brain_survey+Hu_Ref_Brain,CELL_RANGER,1065940261,AKTX_200525_01_F01,RKTX-200528,10X264,6382,Nuclei,1023060325,LKTX_200527_01_F01,10X264_6,human,Homo Sapiens,1065938375,M1TX_200206_112_B01_B01,FacsWellTemplate,Karolinkska
10X264-7,10Xv3,Brain_survey+Hu_Ref_Brain,CELL_RANGER,1065940263,AKTX_200525_01_G01,RKTX-200528,10X264,6364,Nuclei,1023060325,LKTX_200527_01_G01,10X264_7,human,Homo Sapiens,1065938567,M1TX_200213_106_A01_A01,FacsWellTemplate,Karolinkska
10X264-8,10Xv3,Brain_survey+Hu_Ref_Brain,CELL_RANGER,1065940266,AKTX_200525_01_H01,RKTX-200528,10X264,6229,Nuclei,1023060325,LKTX_200527_01_H01,10X264_8,human,Homo Sapiens,1065938576,M1TX_200213_106_B01_B01,FacsWellTemplate,Karolinkska
10X265-1,10Xv3,Brain_survey+Hu_Ref_Brain,CELL_RANGER,1066133450,AKTX_200525_02_A01,RKTX-200528-2,10X265,4808,Nuclei,1023060325,LKTX_200527_02_A01,10X265_1,human,Homo Sapiens,1066060553,M1TX_200213_107_A01_A01,FacsWellTemplate,Karolinkska
10X265-2,10Xv3,Brain_survey+Hu_Ref_Brain,CELL_RANGER,1066133454,AKTX_200525_02_B01,RKTX-200528-2,10X265,5802,Nuclei,1023060325,LKTX_200527_02_B01,10X265_2,human,Homo Sapiens,1066060561,M1TX_200213_107_B01_B01,FacsWellTemplate,Karolinkska
10X265-3,10Xv3,Brain_survey+Hu_Ref_Brain,CELL_RANGER,1066133458,AKTX_200525_02_C01,RKTX-200528-2,10X265,4089,Nuclei,1023060325,LKTX_200527_02_C01,10X265_3,human,Homo Sapiens,1066060850,M1TX_200218_101_A01_A01,FacsWellTemplate,Karolinkska
10X265-4,10Xv3,Brain_survey+Hu_Ref_Brain,CELL_RANGER,1066133463,AKTX_200525_02_D01,RKTX-200528-2,10X265,6273,Nuclei,1023060325,LKTX_200527_02_D01,10X265_4,human,Homo Sapiens,1066060858,M1TX_200218_101_B01_B01,FacsWellTemplate,Karolinkska
10X265-5,10Xv3,Brain_survey+Hu_Ref_Brain,CELL_RANGER,1066133468,AKTX_200525_02_E01,RKTX-200528-2,10X265,8115,Nuclei,1023060325,LKTX_200527_02_E01,10X265_5,human,Homo Sapiens,1066061036,M1TX_200218_102_A01_A01,FacsWellTemplate,Karolinkska
10X265-6,10Xv3,Brain_survey+Hu_Ref_Brain,CELL_RANGER,1066133470,AKTX_200525_02_F01,RKTX-200528-2,10X265,7289,Nuclei,1023060325,LKTX_200527_02_F01,10X265_6,human,Homo Sapiens,1066061044,M1TX_200218_102_B01_B01,FacsWellTemplate,Karolinkska
10X265-7,10Xv3,Brain_survey+Hu_Ref_Brain,CELL_RANGER,1192994442,AKTX_200525_02_G01,RKTX-200528-2,10X265,13002,Nuclei,1023060325,LKTX_200527_02_G01,10X265_7,human,Homo Sapiens,1192991634,M1TX_180926_004_A01_A01,FacsWellTemplate,Karolinkska
10X265-8,10Xv3,Brain_survey+Hu_Ref_Brain,CELL_RANGER,1192994444,AKTX_200525_02_H01,RKTX-200528-2,10X265,12043,Nuclei,1023060325,LKTX_200527_02_H01,10X265_8,human,Homo Sapiens,1192991643,M1TX_180926_004_B01_B01,FacsWellTemplate,Karolinkska
10X269-1,10Xv3,Brain_survey+Hu_Ref_Brain,CELL_RANGER,1066137468,AKTX_200720_01_A01,RKTX-200720,10X269,7848,Nuclei,1023060325,LKTX_200720_01_A01,10X269_1,human,Homo Sapiens,1066136522,M1TX_200624_104_A01_A01,FacsWellTemplate,Karolinkska
10X269-2,10Xv3,Brain_survey+Hu_Ref_Brain,CELL_RANGER,1066137471,AKTX_200720_01_B01,RKTX-200720,10X269,8394,Nuclei,1023060325,LKTX_200720_01_B01,10X269_2,human,Homo Sapiens,1066136531,M1TX_200624_104_B01_B01,FacsWellTemplate,Karolinkska
10X269-3,10Xv3,Brain_survey+Hu_Ref_Brain,CELL_RANGER,1066137473,AKTX_200720_01_C01,RKTX-200720,10X269,5050,Nuclei,1023060325,LKTX_200720_01_C01,10X269_3,human,Homo Sapiens,1066136737,M1TX_200622_101_A01_A01,FacsWellTemplate,Karolinkska
10X269-4,10Xv3,Brain_survey+Hu_Ref_Brain,CELL_RANGER,1066137475,AKTX_200720_01_D01,RKTX-200720,10X269,9005,Nuclei,1023060325,LKTX_200720_01_D01,10X269_4,human,Homo Sapiens,1066136746,M1TX_200622_101_B01_B01,FacsWellTemplate,Karolinkska
10X269-5,10Xv3,Brain_survey+Hu_Ref_Brain,CELL_RANGER,1066137477,AKTX_200720_01_E01,RKTX-200720,10X269,6197,Nuclei,1023060325,LKTX_200720_01_E01,10X269_5,human,Homo Sapiens,1066136918,M1TX_200622_106_A01_A01,FacsWellTemplate,Karolinkska
10X269-6,10Xv3,Brain_survey+Hu_Ref_Brain,CELL_RANGER,1066137479,AKTX_200720_01_F01,RKTX-200720,10X269,6803,Nuclei,1023060325,LKTX_200720_01_F01,10X269_6,human,Homo Sapiens,1066136927,M1TX_200622_106_B01_B01,FacsWellTemplate,Karolinkska
10X269-7,10Xv3,Brain_survey+Hu_Ref_Brain,CELL_RANGER,1070908551,AKTX_200720_01_G01,RKTX-200720,10X269,6008,Nuclei,1023060325,LKTX_200720_01_G01,10X269_7,human,Homo Sapiens,1068730208,M2TX_200528_204_A01_A01,FacsWellTemplate,Karolinkska
10X269-8,10Xv3,Brain_survey+Hu_Ref_Brain,CELL_RANGER,1070908554,AKTX_200720_01_H01,RKTX-200720,10X269,6108,Nuclei,1023060325,LKTX_200720_01_H01,10X269_8,human,Homo Sapiens,1068730216,M2TX_200528_204_B01_B01,FacsWellTemplate,Karolinkska
10X270-1,10Xv3,Brain_survey+Hu_Ref_Brain,CELL_RANGER,1070984450,AKTX_200720_02_A01,RKTX-200720-2,10X270,6053,Nuclei,1023060325,LKTX_200720_02_A01,10X270_1,human,Homo Sapiens,1070910840,M1TX_200624_109_A01_A01,FacsWellTemplate,Karolinkska
10X270-2,10Xv3,Brain_survey+Hu_Ref_Brain,CELL_RANGER,1070984452,AKTX_200720_02_B01,RKTX-200720-2,10X270,6197,Nuclei,1023060325,LKTX_200720_02_B01,10X270_2,human,Homo Sapiens,1070910849,M1TX_200624_109_B01_B01,FacsWellTemplate,Karolinkska
10X270-3,10Xv3,Brain_survey+Hu_Ref_Brain,CELL_RANGER,1070984454,AKTX_200720_02_C01,RKTX-200720-2,10X270,6489,Nuclei,1023060325,LKTX_200720_02_C01,10X270_3,human,Homo Sapiens,1070983445,M1TX_200616_101_A01_A01,FacsWellTemplate,Karolinkska
10X270-4,10Xv3,Brain_survey+Hu_Ref_Brain,CELL_RANGER,1070984456,AKTX_200720_02_D01,RKTX-200720-2,10X270,7378,Nuclei,1023060325,LKTX_200720_02_D01,10X270_4,human,Homo Sapiens,1070983457,M1TX_200616_101_B01_B01,FacsWellTemplate,Karolinkska
10X270-5,10Xv3,Brain_survey+Hu_Ref_Brain,CELL_RANGER,1070984458,AKTX_200720_02_E01,RKTX-200720-2,10X270,6075,Nuclei,1023060325,LKTX_200720_02_E01,10X270_5,human,Homo Sapiens,1070983698,M1TX_200616_104_A01_A01,FacsWellTemplate,Karolinkska
10X270-6,10Xv3,Brain_survey+Hu_Ref_Brain,CELL_RANGER,1070984461,AKTX_200720_02_F01,RKTX-200720-2,10X270,7630,Nuclei,1023060325,LKTX_200720_02_F01,10X270_6,human,Homo Sapiens,1070983707,M1TX_200616_104_B01_B01,FacsWellTemplate,Karolinkska
10X270-7,10Xv3,Brain_survey+Hu_Ref_Brain,CELL_RANGER,1070984463,AKTX_200720_02_G01,RKTX-200720-2,10X270,6487,Nuclei,1023060325,LKTX_200720_02_G01,10X270_7,human,Homo Sapiens,1070984041,M1TX_200624_101_A01_A01,FacsWellTemplate,Karolinkska
10X270-8,10Xv3,Brain_survey+Hu_Ref_Brain,CELL_RANGER,1070984465,AKTX_200720_02_H01,RKTX-200720-2,10X270,6773,Nuclei,1023060325,LKTX_200720_02_H01,10X270_8,human,Homo Sapiens,1070984050,M1TX_200624_101_B01_B01,FacsWellTemplate,Karolinkska
10X276-1,10Xv3,Brain_survey+Hu_Ref_Brain,CELL_RANGER,1077714316,AKTX_200923_01_A01,RKTX-200925,10X276,5998,Nuclei,1023060325,LKTX_200924_01_A01,10X276_1,human,Homo Sapiens,1077710069,M1TX_200818_151_A01_A01,FacsWellTemplate,Karolinkska
10X276-2,10Xv3,Brain_survey+Hu_Ref_Brain,CELL_RANGER,1077714319,AKTX_200923_01_B01,RKTX-200925,10X276,6393,Nuclei,1023060325,LKTX_200924_01_B01,10X276_2,human,Homo Sapiens,1077710077,M1TX_200818_151_B01_B01,FacsWellTemplate,Karolinkska
10X276-3,10Xv3,Brain_survey+Hu_Ref_Brain,CELL_RANGER,1077714321,AKTX_200923_01_C01,RKTX-200925,10X276,3864,Nuclei,1023060325,LKTX_200924_01_C01,10X276_3,human,Homo Sapiens,1077710394,M1TX_200818_154_A01_A01,FacsWellTemplate,Karolinkska
10X276-4,10Xv3,Brain_survey+Hu_Ref_Brain,CELL_RANGER,1077714323,AKTX_200923_01_D01,RKTX-200925,10X276,4638,Nuclei,1023060325,LKTX_200924_01_D01,10X276_4,human,Homo Sapiens,1077710402,M1TX_200818_154_B01_B01,FacsWellTemplate,Karolinkska
10X276-5,10Xv3,Brain_survey+Hu_Ref_Brain,CELL_RANGER,1077714325,AKTX_200923_01_E01,RKTX-200925,10X276,5391,Nuclei,1023060325,LKTX_200924_01_E01,10X276_5,human,Homo Sapiens,1077710715,M1TX_200819_151_A01_A01,FacsWellTemplate,Karolinkska
10X276-6,10Xv3,Brain_survey+Hu_Ref_Brain,CELL_RANGER,1077714327,AKTX_200923_01_F01,RKTX-200925,10X276,5562,Nuclei,1023060325,LKTX_200924_01_F01,10X276_6,human,Homo Sapiens,1077710724,M1TX_200819_151_B01_B01,FacsWellTemplate,Karolinkska
10X276-7,10Xv3,Brain_survey+Hu_Ref_Brain,CELL_RANGER,1077714329,AKTX_200923_01_G01,RKTX-200925,10X276,6193,Nuclei,1023060325,LKTX_200924_01_G01,10X276_7,human,Homo Sapiens,1077710999,M1TX_200820_151_A01_A01,FacsWellTemplate,Karolinkska
10X276-8,10Xv3,Brain_survey+Hu_Ref_Brain,CELL_RANGER,1077714333,AKTX_200923_01_H01,RKTX-200925,10X276,6177,Nuclei,1023060325,LKTX_200924_01_H01,10X276_8,human,Homo Sapiens,1077711008,M1TX_200820_151_B01_B01,FacsWellTemplate,Karolinkska
10X277-1,10Xv3,Brain_survey+Hu_Ref_Brain,CELL_RANGER,1077743064,AKTX_200923_02_A01,RKTX-200926,10X277,6801,Nuclei,1023060325,LKTX_200925_01_A01,10X277_1,human,Homo Sapiens,1077740637,M1TX_200820_155_A01_A01,FacsWellTemplate,Karolinkska
10X277-2,10Xv3,Brain_survey+Hu_Ref_Brain,CELL_RANGER,1077743066,AKTX_200923_02_B01,RKTX-200926,10X277,6387,Nuclei,1023060325,LKTX_200925_01_B01,10X277_2,human,Homo Sapiens,1077740645,M1TX_200820_155_B01_B01,FacsWellTemplate,Karolinkska
10X277-3,10Xv3,Brain_survey+Hu_Ref_Brain,CELL_RANGER,1077743069,AKTX_200923_02_C01,RKTX-200926,10X277,4876,Nuclei,1023060325,LKTX_200925_01_C01,10X277_3,human,Homo Sapiens,1077741062,M1TX_200826_151_A01_A01,FacsWellTemplate,Karolinkska
10X277-4,10Xv3,Brain_survey+Hu_Ref_Brain,CELL_RANGER,1077743071,AKTX_200923_02_D01,RKTX-200926,10X277,5299,Nuclei,1023060325,LKTX_200925_01_D01,10X277_4,human,Homo Sapiens,1077741071,M1TX_200826_151_B01_B01,FacsWellTemplate,Karolinkska
10X277-5,10Xv3,Brain_survey+Hu_Ref_Brain,CELL_RANGER,1077743073,AKTX_200923_02_E01,RKTX-200926,10X277,6009,Nuclei,1023060325,LKTX_200925_01_E01,10X277_5,human,Homo Sapiens,1077741377,M1TX_200826_155_A01_A01,FacsWellTemplate,Karolinkska
10X277-6,10Xv3,Brain_survey+Hu_Ref_Brain,CELL_RANGER,1077743075,AKTX_200923_02_F01,RKTX-200926,10X277,6375,Nuclei,1023060325,LKTX_200925_01_F01,10X277_6,human,Homo Sapiens,1077741386,M1TX_200826_155_B01_B01,FacsWellTemplate,Karolinkska
10X277-7,10Xv3,Brain_survey+Hu_Ref_Brain,CELL_RANGER,1077743077,AKTX_200923_02_G01,RKTX-200926,10X277,6698,Nuclei,1023060325,LKTX_200925_01_G01,10X277_7,human,Homo Sapiens,1077741689,M1TX_200902_151_A01_A01,FacsWellTemplate,Karolinkska
10X277-8,10Xv3,Brain_survey+Hu_Ref_Brain,CELL_RANGER,1077743080,AKTX_200923_02_H01,RKTX-200926,10X277,6417,Nuclei,1023060325,LKTX_200925_01_H01,10X277_8,human,Homo Sapiens,1077741697,M1TX_200902_151_B01_B01,FacsWellTemplate,Karolinkska
10X318-1,10Xv3,Brain_survey+Hu_Ref_Brain,CELL_RANGER,1110653135,AKTX_201130_01_A01,RKTX-201202,10X318,5004,Nuclei,1023060325,LKTX_201201_01_A01,10X318_1,human,Homo Sapiens,1110640162,M2TX_200521_203_A01_A01,FacsWellTemplate,Karolinkska
10X318-2,10Xv3,Brain_survey+Hu_Ref_Brain,CELL_RANGER,1110653138,AKTX_201130_01_B01,RKTX-201202,10X318,5831,Nuclei,1023060325,LKTX_201201_01_B01,10X318_2,human,Homo Sapiens,1110640171,M2TX_200521_203_B01_B01,FacsWellTemplate,Karolinkska
10X318-3,10Xv3,Brain_survey+Hu_Ref_Brain,CELL_RANGER,1110653140,AKTX_201130_01_C01,RKTX-201202,10X318,4209,Nuclei,1023060325,LKTX_201201_01_C01,10X318_3,human,Homo Sapiens,1110641087,M2TX_201023_201_A01_A01,FacsWellTemplate,Karolinkska
10X318-4,10Xv3,Brain_survey+Hu_Ref_Brain,CELL_RANGER,1110653143,AKTX_201130_01_D01,RKTX-201202,10X318,4862,Nuclei,1023060325,LKTX_201201_01_D01,10X318_4,human,Homo Sapiens,1110641096,M2TX_201023_201_B01_B01,FacsWellTemplate,Karolinkska
10X318-5,10Xv3,Brain_survey+Hu_Ref_Brain,CELL_RANGER,1110653145,AKTX_201130_01_E01,RKTX-201202,10X318,5724,Nuclei,1023060325,LKTX_201201_01_E01,10X318_5,human,Homo Sapiens,1110641275,M1TX_201030_101_A01_A01,FacsWellTemplate,Karolinkska
10X318-6,10Xv3,Brain_survey+Hu_Ref_Brain,CELL_RANGER,1110653148,AKTX_201130_01_F01,RKTX-201202,10X318,6675,Nuclei,1023060325,LKTX_201201_01_F01,10X318_6,human,Homo Sapiens,1110641283,M1TX_201030_101_B01_B01,FacsWellTemplate,Karolinkska
10X318-7,10Xv3,Brain_survey+Hu_Ref_Brain,CELL_RANGER,1110653150,AKTX_201130_01_G01,RKTX-201202,10X318,5809,Nuclei,1023060325,LKTX_201201_01_G01,10X318_7,human,Homo Sapiens,1110641426,M2TX_201106_201_A01_A01,FacsWellTemplate,Karolinkska
10X318-8,10Xv3,Brain_survey+Hu_Ref_Brain,CELL_RANGER,1110653152,AKTX_201130_01_H01,RKTX-201202,10X318,5806,Nuclei,1023060325,LKTX_201201_01_H01,10X318_8,human,Homo Sapiens,1110641434,M2TX_201106_201_B01_B01,FacsWellTemplate,Karolinkska
10X319-1,10Xv3,Brain_survey+Hu_Ref_Brain,CELL_RANGER,1110821318,AKTX_201130_02_A01,RKTX-201202-2,10X319,5859,Nuclei,1023060325,LKTX_201201_02_A01,10X319_1,human,Homo Sapiens,1110819388,M1TX_201106_153_A01_A01,FacsWellTemplate,Karolinkska
10X319-2,10Xv3,Brain_survey+Hu_Ref_Brain,CELL_RANGER,1110821321,AKTX_201130_02_B01,RKTX-201202-2,10X319,5709,Nuclei,1023060325,LKTX_201201_02_B01,10X319_2,human,Homo Sapiens,1110819396,M1TX_201106_153_B01_B01,FacsWellTemplate,Karolinkska
10X319-3,10Xv3,Brain_survey+Hu_Ref_Brain,CELL_RANGER,1110821323,AKTX_201130_02_C01,RKTX-201202-2,10X319,6289,Nuclei,1023060325,LKTX_201201_02_C01,10X319_3,human,Homo Sapiens,1110819820,M1TX_201106_154_A01_A01,FacsWellTemplate,Karolinkska
10X319-4,10Xv3,Brain_survey+Hu_Ref_Brain,CELL_RANGER,1110821326,AKTX_201130_02_D01,RKTX-201202-2,10X319,7542,Nuclei,1023060325,LKTX_201201_02_D01,10X319_4,human,Homo Sapiens,1110819830,M1TX_201106_154_B01_B01,FacsWellTemplate,Karolinkska
10X319-5,10Xv3,Brain_survey+Hu_Ref_Brain,CELL_RANGER,1110821328,AKTX_201130_02_E01,RKTX-201202-2,10X319,7762,Nuclei,1023060325,LKTX_201201_02_E01,10X319_5,human,Homo Sapiens,1110820380,M1TX_201110_155_A01_A01,FacsWellTemplate,Karolinkska
10X319-6,10Xv3,Brain_survey+Hu_Ref_Brain,CELL_RANGER,1110821330,AKTX_201130_02_F01,RKTX-201202-2,10X319,4196,Nuclei,1023060325,LKTX_201201_02_F01,10X319_6,human,Homo Sapiens,1110820388,M1TX_201110_155_B01_B01,FacsWellTemplate,Karolinkska
10X319-7,10Xv3,Brain_survey+Hu_Ref_Brain,CELL_RANGER,1110821332,AKTX_201130_02_G01,RKTX-201202-2,10X319,7327,Nuclei,1023060325,LKTX_201201_02_G01,10X319_7,human,Homo Sapiens,1110820917,M1TX_201110_163_A01_A01,FacsWellTemplate,Karolinkska
10X319-8,10Xv3,Brain_survey+Hu_Ref_Brain,CELL_RANGER,1110821334,AKTX_201130_02_H01,RKTX-201202-2,10X319,6835,Nuclei,1023060325,LKTX_201201_02_H01,10X319_8,human,Homo Sapiens,1110820925,M1TX_201110_163_B01_B01,FacsWellTemplate,Karolinkska
10X329-1,10Xv3,Brain_survey+Hu_Ref_Brain,CELL_RANGER,1111415790,AKTX_210215_01_A01,RKTX-210218,10X329,7205,Nuclei,1023060325,LKTX_210217_01_A01,10X329_1,human,Homo Sapiens,1111413935,M1TX_201211_101_A01_A01,FacsWellTemplate,Karolinkska
10X329-2,10Xv3,Brain_survey+Hu_Ref_Brain,CELL_RANGER,1111415793,AKTX_210215_01_B01,RKTX-210218,10X329,7230,Nuclei,1023060325,LKTX_210217_01_B01,10X329_2,human,Homo Sapiens,1111413943,M1TX_201211_101_B01_B01,FacsWellTemplate,Karolinkska
10X329-3,10Xv3,Brain_survey+Hu_Ref_Brain,CELL_RANGER,1111415796,AKTX_210215_01_C01,RKTX-210218,10X329,5810,Nuclei,1023060325,LKTX_210217_01_C01,10X329_3,human,Homo Sapiens,1111414879,M1TX_201211_104_A01_A01,FacsWellTemplate,Karolinkska
10X329-4,10Xv3,Brain_survey+Hu_Ref_Brain,CELL_RANGER,1111415799,AKTX_210215_01_D01,RKTX-210218,10X329,6120,Nuclei,1023060325,LKTX_210217_01_D01,10X329_4,human,Homo Sapiens,1111414888,M1TX_201211_104_B01_B01,FacsWellTemplate,Karolinkska
10X329-5,10Xv3,Brain_survey+Hu_Ref_Brain,CELL_RANGER,1111415801,AKTX_210215_01_E01,RKTX-210218,10X329,5530,Nuclei,1023060325,LKTX_210217_01_E01,10X329_5,human,Homo Sapiens,1111415067,M1TX_210113_151_A01_A01,FacsWellTemplate,Karolinkska
10X329-6,10Xv3,Brain_survey+Hu_Ref_Brain,CELL_RANGER,1111415803,AKTX_210215_01_F01,RKTX-210218,10X329,6300,Nuclei,1023060325,LKTX_210217_01_F01,10X329_6,human,Homo Sapiens,1111415076,M1TX_210113_151_B01_B01,FacsWellTemplate,Karolinkska
10X329-7,10Xv3,Brain_survey+Hu_Ref_Brain,CELL_RANGER,1111415805,AKTX_210215_01_G01,RKTX-210218,10X329,5464,Nuclei,1023060325,LKTX_210217_01_G01,10X329_7,human,Homo Sapiens,1111415227,M2TX_210108_204_A01_A01,FacsWellTemplate,Karolinkska
10X329-8,10Xv3,Brain_survey+Hu_Ref_Brain,CELL_RANGER,1111415807,AKTX_210215_01_H01,RKTX-210218,10X329,5120,Nuclei,1023060325,LKTX_210217_01_H01,10X329_8,human,Homo Sapiens,1111415235,M2TX_210108_204_B01_B01,FacsWellTemplate,Karolinkska
10X330-1,10Xv3,Brain_survey+Hu_Ref_Brain,CELL_RANGER,1112318284,AKTX_210215_02_A01,RKTX-210218-2,10X330,6999,Nuclei,1023060325,LKTX_210217_02_A01,10X330_1,human,Homo Sapiens,1112314469,M2TX_201120_202_A01_A01,FacsWellTemplate,Karolinkska
10X330-2,10Xv3,Brain_survey+Hu_Ref_Brain,CELL_RANGER,1112318286,AKTX_210215_02_B01,RKTX-210218-2,10X330,3166,Nuclei,1023060325,LKTX_210217_02_B01,10X330_2,human,Homo Sapiens,1112314477,M2TX_201120_202_B01_B01,FacsWellTemplate,Karolinkska
10X330-3,10Xv3,Brain_survey+Hu_Ref_Brain,CELL_RANGER,1112318288,AKTX_210215_02_C01,RKTX-210218-2,10X330,5295,Nuclei,1023060325,LKTX_210217_02_C01,10X330_3,human,Homo Sapiens,1112315274,M1TX_210114_153_A01_A01,FacsWellTemplate,Karolinkska
10X330-4,10Xv3,Brain_survey+Hu_Ref_Brain,CELL_RANGER,1112318291,AKTX_210215_02_D01,RKTX-210218-2,10X330,5869,Nuclei,1023060325,LKTX_210217_02_D01,10X330_4,human,Homo Sapiens,1112315284,M1TX_210114_153_B01_B01,FacsWellTemplate,Karolinkska
10X330-5,10Xv3,Brain_survey+Hu_Ref_Brain,CELL_RANGER,1112318293,AKTX_210215_02_E01,RKTX-210218-2,10X330,6363,Nuclei,1023060325,LKTX_210217_02_E01,10X330_5,human,Homo Sapiens,1112315982,M1TX_210121_153_A01_A01,FacsWellTemplate,Karolinkska
10X330-6,10Xv3,Brain_survey+Hu_Ref_Brain,CELL_RANGER,1112318295,AKTX_210215_02_F01,RKTX-210218-2,10X330,7111,Nuclei,1023060325,LKTX_210217_02_F01,10X330_6,human,Homo Sapiens,1112315990,M1TX_210121_153_B01_B01,FacsWellTemplate,Karolinkska
10X330-7,10Xv3,Brain_survey+Hu_Ref_Brain,CELL_RANGER,1112318298,AKTX_210215_02_G01,RKTX-210218-2,10X330,6286,Nuclei,1023060325,LKTX_210217_02_G01,10X330_7,human,Homo Sapiens,1112317120,M1TX_210128_151_A01_A01,FacsWellTemplate,Karolinkska
10X330-8,10Xv3,Brain_survey+Hu_Ref_Brain,CELL_RANGER,1112318300,AKTX_210215_02_H01,RKTX-210218-2,10X330,6766,Nuclei,1023060325,LKTX_210217_02_H01,10X330_8,human,Homo Sapiens,1112317129,M1TX_210128_151_B01_B01,FacsWellTemplate,Karolinkska
10X348-1,10Xv3,Brain_survey+Hu_Ref_Brain,CELL_RANGER,1112360378,AKTX_210419_01_A01,RKTX-210422,10X348,9194,Nuclei,1023060325,LKTX_210421_01_A01,10X348_1,human,Homo Sapiens,1112358488,M1TX_210128_152_A01_A01,FacsWellTemplate,Karolinkska
10X348-2,10Xv3,Brain_survey+Hu_Ref_Brain,CELL_RANGER,1112360380,AKTX_210419_01_B01,RKTX-210422,10X348,9442,Nuclei,1023060325,LKTX_210421_01_B01,10X348_2,human,Homo Sapiens,1112358498,M1TX_210128_152_B01_B01,FacsWellTemplate,Karolinkska
10X348-3,10Xv3,Brain_survey+Hu_Ref_Brain,CELL_RANGER,1112360383,AKTX_210419_01_C01,RKTX-210422,10X348,4326,Nuclei,1023060325,LKTX_210421_01_C01,10X348_3,human,Homo Sapiens,1112358914,M1TX_210128_154_A01_A01,FacsWellTemplate,Karolinkska
10X348-4,10Xv3,Brain_survey+Hu_Ref_Brain,CELL_RANGER,1112360385,AKTX_210419_01_D01,RKTX-210422,10X348,5145,Nuclei,1023060325,LKTX_210421_01_D01,10X348_4,human,Homo Sapiens,1112358922,M1TX_210128_154_B01_B01,FacsWellTemplate,Karolinkska
10X348-5,10Xv3,Brain_survey+Hu_Ref_Brain,CELL_RANGER,1112360387,AKTX_210419_01_E01,RKTX-210422,10X348,7508,Nuclei,1023060325,LKTX_210421_01_E01,10X348_5,human,Homo Sapiens,1112359189,M2TX_210108_201_A01_A01,FacsWellTemplate,Karolinkska
10X348-6,10Xv3,Brain_survey+Hu_Ref_Brain,CELL_RANGER,1112360390,AKTX_210419_01_F01,RKTX-210422,10X348,6890,Nuclei,1023060325,LKTX_210421_01_F01,10X348_6,human,Homo Sapiens,1112359198,M2TX_210108_201_B01_B01,FacsWellTemplate,Karolinkska
10X348-7,10Xv3,Brain_survey+Hu_Ref_Brain,CELL_RANGER,1112360392,AKTX_210419_01_G01,RKTX-210422,10X348,5924,Nuclei,1023060325,LKTX_210421_01_G01,10X348_7,human,Homo Sapiens,1112360033,M2TX_210115_201_A01_A01,FacsWellTemplate,Karolinkska
10X348-8,10Xv3,Brain_survey,CELL_RANGER,1129912533,AKTX_210419_01_H01,RKTX-210422,10X348,6266,Nuclei,1023060325,LKTX_210421_01_H01,10X348_8,human,Homo Sapiens,1129911239,M2TX_210115_201_B01_B01,FacsWellTemplate,Karolinkska
10X349-1,10Xv3,Brain_survey+Hu_Ref_Brain,CELL_RANGER,1129897908,AKTX_210419_02_A01,RKTX-210422-1,10X349,5605,Nuclei,1023060325,LKTX_210421_02_A01,10X349_1,human,Homo Sapiens,1129888538,M2TX_210115_205_A01_A01,FacsWellTemplate,Karolinkska
10X349-2,10Xv3,Brain_survey+Hu_Ref_Brain,CELL_RANGER,1129897921,AKTX_210419_02_B01,RKTX-210422-1,10X349,6015,Nuclei,1023060325,LKTX_210421_02_B01,10X349_2,human,Homo Sapiens,1129888546,M2TX_210115_205_B01_B01,FacsWellTemplate,Karolinkska
10X349-3,10Xv3,Brain_survey+Hu_Ref_Brain,CELL_RANGER,1129897933,AKTX_210419_02_C01,RKTX-210422-1,10X349,7350,Nuclei,1023060325,LKTX_210421_02_C01,10X349_3,human,Homo Sapiens,1129890240,M2TX_210203_202_A01_A01,FacsWellTemplate,Karolinkska
10X349-4,10Xv3,Brain_survey+Hu_Ref_Brain,CELL_RANGER,1129897947,AKTX_210419_02_D01,RKTX-210422-1,10X349,7401,Nuclei,1023060325,LKTX_210421_02_D01,10X349_4,human,Homo Sapiens,1129890248,M2TX_210203_202_B01_B01,FacsWellTemplate,Karolinkska
10X349-5,10Xv3,Brain_survey+Hu_Ref_Brain,CELL_RANGER,1129897958,AKTX_210419_02_E01,RKTX-210422-1,10X349,6620,Nuclei,1023060325,LKTX_210421_02_E01,10X349_5,human,Homo Sapiens,1129890698,M1TX_200622_107_A01_A01,FacsWellTemplate,Karolinkska
10X349-6,10Xv3,Brain_survey+Hu_Ref_Brain,CELL_RANGER,1129897964,AKTX_210419_02_F01,RKTX-210422-1,10X349,6953,Nuclei,1023060325,LKTX_210421_02_F01,10X349_6,human,Homo Sapiens,1129890707,M1TX_200622_107_B01_B01,FacsWellTemplate,Karolinkska
10X349-7,10Xv3,Brain_survey+Hu_Ref_Brain,CELL_RANGER,1129897973,AKTX_210419_02_G01,RKTX-210422-1,10X349,5148,Nuclei,1023060325,LKTX_210421_02_G01,10X349_7,human,Homo Sapiens,1129891376,M2TX_200528_206_A01_A01,FacsWellTemplate,Karolinkska
10X349-8,10Xv3,Brain_survey+Hu_Ref_Brain,CELL_RANGER,1129897977,AKTX_210419_02_H01,RKTX-210422-1,10X349,4774,Nuclei,1023060325,LKTX_210421_02_H01,10X349_8,human,Homo Sapiens,1129891385,M2TX_200528_206_B01_B01,FacsWellTemplate,Karolinkska
10X350-1,10Xv3,Brain_survey+Hu_Ref_Brain,CELL_RANGER,1130573489,AKTX_210419_03_A01,RKTX-210422-2,10X350,5046,Nuclei,1023060325,LKTX_210421_03_A01,10X350_1,human,Homo Sapiens,1130572182,M1TX_210317_164_A01_A01,FacsWellTemplate,Karolinkska
10X350-2,10Xv3,Brain_survey+Hu_Ref_Brain,CELL_RANGER,1130573493,AKTX_210419_03_B01,RKTX-210422-2,10X350,5203,Nuclei,1023060325,LKTX_210421_03_B01,10X350_2,human,Homo Sapiens,1130572190,M1TX_210317_164_B01_B01,FacsWellTemplate,Karolinkska
10X350-3,10Xv3,Brain_survey+Hu_Ref_Brain,CELL_RANGER,1130573495,AKTX_210419_03_C01,RKTX-210422-2,10X350,5750,Nuclei,1023060325,LKTX_210421_03_C01,10X350_3,human,Homo Sapiens,1130571969,M1TX_210323_154_A01_A01,FacsWellTemplate,Karolinkska
10X350-4,10Xv3,Brain_survey+Hu_Ref_Brain,CELL_RANGER,1130573497,AKTX_210419_03_D01,RKTX-210422-2,10X350,4974,Nuclei,1023060325,LKTX_210421_03_D01,10X350_4,human,Homo Sapiens,1130571978,M1TX_210323_154_B01_B01,FacsWellTemplate,Karolinkska
10X350-5,10Xv3,Brain_survey+Hu_Ref_Brain,CELL_RANGER,1130573499,AKTX_210419_03_E01,RKTX-210422-2,10X350,5603,Nuclei,1023060325,LKTX_210421_03_E01,10X350_5,human,Homo Sapiens,1130571394,M1TX_210325_158_A01_A01,FacsWellTemplate,Karolinkska
10X350-6,10Xv3,Brain_survey+Hu_Ref_Brain,CELL_RANGER,1130573502,AKTX_210419_03_F01,RKTX-210422-2,10X350,5760,Nuclei,1023060325,LKTX_210421_03_F01,10X350_6,human,Homo Sapiens,1130571402,M1TX_210325_158_B01_B01,FacsWellTemplate,Karolinkska
10X350-7,10Xv3,Brain_survey+Hu_Ref_Brain,CELL_RANGER,1130573504,AKTX_210419_03_G01,RKTX-210422-2,10X350,5934,Nuclei,1023060325,LKTX_210421_03_G01,10X350_7,human,Homo Sapiens,1130571052,M1TX_210302_152_A01_A01,FacsWellTemplate,Karolinkska
10X350-8,10Xv3,Brain_survey+Hu_Ref_Brain,CELL_RANGER,1130573506,AKTX_210419_03_H01,RKTX-210422-2,10X350,5530,Nuclei,1023060325,LKTX_210421_03_H01,10X350_8,human,Homo Sapiens,1130571060,M1TX_210302_152_B01_B01,FacsWellTemplate,Karolinkska
10X353-1,10Xv3,Brain_survey+Hu_Ref_Brain,CELL_RANGER,1130578481,AKTX_210510_01_A01,RKTX-210513,10X353,5367,Nuclei,1023060325,LKTX_210512_01_A01,10X353_1,human,Homo Sapiens,1130577135,M1TX_210113_153_A01_A01,FacsWellTemplate,Karolinkska
10X353-2,10Xv3,Brain_survey+Hu_Ref_Brain,CELL_RANGER,1130578486,AKTX_210510_01_B01,RKTX-210513,10X353,5011,Nuclei,1023060325,LKTX_210512_01_B01,10X353_2,human,Homo Sapiens,1130577143,M1TX_210113_153_B01_B01,FacsWellTemplate,Karolinkska
10X353-3,10Xv3,Brain_survey+Hu_Ref_Brain,CELL_RANGER,1130578491,AKTX_210510_01_C01,RKTX-210513,10X353,4499,Nuclei,1023060325,LKTX_210512_01_C01,10X353_3,human,Homo Sapiens,1130577437,M1TX_210308_151_A01_A01,FacsWellTemplate,Karolinkska
10X353-4,10Xv3,Brain_survey+Hu_Ref_Brain,CELL_RANGER,1130578495,AKTX_210510_01_D01,RKTX-210513,10X353,4290,Nuclei,1023060325,LKTX_210512_01_D01,10X353_4,human,Homo Sapiens,1130577448,M1TX_210308_151_B01_B01,FacsWellTemplate,Karolinkska
10X353-5,10Xv3,Brain_survey+Hu_Ref_Brain,CELL_RANGER,1130578499,AKTX_210510_01_E01,RKTX-210513,10X353,5498,Nuclei,1023060325,LKTX_210512_01_E01,10X353_5,human,Homo Sapiens,1130577660,M1TX_210323_152_A01_A01,FacsWellTemplate,Karolinkska
10X353-6,10Xv3,Brain_survey+Hu_Ref_Brain,CELL_RANGER,1130578506,AKTX_210510_01_F01,RKTX-210513,10X353,5384,Nuclei,1023060325,LKTX_210512_01_F01,10X353_6,human,Homo Sapiens,1130577668,M1TX_210323_152_B01_B01,FacsWellTemplate,Karolinkska
10X354-1,10Xv3,Brain_survey+Hu_Ref_Brain,CELL_RANGER,1130584157,AKTX_210510_02_A01,RKTX-210513-1,10X354,5125,Nuclei,1023060325,LKTX_210512_02_A01,10X354_1,human,Homo Sapiens,1130582045,M1TX_210308_153_A01_A01,FacsWellTemplate,Karolinkska
10X354-2,10Xv3,Brain_survey+Hu_Ref_Brain,CELL_RANGER,1130584159,AKTX_210510_02_B01,RKTX-210513-1,10X354,4386,Nuclei,1023060325,LKTX_210512_02_B01,10X354_2,human,Homo Sapiens,1130582053,M1TX_210308_153_B01_B01,FacsWellTemplate,Karolinkska
10X354-3,10Xv3,Brain_survey+Hu_Ref_Brain,CELL_RANGER,1130584161,AKTX_210510_02_C01,RKTX-210513-1,10X354,7216,Nuclei,1023060325,LKTX_210512_02_C01,10X354_3,human,Homo Sapiens,1130582271,M1TX_210219_106_A01_A01,FacsWellTemplate,Karolinkska
10X354-4,10Xv3,Brain_survey+Hu_Ref_Brain,CELL_RANGER,1130584164,AKTX_210510_02_D01,RKTX-210513-1,10X354,7240,Nuclei,1023060325,LKTX_210512_02_D01,10X354_4,human,Homo Sapiens,1130582280,M1TX_210219_106_B01_B01,FacsWellTemplate,Karolinkska
10X354-5,10Xv3,Brain_survey+Hu_Ref_Brain,CELL_RANGER,1130584166,AKTX_210510_02_E01,RKTX-210513-1,10X354,4620,Nuclei,1023060325,LKTX_210512_02_E01,10X354_5,human,Homo Sapiens,1130582530,M1TX_210317_155_A01_A01,FacsWellTemplate,Karolinkska
10X354-6,10Xv3,Brain_survey+Hu_Ref_Brain,CELL_RANGER,1130584168,AKTX_210510_02_F01,RKTX-210513-1,10X354,5275,Nuclei,1023060325,LKTX_210512_02_F01,10X354_6,human,Homo Sapiens,1130582538,M1TX_210317_155_B01_B01,FacsWellTemplate,Karolinkska
10X354-7,10Xv3,Brain_survey+Hu_Ref_Brain,CELL_RANGER,1130584171,AKTX_210510_02_G01,RKTX-210513-1,10X354,4975,Nuclei,1023060325,LKTX_210512_02_G01,10X354_7,human,Homo Sapiens,1130582797,M1TX_210219_104_A01_A01,FacsWellTemplate,Karolinkska
10X354-8,10Xv3,Brain_survey+Hu_Ref_Brain,CELL_RANGER,1130584173,AKTX_210510_02_H01,RKTX-210513-1,10X354,4863,Nuclei,1023060325,LKTX_210512_02_H01,10X354_8,human,Homo Sapiens,1130582805,M1TX_210219_104_B01_B01,FacsWellTemplate,Karolinkska
10X355-1,10Xv3,Brain_survey+Hu_Ref_Brain,CELL_RANGER,1131111206,AKTX_210517_01_A01,RKTX-210520,10X355,6290,Nuclei,1023060325,LKTX_210519_01_A01,10X355_1,human,Homo Sapiens,1131108452,M1TX_210323_151_A01_A01,FacsWellTemplate,Karolinkska
10X355-2,10Xv3,Brain_survey+Hu_Ref_Brain,CELL_RANGER,1131111220,AKTX_210517_01_B01,RKTX-210520,10X355,6938,Nuclei,1023060325,LKTX_210519_01_B01,10X355_2,human,Homo Sapiens,1131108461,M1TX_210323_151_B01_B01,FacsWellTemplate,Karolinkska
10X355-3,10Xv3,Brain_survey+Hu_Ref_Brain,CELL_RANGER,1131111227,AKTX_210517_01_C01,RKTX-210520,10X355,6942,Nuclei,1023060325,LKTX_210519_01_C01,10X355_3,human,Homo Sapiens,1131108635,M1TX_210302_156_A01_A01,FacsWellTemplate,Karolinkska
10X355-4,10Xv3,Brain_survey+Hu_Ref_Brain,CELL_RANGER,1131111235,AKTX_210517_01_D01,RKTX-210520,10X355,7771,Nuclei,1023060325,LKTX_210519_01_D01,10X355_4,human,Homo Sapiens,1131108644,M1TX_210302_156_B01_B01,FacsWellTemplate,Karolinkska
10X355-5,10Xv3,Brain_survey+Hu_Ref_Brain,CELL_RANGER,1131111241,AKTX_210517_01_E01,RKTX-210520,10X355,6389,Nuclei,1023060325,LKTX_210519_01_E01,10X355_5,human,Homo Sapiens,1131109996,M1TX_210302_161_A01_A01,FacsWellTemplate,Karolinkska
10X355-6,10Xv3,Brain_survey+Hu_Ref_Brain,CELL_RANGER,1131111253,AKTX_210517_01_F01,RKTX-210520,10X355,7101,Nuclei,1023060325,LKTX_210519_01_F01,10X355_6,human,Homo Sapiens,1131110006,M1TX_210302_161_B01_B01,FacsWellTemplate,Karolinkska
10X356-1,10Xv3,Brain_survey+Hu_Ref_Brain,CELL_RANGER,1131152893,AKTX_210517_02_A01,RKTX-210520-1,10X356,6409,Nuclei,1023060325,LKTX_210519_02_A01,10X356_1,human,Homo Sapiens,1131149721,M1TX_210209_151_A01_A01,FacsWellTemplate,Karolinkska
10X356-2,10Xv3,Brain_survey+Hu_Ref_Brain,CELL_RANGER,1131152896,AKTX_210517_02_B01,RKTX-210520-1,10X356,6514,Nuclei,1023060325,LKTX_210519_02_B01,10X356_2,human,Homo Sapiens,1131149734,M1TX_210209_151_B01_B01,FacsWellTemplate,Karolinkska
10X356-3,10Xv3,Brain_survey+Hu_Ref_Brain,CELL_RANGER,1131152898,AKTX_210517_02_C01,RKTX-210520-1,10X356,7234,Nuclei,1023060325,LKTX_210519_02_C01,10X356_3,human,Homo Sapiens,1131150371,M1TX_210317_166_A01_A01,FacsWellTemplate,Karolinkska
10X356-4,10Xv3,Brain_survey+Hu_Ref_Brain,CELL_RANGER,1131152901,AKTX_210517_02_D01,RKTX-210520-1,10X356,7138,Nuclei,1023060325,LKTX_210519_02_D01,10X356_4,human,Homo Sapiens,1131150379,M1TX_210317_166_B01_B01,FacsWellTemplate,Karolinkska
10X356-5,10Xv3,Brain_survey+Hu_Ref_Brain,CELL_RANGER,1131152904,AKTX_210517_02_E01,RKTX-210520-1,10X356,7008,Nuclei,1023060325,LKTX_210519_02_E01,10X356_5,human,Homo Sapiens,1131150539,M1TX_210308_155_A01_A01,FacsWellTemplate,Karolinkska
10X356-6,10Xv3,Brain_survey+Hu_Ref_Brain,CELL_RANGER,1131152906,AKTX_210517_02_F01,RKTX-210520-1,10X356,6937,Nuclei,1023060325,LKTX_210519_02_F01,10X356_6,human,Homo Sapiens,1131150549,M1TX_210308_155_B01_B01,FacsWellTemplate,Karolinkska
10X356-7,10Xv3,Brain_survey+Hu_Ref_Brain,CELL_RANGER,1131152908,AKTX_210517_02_G01,RKTX-210520-1,10X356,8154,Nuclei,1023060325,LKTX_210519_02_G01,10X356_7,human,Homo Sapiens,1131151685,M1TX_210325_160_A01_A01,FacsWellTemplate,Karolinkska
10X356-8,10Xv3,Brain_survey+Hu_Ref_Brain,CELL_RANGER,1131152910,AKTX_210517_02_H01,RKTX-210520-1,10X356,7760,Nuclei,1023060325,LKTX_210519_02_H01,10X356_8,human,Homo Sapiens,1131151694,M1TX_210325_160_B01_B01,FacsWellTemplate,Karolinkska
10X357-1,10Xv3,Brain_survey+Hu_Ref_Brain,CELL_RANGER,1131187197,AKTX_210520_01_A01,RKTX-210523,10X357,3951,Nuclei,1023060325,LKTX_210522_01_A01,10X357_1,human,Homo Sapiens,1131185835,M1TX_210114_161_A01_A01,FacsWellTemplate,Karolinkska
10X357-2,10Xv3,Brain_survey+Hu_Ref_Brain,CELL_RANGER,1131187199,AKTX_210520_01_B01,RKTX-210523,10X357,3665,Nuclei,1023060325,LKTX_210522_01_B01,10X357_2,human,Homo Sapiens,1131185843,M1TX_210114_161_B01_B01,FacsWellTemplate,Karolinkska
10X357-3,10Xv3,Brain_survey+Hu_Ref_Brain,CELL_RANGER,1131187201,AKTX_210520_01_C01,RKTX-210523,10X357,4962,Nuclei,1023060325,LKTX_210522_01_C01,10X357_3,human,Homo Sapiens,1131186097,M1TX_210323_153_A01_A01,FacsWellTemplate,Karolinkska
10X357-4,10Xv3,Brain_survey+Hu_Ref_Brain,CELL_RANGER,1131187204,AKTX_210520_01_D01,RKTX-210523,10X357,5204,Nuclei,1023060325,LKTX_210522_01_D01,10X357_4,human,Homo Sapiens,1131186106,M1TX_210323_153_B01_B01,FacsWellTemplate,Karolinkska
10X357-5,10Xv3,Brain_survey+Hu_Ref_Brain,CELL_RANGER,1131187206,AKTX_210520_01_E01,RKTX-210523,10X357,7558,Nuclei,1023060325,LKTX_210522_01_E01,10X357_5,human,Homo Sapiens,1131186317,M1TX_210215_151_A01_A01,FacsWellTemplate,Karolinkska
10X357-6,10Xv3,Brain_survey+Hu_Ref_Brain,CELL_RANGER,1131187208,AKTX_210520_01_F01,RKTX-210523,10X357,8040,Nuclei,1023060325,LKTX_210522_01_F01,10X357_6,human,Homo Sapiens,1131186326,M1TX_210215_151_B01_B01,FacsWellTemplate,Karolinkska
10X357-7,10Xv3,Brain_survey+Hu_Ref_Brain,CELL_RANGER,1131187210,AKTX_210520_01_G01,RKTX-210523,10X357,5789,Nuclei,1023060325,LKTX_210522_01_G01,10X357_7,human,Homo Sapiens,1131186515,M1TX_210325_151_A01_A01,FacsWellTemplate,Karolinkska
10X357-8,10Xv3,Brain_survey+Hu_Ref_Brain,CELL_RANGER,1131187212,AKTX_210520_01_H01,RKTX-210523,10X357,6069,Nuclei,1023060325,LKTX_210522_01_H01,10X357_8,human,Homo Sapiens,1131186525,M1TX_210325_151_B01_B01,FacsWellTemplate,Karolinkska
10X358-1,10Xv3,Brain_survey+Hu_Ref_Brain,CELL_RANGER,1131190536,AKTX_210520_02_A01,RKTX-210523-1,10X358,8504,Nuclei,1023060325,LKTX_210522_02_A01,10X358_1,human,Homo Sapiens,1131189377,M1TX_210215_153_A01_A01,FacsWellTemplate,Karolinkska
10X358-2,10Xv3,Brain_survey+Hu_Ref_Brain,CELL_RANGER,1131190538,AKTX_210520_02_B01,RKTX-210523-1,10X358,8607,Nuclei,1023060325,LKTX_210522_02_B01,10X358_2,human,Homo Sapiens,1131189385,M1TX_210215_153_B01_B01,FacsWellTemplate,Karolinkska
10X358-3,10Xv3,Brain_survey+Hu_Ref_Brain,CELL_RANGER,1131190540,AKTX_210520_02_C01,RKTX-210523-1,10X358,7408,Nuclei,1023060325,LKTX_210522_02_C01,10X358_3,human,Homo Sapiens,1131189549,M1TX_210209_153_A01_A01,FacsWellTemplate,Karolinkska
10X358-4,10Xv3,Brain_survey+Hu_Ref_Brain,CELL_RANGER,1131190542,AKTX_210520_02_D01,RKTX-210523-1,10X358,7479,Nuclei,1023060325,LKTX_210522_02_D01,10X358_4,human,Homo Sapiens,1131189559,M1TX_210209_153_B01_B01,FacsWellTemplate,Karolinkska
10X358-5,10Xv3,Brain_survey+Hu_Ref_Brain,CELL_RANGER,1131190545,AKTX_210520_02_E01,RKTX-210523-1,10X358,6521,Nuclei,1023060325,LKTX_210522_02_E01,10X358_5,human,Homo Sapiens,1131189834,M1TX_210324_155_A01_A01,FacsWellTemplate,Karolinkska
10X358-6,10Xv3,Brain_survey+Hu_Ref_Brain,CELL_RANGER,1131190548,AKTX_210520_02_F01,RKTX-210523-1,10X358,6811,Nuclei,1023060325,LKTX_210522_02_F01,10X358_6,human,Homo Sapiens,1131189843,M1TX_210324_155_B01_B01,FacsWellTemplate,Karolinkska
10X358-7,10Xv3,Brain_survey+Hu_Ref_Brain,CELL_RANGER,1131190550,AKTX_210520_02_G01,RKTX-210523-1,10X358,4125,Nuclei,1023060325,LKTX_210522_02_G01,10X358_7,human,Homo Sapiens,1131190017,M1TX_210329_101_A01_A01,FacsWellTemplate,Karolinkska
10X358-8,10Xv3,Brain_survey+Hu_Ref_Brain,CELL_RANGER,1131190552,AKTX_210520_02_H01,RKTX-210523-1,10X358,7006,Nuclei,1023060325,LKTX_210522_02_H01,10X358_8,human,Homo Sapiens,1131190025,M1TX_210329_101_B01_B01,FacsWellTemplate,Karolinkska
10X359-1,10Xv3,Brain_survey+Hu_Ref_Brain,CELL_RANGER,1131195307,AKTX_210520_03_A01,RKTX-210523-2,10X359,1159,Nuclei,1023060325,LKTX_210522_03_A01,10X359_1,human,Homo Sapiens,1131194183,M1TX_210329_103_A01_A01,FacsWellTemplate,Karolinkska
10X359-2,10Xv3,Brain_survey+Hu_Ref_Brain,CELL_RANGER,1131195309,AKTX_210520_03_B01,RKTX-210523-2,10X359,1209,Nuclei,1023060325,LKTX_210522_03_B01,10X359_2,human,Homo Sapiens,1131194192,M1TX_210329_103_B01_B01,FacsWellTemplate,Karolinkska
10X359-3,10Xv3,Brain_survey+Hu_Ref_Brain,CELL_RANGER,1131195311,AKTX_210520_03_C01,RKTX-210523-2,10X359,10157,Nuclei,1023060325,LKTX_210522_03_C01,10X359_3,human,Homo Sapiens,1131194440,M1TX_210408_153_A01_A01,FacsWellTemplate,Karolinkska
10X359-4,10Xv3,Brain_survey+Hu_Ref_Brain,CELL_RANGER,1131195314,AKTX_210520_03_D01,RKTX-210523-2,10X359,11731,Nuclei,1023060325,LKTX_210522_03_D01,10X359_4,human,Homo Sapiens,1131194448,M1TX_210408_153_B01_B01,FacsWellTemplate,Karolinkska
10X359-5,10Xv3,Brain_survey+Hu_Ref_Brain,CELL_RANGER,1131195316,AKTX_210520_03_E01,RKTX-210523-2,10X359,2718,Nuclei,1023060325,LKTX_210522_03_E01,10X359_5,human,Homo Sapiens,1131194705,M1TX_210408_155_A01_A01,FacsWellTemplate,Karolinkska
10X359-6,10Xv3,Brain_survey+Hu_Ref_Brain,CELL_RANGER,1131195319,AKTX_210520_03_F01,RKTX-210523-2,10X359,3070,Nuclei,1023060325,LKTX_210522_03_F01,10X359_6,human,Homo Sapiens,1131194713,M1TX_210408_155_B01_B01,FacsWellTemplate,Karolinkska
10X359-7,10Xv3,Brain_survey+Hu_Ref_Brain,CELL_RANGER,1131195322,AKTX_210520_03_G01,RKTX-210523-2,10X359,2580,Nuclei,1023060325,LKTX_210522_03_G01,10X359_7,human,Homo Sapiens,1131194949,M1TX_210412_151_A01_A01,FacsWellTemplate,Karolinkska
10X359-8,10Xv3,Brain_survey+Hu_Ref_Brain,CELL_RANGER,1131195324,AKTX_210520_03_H01,RKTX-210523-2,10X359,2745,Nuclei,1023060325,LKTX_210522_03_H01,10X359_8,human,Homo Sapiens,1131194958,M1TX_210412_151_B01_B01,FacsWellTemplate,Karolinkska
10X360-1,10Xv3,Brain_survey+Hu_Ref_Brain,CELL_RANGER,1131286771,AKTX_210524_01_A01,RKTX-210527,10X360,2539,Nuclei,1023060325,LKTX_210526_01_A01,10X360_1,human,Homo Sapiens,1131285862,M1TX_210412_153_A01_A01,FacsWellTemplate,Karolinkska
10X360-2,10Xv3,Brain_survey+Hu_Ref_Brain,CELL_RANGER,1131286775,AKTX_210524_01_B01,RKTX-210527,10X360,2250,Nuclei,1023060325,LKTX_210526_01_B01,10X360_2,human,Homo Sapiens,1131285872,M1TX_210412_153_B01_B01,FacsWellTemplate,Karolinkska
10X360-3,10Xv3,Brain_survey+Hu_Ref_Brain,CELL_RANGER,1131286777,AKTX_210524_01_C01,RKTX-210527,10X360,3651,Nuclei,1023060325,LKTX_210526_01_C01,10X360_3,human,Homo Sapiens,1131286056,M1TX_210414_158_A01_A01,FacsWellTemplate,Karolinkska
10X360-4,10Xv3,Brain_survey+Hu_Ref_Brain,CELL_RANGER,1131286779,AKTX_210524_01_D01,RKTX-210527,10X360,3871,Nuclei,1023060325,LKTX_210526_01_D01,10X360_4,human,Homo Sapiens,1131286065,M1TX_210414_158_B01_B01,FacsWellTemplate,Karolinkska
10X360-5,10Xv3,Brain_survey+Hu_Ref_Brain,CELL_RANGER,1131286781,AKTX_210524_01_E01,RKTX-210527,10X360,2435,Nuclei,1023060325,LKTX_210526_01_E01,10X360_5,human,Homo Sapiens,1131286289,M1TX_210414_159_A01_A01,FacsWellTemplate,Karolinkska
10X360-6,10Xv3,Brain_survey+Hu_Ref_Brain,CELL_RANGER,1131286783,AKTX_210524_01_F01,RKTX-210527,10X360,3273,Nuclei,1023060325,LKTX_210526_01_F01,10X360_6,human,Homo Sapiens,1131286297,M1TX_210414_159_B01_B01,FacsWellTemplate,Karolinkska
10X360-7,10Xv3,Brain_survey+Hu_Ref_Brain,CELL_RANGER,1131286786,AKTX_210524_01_G01,RKTX-210527,10X360,10047,Nuclei,1023060325,LKTX_210526_01_G01,10X360_7,human,Homo Sapiens,1131286479,M1TX_210415_151_A01_A01,FacsWellTemplate,Karolinkska
10X360-8,10Xv3,Brain_survey+Hu_Ref_Brain,CELL_RANGER,1131286788,AKTX_210524_01_H01,RKTX-210527,10X360,9347,Nuclei,1023060325,LKTX_210526_01_H01,10X360_8,human,Homo Sapiens,1131286489,M1TX_210415_151_B01_B01,FacsWellTemplate,Karolinkska
10X361-1,10Xv3,Brain_survey+Hu_Ref_Brain,CELL_RANGER,1131291555,AKTX_210524_02_A01,RKTX-210527-1,10X361,6434,Nuclei,1023060325,LKTX_210526_02_A01,10X361_1,human,Homo Sapiens,1131290110,M1TX_210415_153_A01_A01,FacsWellTemplate,Karolinkska
10X361-2,10Xv3,Brain_survey+Hu_Ref_Brain,CELL_RANGER,1131291558,AKTX_210524_02_B01,RKTX-210527-1,10X361,5914,Nuclei,1023060325,LKTX_210526_02_B01,10X361_2,human,Homo Sapiens,1131290120,M1TX_210415_153_B01_B01,FacsWellTemplate,Karolinkska
10X361-3,10Xv3,Brain_survey+Hu_Ref_Brain,CELL_RANGER,1131291560,AKTX_210524_02_C01,RKTX-210527-1,10X361,6909,Nuclei,1023060325,LKTX_210526_02_C01,10X361_3,human,Homo Sapiens,1131290385,M1TX_210422_155_A01_A01,FacsWellTemplate,Karolinkska
10X361-4,10Xv3,Brain_survey+Hu_Ref_Brain,CELL_RANGER,1164866967,AKTX_210524_02_D01,RKTX-210527-1,10X361,6442,Nuclei,1023060325,LKTX_210526_02_D01,10X361_4,human,Homo Sapiens,1164846094,M1TX_210422_155_B01_B01,FacsWellTemplate,Karolinkska
10X361-5,10Xv3,Brain_survey+Hu_Ref_Brain,CELL_RANGER,1131291562,AKTX_210524_02_E01,RKTX-210527-1,10X361,6139,Nuclei,1023060325,LKTX_210526_02_E01,10X361_5,human,Homo Sapiens,1131290826,M1TX_210423_102_A01_A01,FacsWellTemplate,Karolinkska
10X361-6,10Xv3,Brain_survey+Hu_Ref_Brain,CELL_RANGER,1164866971,AKTX_210524_02_F01,RKTX-210527-1,10X361,6869,Nuclei,1023060325,LKTX_210526_02_F01,10X361_6,human,Homo Sapiens,1164847916,M1TX_210423_102_B01_B01,FacsWellTemplate,Karolinkska
10X361-7,10Xv3,Brain_survey+Hu_Ref_Brain,CELL_RANGER,1131291566,AKTX_210524_02_G01,RKTX-210527-1,10X361,5699,Nuclei,1023060325,LKTX_210526_02_G01,10X361_7,human,Homo Sapiens,1131291011,M1TX_210423_105_A01_A01,FacsWellTemplate,Karolinkska
10X361-8,10Xv3,Brain_survey+Hu_Ref_Brain,CELL_RANGER,1164866973,AKTX_210524_02_H01,RKTX-210527-1,10X361,5133,Nuclei,1023060325,LKTX_210526_02_H01,10X361_8,human,Homo Sapiens,1164848296,M1TX_210423_105_B01_B01,FacsWellTemplate,Karolinkska
10X362-1,10Xv3,Brain_survey+Hu_Ref_Brain,CELL_RANGER,1164165166,AKTX_210524_03_A01,RKTX-210527-2,10X362,6874,Nuclei,1023060325,LKTX_210526_03_A01,10X362_1,human,Homo Sapiens,1164160924,M1TX_210426_104_A01_A01,FacsWellTemplate,Karolinkska
10X362-2,10Xv3,Brain_survey+Hu_Ref_Brain,CELL_RANGER,1164165168,AKTX_210524_03_B01,RKTX-210527-2,10X362,7072,Nuclei,1023060325,LKTX_210526_03_B01,10X362_2,human,Homo Sapiens,1164160933,M1TX_210426_104_B01_B01,FacsWellTemplate,Karolinkska
10X362-3,10Xv3,Brain_survey+Hu_Ref_Brain,CELL_RANGER,1164165171,AKTX_210524_03_C01,RKTX-210527-2,10X362,6269,Nuclei,1023060325,LKTX_210526_03_C01,10X362_3,human,Homo Sapiens,1164161539,M1TX_210503_151_A01_A01,FacsWellTemplate,Karolinkska
10X362-4,10Xv3,Brain_survey+Hu_Ref_Brain,CELL_RANGER,1164165173,AKTX_210524_03_D01,RKTX-210527-2,10X362,5710,Nuclei,1023060325,LKTX_210526_03_D01,10X362_4,human,Homo Sapiens,1164161548,M1TX_210503_151_B01_B01,FacsWellTemplate,Karolinkska
10X362-5,10Xv3,Brain_survey+Hu_Ref_Brain,CELL_RANGER,1164165175,AKTX_210524_03_E01,RKTX-210527-2,10X362,3545,Nuclei,1023060325,LKTX_210526_03_E01,10X362_5,human,Homo Sapiens,1164162226,M1TX_210503_153_A01_A01,FacsWellTemplate,Karolinkska
10X362-6,10Xv3,Brain_survey+Hu_Ref_Brain,CELL_RANGER,1164165177,AKTX_210524_03_F01,RKTX-210527-2,10X362,3469,Nuclei,1023060325,LKTX_210526_03_F01,10X362_6,human,Homo Sapiens,1164162239,M1TX_210503_153_B01_B01,FacsWellTemplate,Karolinkska
10X375-1,10Xv3,Brain_survey+Hu_Ref_Brain,CELL_RANGER,1164331769,AKTX_210803_01_A01,RKTX-210806,10X375,8365,Nuclei,1023060325,LKTX_210805_01_A01,10X375_1,human,Homo Sapiens,1164329334,M1TX_210409_151_A01_A01,FacsWellTemplate,Karolinkska
10X375-2,10Xv3,Brain_survey+Hu_Ref_Brain,CELL_RANGER,1164331771,AKTX_210803_01_B01,RKTX-210806,10X375,7908,Nuclei,1023060325,LKTX_210805_01_B01,10X375_2,human,Homo Sapiens,1164329343,M1TX_210409_151_B01_B01,FacsWellTemplate,Karolinkska
10X375-3,10Xv3,Brain_survey+Hu_Ref_Brain,CELL_RANGER,1164331773,AKTX_210803_01_C01,RKTX-210806,10X375,5935,Nuclei,1023060325,LKTX_210805_01_C01,10X375_3,human,Homo Sapiens,1164329657,M1TX_210409_156_A01_A01,FacsWellTemplate,Karolinkska
10X375-4,10Xv3,Brain_survey+Hu_Ref_Brain,CELL_RANGER,1164331775,AKTX_210803_01_D01,RKTX-210806,10X375,6496,Nuclei,1023060325,LKTX_210805_01_D01,10X375_4,human,Homo Sapiens,1164329666,M1TX_210409_156_B01_B01,FacsWellTemplate,Karolinkska
10X375-5,10Xv3,Brain_survey+Hu_Ref_Brain,CELL_RANGER,1164331777,AKTX_210803_01_E01,RKTX-210806,10X375,6302,Nuclei,1023060325,LKTX_210805_01_E01,10X375_5,human,Homo Sapiens,1164329895,M1TX_210412_157_A01_A01,FacsWellTemplate,Karolinkska
10X375-6,10Xv3,Brain_survey+Hu_Ref_Brain,CELL_RANGER,1164331780,AKTX_210803_01_F01,RKTX-210806,10X375,6809,Nuclei,1023060325,LKTX_210805_01_F01,10X375_6,human,Homo Sapiens,1164329905,M1TX_210412_157_B01_B01,FacsWellTemplate,Karolinkska
10X375-7,10Xv3,Brain_survey+Hu_Ref_Brain,CELL_RANGER,1164331782,AKTX_210803_01_G01,RKTX-210806,10X375,6869,Nuclei,1023060325,LKTX_210805_01_G01,10X375_7,human,Homo Sapiens,1164330286,M1TX_210414_156_A01_A01,FacsWellTemplate,Karolinkska
10X375-8,10Xv3,Brain_survey+Hu_Ref_Brain,CELL_RANGER,1164331784,AKTX_210803_01_H01,RKTX-210806,10X375,6325,Nuclei,1023060325,LKTX_210805_01_H01,10X375_8,human,Homo Sapiens,1164330294,M1TX_210414_156_B01_B01,FacsWellTemplate,Karolinkska
10X376-1,10Xv3,Brain_survey+Hu_Ref_Brain,CELL_RANGER,1165622218,AKTX_210804_01_A01,RKTX-210807,10X376,6027,Nuclei,1023060325,LKTX_210806_01_A01,10X376_1,human,Homo Sapiens,1165615157,M1TX_210420_151_A01_A01,FacsWellTemplate,Karolinkska
10X376-2,10Xv3,Brain_survey+Hu_Ref_Brain,CELL_RANGER,1165622220,AKTX_210804_01_B01,RKTX-210807,10X376,6288,Nuclei,1023060325,LKTX_210806_01_B01,10X376_2,human,Homo Sapiens,1165615167,M1TX_210420_151_B01_B01,FacsWellTemplate,Karolinkska
10X376-3,10Xv3,Brain_survey+Hu_Ref_Brain,CELL_RANGER,1165622222,AKTX_210804_01_C01,RKTX-210807,10X376,3791,Nuclei,1023060325,LKTX_210806_01_C01,10X376_3,human,Homo Sapiens,1165617803,M1TX_210426_103_A01_A01,FacsWellTemplate,Karolinkska
10X376-4,10Xv3,Brain_survey+Hu_Ref_Brain,CELL_RANGER,1165622224,AKTX_210804_01_D01,RKTX-210807,10X376,4151,Nuclei,1023060325,LKTX_210806_01_D01,10X376_4,human,Homo Sapiens,1165617811,M1TX_210426_103_B01_B01,FacsWellTemplate,Karolinkska
10X376-5,10Xv3,Brain_survey+Hu_Ref_Brain,CELL_RANGER,1165622227,AKTX_210804_01_E01,RKTX-210807,10X376,4540,Nuclei,1023060325,LKTX_210806_01_E01,10X376_5,human,Homo Sapiens,1165619510,M2TX_210426_201_A01_A01,FacsWellTemplate,Karolinkska
10X376-6,10Xv3,Brain_survey+Hu_Ref_Brain,CELL_RANGER,1165622230,AKTX_210804_01_F01,RKTX-210807,10X376,4806,Nuclei,1023060325,LKTX_210806_01_F01,10X376_6,human,Homo Sapiens,1165619519,M2TX_210426_201_B01_B01,FacsWellTemplate,Karolinkska
10X376-7,10Xv3,Brain_survey+Hu_Ref_Brain,CELL_RANGER,1165622233,AKTX_210804_01_G01,RKTX-210807,10X376,5266,Nuclei,1023060325,LKTX_210806_01_G01,10X376_7,human,Homo Sapiens,1165621107,M2TX_210426_204_A01_A01,FacsWellTemplate,Karolinkska
10X376-8,10Xv3,Brain_survey+Hu_Ref_Brain,CELL_RANGER,1165622235,AKTX_210804_01_H01,RKTX-210807,10X376,5185,Nuclei,1023060325,LKTX_210806_01_H01,10X376_8,human,Homo Sapiens,1165621116,M2TX_210426_204_B01_B01,FacsWellTemplate,Karolinkska
10X377-1,10Xv3,Brain_survey+Hu_Ref_Brain,CELL_RANGER,1165641097,AKTX_210804_02_A01,RKTX-210807-1,10X377,7378,Nuclei,1023060325,LKTX_210806_02_A01,10X377_1,human,Homo Sapiens,1165630348,M1TX_210215_156_A01_A01,FacsWellTemplate,Karolinkska
10X377-2,10Xv3,Brain_survey+Hu_Ref_Brain,CELL_RANGER,1165641099,AKTX_210804_02_B01,RKTX-210807-1,10X377,6436,Nuclei,1023060325,LKTX_210806_02_B01,10X377_2,human,Homo Sapiens,1165630356,M1TX_210215_156_B01_B01,FacsWellTemplate,Karolinkska
10X377-3,10Xv3,Brain_survey+Hu_Ref_Brain,CELL_RANGER,1165641101,AKTX_210804_02_C01,RKTX-210807-1,10X377,4134,Nuclei,1023060325,LKTX_210806_02_C01,10X377_3,human,Homo Sapiens,1165633345,M1TX_210325_153_A01_A01,FacsWellTemplate,Karolinkska
10X377-4,10Xv3,Brain_survey+Hu_Ref_Brain,CELL_RANGER,1165641104,AKTX_210804_02_D01,RKTX-210807-1,10X377,4573,Nuclei,1023060325,LKTX_210806_02_D01,10X377_4,human,Homo Sapiens,1165633358,M1TX_210325_153_B01_B01,FacsWellTemplate,Karolinkska
10X377-5,10Xv3,Brain_survey+Hu_Ref_Brain,CELL_RANGER,1165641107,AKTX_210804_02_E01,RKTX-210807-1,10X377,5421,Nuclei,1023060325,LKTX_210806_02_E01,10X377_5,human,Homo Sapiens,1165636165,M1TX_210412_155_A01_A01,FacsWellTemplate,Karolinkska
10X377-6,10Xv3,Brain_survey+Hu_Ref_Brain,CELL_RANGER,1165641109,AKTX_210804_02_F01,RKTX-210807-1,10X377,5634,Nuclei,1023060325,LKTX_210806_02_F01,10X377_6,human,Homo Sapiens,1165636173,M1TX_210412_155_B01_B01,FacsWellTemplate,Karolinkska
10X377-7,10Xv3,Brain_survey+Hu_Ref_Brain,CELL_RANGER,1165641118,AKTX_210804_02_G01,RKTX-210807-1,10X377,2372,Nuclei,1023060325,LKTX_210806_02_G01,10X377_7,human,Homo Sapiens,1165638785,M1TX_210420_155_A01_A01,FacsWellTemplate,Karolinkska
10X377-8,10Xv3,Brain_survey+Hu_Ref_Brain,CELL_RANGER,1165641122,AKTX_210804_02_H01,RKTX-210807-1,10X377,2587,Nuclei,1023060325,LKTX_210806_02_H01,10X377_8,human,Homo Sapiens,1165638794,M1TX_210420_155_B01_B01,FacsWellTemplate,Karolinkska
10X378-1,10Xv3,Brain_survey+Hu_Ref_Brain,CELL_RANGER,1165674621,AKTX_210809_01_A01,RKTX-210812,10X378,4609,Nuclei,1023060325,LKTX_210809_01_A01,10X378_1,human,Homo Sapiens,1165649750,M1TX_210503_155_A01_A01,FacsWellTemplate,Karolinkska
10X378-2,10Xv3,Brain_survey+Hu_Ref_Brain,CELL_RANGER,1165674623,AKTX_210809_01_B01,RKTX-210812,10X378,4616,Nuclei,1023060325,LKTX_210809_01_B01,10X378_2,human,Homo Sapiens,1165649758,M1TX_210503_155_B01_B01,FacsWellTemplate,Karolinkska
10X378-3,10Xv3,Brain_survey+Hu_Ref_Brain,CELL_RANGER,1165674626,AKTX_210809_01_C01,RKTX-210812,10X378,6516,Nuclei,1023060325,LKTX_210809_01_C01,10X378_3,human,Homo Sapiens,1165651498,M1TX_210518_151_A01_A01,FacsWellTemplate,Karolinkska
10X378-4,10Xv3,Brain_survey+Hu_Ref_Brain,CELL_RANGER,1165674628,AKTX_210809_01_D01,RKTX-210812,10X378,7121,Nuclei,1023060325,LKTX_210809_01_D01,10X378_4,human,Homo Sapiens,1165651506,M1TX_210518_151_B01_B01,FacsWellTemplate,Karolinkska
10X378-5,10Xv3,Brain_survey+Hu_Ref_Brain,CELL_RANGER,1165674631,AKTX_210809_01_E01,RKTX-210812,10X378,7553,Nuclei,1023060325,LKTX_210809_01_E01,10X378_5,human,Homo Sapiens,1165652837,M1TX_210518_154_A01_A01,FacsWellTemplate,Karolinkska
10X378-6,10Xv3,Brain_survey+Hu_Ref_Brain,CELL_RANGER,1165674634,AKTX_210809_01_F01,RKTX-210812,10X378,7712,Nuclei,1023060325,LKTX_210809_01_F01,10X378_6,human,Homo Sapiens,1165652848,M1TX_210518_154_B01_B01,FacsWellTemplate,Karolinkska
10X378-7,10Xv3,Brain_survey+Hu_Ref_Brain,CELL_RANGER,1165674636,AKTX_210809_01_G01,RKTX-210812,10X378,4128,Nuclei,1023060325,LKTX_210809_01_G01,10X378_7,human,Homo Sapiens,1165666031,M1TX_210521_155_A01_A01,FacsWellTemplate,Karolinkska
10X378-8,10Xv3,Brain_survey+Hu_Ref_Brain,CELL_RANGER,1165674638,AKTX_210809_01_H01,RKTX-210812,10X378,4796,Nuclei,1023060325,LKTX_210809_01_H01,10X378_8,human,Homo Sapiens,1165666041,M1TX_210521_155_B01_B01,FacsWellTemplate,Karolinkska
10X379-1,10Xv3,Brain_survey+Hu_Ref_Brain,CELL_RANGER,1165693976,AKTX_210809_02_A01,RKTX-210812-1,10X379,2328,Nuclei,1023060325,LKTX_210811_02_A01,10X379_1,human,Homo Sapiens,1165688209,M1TX_210521_156_A01_A01,FacsWellTemplate,Karolinkska
10X379-2,10Xv3,Brain_survey+Hu_Ref_Brain,CELL_RANGER,1165693979,AKTX_210809_02_B01,RKTX-210812-1,10X379,2436,Nuclei,1023060325,LKTX_210811_02_B01,10X379_2,human,Homo Sapiens,1165688217,M1TX_210521_156_B01_B01,FacsWellTemplate,Karolinkska
10X379-3,10Xv3,Brain_survey+Hu_Ref_Brain,CELL_RANGER,1165693982,AKTX_210809_02_C01,RKTX-210812-1,10X379,5953,Nuclei,1023060325,LKTX_210811_02_C01,10X379_3,human,Homo Sapiens,1165690069,M1TX_210525_101_A01_A01,FacsWellTemplate,Karolinkska
10X379-4,10Xv3,Brain_survey+Hu_Ref_Brain,CELL_RANGER,1165693984,AKTX_210809_02_D01,RKTX-210812-1,10X379,7049,Nuclei,1023060325,LKTX_210811_02_D01,10X379_4,human,Homo Sapiens,1165690077,M1TX_210525_101_B01_B01,FacsWellTemplate,Karolinkska
10X379-5,10Xv3,Brain_survey+Hu_Ref_Brain,CELL_RANGER,1165693987,AKTX_210809_02_E01,RKTX-210812-1,10X379,5703,Nuclei,1023060325,LKTX_210811_02_E01,10X379_5,human,Homo Sapiens,1165690519,M1TX_210525_102_A01_A01,FacsWellTemplate,Karolinkska
10X379-6,10Xv3,Brain_survey+Hu_Ref_Brain,CELL_RANGER,1165693989,AKTX_210809_02_F01,RKTX-210812-1,10X379,6355,Nuclei,1023060325,LKTX_210811_02_F01,10X379_6,human,Homo Sapiens,1165690527,M1TX_210525_102_B01_B01,FacsWellTemplate,Karolinkska
10X379-7,10Xv3,Brain_survey+Hu_Ref_Brain,CELL_RANGER,1165693991,AKTX_210809_02_G01,RKTX-210812-1,10X379,6081,Nuclei,1023060325,LKTX_210811_02_G01,10X379_7,human,Homo Sapiens,1165692120,M1TX_210525_103_A01_A01,FacsWellTemplate,Karolinkska
10X379-8,10Xv3,Brain_survey+Hu_Ref_Brain,CELL_RANGER,1165693993,AKTX_210809_02_H01,RKTX-210812-1,10X379,6677,Nuclei,1023060325,LKTX_210811_02_H01,10X379_8,human,Homo Sapiens,1165692128,M1TX_210525_103_B01_B01,FacsWellTemplate,Karolinkska
10X380-1,10Xv3,Brain_survey+Hu_Ref_Brain,CELL_RANGER,1165699066,AKTX_210809_03_A01,RKTX-210812-2,10X380,6082,Nuclei,1023060325,LKTX_210811_03_A01,10X380_1,human,Homo Sapiens,1165696390,M1TX_210525_104_A01_A01,FacsWellTemplate,Karolinkska
10X380-2,10Xv3,Brain_survey+Hu_Ref_Brain,CELL_RANGER,1165699068,AKTX_210809_03_B01,RKTX-210812-2,10X380,5478,Nuclei,1023060325,LKTX_210811_03_B01,10X380_2,human,Homo Sapiens,1165696398,M1TX_210525_104_B01_B01,FacsWellTemplate,Karolinkska
10X380-3,10Xv3,Brain_survey+Hu_Ref_Brain,CELL_RANGER,1165699071,AKTX_210809_03_C01,RKTX-210812-2,10X380,5588,Nuclei,1023060325,LKTX_210811_03_C01,10X380_3,human,Homo Sapiens,1165696879,M1TX_210526_153_A01_A01,FacsWellTemplate,Karolinkska
10X380-4,10Xv3,Brain_survey+Hu_Ref_Brain,CELL_RANGER,1165699073,AKTX_210809_03_D01,RKTX-210812-2,10X380,6623,Nuclei,1023060325,LKTX_210811_03_D01,10X380_4,human,Homo Sapiens,1165696887,M1TX_210526_153_B01_B01,FacsWellTemplate,Karolinkska
10X380-5,10Xv3,Brain_survey+Hu_Ref_Brain,CELL_RANGER,1165699075,AKTX_210809_03_E01,RKTX-210812-2,10X380,7469,Nuclei,1023060325,LKTX_210811_03_E01,10X380_5,human,Homo Sapiens,1165697421,M1TX_210601_301_A01_A01,FacsWellTemplate,Karolinkska
10X380-6,10Xv3,Brain_survey+Hu_Ref_Brain,CELL_RANGER,1165699077,AKTX_210809_03_F01,RKTX-210812-2,10X380,8415,Nuclei,1023060325,LKTX_210811_03_F01,10X380_6,human,Homo Sapiens,1165697429,M1TX_210601_301_B01_B01,FacsWellTemplate,Karolinkska
10X380-7,10Xv3,Brain_survey+Hu_Ref_Brain,CELL_RANGER,1165699080,AKTX_210809_03_G01,RKTX-210812-2,10X380,4402,Nuclei,1023060325,LKTX_210811_03_G01,10X380_7,human,Homo Sapiens,1165698685,M1TX_210601_302_A01_A01,FacsWellTemplate,Karolinkska
10X380-8,10Xv3,Brain_survey+Hu_Ref_Brain,CELL_RANGER,1165699082,AKTX_210809_03_H01,RKTX-210812-2,10X380,4870,Nuclei,1023060325,LKTX_210811_03_H01,10X380_8,human,Homo Sapiens,1165698693,M1TX_210601_302_B01_B01,FacsWellTemplate,Karolinkska
10X381-1,10Xv3,Brain_survey+Hu_Ref_Brain,CELL_RANGER,1167056867,AKTX_210809_04_A01,RKTX-210812-3,10X381,2808,Nuclei,1023060325,LKTX_210811_04_A01,10X381_1,human,Homo Sapiens,1167054492,M1TX_210609_151_A01_A01,FacsWellTemplate,Karolinkska
10X381-2,10Xv3,Brain_survey+Hu_Ref_Brain,CELL_RANGER,1167056870,AKTX_210809_04_B01,RKTX-210812-3,10X381,2922,Nuclei,1023060325,LKTX_210811_04_B01,10X381_2,human,Homo Sapiens,1167054500,M1TX_210609_151_B01_B01,FacsWellTemplate,Karolinkska
10X381-3,10Xv3,Brain_survey+Hu_Ref_Brain,CELL_RANGER,1167056873,AKTX_210809_04_C01,RKTX-210812-3,10X381,4641,Nuclei,1023060325,LKTX_210811_04_C01,10X381_3,human,Homo Sapiens,1167054841,M2TX_210601_203_A01_A01,FacsWellTemplate,Karolinkska
10X381-4,10Xv3,Brain_survey+Hu_Ref_Brain,CELL_RANGER,1167056875,AKTX_210809_04_D01,RKTX-210812-3,10X381,5428,Nuclei,1023060325,LKTX_210811_04_D01,10X381_4,human,Homo Sapiens,1167054849,M2TX_210601_203_B01_B01,FacsWellTemplate,Karolinkska
10X381-5,10Xv3,Brain_survey+Hu_Ref_Brain,CELL_RANGER,1167056877,AKTX_210809_04_E01,RKTX-210812-3,10X381,5454,Nuclei,1023060325,LKTX_210811_04_E01,10X381_5,human,Homo Sapiens,1167055151,M2TX_210601_204_A01_A01,FacsWellTemplate,Karolinkska
10X381-6,10Xv3,Brain_survey+Hu_Ref_Brain,CELL_RANGER,1167056879,AKTX_210809_04_F01,RKTX-210812-3,10X381,6127,Nuclei,1023060325,LKTX_210811_04_F01,10X381_6,human,Homo Sapiens,1167055151,M2TX_210601_204_A01_A01,FacsWellTemplate,Karolinkska
10X381-7,10Xv3,Brain_survey+Hu_Ref_Brain,CELL_RANGER,1167056881,AKTX_210809_04_G01,RKTX-210812-3,10X381,4156,Nuclei,1023060325,LKTX_210811_04_G01,10X381_7,human,Homo Sapiens,1167055648,M2TX_210603_251_A01_A01,FacsWellTemplate,Karolinkska
10X381-8,10Xv3,Brain_survey+Hu_Ref_Brain,CELL_RANGER,1167056884,AKTX_210809_04_H01,RKTX-210812-3,10X381,4458,Nuclei,1023060325,LKTX_210811_04_H01,10X381_8,human,Homo Sapiens,1167055656,M2TX_210603_251_B01_B01,FacsWellTemplate,Karolinkska
10X382-1,10Xv3,Brain_survey+Hu_Ref_Brain,CELL_RANGER,1167063612,AKTX_210816_01_A01,RKTX-210819,10X382,6162,Nuclei,1023060325,LKTX_210818_01_A01,10X382_1,human,Homo Sapiens,1167059123,M2TX_210607_201_A01_A01,FacsWellTemplate,Karolinkska
10X382-2,10Xv3,Brain_survey+Hu_Ref_Brain,CELL_RANGER,1167063616,AKTX_210816_01_B01,RKTX-210819,10X382,6344,Nuclei,1023060325,LKTX_210818_01_B01,10X382_2,human,Homo Sapiens,1167059132,M2TX_210607_201_B01_B01,FacsWellTemplate,Karolinkska
10X382-3,10Xv3,Brain_survey+Hu_Ref_Brain,CELL_RANGER,1167063618,AKTX_210816_01_C01,RKTX-210819,10X382,5694,Nuclei,1023060325,LKTX_210818_01_C01,10X382_3,human,Homo Sapiens,1167059772,M2TX_210607_203_A01_A01,FacsWellTemplate,Karolinkska
10X382-4,10Xv3,Brain_survey+Hu_Ref_Brain,CELL_RANGER,1167063620,AKTX_210816_01_D01,RKTX-210819,10X382,6611,Nuclei,1023060325,LKTX_210818_01_D01,10X382_4,human,Homo Sapiens,1167059780,M2TX_210607_203_B01_B01,FacsWellTemplate,Karolinkska
10X382-5,10Xv3,Brain_survey+Hu_Ref_Brain,CELL_RANGER,1167063622,AKTX_210816_01_E01,RKTX-210819,10X382,6186,Nuclei,1023060325,LKTX_210818_01_E01,10X382_5,human,Homo Sapiens,1167060948,M2TX_210607_204_A01_A01,FacsWellTemplate,Karolinkska
10X382-6,10Xv3,Brain_survey+Hu_Ref_Brain,CELL_RANGER,1167063624,AKTX_210816_01_F01,RKTX-210819,10X382,7244,Nuclei,1023060325,LKTX_210818_01_F01,10X382_6,human,Homo Sapiens,1167060956,M2TX_210607_204_B01_B01,FacsWellTemplate,Karolinkska
10X382-7,10Xv3,Brain_survey+Hu_Ref_Brain,CELL_RANGER,1167063626,AKTX_210816_01_G01,RKTX-210819,10X382,1548,Nuclei,1023060325,LKTX_210818_01_G01,10X382_7,human,Homo Sapiens,1167061688,M1TX_210504_153_A01_A01,FacsWellTemplate,Karolinkska
10X382-8,10Xv3,Brain_survey+Hu_Ref_Brain,CELL_RANGER,1167063629,AKTX_210816_01_H01,RKTX-210819,10X382,1611,Nuclei,1023060325,LKTX_210818_01_H01,10X382_8,human,Homo Sapiens,1167061696,M1TX_210504_153_B01_B01,FacsWellTemplate,Karolinkska
10X383-1,10Xv3,Brain_survey+Hu_Ref_Brain,CELL_RANGER,1167135439,AKTX_210816_02_A01,RKTX-210819-1,10X383,6955,Nuclei,1023060325,LKTX_210818_02_A01,10X383_1,human,Homo Sapiens,1167124239,M1TX_210611_154_A01_A01,FacsWellTemplate,Karolinkska
10X383-2,10Xv3,Brain_survey+Hu_Ref_Brain,CELL_RANGER,1167135441,AKTX_210816_02_B01,RKTX-210819-1,10X383,6527,Nuclei,1023060325,LKTX_210818_02_B01,10X383_2,human,Homo Sapiens,1167124260,M1TX_210611_154_B01_B01,FacsWellTemplate,Karolinkska
10X383-3,10Xv3,Brain_survey+Hu_Ref_Brain,CELL_RANGER,1167135443,AKTX_210816_02_C01,RKTX-210819-1,10X383,3565,Nuclei,1023060325,LKTX_210818_02_C01,10X383_3,human,Homo Sapiens,1167125991,M1TX_210623_152_A01_A01,FacsWellTemplate,Karolinkska
10X383-4,10Xv3,Brain_survey+Hu_Ref_Brain,CELL_RANGER,1167135445,AKTX_210816_02_D01,RKTX-210819-1,10X383,4086,Nuclei,1023060325,LKTX_210818_02_D01,10X383_4,human,Homo Sapiens,1167126001,M1TX_210623_152_B01_B01,FacsWellTemplate,Karolinkska
10X383-5,10Xv3,Brain_survey+Hu_Ref_Brain,CELL_RANGER,1167135448,AKTX_210816_02_E01,RKTX-210819-1,10X383,4861,Nuclei,1023060325,LKTX_210818_02_E01,10X383_5,human,Homo Sapiens,1167127389,M1TX_210616_155_A01_A01,FacsWellTemplate,Karolinkska
10X383-6,10Xv3,Brain_survey+Hu_Ref_Brain,CELL_RANGER,1167135450,AKTX_210816_02_F01,RKTX-210819-1,10X383,4818,Nuclei,1023060325,LKTX_210818_02_F01,10X383_6,human,Homo Sapiens,1167127398,M1TX_210616_155_B01_B01,FacsWellTemplate,Karolinkska
10X383-7,10Xv3,Brain_survey+Hu_Ref_Brain,CELL_RANGER,1167135453,AKTX_210816_02_G01,RKTX-210819-1,10X383,4390,Nuclei,1023060325,LKTX_210818_02_G01,10X383_7,human,Homo Sapiens,1167132878,M2TX_210702_103_A01_A01,FacsWellTemplate,Karolinkska
10X383-8,10Xv3,Brain_survey+Hu_Ref_Brain,CELL_RANGER,1167135455,AKTX_210816_02_H01,RKTX-210819-1,10X383,4849,Nuclei,1023060325,LKTX_210818_02_H01,10X383_8,human,Homo Sapiens,1167132903,M2TX_210702_103_B01_B01,FacsWellTemplate,Karolinkska
10X384-1,10Xv3,Brain_survey+Hu_Ref_Brain,CELL_RANGER,1167176412,AKTX_210816_03_A01,RKTX-210819-2,10X384,7343,Nuclei,1023060325,LKTX_210818_03_A01,10X384_1,human,Homo Sapiens,1167166947,M1TX_210622_103_A01_A01,FacsWellTemplate,Karolinkska
10X384-2,10Xv3,Brain_survey+Hu_Ref_Brain,CELL_RANGER,1167176419,AKTX_210816_03_B01,RKTX-210819-2,10X384,6555,Nuclei,1023060325,LKTX_210818_03_B01,10X384_2,human,Homo Sapiens,1167166957,M1TX_210622_103_B01_B01,FacsWellTemplate,Karolinkska
10X384-3,10Xv3,Brain_survey+Hu_Ref_Brain,CELL_RANGER,1167176423,AKTX_210816_03_C01,RKTX-210819-2,10X384,4726,Nuclei,1023060325,LKTX_210818_03_C01,10X384_3,human,Homo Sapiens,1167169641,M2TX_210601_201_A01_A01,FacsWellTemplate,Karolinkska
10X384-4,10Xv3,Brain_survey+Hu_Ref_Brain,CELL_RANGER,1167176427,AKTX_210816_03_D01,RKTX-210819-2,10X384,5210,Nuclei,1023060325,LKTX_210818_03_D01,10X384_4,human,Homo Sapiens,1167169650,M2TX_210601_201_B01_B01,FacsWellTemplate,Karolinkska
10X384-5,10Xv3,Brain_survey+Hu_Ref_Brain,CELL_RANGER,1167176431,AKTX_210816_03_E01,RKTX-210819-2,10X384,4715,Nuclei,1023060325,LKTX_210818_03_E01,10X384_5,human,Homo Sapiens,1167170643,M2TX_210601_202_A01_A01,FacsWellTemplate,Karolinkska
10X384-6,10Xv3,Brain_survey+Hu_Ref_Brain,CELL_RANGER,1167176436,AKTX_210816_03_F01,RKTX-210819-2,10X384,5354,Nuclei,1023060325,LKTX_210818_03_F01,10X384_6,human,Homo Sapiens,1167170657,M2TX_210601_202_B01_B01,FacsWellTemplate,Karolinkska
10X384-7,10Xv3,Brain_survey+Hu_Ref_Brain,CELL_RANGER,1167176440,AKTX_210816_03_G01,RKTX-210819-2,10X384,5008,Nuclei,1023060325,LKTX_210818_03_G01,10X384_7,human,Homo Sapiens,1167175689,M1TX_210630_153_A01_A01,FacsWellTemplate,Karolinkska
10X385-1,10Xv3,Brain_survey+Hu_Ref_Brain,CELL_RANGER,1167325206,AKTX_210816_04_A01,RKTX-210819-3,10X385,8366,Nuclei,1023060325,LKTX_210818_04_A01,10X385_1,human,Homo Sapiens,1167310633,M1TX_210611_152_A01_A01,FacsWellTemplate,Karolinkska
10X385-2,10Xv3,Brain_survey+Hu_Ref_Brain,CELL_RANGER,1167325208,AKTX_210816_04_B01,RKTX-210819-3,10X385,7899,Nuclei,1023060325,LKTX_210818_04_B01,10X385_2,human,Homo Sapiens,1167310641,M1TX_210611_152_B01_B01,FacsWellTemplate,Karolinkska
10X385-3,10Xv3,Brain_survey+Hu_Ref_Brain,CELL_RANGER,1167325210,AKTX_210816_04_C01,RKTX-210819-3,10X385,7120,Nuclei,1023060325,LKTX_210818_04_C01,10X385_3,human,Homo Sapiens,1167311384,M1TX_210616_154_A01_A01,FacsWellTemplate,Karolinkska
10X385-4,10Xv3,Brain_survey+Hu_Ref_Brain,CELL_RANGER,1167325213,AKTX_210816_04_D01,RKTX-210819-3,10X385,6995,Nuclei,1023060325,LKTX_210818_04_D01,10X385_4,human,Homo Sapiens,1167311394,M1TX_210616_154_B01_B01,FacsWellTemplate,Karolinkska
10X385-5,10Xv3,Brain_survey+Hu_Ref_Brain,CELL_RANGER,1167325216,AKTX_210816_04_E01,RKTX-210819-3,10X385,5328,Nuclei,1023060325,LKTX_210818_04_E01,10X385_5,human,Homo Sapiens,1167320243,M1TX_210623_151_A01_A01,FacsWellTemplate,Karolinkska
10X385-6,10Xv3,Brain_survey+Hu_Ref_Brain,CELL_RANGER,1167325218,AKTX_210816_04_F01,RKTX-210819-3,10X385,5932,Nuclei,1023060325,LKTX_210818_04_F01,10X385_6,human,Homo Sapiens,1167320252,M1TX_210623_151_B01_B01,FacsWellTemplate,Karolinkska
10X385-7,10Xv3,Brain_survey+Hu_Ref_Brain,CELL_RANGER,1167325221,AKTX_210816_04_G01,RKTX-210819-3,10X385,5484,Nuclei,1023060325,LKTX_210818_04_G01,10X385_7,human,Homo Sapiens,1167324340,M1TX_210630_153_B01_B01,FacsWellTemplate,Karolinkska
10X386-2,10Xv3,Brain_survey+Hu_Ref_Brain,CELL_RANGER,1170760900,AKTX_210823_01_B01,RKTX-210826,10X386,10742,Nuclei,1023060325,LKTX_210825_01_B01,10X386_2,human,Homo Sapiens,1170758331,M1TX_210701_155_B01_B01,FacsWellTemplate,Karolinkska
10X386-3,10Xv3,Brain_survey+Hu_Ref_Brain,CELL_RANGER,1170760903,AKTX_210823_01_C01,RKTX-210826,10X386,4530,Nuclei,1023060325,LKTX_210825_01_C01,10X386_3,human,Homo Sapiens,1170759041,M2TX_210706_201_A01_A01,FacsWellTemplate,Karolinkska
10X386-4,10Xv3,Brain_survey+Hu_Ref_Brain,CELL_RANGER,1170760905,AKTX_210823_01_D01,RKTX-210826,10X386,5166,Nuclei,1023060325,LKTX_210825_01_D01,10X386_4,human,Homo Sapiens,1170759049,M2TX_210706_201_B01_B01,FacsWellTemplate,Karolinkska
10X386-5,10Xv3,Brain_survey+Hu_Ref_Brain,CELL_RANGER,1170760907,AKTX_210823_01_E01,RKTX-210826,10X386,4562,Nuclei,1023060325,LKTX_210825_01_E01,10X386_5,human,Homo Sapiens,1170759263,M1TX_210625_151_A01_A01,FacsWellTemplate,Karolinkska
10X386-6,10Xv3,Brain_survey+Hu_Ref_Brain,CELL_RANGER,1170760909,AKTX_210823_01_F01,RKTX-210826,10X386,4931,Nuclei,1023060325,LKTX_210825_01_F01,10X386_6,human,Homo Sapiens,1170759272,M1TX_210625_151_B01_B01,FacsWellTemplate,Karolinkska
10X386-7,10Xv3,Brain_survey+Hu_Ref_Brain,CELL_RANGER,1170760911,AKTX_210823_01_G01,RKTX-210826,10X386,6977,Nuclei,1023060325,LKTX_210825_01_G01,10X386_7,human,Homo Sapiens,1170760144,M1TX_210611_151_A01_A01,FacsWellTemplate,Karolinkska
10X386-8,10Xv3,Brain_survey+Hu_Ref_Brain,CELL_RANGER,1170760913,AKTX_210823_01_H01,RKTX-210826,10X386,7419,Nuclei,1023060325,LKTX_210825_01_H01,10X386_8,human,Homo Sapiens,1170760152,M1TX_210611_151_B01_B01,FacsWellTemplate,Karolinkska
10X387-2,10Xv3,Brain_survey+Hu_Ref_Brain,CELL_RANGER,1171494869,AKTX_210823_02_B01,RKTX-210826-1,10X387,4641,Nuclei,1023060325,LKTX_210825_02_B01,10X387_2,human,Homo Sapiens,1171487276,M1TX_210615_151_B01_B01,FacsWellTemplate,Karolinkska
10X387-3,10Xv3,Brain_survey+Hu_Ref_Brain,CELL_RANGER,1171494871,AKTX_210823_02_C01,RKTX-210826-1,10X387,6460,Nuclei,1023060325,LKTX_210825_02_C01,10X387_3,human,Homo Sapiens,1171490932,M1TX_210702_151_A01_A01,FacsWellTemplate,Karolinkska
10X387-4,10Xv3,Brain_survey+Hu_Ref_Brain,CELL_RANGER,1171494873,AKTX_210823_02_D01,RKTX-210826-1,10X387,7817,Nuclei,1023060325,LKTX_210825_02_D01,10X387_4,human,Homo Sapiens,1171490941,M1TX_210702_151_B01_B01,FacsWellTemplate,Karolinkska
10X387-5,10Xv3,Brain_survey+Hu_Ref_Brain,CELL_RANGER,1171494875,AKTX_210823_02_E01,RKTX-210826-1,10X387,7241,Nuclei,1023060325,LKTX_210825_02_E01,10X387_5,human,Homo Sapiens,1171491890,M1TX_210630_155_A01_A01,FacsWellTemplate,Karolinkska
10X387-6,10Xv3,Brain_survey+Hu_Ref_Brain,CELL_RANGER,1171494877,AKTX_210823_02_F01,RKTX-210826-1,10X387,7757,Nuclei,1023060325,LKTX_210825_02_F01,10X387_6,human,Homo Sapiens,1171491901,M1TX_210630_155_B01_B01,FacsWellTemplate,Karolinkska
10X387-7,10Xv3,Brain_survey+Hu_Ref_Brain,CELL_RANGER,1171494880,AKTX_210823_02_G01,RKTX-210826-1,10X387,10261,Nuclei,1023060325,LKTX_210825_02_G01,10X387_7,human,Homo Sapiens,1171493620,M1TX_210701_155_A01_A01,FacsWellTemplate,Karolinkska
10X388-2,10Xv3,Brain_survey+Hu_Ref_Brain,CELL_RANGER,1171505159,AKTX_210823_03_B01,RKTX-210826-2,10X388,3934,Nuclei,1023060325,LKTX_210825_03_B01,10X388_2,human,Homo Sapiens,1171498867,M1TX_210615_151_A01_A01,FacsWellTemplate,Karolinkska
10X388-3,10Xv3,Brain_survey+Hu_Ref_Brain,CELL_RANGER,1171505162,AKTX_210823_03_C01,RKTX-210826-2,10X388,4671,Nuclei,1023060325,LKTX_210825_03_C01,10X388_3,human,Homo Sapiens,1171500360,M1TX_210701_157_A01_A01,FacsWellTemplate,Karolinkska
10X388-4,10Xv3,Brain_survey+Hu_Ref_Brain,CELL_RANGER,1171505164,AKTX_210823_03_D01,RKTX-210826-2,10X388,6267,Nuclei,1023060325,LKTX_210825_03_D01,10X388_4,human,Homo Sapiens,1171500368,M1TX_210701_157_B01_B01,FacsWellTemplate,Karolinkska
10X388-5,10Xv3,Brain_survey+Hu_Ref_Brain,CELL_RANGER,1171505166,AKTX_210823_03_E01,RKTX-210826-2,10X388,6472,Nuclei,1023060325,LKTX_210825_03_E01,10X388_5,human,Homo Sapiens,1171503451,M1TX_210624_157_A01_A01,FacsWellTemplate,Karolinkska
10X388-6,10Xv3,Brain_survey+Hu_Ref_Brain,CELL_RANGER,1171505168,AKTX_210823_03_F01,RKTX-210826-2,10X388,7192,Nuclei,1023060325,LKTX_210825_03_F01,10X388_6,human,Homo Sapiens,1171503460,M1TX_210624_157_B01_B01,FacsWellTemplate,Karolinkska
10X388-7,10Xv3,Brain_survey+Hu_Ref_Brain,CELL_RANGER,1171505171,AKTX_210823_03_G01,RKTX-210826-2,10X388,4177,Nuclei,1023060325,LKTX_210825_03_G01,10X388_7,human,Homo Sapiens,1171504890,M1TX_210616_152_A01_A01,FacsWellTemplate,Karolinkska
10X389-1,10Xv3,Brain_survey+Hu_Ref_Brain,CELL_RANGER,1173921862,AKTX_210823_04_A01,RKTX-210826-3,10X389,5529,Nuclei,1023060325,LKTX_210825_04_A01,10X389_1,human,Homo Sapiens,1173763454,M1TX_210713_110_A01_A01,FacsWellTemplate,Karolinkska
10X389-2,10Xv3,Brain_survey+Hu_Ref_Brain,CELL_RANGER,1173921864,AKTX_210823_04_B01,RKTX-210826-3,10X389,5432,Nuclei,1023060325,LKTX_210825_04_B01,10X389_2,human,Homo Sapiens,1173763462,M1TX_210713_110_B01_B01,FacsWellTemplate,Karolinkska
10X389-3,10Xv3,Brain_survey+Hu_Ref_Brain,CELL_RANGER,1173921867,AKTX_210823_04_C01,RKTX-210826-3,10X389,6517,Nuclei,1023060325,LKTX_210825_04_C01,10X389_3,human,Homo Sapiens,1173764756,M1TX_210629_151_A01_A01,FacsWellTemplate,Karolinkska
10X389-4,10Xv3,Brain_survey+Hu_Ref_Brain,CELL_RANGER,1173921869,AKTX_210823_04_D01,RKTX-210826-3,10X389,7976,Nuclei,1023060325,LKTX_210825_04_D01,10X389_4,human,Homo Sapiens,1173764767,M1TX_210629_151_B01_B01,FacsWellTemplate,Karolinkska
10X389-5,10Xv3,Brain_survey+Hu_Ref_Brain,CELL_RANGER,1173921871,AKTX_210823_04_E01,RKTX-210826-3,10X389,6643,Nuclei,1023060325,LKTX_210825_04_E01,10X389_5,human,Homo Sapiens,1173765820,M2TX_210702_102_A01_A01,FacsWellTemplate,Karolinkska
10X389-6,10Xv3,Brain_survey+Hu_Ref_Brain,CELL_RANGER,1173921873,AKTX_210823_04_F01,RKTX-210826-3,10X389,7554,Nuclei,1023060325,LKTX_210825_04_F01,10X389_6,human,Homo Sapiens,1173765828,M2TX_210702_102_B01_B01,FacsWellTemplate,Karolinkska
10X389-7,10Xv3,Brain_survey+Hu_Ref_Brain,CELL_RANGER,1173921875,AKTX_210823_04_G01,RKTX-210826-3,10X389,4218,Nuclei,1023060325,LKTX_210825_04_G01,10X389_7,human,Homo Sapiens,1173785125,M1TX_210616_152_B01_B01,FacsWellTemplate,Karolinkska
10X390-1,10Xv3,Brain_survey+Hu_Ref_Brain,CELL_RANGER,1173926667,AKTX_210830_01_A01,RKTX-210902,10X390,5118,Nuclei,1023060325,LKTX_210901_01_A01,10X390_1,human,Homo Sapiens,1173924787,M1TX_210629_152_A01_A01,FacsWellTemplate,Karolinkska
10X390-2,10Xv3,Brain_survey+Hu_Ref_Brain,CELL_RANGER,1173926670,AKTX_210830_01_B01,RKTX-210902,10X390,5188,Nuclei,1023060325,LKTX_210901_01_B01,10X390_2,human,Homo Sapiens,1173924795,M1TX_210629_152_B01_B01,FacsWellTemplate,Karolinkska
10X390-3,10Xv3,Brain_survey+Hu_Ref_Brain,CELL_RANGER,1173926672,AKTX_210830_01_C01,RKTX-210902,10X390,5030,Nuclei,1023060325,LKTX_210901_01_C01,10X390_3,human,Homo Sapiens,1173924803,M1TX_210629_152_C01_C01,FacsWellTemplate,Karolinkska
10X390-4,10Xv3,Brain_survey+Hu_Ref_Brain,CELL_RANGER,1173926674,AKTX_210830_01_D01,RKTX-210902,10X390,5664,Nuclei,1023060325,LKTX_210901_01_D01,10X390_4,human,Homo Sapiens,1173924812,M1TX_210629_152_D01_D01,FacsWellTemplate,Karolinkska
10X390-5,10Xv3,Brain_survey+Hu_Ref_Brain,CELL_RANGER,1173926676,AKTX_210830_01_E01,RKTX-210902,10X390,4073,Nuclei,1023060325,LKTX_210901_01_E01,10X390_5,human,Homo Sapiens,1173926132,M1TX_210615_153_A01_A01,FacsWellTemplate,Karolinkska
10X390-6,10Xv3,Brain_survey+Hu_Ref_Brain,CELL_RANGER,1173926678,AKTX_210830_01_F01,RKTX-210902,10X390,4651,Nuclei,1023060325,LKTX_210901_01_F01,10X390_6,human,Homo Sapiens,1173926142,M1TX_210615_153_B01_B01,FacsWellTemplate,Karolinkska
10X390-7,10Xv3,Brain_survey+Hu_Ref_Brain,CELL_RANGER,1173926680,AKTX_210830_01_G01,RKTX-210902,10X390,3559,Nuclei,1023060325,LKTX_210901_01_G01,10X390_7,human,Homo Sapiens,1173926150,M1TX_210615_153_C01_C01,FacsWellTemplate,Karolinkska
10X390-8,10Xv3,Brain_survey+Hu_Ref_Brain,CELL_RANGER,1173926682,AKTX_210830_01_H01,RKTX-210902,10X390,4481,Nuclei,1023060325,LKTX_210901_01_H01,10X390_8,human,Homo Sapiens,1173926158,M1TX_210615_153_D01_D01,FacsWellTemplate,Karolinkska
10X391-1,10Xv3,Brain_survey+Hu_Ref_Brain,CELL_RANGER,1174843488,AKTX_210830_02_A01,RKTX-210902-1,10X391,5430,Nuclei,1023060325,LKTX_210901_02_A01,10X391_1,human,Homo Sapiens,1174839921,M1TX_210702_152_A01_A01,FacsWellTemplate,Karolinkska
10X391-2,10Xv3,Brain_survey+Hu_Ref_Brain,CELL_RANGER,1174843496,AKTX_210830_02_B01,RKTX-210902-1,10X391,5632,Nuclei,1023060325,LKTX_210901_02_B01,10X391_2,human,Homo Sapiens,1174839929,M1TX_210702_152_B01_B01,FacsWellTemplate,Karolinkska
10X391-3,10Xv3,Brain_survey+Hu_Ref_Brain,CELL_RANGER,1174843502,AKTX_210830_02_C01,RKTX-210902-1,10X391,3880,Nuclei,1023060325,LKTX_210901_02_C01,10X391_3,human,Homo Sapiens,1174841451,M2TX_210615_201_A01_A01,FacsWellTemplate,Karolinkska
10X391-4,10Xv3,Brain_survey+Hu_Ref_Brain,CELL_RANGER,1174843507,AKTX_210830_02_D01,RKTX-210902-1,10X391,2887,Nuclei,1023060325,LKTX_210901_02_D01,10X391_4,human,Homo Sapiens,1174841460,M2TX_210615_201_B01_B01,FacsWellTemplate,Karolinkska
10X391-5,10Xv3,Brain_survey+Hu_Ref_Brain,CELL_RANGER,1174843511,AKTX_210830_02_E01,RKTX-210902-1,10X391,7506,Nuclei,1023060325,LKTX_210901_02_E01,10X391_5,human,Homo Sapiens,1174842301,M1TX_210622_102_A01_A01,FacsWellTemplate,Karolinkska
10X391-6,10Xv3,Brain_survey+Hu_Ref_Brain,CELL_RANGER,1174843514,AKTX_210830_02_F01,RKTX-210902-1,10X391,7799,Nuclei,1023060325,LKTX_210901_02_F01,10X391_6,human,Homo Sapiens,1174842309,M1TX_210622_102_B01_B01,FacsWellTemplate,Karolinkska
10X391-7,10Xv3,Brain_survey+Hu_Ref_Brain,CELL_RANGER,1174843518,AKTX_210830_02_G01,RKTX-210902-1,10X391,6494,Nuclei,1023060325,LKTX_210901_02_G01,10X391_7,human,Homo Sapiens,1174842879,M1TX_210702_153_A01_A01,FacsWellTemplate,Karolinkska
10X391-8,10Xv3,Brain_survey+Hu_Ref_Brain,CELL_RANGER,1174843523,AKTX_210830_02_H01,RKTX-210902-1,10X391,6574,Nuclei,1023060325,LKTX_210901_02_H01,10X391_8,human,Homo Sapiens,1174842887,M1TX_210702_153_B01_B01,FacsWellTemplate,Karolinkska
10X392-1,10Xv3,Brain_survey+Hu_Ref_Brain,CELL_RANGER,1176355762,AKTX_210830_03_A01,RKTX-210902-2,10X392,8542,Nuclei,1023060325,LKTX_210901_03_A01,10X392_1,human,Homo Sapiens,1176353346,M1TX_210624_156_A01_A01,FacsWellTemplate,Karolinkska
10X392-2,10Xv3,Brain_survey+Hu_Ref_Brain,CELL_RANGER,1176355764,AKTX_210830_03_B01,RKTX-210902-2,10X392,7799,Nuclei,1023060325,LKTX_210901_03_B01,10X392_2,human,Homo Sapiens,1176353355,M1TX_210624_156_B01_B01,FacsWellTemplate,Karolinkska
10X392-3,10Xv3,Brain_survey+Hu_Ref_Brain,CELL_RANGER,1176355766,AKTX_210830_03_C01,RKTX-210902-2,10X392,5082,Nuclei,1023060325,LKTX_210901_03_C01,10X392_3,human,Homo Sapiens,1176354697,M2TX_210614_203_A01_A01,FacsWellTemplate,Karolinkska
10X392-4,10Xv3,Brain_survey+Hu_Ref_Brain,CELL_RANGER,1176355768,AKTX_210830_03_D01,RKTX-210902-2,10X392,5847,Nuclei,1023060325,LKTX_210901_03_D01,10X392_4,human,Homo Sapiens,1176354706,M2TX_210614_203_B01_B01,FacsWellTemplate,Karolinkska
10X392-5,10Xv3,Brain_survey+Hu_Ref_Brain,CELL_RANGER,1176355770,AKTX_210830_03_E01,RKTX-210902-2,10X392,3499,Nuclei,1023060325,LKTX_210901_03_E01,10X392_5,human,Homo Sapiens,1176355312,M1TX_210420_153_A01_A01,FacsWellTemplate,Karolinkska
10X392-6,10Xv3,Brain_survey+Hu_Ref_Brain,CELL_RANGER,1176355772,AKTX_210830_03_F01,RKTX-210902-2,10X392,3832,Nuclei,1023060325,LKTX_210901_03_F01,10X392_6,human,Homo Sapiens,1176355321,M1TX_210420_153_B01_B01,FacsWellTemplate,Karolinkska
10X393-1,10Xv3,Brain_survey+Hu_Ref_Brain,CELL_RANGER,1176366984,AKTX_210830_04_A01,RKTX-210902-3,10X393,5875,Nuclei,1023060325,LKTX_210901_04_A01,10X393_1,human,Homo Sapiens,1176359552,M2TX_210614_205_A01_A01,FacsWellTemplate,Karolinkska
10X393-2,10Xv3,Brain_survey+Hu_Ref_Brain,CELL_RANGER,1176366990,AKTX_210830_04_B01,RKTX-210902-3,10X393,5501,Nuclei,1023060325,LKTX_210901_04_B01,10X393_2,human,Homo Sapiens,1176359561,M2TX_210614_205_B01_B01,FacsWellTemplate,Karolinkska
10X393-3,10Xv3,Brain_survey+Hu_Ref_Brain,CELL_RANGER,1176366997,AKTX_210830_04_C01,RKTX-210902-3,10X393,6822,Nuclei,1023060325,LKTX_210901_04_C01,10X393_3,human,Homo Sapiens,1176363841,M1TX_210701_158_A01_A01,FacsWellTemplate,Karolinkska
10X393-4,10Xv3,Brain_survey+Hu_Ref_Brain,CELL_RANGER,1176367000,AKTX_210830_04_D01,RKTX-210902-3,10X393,8004,Nuclei,1023060325,LKTX_210901_04_D01,10X393_4,human,Homo Sapiens,1176363851,M1TX_210701_158_B01_B01,FacsWellTemplate,Karolinkska
10X393-5,10Xv3,Brain_survey+Hu_Ref_Brain,CELL_RANGER,1176367004,AKTX_210830_04_E01,RKTX-210902-3,10X393,5197,Nuclei,1023060325,LKTX_210901_04_E01,10X393_5,human,Homo Sapiens,1176364977,M1TX_210812_151_A01_A01,FacsWellTemplate,Karolinkska
10X393-6,10Xv3,Brain_survey+Hu_Ref_Brain,CELL_RANGER,1176367008,AKTX_210830_04_F01,RKTX-210902-3,10X393,6091,Nuclei,1023060325,LKTX_210901_04_F01,10X393_6,human,Homo Sapiens,1176364991,M1TX_210812_151_B01_B01,FacsWellTemplate,Karolinkska
10X393-7,10Xv3,Brain_survey+Hu_Ref_Brain,CELL_RANGER,1176367014,AKTX_210830_04_G01,RKTX-210902-3,10X393,6311,Nuclei,1023060325,LKTX_210901_04_G01,10X393_7,human,Homo Sapiens,1176366221,M1TX_210812_153_A01_A01,FacsWellTemplate,Karolinkska
10X393-8,10Xv3,Brain_survey+Hu_Ref_Brain,CELL_RANGER,1176367019,AKTX_210830_04_H01,RKTX-210902-3,10X393,7384,Nuclei,1023060325,LKTX_210901_04_H01,10X393_8,human,Homo Sapiens,1176366229,M1TX_210812_153_B01_B01,FacsWellTemplate,Karolinkska
10X418-1,10Xv3,Brain_survey+Hu_Ref_Brain,CELL_RANGER,1176373685,AKTX_211126_01_A01,RKTX-211129,10X418,1322,Nuclei,1023060325,LKTX_211128_01_A01,10X418_1,human,Homo Sapiens,1176370564,M1TX_210609_153_A01_A01,FacsWellTemplate,Karolinkska
10X418-2,10Xv3,Brain_survey+Hu_Ref_Brain,CELL_RANGER,1176373689,AKTX_211126_01_B01,RKTX-211129,10X418,1352,Nuclei,1023060325,LKTX_211128_01_B01,10X418_2,human,Homo Sapiens,1176370572,M1TX_210609_153_B01_B01,FacsWellTemplate,Karolinkska
10X418-3,10Xv3,Brain_survey+Hu_Ref_Brain,CELL_RANGER,1176373693,AKTX_211126_01_C01,RKTX-211129,10X418,5948,Nuclei,1023060325,LKTX_211128_01_C01,10X418_3,human,Homo Sapiens,1176371380,M1TX_210625_152_A01_A01,FacsWellTemplate,Karolinkska
10X418-4,10Xv3,Brain_survey+Hu_Ref_Brain,CELL_RANGER,1176373697,AKTX_211126_01_D01,RKTX-211129,10X418,6032,Nuclei,1023060325,LKTX_211128_01_D01,10X418_4,human,Homo Sapiens,1176371389,M1TX_210625_152_B01_B01,FacsWellTemplate,Karolinkska
10X418-5,10Xv3,Brain_survey+Hu_Ref_Brain,CELL_RANGER,1176373702,AKTX_211126_01_E01,RKTX-211129,10X418,1294,Nuclei,1023060325,LKTX_211128_01_E01,10X418_5,human,Homo Sapiens,1176372624,M2TX_210607_202_A01_A01,FacsWellTemplate,Karolinkska
10X418-6,10Xv3,Brain_survey+Hu_Ref_Brain,CELL_RANGER,1176373706,AKTX_211126_01_F01,RKTX-211129,10X418,409,Nuclei,1023060325,LKTX_211128_01_F01,10X418_6,human,Homo Sapiens,1176372632,M2TX_210607_202_B01_B01,FacsWellTemplate,Karolinkska
10X418-7,10Xv3,Brain_survey+Hu_Ref_Brain,CELL_RANGER,1176373709,AKTX_211126_01_G01,RKTX-211129,10X418,479,Nuclei,1023060325,LKTX_211128_01_G01,10X418_7,human,Homo Sapiens,1176373211,M1TX_210622_101_A01_A01,FacsWellTemplate,Karolinkska
10X418-8,10Xv3,Brain_survey+Hu_Ref_Brain,CELL_RANGER,1176373714,AKTX_211126_01_H01,RKTX-211129,10X418,494,Nuclei,1023060325,LKTX_211128_01_H01,10X418_8,human,Homo Sapiens,1176373219,M1TX_210622_101_B01_B01,FacsWellTemplate,Karolinkska
10X419-1,10Xv3,Brain_survey+Hu_Ref_Brain,CELL_RANGER,1176390313,AKTX_211126_02_A01,RKTX-211129-1,10X419,1371,Nuclei,1023060325,LKTX_211128_02_A01,10X419_1,human,Homo Sapiens,1176388356,M1TX_210917_158_A01_A01,FacsWellTemplate,Karolinkska
10X419-2,10Xv3,Brain_survey+Hu_Ref_Brain,CELL_RANGER,1176390316,AKTX_211126_02_B01,RKTX-211129-1,10X419,1920,Nuclei,1023060325,LKTX_211128_02_B01,10X419_2,human,Homo Sapiens,1176388364,M1TX_210917_158_B01_B01,FacsWellTemplate,Karolinkska
10X419-3,10Xv3,Brain_survey+Hu_Ref_Brain,CELL_RANGER,1176390319,AKTX_211126_02_C01,RKTX-211129-1,10X419,314,Nuclei,1023060325,LKTX_211128_02_C01,10X419_3,human,Homo Sapiens,1176389990,M1TX_210917_157_A01_A01,FacsWellTemplate,Karolinkska
10X419-4,10Xv3,Brain_survey+Hu_Ref_Brain,CELL_RANGER,1176390321,AKTX_211126_02_D01,RKTX-211129-1,10X419,333,Nuclei,1023060325,LKTX_211128_02_D01,10X419_4,human,Homo Sapiens,1176389999,M1TX_210917_157_B01_B01,FacsWellTemplate,Karolinkska
10X220-7,10Xv3,Brain_survey+Hu_Ref_Brain,CELL_RANGER,1197766912,AKTX_190826_02_G01,RKTX-190829-1,10x220,4017,Nuclei,1023060325,LKTX_190828_02_G01,10X220_7,human,Homo Sapiens,1197765082,M1TX_190411_106_A01_A01,FacsWellTemplate,Karolinkska
10X220-8,10Xv3,Brain_survey+Hu_Ref_Brain,CELL_RANGER,1197766915,AKTX_190826_02_H01,RKTX-190829-1,10x220,5641,Nuclei,1023060325,LKTX_190828_02_H01,10X220_8,human,Homo Sapiens,1197765091,M1TX_190411_106_B01_B01,FacsWellTemplate,Karolinkska
NW_AT1501-1,10xATAC_v1.1,M1_cross-species_study,ATAC,1139918664,X8AT_211104_02_F01,R8AT-21112303,ATX-1501,10400,Nuclei,1023060300,L8AT_211108_01_H02,927_F02,south_american_squirrel_monkey,Saimiri sciureus,1138613576,M1AT_211104_153_F01,FacsWellTemplate,NWGC
NW_AT1501-10,10xATAC_v1.1,M1_cross-species_study,ATAC,1140797771,X8AT_211111_02_B01,R8AT-21112303,ATX-1501,10400,Nuclei,1023060300,L8AT_211117_01_G08,939_B02,rat,Rattus norvegicus,1140314987,M2AT_211111_252_B01,FacsWellTemplate,NWGC
NW_AT1501-11,10xATAC_v1.1,M1_cross-species_study,ATAC,1140797774,X8AT_211111_02_C01,R8AT-21112303,ATX-1501,10400,Nuclei,1023060300,L8AT_211117_01_H08,939_C02,rat,Rattus norvegicus,1140314986,M2AT_211111_252_C01,FacsWellTemplate,NWGC
NW_AT1501-12,10xATAC_v1.1,M1_cross-species_study,ATAC,1140797777,X8AT_211111_02_D01,R8AT-21112303,ATX-1501,10400,Nuclei,1023060300,L8AT_211117_01_A09,939_D02,rat,Rattus norvegicus,1140315932,M2AT_211111_251_D01,FacsWellTemplate,NWGC
NW_AT1501-2,10xATAC_v1.1,AD_Center_Grant,ATAC,1140797429,X8AT_211109_01_B01,R8AT-21112303,ATX-1501,10400,Nuclei,1023060300,L8AT_211117_01_G07,932_B01,human,Homo Sapiens,1140088175,M2AT_211109_216_B01,FacsWellTemplate,NWGC
NW_AT1501-3,10xATAC_v1.1,AD_Center_Grant,ATAC,1140797431,X8AT_211109_01_C01,R8AT-21112303,ATX-1501,10400,Nuclei,1023060300,L8AT_211117_01_H07,932_C01,human,Homo Sapiens,1140088176,M2AT_211109_216_C01,FacsWellTemplate,NWGC
NW_AT1501-4,10xATAC_v1.1,AD_Center_Grant,ATAC,1140797437,X8AT_211109_01_D01,R8AT-21112303,ATX-1501,10400,Nuclei,1023060300,L8AT_211117_01_A08,932_D01,human,Homo Sapiens,1140088177,M2AT_211109_216_D01,FacsWellTemplate,NWGC
NW_AT1501-5,10xATAC_v1.1,AD_Center_Grant,ATAC,1140797443,X8AT_211109_01_E01,R8AT-21112303,ATX-1501,10400,Nuclei,1023060300,L8AT_211117_01_B08,932_E01,human,Homo Sapiens,1140103647,M2AT_211109_211_E01,FacsWellTemplate,NWGC
NW_AT1501-6,10xATAC_v1.1,AD_Center_Grant,ATAC,1140797447,X8AT_211109_01_F01,R8AT-21112303,ATX-1501,10400,Nuclei,1023060300,L8AT_211117_01_C08,932_F01,human,Homo Sapiens,1140103648,M2AT_211109_211_F01,FacsWellTemplate,NWGC
NW_AT1501-7,10xATAC_v1.1,AD_Center_Grant,ATAC,1140797455,X8AT_211109_01_G01,R8AT-21112303,ATX-1501,10400,Nuclei,1023060300,L8AT_211117_01_D08,932_G01,human,Homo Sapiens,1140103649,M2AT_211109_211_G01,FacsWellTemplate,NWGC
NW_AT1501-8,10xATAC_v1.1,AD_Center_Grant,ATAC,1140797462,X8AT_211109_01_H01,R8AT-21112303,ATX-1501,10400,Nuclei,1023060300,L8AT_211117_01_E08,932_H01,human,Homo Sapiens,1140103650,M2AT_211109_211_H01,FacsWellTemplate,NWGC
NW_AT1501-9,10xATAC_v1.1,M1_cross-species_study,ATAC,1140797769,X8AT_211111_02_A01,R8AT-21112303,ATX-1501,10400,Nuclei,1023060300,L8AT_211117_01_F08,939_A02,rat,Rattus norvegicus,1140314988,M2AT_211111_252_A01,FacsWellTemplate,NWGC
NW_AT1502-1,10xATAC_v1.1,AD_Center_Grant,ATAC,1145355109,X8AT_211130_01_A01,R8AT-21121404,ATX-1502,10400,Nuclei,1023060300,L8AT_211201_01_E01,963_A01,human,Homo Sapiens,1144588358,M2AT_211130_216_A01,FacsWellTemplate,NWGC
NW_AT1502-2,10xATAC_v1.1,AD_Center_Grant,ATAC,1145355112,X8AT_211130_01_B01,R8AT-21121404,ATX-1502,10400,Nuclei,1023060300,L8AT_211201_01_F01,963_B01,human,Homo Sapiens,1144588359,M2AT_211130_216_B01,FacsWellTemplate,NWGC
NW_AT1502-3,10xATAC_v1.1,AD_Center_Grant,ATAC,1145355114,X8AT_211130_01_C01,R8AT-21121404,ATX-1502,10400,Nuclei,1023060300,L8AT_211201_01_G01,963_C01,human,Homo Sapiens,1144588360,M2AT_211130_216_C01,FacsWellTemplate,NWGC
NW_AT1502-4,10xATAC_v1.1,AD_Center_Grant,ATAC,1145355117,X8AT_211130_01_D01,R8AT-21121404,ATX-1502,10400,Nuclei,1023060300,L8AT_211201_01_H01,963_D01,human,Homo Sapiens,1144588362,M2AT_211130_216_D01,FacsWellTemplate,NWGC
NW_AT1502-5,10xATAC_v1.1,AD_Center_Grant+AD_Excluded,ATAC,1145355119,X8AT_211130_01_E01,R8AT-21121404,ATX-1502,10400,Nuclei,1023060300,L8AT_211201_01_A02,963_E01,human,Homo Sapiens,1144141554,M2AT_211130_206_E01,FacsWellTemplate,NWGC
NW_AT1502-6,10xATAC_v1.1,AD_Center_Grant,ATAC,1145355121,X8AT_211130_01_F01,R8AT-21121404,ATX-1502,10400,Nuclei,1023060300,L8AT_211201_01_B02,963_F01,human,Homo Sapiens,1144141555,M2AT_211130_206_F01,FacsWellTemplate,NWGC
NW_AT1502-7,10xATAC_v1.1,AD_Center_Grant,ATAC,1145355123,X8AT_211130_01_G01,R8AT-21121404,ATX-1502,10400,Nuclei,1023060300,L8AT_211201_01_C02,963_G01,human,Homo Sapiens,1144141556,M2AT_211130_206_G01,FacsWellTemplate,NWGC
NW_AT1502-8,10xATAC_v1.1,AD_Center_Grant,ATAC,1145355126,X8AT_211130_01_H01,R8AT-21121404,ATX-1502,10400,Nuclei,1023060300,L8AT_211201_01_D02,963_H01,human,Homo Sapiens,1144141557,M2AT_211130_206_H01,FacsWellTemplate,NWGC
NW_AT1503-1,10xATAC_v1.1,AD_Center_Grant,ATAC,1147454089,X8AT_211214_01_A01,R8AT-21122103,ATX-1503,10400,Nuclei,1023060300,L8AT_211215_01_E07,990_A01,human,Homo Sapiens,1147416220,M2AT_211214_216_A01,FacsWellTemplate,NWGC
NW_AT1503-2,10xATAC_v1.1,AD_Center_Grant,ATAC,1147454093,X8AT_211214_01_B01,R8AT-21122103,ATX-1503,10400,Nuclei,1023060300,L8AT_211215_01_F07,990_B01,human,Homo Sapiens,1147416221,M2AT_211214_216_B01,FacsWellTemplate,NWGC
NW_AT1503-3,10xATAC_v1.1,AD_Center_Grant,ATAC,1147454095,X8AT_211214_01_C01,R8AT-21122103,ATX-1503,10400,Nuclei,1023060300,L8AT_211215_01_G07,990_C01,human,Homo Sapiens,1147416222,M2AT_211214_216_C01,FacsWellTemplate,NWGC
NW_AT1503-4,10xATAC_v1.1,AD_Center_Grant,ATAC,1147454097,X8AT_211214_01_D01,R8AT-21122103,ATX-1503,10400,Nuclei,1023060300,L8AT_211215_01_H07,990_D01,human,Homo Sapiens,1147416223,M2AT_211214_216_D01,FacsWellTemplate,NWGC
NW_AT1503-5,10xATAC_v1.1,AD_Center_Grant,ATAC,1147454099,X8AT_211214_01_E01,R8AT-21122103,ATX-1503,10400,Nuclei,1023060300,L8AT_211215_01_E08,990_E01,human,Homo Sapiens,1146170978,M1AT_211214_211_E01,FacsWellTemplate,NWGC
NW_AT1503-6,10xATAC_v1.1,AD_Center_Grant,ATAC,1147454101,X8AT_211214_01_F01,R8AT-21122103,ATX-1503,10400,Nuclei,1023060300,L8AT_211215_01_A08,990_F01,human,Homo Sapiens,1146170979,M1AT_211214_211_F01,FacsWellTemplate,NWGC
NW_AT1503-7,10xATAC_v1.1,AD_Center_Grant,ATAC,1147454103,X8AT_211214_01_G01,R8AT-21122103,ATX-1503,10400,Nuclei,1023060300,L8AT_211215_01_B08,990_G01,human,Homo Sapiens,1146170980,M1AT_211214_211_G01,FacsWellTemplate,NWGC
NW_AT1503-8,10xATAC_v1.1,AD_Center_Grant,ATAC,1147454105,X8AT_211214_01_H01,R8AT-21122103,ATX-1503,10400,Nuclei,1023060300,L8AT_211215_01_C08,990_H01,human,Homo Sapiens,1146170981,M1AT_211214_211_H01,FacsWellTemplate,NWGC
NW_AT1504-1,10xATAC_v1.1,M1_cross-species_study,ATAC,1156098973,X8AT_220203_02_A01,R8AT-22021503,ATX-1504,10400,Nuclei,1023060300,L8AT_220209_01_G04,1064_A02,opossum,Monodelphis domestica,1156084795,M1AT_220203_151_A01,FacsWellTemplate,NWGC
NW_AT1504-10,10xATAC_v1.1,AD_Center_Grant,ATAC,1158194907,X8AT_220207_01_A01,R8AT-22021503,ATX-1504,10400,Nuclei,1023060300,L8AT_220209_01_F05,1069_A01,human,Homo Sapiens,1158138715,M2AT_220207_216_A01,FacsWellTemplate,NWGC
NW_AT1504-11,10xATAC_v1.1,AD_Center_Grant,ATAC,1158194909,X8AT_220207_01_B01,R8AT-22021503,ATX-1504,5065,Nuclei,1023060300,L8AT_220209_01_A06,1069_B01,human,Homo Sapiens,1158138716,M2AT_220207_216_B01,FacsWellTemplate,NWGC
NW_AT1504-12,10xATAC_v1.1,AD_Center_Grant,ATAC,1158194911,X8AT_220207_01_C01,R8AT-22021503,ATX-1504,3333,Nuclei,1023060300,L8AT_220209_01_B06,1069_C01,human,Homo Sapiens,1158138717,M2AT_220207_216_C01,FacsWellTemplate,NWGC
NW_AT1504-2,10xATAC_v1.1,M1_cross-species_study,ATAC,1156098975,X8AT_220203_02_B01,R8AT-22021503,ATX-1504,10400,Nuclei,1023060300,L8AT_220209_01_H04,1064_B02,opossum,Monodelphis domestica,1156084794,M1AT_220203_151_B01,FacsWellTemplate,NWGC
NW_AT1504-3,10xATAC_v1.1,M1_cross-species_study,ATAC,1156098980,X8AT_220203_02_D01,R8AT-22021503,ATX-1504,9558,Nuclei,1023060300,L8AT_220209_01_A05,1064_D02,opossum,Monodelphis domestica,1156085452,M1AT_220203_153_D01,FacsWellTemplate,NWGC
NW_AT1504-4,10xATAC_v1.1,M1_cross-species_study,ATAC,1156098982,X8AT_220203_02_E01,R8AT-22021503,ATX-1504,5473,Nuclei,1023060300,L8AT_220209_01_G05,1064_E02,opossum,Monodelphis domestica,1156085958,M1AT_220203_155_E01,FacsWellTemplate,NWGC
NW_AT1504-5,10xATAC_v1.1,M1_cross-species_study,ATAC,1156098985,X8AT_220203_02_F01,R8AT-22021503,ATX-1504,5473,Nuclei,1023060300,L8AT_220209_01_H05,1064_F02,opossum,Monodelphis domestica,1156085957,M1AT_220203_155_F01,FacsWellTemplate,NWGC
NW_AT1504-6,10xATAC_v1.1,AD_Center_Grant+Hu_Ref_Brain,ATAC,1157594873,X8AT_220204_03_A01,R8AT-22021503,ATX-1504,10400,Nuclei,1023060300,L8AT_220209_01_B05,1066_A03,human,Homo Sapiens,1157592077,M2AT_220204_207_A01,FacsWellTemplate,NWGC
NW_AT1504-7,10xATAC_v1.1,AD_Center_Grant+Hu_Ref_Brain,ATAC,1157594875,X8AT_220204_03_B01,R8AT-22021503,ATX-1504,10400,Nuclei,1023060300,L8AT_220209_01_C05,1066_B03,human,Homo Sapiens,1157592078,M2AT_220204_207_B01,FacsWellTemplate,NWGC
NW_AT1504-8,10xATAC_v1.1,AD_Center_Grant+Hu_Ref_Brain,ATAC,1157594877,X8AT_220204_03_C01,R8AT-22021503,ATX-1504,10400,Nuclei,1023060300,L8AT_220209_01_D05,1066_C03,human,Homo Sapiens,1157592079,M2AT_220204_207_C01,FacsWellTemplate,NWGC
NW_AT1504-9,10xATAC_v1.1,AD_Center_Grant+Hu_Ref_Brain,ATAC,1157594879,X8AT_220204_03_D01,R8AT-22021503,ATX-1504,10400,Nuclei,1023060300,L8AT_220209_01_E05,1066_D03,human,Homo Sapiens,1157592081,M2AT_220204_207_D01,FacsWellTemplate,NWGC
NW_AT1505-1,10xATAC_v1.1,AD_Center_Grant,ATAC,1165933979,X8AT_220321_01_B01,R8XA-22040504,ATX-1505,10400,Nuclei,1023060300,L8AT_220323_01_A02,1166_B01,human,Homo Sapiens,1165844030,M2AT_220321_211_B01,FacsWellTemplate,NWGC
NW_AT1505-10,10xATAC_v1.1,AD_Center_Grant,ATAC,1167622705,X8AT_220328_01_C01,R8XA-22040504,ATX-1505,8496,Nuclei,1023060300,L8AT_220330_01_F04,1180_C01,human,Homo Sapiens,1167616000,M2AT_220328_221_C01,FacsWellTemplate,NWGC
NW_AT1505-2,10xATAC_v1.1,AD_Center_Grant,ATAC,1165933981,X8AT_220321_01_C01,R8XA-22040504,ATX-1505,10400,Nuclei,1023060300,L8AT_220323_01_B02,1166_C01,human,Homo Sapiens,1165844031,M2AT_220321_211_C01,FacsWellTemplate,NWGC
NW_AT1505-3,10xATAC_v1.1,AD_Center_Grant,ATAC,1165933983,X8AT_220321_01_D01,R8XA-22040504,ATX-1505,10400,Nuclei,1023060300,L8AT_220323_01_C02,1166_D01,human,Homo Sapiens,1165844034,M2AT_220321_211_D01,FacsWellTemplate,NWGC
NW_AT1505-4,10xATAC_v1.1,AD_Center_Grant,ATAC,1165934204,X8AT_220322_02_A01,R8XA-22040504,ATX-1505,10400,Nuclei,1023060300,L8AT_220323_01_D02,1167_A02,human,Homo Sapiens,1165924991,M2AT_220322_206_A01,FacsWellTemplate,NWGC
NW_AT1505-5,10xATAC_v1.1,AD_Center_Grant,ATAC,1165934206,X8AT_220322_02_B01,R8XA-22040504,ATX-1505,10400,Nuclei,1023060300,L8AT_220323_01_E02,1167_B02,human,Homo Sapiens,1165924992,M2AT_220322_206_B01,FacsWellTemplate,NWGC
NW_AT1505-6,10xATAC_v1.1,AD_Center_Grant,ATAC,1165934211,X8AT_220322_02_C01,R8XA-22040504,ATX-1505,10400,Nuclei,1023060300,L8AT_220323_01_F02,1167_C02,human,Homo Sapiens,1165924993,M2AT_220322_206_C01,FacsWellTemplate,NWGC
NW_AT1505-7,10xATAC_v1.1,AD_Center_Grant,ATAC,1165934217,X8AT_220322_02_D01,R8XA-22040504,ATX-1505,10400,Nuclei,1023060300,L8AT_220323_01_G02,1167_D02,human,Homo Sapiens,1165924994,M2AT_220322_206_D01,FacsWellTemplate,NWGC
NW_AT1505-8,10xATAC_v1.1,AD_Center_Grant,ATAC,1167622699,X8AT_220328_01_A01,R8XA-22040504,ATX-1505,10400,Nuclei,1023060300,L8AT_220330_01_D04,1180_A01,human,Homo Sapiens,1167615994,M2AT_220328_221_A01,FacsWellTemplate,NWGC
NW_AT1505-9,10xATAC_v1.1,AD_Center_Grant,ATAC,1167622702,X8AT_220328_01_B01,R8XA-22040504,ATX-1505,10400,Nuclei,1023060300,L8AT_220330_01_E04,1180_B01,human,Homo Sapiens,1167615997,M2AT_220328_221_B01,FacsWellTemplate,NWGC
NW_AT1506-1,10xATAC_v1.1,AD_Center_Grant,ATAC,1224388321,X8AT_221028_02_A01,R8XA-22111505,ATX-1506,10400,Nuclei,1023060300,L8AT_221103_03_E11,1484_A02,human,Homo Sapiens,1223264620,M2AT_221028_221_A01,FacsWellTemplate,NWGC
NW_AT1506-10,10xATAC_v1.1,AD_Center_Grant,ATAC,1224387766,X8AT_221102_01_C01,R8XA-22111505,ATX-1506,10400,Nuclei,1023060300,L8AT_221103_03_E12,1494_C01,human,Homo Sapiens,1223747383,M2AT_221102_221_C01,FacsWellTemplate,NWGC
NW_AT1506-11,10xATAC_v1.1,AD_Center_Grant,ATAC,1224387768,X8AT_221102_01_D01,R8XA-22111505,ATX-1506,10400,Nuclei,1023060300,L8AT_221103_03_F12,1494_D01,human,Homo Sapiens,1223747384,M2AT_221102_221_D01,FacsWellTemplate,NWGC
NW_AT1506-12,10xATAC_v1.1,AD_Center_Grant,ATAC,1225452463,X8AT_221104_02_A01,R8XA-22111505,ATX-1506,10130,Nuclei,1023060300,L8AT_221109_01_B04,1497_A02,human,Homo Sapiens,1224874152,M2AT_221104_206_A01,FacsWellTemplate,NWGC
NW_AT1506-2,10xATAC_v1.1,AD_Center_Grant,ATAC,1224388323,X8AT_221028_02_B01,R8XA-22111505,ATX-1506,10400,Nuclei,1023060300,L8AT_221103_03_F11,1484_B02,human,Homo Sapiens,1223264621,M2AT_221028_221_B01,FacsWellTemplate,NWGC
NW_AT1506-3,10xATAC_v1.1,AD_Center_Grant,ATAC,1224388325,X8AT_221028_02_C01,R8XA-22111505,ATX-1506,3627,Nuclei,1023060300,L8AT_221103_03_G12,1484_C02,human,Homo Sapiens,1223264622,M2AT_221028_221_C01,FacsWellTemplate,NWGC
NW_AT1506-4,10xATAC_v1.1,AD_Center_Grant,ATAC,1224388043,X8AT_221101_03_A01,R8XA-22111505,ATX-1506,10400,Nuclei,1023060300,L8AT_221103_03_G11,1491_A03,human,Homo Sapiens,1223465584,M1AT_221101_226_A01,FacsWellTemplate,NWGC
NW_AT1506-5,10xATAC_v1.1,AD_Center_Grant,ATAC,1224388045,X8AT_221101_03_B01,R8XA-22111505,ATX-1506,10400,Nuclei,1023060300,L8AT_221103_03_H11,1491_B03,human,Homo Sapiens,1223465585,M1AT_221101_226_B01,FacsWellTemplate,NWGC
NW_AT1506-6,10xATAC_v1.1,AD_Center_Grant,ATAC,1224388048,X8AT_221101_03_C01,R8XA-22111505,ATX-1506,10400,Nuclei,1023060300,L8AT_221103_03_A12,1491_C03,human,Homo Sapiens,1223465586,M1AT_221101_226_C01,FacsWellTemplate,NWGC
NW_AT1506-7,10xATAC_v1.1,AD_Center_Grant,ATAC,1224388050,X8AT_221101_03_D01,R8XA-22111505,ATX-1506,10400,Nuclei,1023060300,L8AT_221103_03_B12,1491_D03,human,Homo Sapiens,1223465587,M1AT_221101_226_D01,FacsWellTemplate,NWGC
NW_AT1506-8,10xATAC_v1.1,AD_Center_Grant,ATAC,1224387760,X8AT_221102_01_A01,R8XA-22111505,ATX-1506,10400,Nuclei,1023060300,L8AT_221103_03_C12,1494_A01,human,Homo Sapiens,1223747381,M2AT_221102_221_A01,FacsWellTemplate,NWGC
NW_AT1506-9,10xATAC_v1.1,AD_Center_Grant,ATAC,1224387762,X8AT_221102_01_B01,R8XA-22111505,ATX-1506,10400,Nuclei,1023060300,L8AT_221103_03_D12,1494_B01,human,Homo Sapiens,1223747382,M2AT_221102_221_B01,FacsWellTemplate,NWGC
NW_AT1507-1,10xATAC_v1.1,AD_Center_Grant,ATAC,1225452465,X8AT_221104_02_B01,R8XA-22112902,ATX-1507,10400,Nuclei,1023060300,L8AT_221109_01_C04,1497_B02,human,Homo Sapiens,1224874153,M2AT_221104_206_B01,FacsWellTemplate,NWGC
NW_AT1507-10,10xATAC_v1.1,AD_Center_Grant,ATAC,1229652006,X8AT_221110_03_A01,R8XA-22112902,ATX-1507,10400,Nuclei,1023060300,L8AT_221116_01_A07,1509_A03,human,Homo Sapiens,1226008584,M1AT_221110_206_A01,FacsWellTemplate,NWGC
NW_AT1507-2,10xATAC_v1.1,AD_Center_Grant,ATAC,1225452467,X8AT_221104_02_C01,R8XA-22112902,ATX-1507,10400,Nuclei,1023060300,L8AT_221109_01_D04,1497_C02,human,Homo Sapiens,1224874154,M2AT_221104_206_C01,FacsWellTemplate,NWGC
NW_AT1507-3,10xATAC_v1.1,AD_Center_Grant,ATAC,1226744096,X8AT_221107_01_A01,R8XA-22112902,ATX-1507,10400,Nuclei,1023060300,L8AT_221109_01_E04,1504_A01,human,Homo Sapiens,1224589104,M1AT_221107_221_A01,FacsWellTemplate,NWGC
NW_AT1507-4,10xATAC_v1.1,AD_Center_Grant,ATAC,1226744100,X8AT_221107_01_B01,R8XA-22112902,ATX-1507,10400,Nuclei,1023060300,L8AT_221109_01_F04,1504_B01,human,Homo Sapiens,1224589105,M1AT_221107_221_B01,FacsWellTemplate,NWGC
NW_AT1507-5,10xATAC_v1.1,AD_Center_Grant,ATAC,1226744102,X8AT_221107_01_C01,R8XA-22112902,ATX-1507,10400,Nuclei,1023060300,L8AT_221109_01_G04,1504_C01,human,Homo Sapiens,1224589106,M1AT_221107_221_C01,FacsWellTemplate,NWGC
NW_AT1507-6,10xATAC_v1.1,AD_Center_Grant,ATAC,1226245427,X8AT_221108_02_A01,R8XA-22112902,ATX-1507,10400,Nuclei,1023060300,L8AT_221109_01_H04,1505_A02,human,Homo Sapiens,1226226998,M1AT_221108_201_A01,FacsWellTemplate,NWGC
NW_AT1507-7,10xATAC_v1.1,AD_Center_Grant,ATAC,1226245429,X8AT_221108_02_B01,R8XA-22112902,ATX-1507,10400,Nuclei,1023060300,L8AT_221109_01_A05,1505_B02,human,Homo Sapiens,1226226999,M1AT_221108_201_B01,FacsWellTemplate,NWGC
NW_AT1507-8,10xATAC_v1.1,AD_Center_Grant,ATAC,1226245432,X8AT_221108_02_C01,R8XA-22112902,ATX-1507,10400,Nuclei,1023060300,L8AT_221109_01_B05,1505_C02,human,Homo Sapiens,1226227000,M1AT_221108_201_C01,FacsWellTemplate,NWGC
NW_AT1507-9,10xATAC_v1.1,AD_Center_Grant,ATAC,1226245434,X8AT_221108_02_D01,R8XA-22112902,ATX-1507,10400,Nuclei,1023060300,L8AT_221109_01_C05,1505_D02,human,Homo Sapiens,1226227001,M1AT_221108_201_D01,FacsWellTemplate,NWGC
NW_AT1508-1,10xATAC_v1.1,AD_Center_Grant,ATAC,1229652009,X8AT_221110_03_B01,R8XA-22112903,ATX-1508,10400,Nuclei,1023060300,L8AT_221116_01_B07,1509_B03,human,Homo Sapiens,1226008585,M1AT_221110_206_B01,FacsWellTemplate,NWGC
NW_AT1508-10,10xATAC_v1.1,AD_Center_Grant,ATAC,1226823512,X8AT_221115_02_D01,R8XA-22112903,ATX-1508,10400,Nuclei,1023060300,L8AT_221116_01_C08,1514_D02,human,Homo Sapiens,1226792186,M2AT_221115_226_D01,FacsWellTemplate,NWGC
NW_AT1508-2,10xATAC_v1.1,AD_Center_Grant,ATAC,1229652011,X8AT_221110_03_C01,R8XA-22112903,ATX-1508,10400,Nuclei,1023060300,L8AT_221116_01_C07,1509_C03,human,Homo Sapiens,1226008586,M1AT_221110_206_C01,FacsWellTemplate,NWGC
NW_AT1508-3,10xATAC_v1.1,AD_Center_Grant,ATAC,1226734299,X8AT_221114_01_A01,R8XA-22112903,ATX-1508,10400,Nuclei,1023060300,L8AT_221116_01_D07,1512_A01,human,Homo Sapiens,1226271820,M2AT_221114_221_A01,FacsWellTemplate,NWGC
NW_AT1508-4,10xATAC_v1.1,AD_Center_Grant,ATAC,1226734301,X8AT_221114_01_B01,R8XA-22112903,ATX-1508,10400,Nuclei,1023060300,L8AT_221116_01_E07,1512_B01,human,Homo Sapiens,1226271821,M2AT_221114_221_B01,FacsWellTemplate,NWGC
NW_AT1508-5,10xATAC_v1.1,AD_Center_Grant,ATAC,1226734305,X8AT_221114_01_C01,R8XA-22112903,ATX-1508,10400,Nuclei,1023060300,L8AT_221116_01_F07,1512_C01,human,Homo Sapiens,1226271822,M2AT_221114_221_C01,FacsWellTemplate,NWGC
NW_AT1508-6,10xATAC_v1.1,AD_Center_Grant,ATAC,1226734307,X8AT_221114_01_D01,R8XA-22112903,ATX-1508,10400,Nuclei,1023060300,L8AT_221116_01_G07,1512_D01,human,Homo Sapiens,1226271823,M2AT_221114_221_D01,FacsWellTemplate,NWGC
NW_AT1508-7,10xATAC_v1.1,AD_Center_Grant,ATAC,1226823505,X8AT_221115_02_A01,R8XA-22112903,ATX-1508,10400,Nuclei,1023060300,L8AT_221116_01_H07,1514_A02,human,Homo Sapiens,1226792183,M2AT_221115_226_A01,FacsWellTemplate,NWGC
NW_AT1508-8,10xATAC_v1.1,AD_Center_Grant,ATAC,1226823508,X8AT_221115_02_B01,R8XA-22112903,ATX-1508,10400,Nuclei,1023060300,L8AT_221116_01_A08,1514_B02,human,Homo Sapiens,1226792184,M2AT_221115_226_B01,FacsWellTemplate,NWGC
NW_AT1508-9,10xATAC_v1.1,AD_Center_Grant,ATAC,1226823510,X8AT_221115_02_C01,R8XA-22112903,ATX-1508,10400,Nuclei,1023060300,L8AT_221116_01_B08,1514_C02,human,Homo Sapiens,1226792185,M2AT_221115_226_C01,FacsWellTemplate,NWGC
NW_AT1509-1,10xATAC_v1.1,AD_Center_Grant,ATAC,1226979325,X8AT_221117_03_A01,R8XA-22120604,ATX-1509,10400,Nuclei,1023060300,L8AT_221123_01_G09,1519_A03,human,Homo Sapiens,1226941722,M1AT_221117_206_A01,FacsWellTemplate,NWGC
NW_AT1509-2,10xATAC_v1.1,AD_Center_Grant,ATAC,1226979330,X8AT_221117_03_B01,R8XA-22120604,ATX-1509,10400,Nuclei,1023060300,L8AT_221123_01_H09,1519_B03,human,Homo Sapiens,1226941723,M1AT_221117_206_B01,FacsWellTemplate,NWGC
NW_AT1509-3,10xATAC_v1.1,AD_Center_Grant,ATAC,1227893400,X8AT_221121_01_A01,R8XA-22120604,ATX-1509,10400,Nuclei,1023060300,L8AT_221123_01_A10,1521_A01,human,Homo Sapiens,1227806727,M2AT_221121_226_A01,FacsWellTemplate,NWGC
NW_AT1509-4,10xATAC_v1.1,AD_Center_Grant,ATAC,1227893402,X8AT_221121_01_B01,R8XA-22120604,ATX-1509,10400,Nuclei,1023060300,L8AT_221123_01_B10,1521_B01,human,Homo Sapiens,1227806728,M2AT_221121_226_B01,FacsWellTemplate,NWGC
NW_AT1509-5,10xATAC_v1.1,AD_Center_Grant,ATAC,1227893406,X8AT_221121_01_C01,R8XA-22120604,ATX-1509,10400,Nuclei,1023060300,L8AT_221123_01_C10,1521_C01,human,Homo Sapiens,1227806729,M2AT_221121_226_C01,FacsWellTemplate,NWGC
NW_AT1509-6,10xATAC_v1.1,AD_Center_Grant,ATAC,1227893408,X8AT_221121_01_D01,R8XA-22120604,ATX-1509,10400,Nuclei,1023060300,L8AT_221123_01_D10,1521_D01,human,Homo Sapiens,1227806730,M2AT_221121_226_D01,FacsWellTemplate,NWGC
NW_AT1509-7,10xATAC_v1.1,AD_Center_Grant,ATAC,1229421151,X8AT_221122_02_B01,R8XA-22120604,ATX-1509,10400,Nuclei,1023060300,L8AT_221123_01_E10,1522_B02,human,Homo Sapiens,1229404474,M2AT_221122_221_B01,FacsWellTemplate,NWGC
NW_AT1509-8,10xATAC_v1.1,AD_Center_Grant,ATAC,1229421153,X8AT_221122_02_C01,R8XA-22120604,ATX-1509,10400,Nuclei,1023060300,L8AT_221123_01_F10,1522_C02,human,Homo Sapiens,1229404475,M2AT_221122_221_C01,FacsWellTemplate,NWGC
NW_AT1509-9,10xATAC_v1.1,AD_Center_Grant,ATAC,1229421156,X8AT_221122_02_D01,R8XA-22120604,ATX-1509,10400,Nuclei,1023060300,L8AT_221123_01_G10,1522_D02,human,Homo Sapiens,1229404476,M2AT_221122_221_D01,FacsWellTemplate,NWGC
NW_AT1510-1,10xATAC_v1.1,AD_Center_Grant,ATAC,1230978818,X8AT_221129_01_A01,R8XA-22121302,ATX-1510,3627,Nuclei,1023060300,L8AT_221130_01_D11,1524_A01,human,Homo Sapiens,1230714266,M1AT_221129_221_A01,FacsWellTemplate,NWGC
NW_AT1510-10,10xATAC_v1.1,AD_Center_Grant,ATAC,1230689259,X8AT_221202_03_B01,R8XA-22121302,ATX-1510,10400,Nuclei,1023060300,L8AT_221206_01_B12,1530_B03,human,Homo Sapiens,1230658566,M2AT_221202_226_B01,FacsWellTemplate,NWGC
NW_AT1510-11,10xATAC_v1.1,AD_Center_Grant,ATAC,1230689261,X8AT_221202_03_C01,R8XA-22121302,ATX-1510,10400,Nuclei,1023060300,L8AT_221206_01_C12,1530_C03,human,Homo Sapiens,1230658568,M2AT_221202_226_C01,FacsWellTemplate,NWGC
NW_AT1510-2,10xATAC_v1.1,AD_Center_Grant,ATAC,1230978820,X8AT_221129_01_B01,R8XA-22121302,ATX-1510,10400,Nuclei,1023060300,L8AT_221130_01_A11,1524_B01,human,Homo Sapiens,1230714267,M1AT_221129_221_B01,FacsWellTemplate,NWGC
NW_AT1510-3,10xATAC_v1.1,AD_Center_Grant,ATAC,1230978822,X8AT_221129_01_C01,R8XA-22121302,ATX-1510,10400,Nuclei,1023060300,L8AT_221130_01_B11,1524_C01,human,Homo Sapiens,1230714268,M1AT_221129_221_C01,FacsWellTemplate,NWGC
NW_AT1510-4,10xATAC_v1.1,AD_Center_Grant,ATAC,1230978824,X8AT_221129_01_D01,R8XA-22121302,ATX-1510,10400,Nuclei,1023060300,L8AT_221130_01_C11,1524_D01,human,Homo Sapiens,1230714269,M1AT_221129_221_D01,FacsWellTemplate,NWGC
NW_AT1510-5,10xATAC_v1.1,AD_Center_Grant,ATAC,1233366674,X8AT_221201_02_A01,R8XA-22121302,ATX-1510,10400,Nuclei,1023060300,L8AT_221206_01_E11,1527_A02,human,Homo Sapiens,1230736309,M1AT_221201_221_A01,FacsWellTemplate,NWGC
NW_AT1510-6,10xATAC_v1.1,AD_Center_Grant,ATAC,1233366676,X8AT_221201_02_B01,R8XA-22121302,ATX-1510,10400,Nuclei,1023060300,L8AT_221206_01_F11,1527_B02,human,Homo Sapiens,1230736310,M1AT_221201_221_B01,FacsWellTemplate,NWGC
NW_AT1510-7,10xATAC_v1.1,AD_Center_Grant,ATAC,1233366679,X8AT_221201_02_C01,R8XA-22121302,ATX-1510,10400,Nuclei,1023060300,L8AT_221206_01_G11,1527_C02,human,Homo Sapiens,1230736311,M1AT_221201_221_C01,FacsWellTemplate,NWGC
NW_AT1510-8,10xATAC_v1.1,AD_Center_Grant,ATAC,1233366681,X8AT_221201_02_D01,R8XA-22121302,ATX-1510,10400,Nuclei,1023060300,L8AT_221206_01_H11,1527_D02,human,Homo Sapiens,1230736312,M1AT_221201_221_D01,FacsWellTemplate,NWGC
NW_AT1510-9,10xATAC_v1.1,AD_Center_Grant,ATAC,1230689257,X8AT_221202_03_A01,R8XA-22121302,ATX-1510,10400,Nuclei,1023060300,L8AT_221206_01_A12,1530_A03,human,Homo Sapiens,1230658564,M2AT_221202_226_A01,FacsWellTemplate,NWGC
NY-AT16001-1,10xATAC_Mult,BICAN_Dev_Atlas+P0_Pilot,ARC-ATAC,1271119380,B8XM_230509_01_C02,R8XA-23062103,ATX-16001,10000,Nuclei,1061736689,L8XA_230509_01_D04,1709_A01,mouse,Mus musculus,1269077340,M2XM_230508_211-A_A01,FacsWellTemplate,NYGC
NY-AT16001-2,10xATAC_Mult,BICAN_Dev_Atlas+P0_Pilot,ARC-ATAC,1271119383,B8XM_230509_01_D02,R8XA-23062103,ATX-16001,10000,Nuclei,1061736689,L8XA_230509_01_E04,1709_B01,mouse,Mus musculus,1269077341,M2XM_230508_211-A_B01,FacsWellTemplate,NYGC
NY-AT16001-3,10xATAC_Mult,BICAN_Dev_Atlas+P0_Pilot,ARC-ATAC,1272524528,B8XM_230516_01_A01,R8XA-23062103,ATX-16001,10000,Nuclei,1061736689,L8XA_230516_01_G05,1710_A02,mouse,Mus musculus,1270819962,M2XM_230509_221-A_A01,FacsWellTemplate,NYGC
NY-AT16001-4,10xATAC_Mult,BICAN_Dev_Atlas+P0_Pilot,ARC-ATAC,1272524530,B8XM_230516_01_B01,R8XA-23062103,ATX-16001,10000,Nuclei,1061736689,L8XA_230516_01_G04,1710_B02,mouse,Mus musculus,1270819963,M2XM_230509_221-A_B01,FacsWellTemplate,NYGC
NY-AT16001-5,10xATAC_Mult,BICAN_Dev_Atlas+P0_Pilot,ARC-ATAC,1272524533,B8XM_230516_01_C01,R8XA-23062103,ATX-16001,10000,Nuclei,1061736689,L8XA_230516_01_H04,1710_C02,mouse,Mus musculus,1270644555,M2XM_230509_231-A_C01,FacsWellTemplate,NYGC
NY-AT16001-6,10xATAC_Mult,BICAN_Dev_Atlas+P0_Pilot,ARC-ATAC,1272524535,B8XM_230516_01_D01,R8XA-23062103,ATX-16001,10000,Nuclei,1061736689,L8XA_230516_01_A05,1710_D02,mouse,Mus musculus,1270644556,M2XM_230509_231-A_D01,FacsWellTemplate,NYGC
NY-AT16001-7,10xATAC_Mult,BICAN_Dev_Atlas+P0_Pilot,ARC-ATAC,1272524543,B8XM_230516_01_G01,R8XA-23062103,ATX-16001,10000,Nuclei,1061736689,L8XA_230516_01_C05,1713_A04,mouse,Mus musculus,1271785491,M2XM_230512_231-A_A01,FacsWellTemplate,NYGC
NY-AT16001-8,10xATAC_Mult,BICAN_Dev_Atlas+P0_Pilot,ARC-ATAC,1272524545,B8XM_230516_01_H01,R8XA-23062103,ATX-16001,10000,Nuclei,1061736689,L8XA_230516_01_D05,1713_B04,mouse,Mus musculus,1271785492,M2XM_230512_231-A_B01,FacsWellTemplate,NYGC
NY-AT16001-9,10xATAC_Mult,BICAN_Dev_Atlas+P0_Pilot,ARC-ATAC,1272524547,B8XM_230516_01_A02,R8XA-23062103,ATX-16001,10000,Nuclei,1061736689,L8XA_230516_01_E05,1713_C04,mouse,Mus musculus,1270459630,M2XM_230512_211-A_C01,FacsWellTemplate,NYGC
NY-AT16002-1,10xATAC_Mult,BICAN_Dev_Atlas+P0_Pilot,ARC-ATAC,1272524549,B8XM_230516_01_B02,R8XA-23070503,ATX-16002,10000,Nuclei,1061736689,L8XA_230516_01_F05,1713_D04,mouse,Mus musculus,1270459631,M2XM_230512_211-A_D01,FacsWellTemplate,NYGC
NY-AT16002-2,10xATAC_Mult,HMBA_Macaque_Atlas+HMBA_Macaque_Atlas_THM,ARC-ATAC,1276784365,B8XM_230613_01_E01,R8XA-23070503,ATX-16002,4968,Nuclei,1061736689,L8XA_230613_01_B09,1743_A01,macaque,Macaca mulatta,1276525725,M1XM_230612_241-A_A01,FacsWellTemplate,NYGC
NY-AT16002-3,10xATAC_Mult,HMBA_Macaque_Atlas+HMBA_Macaque_Atlas_M,ARC-ATAC,1276784368,B8XM_230613_01_F01,R8XA-23070503,ATX-16002,4130,Nuclei,1061736689,L8XA_230613_01_C09,1743_B01,macaque,Macaca mulatta,1276525726,M1XM_230612_241-A_B01,FacsWellTemplate,NYGC
NY-AT16002-4,10xATAC_Mult,HMBA_Macaque_Atlas+HMBA_Macaque_Atlas_THM,ARC-ATAC,1278407178,B8XM_230620_01_A01,R8XA-23070503,ATX-16002,10000,Nuclei,1061736689,L8XA_230620_01_F09,1745_A02,macaque,Macaca mulatta,1277942244,M1XM_230614_226-A_A01,FacsWellTemplate,NYGC
NY-AT16002-5,10xATAC_Mult,BG_paper_Macaque+HMBA_Macaque_Atlas+HMBA_Macaque_Atlas_BN_BF,ARC-ATAC,1278407185,B8XM_230620_01_D01,R8XA-23070503,ATX-16002,10000,Nuclei,1061736689,L8XA_230620_01_G09,1748_A04,macaque,Macaca mulatta,1277944286,M1XM_230616_241-A_A01,FacsWellTemplate,NYGC
NY-AT16002-6,10xATAC_Mult,HMBA_Macaque_Atlas+HMBA_Macaque_Atlas_BN_BF,ARC-ATAC,1278407188,B8XM_230620_01_E01,R8XA-23070503,ATX-16002,10000,Nuclei,1061736689,L8XA_230620_01_H09,1748_B04,macaque,Macaca mulatta,1277944287,M1XM_230616_241-A_B01,FacsWellTemplate,NYGC
NY-AT16002-7,10xATAC_Mult,HMBA_Macaque_Atlas+HMBA_Macaque_Atlas_BN_BF,ARC-ATAC,1278407190,B8XM_230620_01_F01,R8XA-23070503,ATX-16002,10000,Nuclei,1061736689,L8XA_230620_01_A10,1748_C04,macaque,Macaca mulatta,1277944288,M1XM_230616_241-A_C01,FacsWellTemplate,NYGC
NY-AT16002-8,10xATAC_Mult,BG_paper_Macaque+HMBA_Macaque_Atlas+HMBA_Macaque_Atlas_BN_BF,ARC-ATAC,1279884628,B8XM_230627_01_A01,R8XA-23070503,ATX-16002,10000,Nuclei,1061736689,L8XA_230627_01_B10,1750_A01,macaque,Macaca mulatta,1278014318,M1XM_230620_241-A_A01,FacsWellTemplate,NYGC
NY-AT16002-9,10xATAC_Mult,BG_paper_Macaque+HMBA_Macaque_Atlas+HMBA_Macaque_Atlas_BN_BF,ARC-ATAC,1279884630,B8XM_230627_01_B01,R8XA-23070503,ATX-16002,13913,Nuclei,1061736689,L8XA_230627_01_C10,1750_B01,macaque,Macaca mulatta,1278014319,M1XM_230620_241-A_B01,FacsWellTemplate,NYGC
NY-AT16003-1,10xATAC_Mult,BG_paper_Macaque+HMBA_Macaque_Atlas+HMBA_Macaque_Atlas_BN_BF,ARC-ATAC,1279884633,B8XM_230627_01_C01,R8XA-23080104,ATX-16003,10000,Nuclei,1061736689,L8XA_230627_01_D10,1751_A02,macaque,Macaca mulatta,1279285227,M2XM_230621_211-A_A01,FacsWellTemplate,NYGC
NY-AT16003-10,10xATAC_Mult,BICAN_Dev_Atlas+P0_Pilot,ARC-ATAC,1286078099,B8XM_230725_01_E02,R8XA-23080104,ATX-16003,10000,Nuclei,1061736689,L8XA_230725_01_E03,1791_D01,mouse,Mus musculus,1286072770,M2XM_230724_201-A_D01,FacsWellTemplate,NYGC
NY-AT16003-11,10xATAC_Mult,HMBA_Macaque_Atlas+HMBA_Macaque_Atlas_CB,ARC-ATAC,1286078102,B8XM_230725_01_F02,R8XA-23080104,ATX-16003,10000,Nuclei,1061736689,L8XA_230725_01_F03,1792_A02,macaque,Macaca mulatta,1285380595,M2XM_230724_211-A_A01,FacsWellTemplate,NYGC
NY-AT16003-12,10xATAC_Mult,HMBA_Macaque_Atlas+HMBA_Macaque_Atlas_CB,ARC-ATAC,1286078104,B8XM_230725_01_G02,R8XA-23080104,ATX-16003,2500,Nuclei,1061736689,L8XA_230725_01_E02,1792_B02,macaque,Macaca mulatta,1285380596,M2XM_230724_211-A_B01,FacsWellTemplate,NYGC
NY-AT16003-2,10xATAC_Mult,BG_paper_Macaque+HMBA_Macaque_Atlas+HMBA_Macaque_Atlas_BN_BF,ARC-ATAC,1279884636,B8XM_230627_01_D01,R8XA-23080104,ATX-16003,10000,Nuclei,1061736689,L8XA_230627_01_E10,1751_B02,macaque,Macaca mulatta,1279285229,M2XM_230621_211-A_B01,FacsWellTemplate,NYGC
NY-AT16003-3,10xATAC_Mult,HMBA_Macaque_Atlas+HMBA_Macaque_Atlas_H,ARC-ATAC,1285915619,B8XM_230711_01_A01,R8XA-23080104,ATX-16003,4782,Nuclei,1061736689,L8XA_230711_01_A01,1767_A01,macaque,Macaca mulatta,1281312832,M2XM_230703_221-A_A01,FacsWellTemplate,NYGC
NY-AT16003-4,10xATAC_Mult,HMBA_Macaque_Atlas+HMBA_Macaque_Atlas_CB,ARC-ATAC,1285915625,B8XM_230711_01_D01,R8XA-23080104,ATX-16003,4068,Nuclei,1061736689,L8XA_230711_01_B01,1770_A04,macaque,Macaca mulatta,1282134239,M2XM_230706_211-A_A01,FacsWellTemplate,NYGC
NY-AT16003-5,10xATAC_Mult,HMBA_Macaque_Atlas+HMBA_Macaque_Atlas_CB,ARC-ATAC,1285915628,B8XM_230711_01_E01,R8XA-23080104,ATX-16003,10000,Nuclei,1061736689,L8XA_230711_01_D01,1770_B04,macaque,Macaca mulatta,1282134240,M2XM_230706_211-A_B01,FacsWellTemplate,NYGC
NY-AT16003-6,10xATAC_Mult,HMBA_Macaque_Atlas+HMBA_Macaque_Atlas_CB,ARC-ATAC,1285915634,B8XM_230711_01_H01,R8XA-23080104,ATX-16003,2860,Nuclei,1061736689,L8XA_230711_01_C01,1773_A06,macaque,Macaca mulatta,1282715573,M1XM_230707_226-A_A01,FacsWellTemplate,NYGC
NY-AT16003-7,10xATAC_Mult,HMBA_Macaque_Atlas+HMBA_Macaque_Atlas_CB,ARC-ATAC,1286078076,B8XM_230725_01_C01,R8XA-23080104,ATX-16003,5962,Nuclei,1061736689,L8XA_230725_01_C02,1787_A03,macaque,Macaca mulatta,1285206980,M2XM_230720_211-A_A01,FacsWellTemplate,NYGC
NY-AT16003-8,10xATAC_Mult,HMBA_Macaque_Atlas+HMBA_Macaque_Atlas_CB,ARC-ATAC,1286078079,B8XM_230725_01_D01,R8XA-23080104,ATX-16003,3602,Nuclei,1061736689,L8XA_230725_01_D02,1787_B03,macaque,Macaca mulatta,1285206981,M2XM_230720_211-A_B01,FacsWellTemplate,NYGC
NY-AT16003-9,10xATAC_Mult,BICAN_Dev_Atlas+P0_Pilot,ARC-ATAC,1286078096,B8XM_230725_01_D02,R8XA-23080104,ATX-16003,10000,Nuclei,1061736689,L8XA_230725_01_D03,1791_C01,mouse,Mus musculus,1286072769,M2XM_230724_201-A_C01,FacsWellTemplate,NYGC
NY-AT16004-1,10xATAC_Mult,HMBA_Macaque_Atlas+HMBA_Macaque_Atlas_H,ARC-ATAC,1291008139,B8XM_230815_01_E03,R8XA-23082205,ATX-16004,10000,Nuclei,1061736689,L8XA_230815_01_D07,1820_A02,macaque,Macaca mulatta,1290813381,M2XM_230814_221-A_A01,FacsWellTemplate,NYGC
NY-AT16004-2,10xATAC_Mult,HMBA_Macaque_Atlas+HMBA_Macaque_Atlas_H,ARC-ATAC,1291008141,B8XM_230815_01_F03,R8XA-23082205,ATX-16004,10000,Nuclei,1061736689,L8XA_230815_01_E07,1820_B02,macaque,Macaca mulatta,1290813382,M2XM_230814_221-A_B01,FacsWellTemplate,NYGC
NY-AT16004-3,10xATAC_Mult,HMBA_Macaque_Atlas+HMBA_Macaque_Atlas_AMY,ARC-ATAC,1288557853,B8XM_230808_01_A01,R8XA-23082205,ATX-16004,10000,Nuclei,1061736689,L8XA_230808_01_F05,1799_A03,macaque,Macaca mulatta,1287255604,M2XM_230801_211-A_A01,FacsWellTemplate,NYGC
NY-AT16004-4,10xATAC_Mult,HMBA_Macaque_Atlas+HMBA_Macaque_Atlas_AMY,ARC-ATAC,1288557856,B8XM_230808_01_B01,R8XA-23082205,ATX-16004,10000,Nuclei,1061736689,L8XA_230808_01_G05,1799_B03,macaque,Macaca mulatta,1287255605,M2XM_230801_211-A_B01,FacsWellTemplate,NYGC
NY-AT16004-5,10xATAC_Mult,HMBA_Macaque_Atlas+HMBA_Macaque_Atlas_H,ARC-ATAC,1291008092,B8XM_230815_01_A01,R8XA-23082205,ATX-16004,3478,Nuclei,1061736689,L8XA_230815_01_A07,1811_A02,macaque,Macaca mulatta,1289980881,M2XM_230808_221-A_A01,FacsWellTemplate,NYGC
NY-AT16004-6,10xATAC_Mult,BICAN_Dev_Atlas+BICAN_Dev_P4,ARC-ATAC,1291008094,B8XM_230815_01_B01,R8XA-23082205,ATX-16004,10000,Nuclei,1061736689,L8XA_230815_01_F07,1816_A07,mouse,Mus musculus,1289979376,M2XM_230809_216-A_A01,FacsWellTemplate,NYGC
NY-AT16004-7,10xATAC_Mult,BICAN_Dev_Atlas+BICAN_Dev_P4,ARC-ATAC,1291008096,B8XM_230815_01_C01,R8XA-23082205,ATX-16004,10000,Nuclei,1061736689,L8XA_230815_01_G07,1816_B07,mouse,Mus musculus,1289979377,M2XM_230809_216-A_B01,FacsWellTemplate,NYGC
NY-AT16004-8,10xATAC_Mult,BICAN_Dev_Atlas+BICAN_Dev_P4,ARC-ATAC,1291008099,B8XM_230815_01_D01,R8XA-23082205,ATX-16004,10000,Nuclei,1061736689,L8XA_230815_01_H07,1816_C07,mouse,Mus musculus,1288801186,M2XM_230809_211-A_C01,FacsWellTemplate,NYGC
NY-AT16004-9,10xATAC_Mult,BICAN_Dev_Atlas+BICAN_Dev_P4,ARC-ATAC,1291008101,B8XM_230815_01_E01,R8XA-23082205,ATX-16004,10000,Nuclei,1061736689,L8XA_230815_01_A08,1816_D07,mouse,Mus musculus,1288801187,M2XM_230809_211-A_D01,FacsWellTemplate,NYGC
NY-AT16005-1,10xATAC_Mult,HMBA_Macaque_Atlas+HMBA_Macaque_Atlas_CB,ARC-ATAC,1291008113,B8XM_230815_01_B02,R8XA-23082206,ATX-16005,10000,Nuclei,1061736689,L8XA_230815_01_B07,1815_A06,macaque,Macaca mulatta,1290005068,M2XM_230810_241-A_A01,FacsWellTemplate,NYGC
NY-AT16005-2,10xATAC_Mult,HMBA_Macaque_Atlas+HMBA_Macaque_Atlas_H,ARC-ATAC,1291008115,B8XM_230815_01_C02,R8XA-23082206,ATX-16005,9037,Nuclei,1061736689,L8XA_230815_01_C07,1815_B06,macaque,Macaca mulatta,1290005069,M2XM_230810_241-A_B01,FacsWellTemplate,NYGC
NY-AT16005-3,10xATAC_Mult,BICAN_Dev_Atlas+BICAN_Dev_P4,ARC-ATAC,1291008117,B8XM_230815_01_D02,R8XA-23082206,ATX-16005,10000,Nuclei,1061736689,L8XA_230815_01_F08,1829_A10,mouse,Mus musculus,1290244537,M2XM_230811_221-A_A01,FacsWellTemplate,NYGC
NY-AT16005-4,10xATAC_Mult,BICAN_Dev_Atlas+BICAN_Dev_P4,ARC-ATAC,1291008120,B8XM_230815_01_E02,R8XA-23082206,ATX-16005,10000,Nuclei,1061736689,L8XA_230815_01_G08,1829_B10,mouse,Mus musculus,1290244538,M2XM_230811_221-A_B01,FacsWellTemplate,NYGC
NY-AT16005-5,10xATAC_Mult,BICAN_Dev_Atlas+BICAN_Dev_P4,ARC-ATAC,1291008130,B8XM_230815_01_A03,R8XA-23082206,ATX-16005,10000,Nuclei,1061736689,L8XA_230815_01_H08,1819_A01,mouse,Mus musculus,1290604907,M2XM_230814_216-A_A01,FacsWellTemplate,NYGC
NY-AT16005-6,10xATAC_Mult,BICAN_Dev_Atlas+BICAN_Dev_P4,ARC-ATAC,1291008133,B8XM_230815_01_B03,R8XA-23082206,ATX-16005,10000,Nuclei,1061736689,L8XA_230815_01_A09,1819_B01,mouse,Mus musculus,1290604908,M2XM_230814_216-A_B01,FacsWellTemplate,NYGC
NY-AT16005-7,10xATAC_Mult,BICAN_Dev_Atlas+BICAN_Dev_P4,ARC-ATAC,1291008135,B8XM_230815_01_C03,R8XA-23082206,ATX-16005,10000,Nuclei,1061736689,L8XA_230815_01_B09,1819_C01,mouse,Mus musculus,1290812740,M2XM_230814_211-A_C01,FacsWellTemplate,NYGC
NY-AT16005-8,10xATAC_Mult,BICAN_Dev_Atlas+BICAN_Dev_P4,ARC-ATAC,1291008137,B8XM_230815_01_D03,R8XA-23082206,ATX-16005,10000,Nuclei,1061736689,L8XA_230815_01_C09,1819_D01,mouse,Mus musculus,1290812741,M2XM_230814_211-A_D01,FacsWellTemplate,NYGC
NY-AT16006-1,10xATAC_Mult,HMBA_Macaque_Atlas+HMBA_Macaque_Atlas_CB,ARC-ATAC,1293279479,B8XM_230822_01_A01,R8XA-23082902,ATX-16006,7670,Nuclei,1061736689,L8XA_230822_01_A10,1821_A03,macaque,Macaca mulatta,1291738157,M2XM_230815_241-A_A01,FacsWellTemplate,NYGC
NY-AT16006-10,10xATAC_Mult,HMBA_Human_Atlas+HMBA_Human_Atlas_M,ARC-ATAC,1293279511,B8XM_230822_01_D02,R8XA-23082902,ATX-16006,10000,Nuclei,1061736689,L8XA_230822_01_D10,1826_B07,human,Homo Sapiens,1292042362,M1XM_230817_216-A_B01,FacsWellTemplate,NYGC
NY-AT16006-2,10xATAC_Mult,HMBA_Macaque_Atlas+HMBA_Macaque_Atlas_H,ARC-ATAC,1293279481,B8XM_230822_01_B01,R8XA-23082902,ATX-16006,10000,Nuclei,1061736689,L8XA_230822_01_F09,1821_B03,macaque,Macaca mulatta,1291738158,M2XM_230815_241-A_B01,FacsWellTemplate,NYGC
NY-AT16006-3,10xATAC_Mult,BICAN_Dev_Atlas+BICAN_Dev_P4,ARC-ATAC,1293279484,B8XM_230822_01_C01,R8XA-23082902,ATX-16006,10000,Nuclei,1061736689,L8XA_230822_01_G10,1822_A04,mouse,Mus musculus,1291759363,M2XM_230816_216-A_A01,FacsWellTemplate,NYGC
NY-AT16006-4,10xATAC_Mult,BICAN_Dev_Atlas+BICAN_Dev_P4,ARC-ATAC,1293279486,B8XM_230822_01_D01,R8XA-23082902,ATX-16006,10000,Nuclei,1061736689,L8XA_230822_01_H10,1822_B04,mouse,Mus musculus,1291759365,M2XM_230816_216-A_B01,FacsWellTemplate,NYGC
NY-AT16006-5,10xATAC_Mult,BICAN_Dev_Atlas+BICAN_Dev_P4,ARC-ATAC,1293279494,B8XM_230822_01_E01,R8XA-23082902,ATX-16006,10000,Nuclei,1061736689,L8XA_230822_01_A11,1822_C04,mouse,Mus musculus,1292026304,M2XM_230816_206-A_C01,FacsWellTemplate,NYGC
NY-AT16006-6,10xATAC_Mult,BICAN_Dev_Atlas+BICAN_Dev_P4,ARC-ATAC,1293279497,B8XM_230822_01_F01,R8XA-23082902,ATX-16006,10000,Nuclei,1061736689,L8XA_230822_01_B11,1822_D04,mouse,Mus musculus,1292026305,M2XM_230816_206-A_D01,FacsWellTemplate,NYGC
NY-AT16006-7,10xATAC_Mult,HMBA_Macaque_Atlas+HMBA_Macaque_Atlas_Cx,ARC-ATAC,1293279499,B8XM_230822_01_G01,R8XA-23082902,ATX-16006,3850,Nuclei,1061736689,L8XA_230822_01_G09,1823_A05,macaque,Macaca mulatta,1292015570,M1XM_230816_221-A_A01,FacsWellTemplate,NYGC
NY-AT16006-8,10xATAC_Mult,HMBA_Macaque_Atlas+HMBA_Macaque_Atlas_Cx,ARC-ATAC,1293279502,B8XM_230822_01_H01,R8XA-23082902,ATX-16006,8913,Nuclei,1061736689,L8XA_230822_01_B10,1823_B05,macaque,Macaca mulatta,1292015571,M1XM_230816_221-A_B01,FacsWellTemplate,NYGC
NY-AT16006-9,10xATAC_Mult,HMBA_Human_Atlas+HMBA_Human_Atlas_M,ARC-ATAC,1293279508,B8XM_230822_01_C02,R8XA-23082902,ATX-16006,10000,Nuclei,1061736689,L8XA_230822_01_C10,1826_A07,human,Homo Sapiens,1292042363,M1XM_230817_216-A_A01,FacsWellTemplate,NYGC
NY-AT16007-1,10xATAC_Mult,HMBA_Cross_Species,ARC-ATAC,1293279513,B8XM_230822_01_E02,R8XA-23090606,ATX-16007,4813,Nuclei,1061736689,L8XA_230822_01_E10,1828_A08,rat,Rattus norvegicus,1291816787,M1XM_230818_151-A_A01,FacsWellTemplate,NYGC
NY-AT16007-10,10xATAC_Mult,HMBA_Human_Atlas+HMBA_Human_Atlas_M,ARC-ATAC,1294127325,B8XM_230829_01_G01,R8XA-23090606,ATX-16007,10000,Nuclei,1061736689,L8XA_230829_01_C02,1835_D03,human,Homo Sapiens,1293508139,M2XM_230823_216-A_D01,FacsWellTemplate,NYGC
NY-AT16007-11,10xATAC_Mult,HMBA_Cross_Species,ARC-ATAC,1294127332,B8XM_230829_01_B02,R8XA-23090606,ATX-16007,5823,Nuclei,1061736689,L8XA_230829_01_D02,1839_A07,rat,Rattus norvegicus,1292736499,M2XM_230825_151-A_A01,FacsWellTemplate,NYGC
NY-AT16007-2,10xATAC_Mult,HMBA_Cross_Species,ARC-ATAC,1293279515,B8XM_230822_01_F02,R8XA-23090606,ATX-16007,4270,Nuclei,1061736689,L8XA_230822_01_F10,1828_B08,rat,Rattus norvegicus,1291817323,M1XM_230818_154-A_B01,FacsWellTemplate,NYGC
NY-AT16007-3,10xATAC_Mult,HMBA_Macaque_Atlas+HMBA_Macaque_Atlas_H,ARC-ATAC,1293279518,B8XM_230822_01_G02,R8XA-23090606,ATX-16007,4596,Nuclei,1061736689,L8XA_230822_01_H09,1830_A01,macaque,Macaca mulatta,1292680384,M1XM_230821_221-A_A01,FacsWellTemplate,NYGC
NY-AT16007-4,10xATAC_Mult,BICAN_Dev_Atlas+BICAN_Dev_P4,ARC-ATAC,1294127311,B8XM_230829_01_A01,R8XA-23090606,ATX-16007,10000,Nuclei,1061736689,L8XA_230829_01_B03,1831_A02,mouse,Mus musculus,1292677773,M2XM_230822_216-A_A01,FacsWellTemplate,NYGC
NY-AT16007-5,10xATAC_Mult,BICAN_Dev_Atlas+BICAN_Dev_P4,ARC-ATAC,1294127313,B8XM_230829_01_B01,R8XA-23090606,ATX-16007,10000,Nuclei,1061736689,L8XA_230829_01_C03,1831_B02,mouse,Mus musculus,1292677774,M2XM_230822_216-A_B01,FacsWellTemplate,NYGC
NY-AT16007-6,10xATAC_Mult,BICAN_Dev_Atlas+BICAN_Dev_P4,ARC-ATAC,1294127315,B8XM_230829_01_C01,R8XA-23090606,ATX-16007,10000,Nuclei,1061736689,L8XA_230829_01_D03,1831_C02,mouse,Mus musculus,1292211202,M2XM_230822_201-A_C01,FacsWellTemplate,NYGC
NY-AT16007-7,10xATAC_Mult,HMBA_Human_Atlas+HMBA_Human_Atlas_M,ARC-ATAC,1294127317,B8XM_230829_01_D01,R8XA-23090606,ATX-16007,9472,Nuclei,1061736689,L8XA_230829_01_H01,1835_A03,human,Homo Sapiens,1293494549,M2XM_230823_211-A_A01,FacsWellTemplate,NYGC
NY-AT16007-8,10xATAC_Mult,HMBA_Human_Atlas+HMBA_Human_Atlas_M,ARC-ATAC,1294127319,B8XM_230829_01_E01,R8XA-23090606,ATX-16007,10000,Nuclei,1061736689,L8XA_230829_01_A02,1835_B03,human,Homo Sapiens,1293494548,M2XM_230823_211-A_B01,FacsWellTemplate,NYGC
NY-AT16007-9,10xATAC_Mult,HMBA_Human_Atlas+HMBA_Human_Atlas_M,ARC-ATAC,1294127322,B8XM_230829_01_F01,R8XA-23090606,ATX-16007,10000,Nuclei,1061736689,L8XA_230829_01_B02,1835_C03,human,Homo Sapiens,1293508140,M2XM_230823_216-A_C01,FacsWellTemplate,NYGC
NY-AT16008-1,10xATAC_Mult,HMBA_Cross_Species,ARC-ATAC,1294127334,B8XM_230829_01_C02,R8XA-23091204,ATX-16008,6133,Nuclei,1061736689,L8XA_230829_01_E03,1839_B07,opossum,Monodelphis domestica,1292737265,M2XM_230825_152-A_B01,FacsWellTemplate,NYGC
NY-AT16008-10,10xATAC_Mult,HMBA_Cross_Species,ARC-ATAC,1296100224,B8XM_230905_01_F01,R8XA-23091204,ATX-16008,7142,Nuclei,1061736689,L8XA_230905_01_E04,1847_B05,opossum,Monodelphis domestica,1294970551,M2XM_230830_252-A_B01,FacsWellTemplate,NYGC
NY-AT16008-2,10xATAC_Mult,HMBA_Human_Atlas+HMBA_Human_Atlas_M,ARC-ATAC,1294127336,B8XM_230829_01_D02,R8XA-23091204,ATX-16008,10000,Nuclei,1061736689,L8XA_230829_01_E02,1838_A06,human,Homo Sapiens,1293290794,M2XM_230825_241-A_A01,FacsWellTemplate,NYGC
NY-AT16008-3,10xATAC_Mult,HMBA_Human_Atlas+HMBA_Human_Atlas_M,ARC-ATAC,1294127338,B8XM_230829_01_E02,R8XA-23091204,ATX-16008,10000,Nuclei,1061736689,L8XA_230829_01_F02,1838_B06,human,Homo Sapiens,1293290792,M2XM_230825_241-A_B01,FacsWellTemplate,NYGC
NY-AT16008-4,10xATAC_Mult,BICAN_Dev_Atlas+BICAN_Dev_P4,ARC-ATAC,1294253232,B8XM_230829_02_H02,R8XA-23091204,ATX-16008,10000,Nuclei,1061736689,L8XA_230829_02_F12,1842_A01,mouse,Mus musculus,1293272567,M2XM_230828_206-A_A01,FacsWellTemplate,NYGC
NY-AT16008-5,10xATAC_Mult,BICAN_Dev_Atlas+BICAN_Dev_P4,ARC-ATAC,1294253235,B8XM_230829_02_A03,R8XA-23091204,ATX-16008,10000,Nuclei,1061736689,L8XA_230829_02_G12,1842_B01,mouse,Mus musculus,1293272568,M2XM_230828_206-A_B01,FacsWellTemplate,NYGC
NY-AT16008-6,10xATAC_Mult,HMBA_Human_Atlas+HMBA_Human_Atlas_M,ARC-ATAC,1294127340,B8XM_230829_01_F02,R8XA-23091204,ATX-16008,9534,Nuclei,1061736689,L8XA_230829_01_G02,1843_A02,human,Homo Sapiens,1293495851,M2XM_230828_211-A_A01,FacsWellTemplate,NYGC
NY-AT16008-7,10xATAC_Mult,HMBA_Human_Atlas+HMBA_Human_Atlas_M,ARC-ATAC,1294127343,B8XM_230829_01_G02,R8XA-23091204,ATX-16008,10000,Nuclei,1061736689,L8XA_230829_01_H02,1843_B02,human,Homo Sapiens,1293495850,M2XM_230828_211-A_B01,FacsWellTemplate,NYGC
NY-AT16008-8,10xATAC_Mult,HMBA_Human_Atlas+HMBA_Human_Atlas_M,ARC-ATAC,1294127346,B8XM_230829_01_H02,R8XA-23091204,ATX-16008,10000,Nuclei,1061736689,L8XA_230829_01_A03,1843_C02,human,Homo Sapiens,1293755251,M2XM_230828_216-A_C01,FacsWellTemplate,NYGC
NY-AT16008-9,10xATAC_Mult,HMBA_Human_Atlas+HMBA_Human_Atlas_M,ARC-ATAC,1296100217,B8XM_230905_01_C01,R8XA-23091204,ATX-16008,7298,Nuclei,1061736689,L8XA_230905_01_B04,1846_A04,human,Homo Sapiens,1295629368,M1XM_230830_241-A_A01,FacsWellTemplate,NYGC
NY-AT16009-1,10xATAC_Mult,HMBA_Human_Atlas+HMBA_Human_Atlas_M,ARC-ATAC,1296100219,B8XM_230905_01_D01,R8XA-23092605,ATX-16009,10000,Nuclei,1061736689,L8XA_230905_01_C04,1846_B04,human,Homo Sapiens,1295629367,M1XM_230830_241-A_B01,FacsWellTemplate,NYGC
NY-AT16009-10,10xATAC_Mult,HMBA_Human_Atlas+HMBA_Human_Atlas_M,ARC-ATAC,1296918249,B8XM_230912_01_E03,R8XA-23092605,ATX-16009,10000,Nuclei,1061736689,L8XA_230912_01_E06,1863_B02,human,Homo Sapiens,1296667336,M1XM_230911_241-A_B01,FacsWellTemplate,NYGC
NY-AT16009-11,10xATAC_Mult,HMBA_Human_Atlas+HMBA_Human_Atlas_M,ARC-ATAC,1298532750,B8XM_230919_01_C01,R8XA-23092605,ATX-16009,10000,Nuclei,1061736689,L8XA_230919_01_D08,1869_A04,human,Homo Sapiens,1298009993,M1XM_230914_216-A_A01,FacsWellTemplate,NYGC
NY-AT16009-2,10xATAC_Mult,HMBA_Cross_Species,ARC-ATAC,1296100222,B8XM_230905_01_E01,R8XA-23092605,ATX-16009,9860,Nuclei,1061736689,L8XA_230905_01_D04,1847_A05,opossum,Monodelphis domestica,1294969758,M2XM_230830_251-A_A01,FacsWellTemplate,NYGC
NY-AT16009-3,10xATAC_Mult,BICAN_Dev_Atlas+BICAN_Dev_P4,ARC-ATAC,1296918207,B8XM_230912_01_D01,R8XA-23092605,ATX-16009,10000,Nuclei,1061736689,L8XA_230912_01_A07,1856_D01,mouse,Mus musculus,1295327104,M2XM_230906_211-A_D01,FacsWellTemplate,NYGC
NY-AT16009-4,10xATAC_Mult,HMBA_Cross_Species,ARC-ATAC,1296918211,B8XM_230912_01_E01,R8XA-23092605,ATX-16009,2872,Nuclei,1061736689,L8XA_230912_01_B06,1858_A03,opossum,Monodelphis domestica,1296116469,M2XM_230906_251-A_A01,FacsWellTemplate,NYGC
NY-AT16009-5,10xATAC_Mult,HMBA_Cross_Species,ARC-ATAC,1296918215,B8XM_230912_01_F01,R8XA-23092605,ATX-16009,4270,Nuclei,1061736689,L8XA_230912_01_C06,1858_B03,rat,Rattus norvegicus,1296117078,M2XM_230906_252-A_B01,FacsWellTemplate,NYGC
NY-AT16009-6,10xATAC_Mult,HMBA_Human_Atlas+HMBA_Human_Atlas_M,ARC-ATAC,1296918231,B8XM_230912_01_E02,R8XA-23092605,ATX-16009,3944,Nuclei,1061736689,L8XA_230912_01_H05,1860_A05,human,Homo Sapiens,1296664146,M2XM_230908_241-A_A01,FacsWellTemplate,NYGC
NY-AT16009-7,10xATAC_Mult,HMBA_Human_Atlas+HMBA_Human_Atlas_M,ARC-ATAC,1296918234,B8XM_230912_01_F02,R8XA-23092605,ATX-16009,4037,Nuclei,1061736689,L8XA_230912_01_A06,1860_B05,human,Homo Sapiens,1296664145,M2XM_230908_241-A_B01,FacsWellTemplate,NYGC
NY-AT16009-8,10xATAC_Mult,HMBA_Cross_Species,ARC-ATAC,1296918236,B8XM_230912_01_G02,R8XA-23092605,ATX-16009,10000,Nuclei,1061736689,L8XA_230912_01_F07,1861_A06,rat,Rattus norvegicus,1296117451,M1XM_230908_351-A_A01,FacsWellTemplate,NYGC
NY-AT16009-9,10xATAC_Mult,HMBA_Human_Atlas+HMBA_Human_Atlas_M,ARC-ATAC,1296918247,B8XM_230912_01_D03,R8XA-23092605,ATX-16009,10000,Nuclei,1061736689,L8XA_230912_01_D06,1863_A02,human,Homo Sapiens,1296667338,M1XM_230911_241-A_A01,FacsWellTemplate,NYGC
NY-AT16010-1,10xATAC_Mult,HMBA_Human_Atlas+HMBA_Human_Atlas_M,ARC-ATAC,1298532753,B8XM_230919_01_D01,R8XA-23100304,ATX-16010,10000,Nuclei,1061736689,L8XA_230919_01_F08,1869_B04,human,Homo Sapiens,1298009992,M1XM_230914_216-A_B01,FacsWellTemplate,NYGC
NY-AT16010-2,10xATAC_Mult,HMBA_Human_Atlas+HMBA_Human_Atlas_M,ARC-ATAC,1298532765,B8XM_230919_01_A02,R8XA-23100304,ATX-16010,10000,Nuclei,1061736689,L8XA_230919_01_G08,1872_A06,human,Homo Sapiens,1297649460,M2XM_230915_211-A_A01,FacsWellTemplate,NYGC
NY-AT16010-3,10xATAC_Mult,HMBA_Human_Atlas+HMBA_Human_Atlas_M,ARC-ATAC,1298532767,B8XM_230919_01_B02,R8XA-23100304,ATX-16010,10000,Nuclei,1061736689,L8XA_230919_01_H08,1872_B06,human,Homo Sapiens,1297649459,M2XM_230915_211-A_B01,FacsWellTemplate,NYGC
NY-AT16010-4,10xATAC_Mult,BICAN_Dev_Atlas+BICAN_Dev_P4,ARC-ATAC,1298532774,B8XM_230919_01_E02,R8XA-23100304,ATX-16010,10000,Nuclei,1061736689,L8XA_230922_01_C12,1873_C01,mouse,Mus musculus,1297980929,M2XM_230918_226-A_C01,FacsWellTemplate,NYGC
NY-AT16010-5,10xATAC_Mult,BICAN_Dev_Atlas+BICAN_Dev_P4,ARC-ATAC,1298532776,B8XM_230919_01_F02,R8XA-23100304,ATX-16010,10000,Nuclei,1061736689,L8XA_230922_01_D12,1873_D01,mouse,Mus musculus,1297980930,M2XM_230918_226-A_D01,FacsWellTemplate,NYGC
NY-AT16010-6,10xATAC_Mult,HMBA_Human_Atlas+HMBA_Human_Atlas_M,ARC-ATAC,1299736177,B8XM_230922_01_G01,R8XA-23100304,ATX-16010,10000,Nuclei,1061736689,L8XA_230922_01_A10,1877_A05,human,Homo Sapiens,1298517137,M1XM_230920_206-A_A01,FacsWellTemplate,NYGC
NY-AT16010-7,10xATAC_Mult,HMBA_Human_Atlas+HMBA_Human_Atlas_M,ARC-ATAC,1299736179,B8XM_230922_01_H01,R8XA-23100304,ATX-16010,10000,Nuclei,1061736689,L8XA_230922_01_B10,1877_B05,human,Homo Sapiens,1298517136,M1XM_230920_206-A_B01,FacsWellTemplate,NYGC
NY-AT16010-8,10xATAC_Mult,HMBA_Human_Atlas+HMBA_Human_Atlas_M,ARC-ATAC,1299736182,B8XM_230922_01_A02,R8XA-23100304,ATX-16010,10000,Nuclei,1061736689,L8XA_230922_01_C10,1877_C05,human,Homo Sapiens,1298444646,M2XM_230920_226-A_C01,FacsWellTemplate,NYGC
NY-AT16010-9,10xATAC_Mult,BICAN_Dev_Atlas+BICAN_Dev_P4,ARC-ATAC,1300489712,B8XM_230926_02_C01,R8XA-23100304,ATX-16010,10000,Nuclei,1061736689,L8XA_230926_02_F01,1881_D07,mouse,Mus musculus,1298715240,M2XM_230922_226-A_D01,FacsWellTemplate,NYGC
NY-AT16011-1,10xATAC_Mult,HMBA_Human_Atlas+HMBA_Human_Atlas_M,ARC-ATAC,1299736184,B8XM_230922_01_B02,R8XA-23101004,ATX-16011,10000,Nuclei,1061736689,L8XA_230922_01_D10,1877_D05,human,Homo Sapiens,1298444645,M2XM_230920_226-A_D01,FacsWellTemplate,NYGC
NY-AT16011-2,10xATAC_Mult,HMBA_Human_Atlas+HMBA_Human_Atlas_M,ARC-ATAC,1299736187,B8XM_230922_01_C02,R8XA-23101004,ATX-16011,10000,Nuclei,1061736689,L8XA_230922_01_E10,1879_A06,human,Homo Sapiens,1299457212,M1XM_230921_241-A_A01,FacsWellTemplate,NYGC
NY-AT16011-3,10xATAC_Mult,HMBA_Human_Atlas+HMBA_Human_Atlas_H,ARC-ATAC,1299736189,B8XM_230922_01_D02,R8XA-23101004,ATX-16011,10000,Nuclei,1061736689,L8XA_230922_01_F10,1879_B06,human,Homo Sapiens,1299457211,M1XM_230921_241-A_B01,FacsWellTemplate,NYGC
NY-AT16011-4,10xATAC_Mult,BICAN_Dev_Atlas+BICAN_Dev_P14,ARC-ATAC,1300205077,B8XM_230926_01_C01,R8XA-23101004,ATX-16011,10000,Nuclei,1061736689,L8XA_230926_01_E12,1883_A01,mouse,Mus musculus,1300196491,M2XM_230925_221-A_A01,FacsWellTemplate,NYGC
NY-AT16011-5,10xATAC_Mult,BICAN_Dev_Atlas+BICAN_Dev_P14,ARC-ATAC,1300205079,B8XM_230926_01_D01,R8XA-23101004,ATX-16011,10000,Nuclei,1061736689,L8XA_230926_01_F12,1883_B01,mouse,Mus musculus,1300196492,M2XM_230925_221-A_B01,FacsWellTemplate,NYGC
NY-AT16011-6,10xATAC_Mult,BICAN_Dev_Atlas+BICAN_Dev_P14,ARC-ATAC,1300205081,B8XM_230926_01_E01,R8XA-23101004,ATX-16011,10000,Nuclei,1061736689,L8XA_230926_01_G12,1883_C01,mouse,Mus musculus,1300019260,M2XM_230925_216-A_C01,FacsWellTemplate,NYGC
NY-AT16011-7,10xATAC_Mult,BICAN_Dev_Atlas+BICAN_Dev_P14,ARC-ATAC,1300205083,B8XM_230926_01_F01,R8XA-23101004,ATX-16011,10000,Nuclei,1061736689,L8XA_230926_01_H12,1883_D01,mouse,Mus musculus,1300019261,M2XM_230925_216-A_D01,FacsWellTemplate,NYGC
NY-AT16011-8,10xATAC_Mult,HMBA_Human_Atlas+HMBA_Human_Atlas_M,ARC-ATAC,1301752559,B8XM_231003_01_C01,R8XA-23101004,ATX-16011,10000,Nuclei,1061736689,L8XA_231003_01_D02,1887_A04,human,Homo Sapiens,1300196587,M2XM_230927_241-A_A01,FacsWellTemplate,NYGC
NY-AT16011-9,10xATAC_Mult,HMBA_Human_Atlas+HMBA_Human_Atlas_M,ARC-ATAC,1301752565,B8XM_231003_01_D01,R8XA-23101004,ATX-16011,6559,Nuclei,1061736689,L8XA_231003_01_E02,1887_B04,human,Homo Sapiens,1300196586,M2XM_230927_241-A_B01,FacsWellTemplate,NYGC
NY-AT16012-1,10xATAC_Mult,HMBA_Human_Atlas+HMBA_Human_Atlas_H,ARC-ATAC,1301752584,B8XM_231003_01_G01,R8XA-23101704,ATX-16012,10000,Nuclei,1061736689,L8XA_231003_01_F02,1892_A06,human,Homo Sapiens,1300510070,M2XM_230928_216-A_A01,FacsWellTemplate,NYGC
NY-AT16012-10,10xATAC_Mult,HMBA_Cross_Species,ARC-ATAC,1303210087,B8XM_231010_01_H01,R8XA-23101704,ATX-16012,6055,Nuclei,1061736689,L8XA_231010_01_G05,1899_B05,opossum,Monodelphis domestica,1302746059,M1XM_231004_152-A_B01,FacsWellTemplate,NYGC
NY-AT16012-2,10xATAC_Mult,HMBA_Human_Atlas+HMBA_Human_Atlas_H,ARC-ATAC,1301752589,B8XM_231003_01_H01,R8XA-23101704,ATX-16012,10000,Nuclei,1061736689,L8XA_231003_01_G02,1892_B06,human,Homo Sapiens,1300510069,M2XM_230928_216-A_B01,FacsWellTemplate,NYGC
NY-AT16012-3,10xATAC_Mult,HMBA_Human_Atlas+HMBA_Human_Atlas_H,ARC-ATAC,1301754575,B8XM_231003_02_G01,R8XA-23101704,ATX-16012,10000,Nuclei,1061736689,L8XA_231003_02_F03,1895_A01,human,Homo Sapiens,1301040532,M1XM_231002_211-A_A01,FacsWellTemplate,NYGC
NY-AT16012-4,10xATAC_Mult,HMBA_Human_Atlas+HMBA_Human_Atlas_H,ARC-ATAC,1301754584,B8XM_231003_02_H01,R8XA-23101704,ATX-16012,10000,Nuclei,1061736689,L8XA_231003_02_G03,1895_B01,human,Homo Sapiens,1301040531,M1XM_231002_211-A_B01,FacsWellTemplate,NYGC
NY-AT16012-5,10xATAC_Mult,HMBA_Human_Atlas+HMBA_Human_Atlas_H,ARC-ATAC,1301752591,B8XM_231003_01_A02,R8XA-23101704,ATX-16012,10000,Nuclei,1061736689,L8XA_231003_01_H02,1903_A09,human,Homo Sapiens,1301625663,M1XM_231002_226-A_A01,FacsWellTemplate,NYGC
NY-AT16012-6,10xATAC_Mult,HMBA_Human_Atlas+HMBA_Human_Atlas_H,ARC-ATAC,1301752593,B8XM_231003_01_B02,R8XA-23101704,ATX-16012,10000,Nuclei,1061736689,L8XA_231003_01_A03,1903.1_C09,human,Homo Sapiens,1301625661,M1XM_231002_226-A_C01,FacsWellTemplate,NYGC
NY-AT16012-7,10xATAC_Mult,HMBA_Human_Atlas+HMBA_Human_Atlas_H,ARC-ATAC,1303210070,B8XM_231010_01_A01,R8XA-23101704,ATX-16012,10000,Nuclei,1061736689,L8XA_231010_01_G04,1896_A02,human,Homo Sapiens,1301412131,M2XM_231003_216-A_A01,FacsWellTemplate,NYGC
NY-AT16012-8,10xATAC_Mult,HMBA_Human_Atlas+HMBA_Human_Atlas_H,ARC-ATAC,1303210073,B8XM_231010_01_B01,R8XA-23101704,ATX-16012,10000,Nuclei,1061736689,L8XA_231010_01_H04,1896_B02,human,Homo Sapiens,1301412130,M2XM_231003_216-A_B01,FacsWellTemplate,NYGC
NY-AT16012-9,10xATAC_Mult,HMBA_Cross_Species,ARC-ATAC,1303210084,B8XM_231010_01_G01,R8XA-23101704,ATX-16012,2562,Nuclei,1061736689,L8XA_231010_01_F04,1899_A05,opossum,Monodelphis domestica,1302745399,M1XM_231004_151-A_A01,FacsWellTemplate,NYGC
NY-AT16013-1,10xATAC_Mult,BICAN_Dev_Atlas+BICAN_Dev_P14,ARC-ATAC,1303210094,B8XM_231010_01_C02,R8XA-23101705,ATX-16013,10000,Nuclei,1061736689,L8XA_231010_01_H05,1901_A07,mouse,Mus musculus,1302002927,M2XM_231006_206-A_A01,FacsWellTemplate,NYGC
NY-AT16013-2,10xATAC_Mult,BICAN_Dev_Atlas+BICAN_Dev_P14,ARC-ATAC,1303210096,B8XM_231010_01_D02,R8XA-23101705,ATX-16013,10000,Nuclei,1061736689,L8XA_231010_01_A06,1901_B07,mouse,Mus musculus,1302002928,M2XM_231006_206-A_B01,FacsWellTemplate,NYGC
NY-AT16013-3,10xATAC_Mult,BICAN_Dev_Atlas+BICAN_Dev_P14,ARC-ATAC,1303210098,B8XM_231010_01_E02,R8XA-23101705,ATX-16013,10000,Nuclei,1061736689,L8XA_231010_01_B06,1901_C07,mouse,Mus musculus,1302002929,M2XM_231006_206-A_C01,FacsWellTemplate,NYGC
NY-AT16013-4,10xATAC_Mult,BICAN_Dev_Atlas+BICAN_Dev_P14,ARC-ATAC,1303210100,B8XM_231010_01_F02,R8XA-23101705,ATX-16013,10000,Nuclei,1061736689,L8XA_231010_01_C06,1901_D07,mouse,Mus musculus,1302002930,M2XM_231006_206-A_D01,FacsWellTemplate,NYGC
NY-AT16013-5,10xATAC_Mult,BICAN_Dev_Atlas+BICAN_Dev_P14,ARC-ATAC,1303210102,B8XM_231010_01_G02,R8XA-23101705,ATX-16013,10000,Nuclei,1061736689,L8XA_231010_01_D06,1901_E07,mouse,Mus musculus,1302516729,M2XM_231006_226-A_E01,FacsWellTemplate,NYGC
NY-AT16013-6,10xATAC_Mult,BICAN_Dev_Atlas+BICAN_Dev_P14,ARC-ATAC,1303210105,B8XM_231010_01_H02,R8XA-23101705,ATX-16013,10000,Nuclei,1061736689,L8XA_231010_01_E06,1901_F07,mouse,Mus musculus,1302516730,M2XM_231006_226-A_F01,FacsWellTemplate,NYGC
NY-AT16013-7,10xATAC_Mult,BICAN_Dev_Atlas+BICAN_Dev_P14,ARC-ATAC,1303210108,B8XM_231010_01_A03,R8XA-23101705,ATX-16013,10000,Nuclei,1061736689,L8XA_231010_01_F06,1901_G07,mouse,Mus musculus,1302516732,M2XM_231006_226-A_G01,FacsWellTemplate,NYGC
NY-AT16013-8,10xATAC_Mult,BICAN_Dev_Atlas+BICAN_Dev_P14,ARC-ATAC,1303210110,B8XM_231010_01_B03,R8XA-23101705,ATX-16013,10000,Nuclei,1061736689,L8XA_231010_01_G06,1901_H07,mouse,Mus musculus,1302516733,M2XM_231006_226-A_H01,FacsWellTemplate,NYGC
NY-AT16013-9,10xATAC_Mult,HMBA_Human_Atlas+HMBA_Human_Atlas_H,ARC-ATAC,1303210117,B8XM_231010_01_E03,R8XA-23101705,ATX-16013,10000,Nuclei,1061736689,L8XA_231010_01_A05,1904_B01,human,Homo Sapiens,1302517788,M1XM_231009_226-A_B01,FacsWellTemplate,NYGC
NY-AT16014-1,10xATAC_Mult,HMBA_Human_Atlas+HMBA_Human_Atlas_H,ARC-ATAC,1303210119,B8XM_231010_01_F03,R8XA-23102407,ATX-16014,10000,Nuclei,1061736689,L8XA_231010_01_B05,1904.1_C01,human,Homo Sapiens,1302517787,M1XM_231009_226-A_C01,FacsWellTemplate,NYGC
NY-AT16014-2,10xATAC_Mult,HMBA_Human_Atlas+HMBA_Human_Atlas_H,ARC-ATAC,1305181986,B8XM_231017_01_E01,R8XA-23102407,ATX-16014,10000,Nuclei,1061736689,L8XA_231017_01_D07,1909_B03,human,Homo Sapiens,1303197939,M2XM_231011_216-A_B01,FacsWellTemplate,NYGC
NY-AT16014-3,10xATAC_Mult,HMBA_Human_Atlas+HMBA_Human_Atlas_H,ARC-ATAC,1305181989,B8XM_231017_01_F01,R8XA-23102407,ATX-16014,6770,Nuclei,1061736689,L8XA_231017_01_E07,1909_C03,human,Homo Sapiens,1305169037,M1XM_231011_216-A_C01,FacsWellTemplate,NYGC
NY-AT16014-4,10xATAC_Mult,HMBA_Human_Atlas+HMBA_Human_Atlas_H,ARC-ATAC,1305181991,B8XM_231017_01_G01,R8XA-23102407,ATX-16014,10000,Nuclei,1061736689,L8XA_231017_01_F07,1909_D03,human,Homo Sapiens,1305169036,M1XM_231011_216-A_D01,FacsWellTemplate,NYGC
NY-AT16014-5,10xATAC_Mult,HMBA_Human_Atlas+HMBA_Human_Atlas_H,ARC-ATAC,1305181993,B8XM_231017_01_H01,R8XA-23102407,ATX-16014,10000,Nuclei,1061736689,L8XA_231017_01_G07,1909.1_E03,human,Homo Sapiens,1303197935,M2XM_231011_216-A_E01,FacsWellTemplate,NYGC
NY-AT16014-6,10xATAC_Mult,HMBA_Cross_Species,ARC-ATAC,1305181996,B8XM_231017_01_A02,R8XA-23102407,ATX-16014,10000,Nuclei,1061736689,L8XA_231017_01_G08,1910_A04,chimp,Pan troglodytes,1304121625,M1XM_231011_151-A_A01,FacsWellTemplate,NYGC
NY-AT16014-7,10xATAC_Mult,HMBA_Cross_Species,ARC-ATAC,1305182001,B8XM_231017_01_B02,R8XA-23102407,ATX-16014,10000,Nuclei,1061736689,L8XA_231017_01_H08,1910_B04,chimp,Pan troglodytes,1304122002,M1XM_231011_152-A_B01,FacsWellTemplate,NYGC
NY-AT16014-8,10xATAC_Mult,BICAN_Dev_Atlas+BICAN_Dev_P14,ARC-ATAC,1305182065,B8XM_231017_01_A03,R8XA-23102407,ATX-16014,10000,Nuclei,1061736689,L8XA_231017_01_G09,1916_A06,mouse,Mus musculus,1304882219,M2XM_231013_226-A_A01,FacsWellTemplate,NYGC
NY-AT16014-9,10xATAC_Mult,BICAN_Dev_Atlas+BICAN_Dev_P14,ARC-ATAC,1305182077,B8XM_231017_01_B03,R8XA-23102407,ATX-16014,10000,Nuclei,1061736689,L8XA_231017_01_H09,1916_B06,mouse,Mus musculus,1304882220,M2XM_231013_226-A_B01,FacsWellTemplate,NYGC
NY-AT16015-1,10xATAC_Mult,BICAN_Dev_Atlas+BICAN_Dev_P14,ARC-ATAC,1305182087,B8XM_231017_01_C03,R8XA-23102408,ATX-16015,10000,Nuclei,1061736689,L8XA_231017_01_A10,1916_C06,mouse,Mus musculus,1304882221,M2XM_231013_226-A_C01,FacsWellTemplate,NYGC
NY-AT16015-2,10xATAC_Mult,BICAN_Dev_Atlas+BICAN_Dev_P14,ARC-ATAC,1305182098,B8XM_231017_01_D03,R8XA-23102408,ATX-16015,10000,Nuclei,1061736689,L8XA_231017_01_B10,1916_D06,mouse,Mus musculus,1304882222,M2XM_231013_226-A_D01,FacsWellTemplate,NYGC
NY-AT16015-3,10xATAC_Mult,BICAN_Dev_Atlas+BICAN_Dev_P14,ARC-ATAC,1305182105,B8XM_231017_01_E03,R8XA-23102408,ATX-16015,10000,Nuclei,1061736689,L8XA_231017_01_C10,1916_E06,mouse,Mus musculus,1305045872,M2XM_231013_221-A_E01,FacsWellTemplate,NYGC
NY-AT16015-4,10xATAC_Mult,BICAN_Dev_Atlas+BICAN_Dev_P14,ARC-ATAC,1305182107,B8XM_231017_01_F03,R8XA-23102408,ATX-16015,10000,Nuclei,1061736689,L8XA_231017_01_D10,1916_F06,mouse,Mus musculus,1305045873,M2XM_231013_221-A_F01,FacsWellTemplate,NYGC
NY-AT16015-5,10xATAC_Mult,BICAN_Dev_Atlas+BICAN_Dev_P14,ARC-ATAC,1305182111,B8XM_231017_01_G03,R8XA-23102408,ATX-16015,9409,Nuclei,1061736689,L8XA_231017_01_E10,1916_G06,mouse,Mus musculus,1305045875,M2XM_231013_221-A_G01,FacsWellTemplate,NYGC
NY-AT16015-6,10xATAC_Mult,BICAN_Dev_Atlas+BICAN_Dev_P14,ARC-ATAC,1305182114,B8XM_231017_01_H03,R8XA-23102408,ATX-16015,9409,Nuclei,1061736689,L8XA_231017_01_F10,1916_H06,mouse,Mus musculus,1305045876,M2XM_231013_221-A_H01,FacsWellTemplate,NYGC
NY-AT16015-7,10xATAC_Mult,HMBA_Cross_Species,ARC-ATAC,1305182119,B8XM_231017_01_A04,R8XA-23102408,ATX-16015,10000,Nuclei,1061736689,L8XA_231017_01_G10,1917_A07,chimp,Pan troglodytes,1304123179,M1XM_231013_151-A_A01,FacsWellTemplate,NYGC
NY-AT16015-8,10xATAC_Mult,HMBA_Cross_Species,ARC-ATAC,1305182123,B8XM_231017_01_B04,R8XA-23102408,ATX-16015,7686,Nuclei,1061736689,L8XA_231017_01_H10,1917_B07,chimp,Pan troglodytes,1304124794,M1XM_231013_152-A_B01,FacsWellTemplate,NYGC
NY-AT16015-9,10xATAC_Mult,HMBA_Human_Atlas+HMBA_Human_Atlas_H,ARC-ATAC,1305182126,B8XM_231017_01_C04,R8XA-23102408,ATX-16015,10000,Nuclei,1061736689,L8XA_231017_01_H07,1918_A01,human,Homo Sapiens,1304353472,M1XM_231016_241-A_A01,FacsWellTemplate,NYGC
NY-AT16016-1,10xATAC_Mult,HMBA_Human_Atlas+HMBA_Human_Atlas_H,ARC-ATAC,1305182131,B8XM_231017_01_D04,R8XA-23103108,ATX-16016,10000,Nuclei,1061736689,L8XA_231017_01_A08,1918_B01,human,Homo Sapiens,1304353471,M1XM_231016_241-A_B01,FacsWellTemplate,NYGC
NY-AT16016-2,10xATAC_Mult,HMBA_Human_Atlas+HMBA_Human_Atlas_H,ARC-ATAC,1305182135,B8XM_231017_01_E04,R8XA-23103108,ATX-16016,10000,Nuclei,1061736689,L8XA_231017_01_B08,1918_C01,human,Homo Sapiens,1304353470,M1XM_231016_241-A_C01,FacsWellTemplate,NYGC
NY-AT16016-3,10xATAC_Mult,BICAN_Dev_Atlas+BICAN_Dev_P14,ARC-ATAC,1306626413,B8XM_231023_01_A01,R8XA-23103108,ATX-16016,10000,Nuclei,1061736689,L8XA_231023_01_D12,1919_A02,mouse,Mus musculus,1304388124,M2XM_231017_206-A_A01,FacsWellTemplate,NYGC
NY-AT16016-4,10xATAC_Mult,BICAN_Dev_Atlas+BICAN_Dev_P14,ARC-ATAC,1306626416,B8XM_231023_01_B01,R8XA-23103108,ATX-16016,10000,Nuclei,1061736689,L8XA_231023_01_E12,1919_B02,mouse,Mus musculus,1304388125,M2XM_231017_206-A_B01,FacsWellTemplate,NYGC
NY-AT16016-5,10xATAC_Mult,BICAN_Dev_Atlas+BICAN_Dev_P14,ARC-ATAC,1306626418,B8XM_231023_01_C01,R8XA-23103108,ATX-16016,10000,Nuclei,1061736689,L8XA_231023_01_F12,1919_C02,mouse,Mus musculus,1304388127,M2XM_231017_206-A_C01,FacsWellTemplate,NYGC
NY-AT16016-6,10xATAC_Mult,BICAN_Dev_Atlas+BICAN_Dev_P14,ARC-ATAC,1306626420,B8XM_231023_01_D01,R8XA-23103108,ATX-16016,10000,Nuclei,1061736689,L8XA_231023_01_G12,1919_D02,mouse,Mus musculus,1304388128,M2XM_231017_206-A_D01,FacsWellTemplate,NYGC
NY-AT16016-7,10xATAC_Mult,BICAN_Dev_Atlas+BICAN_Dev_P14,ARC-ATAC,1306626422,B8XM_231023_01_E01,R8XA-23103108,ATX-16016,10000,Nuclei,1061736689,L8XA_231023_01_H12,1919_E02,mouse,Mus musculus,1305999673,M2XM_231017_221-A_E01,FacsWellTemplate,NYGC
NY-AT16016-8,10xATAC_Mult,BICAN_Dev_Atlas+BICAN_Dev_P14,ARC-ATAC,1306626425,B8XM_231023_01_F01,R8XA-23103108,ATX-16016,10000,Nuclei,1061736689,L8XA_231023_01_A01,1919_F02,mouse,Mus musculus,1305999674,M2XM_231017_221-A_F01,FacsWellTemplate,NYGC
NY-AT16016-9,10xATAC_Mult,BICAN_Dev_Atlas+BICAN_Dev_P14,ARC-ATAC,1306626428,B8XM_231023_01_G01,R8XA-23103108,ATX-16016,10000,Nuclei,1061736689,L8XA_231023_01_B01,1919_G02,mouse,Mus musculus,1305999675,M2XM_231017_221-A_G01,FacsWellTemplate,NYGC
NY-AT16017-1,10xATAC_Mult,BICAN_Dev_Atlas+BICAN_Dev_P14,ARC-ATAC,1306626430,B8XM_231023_01_H01,R8XA-23103109,ATX-16017,10000,Nuclei,1061736689,L8XA_231023_01_C01,1919_H02,mouse,Mus musculus,1305999676,M2XM_231017_221-A_H01,FacsWellTemplate,NYGC
NY-AT16017-2,10xATAC_Mult,HMBA_Human_Atlas+HMBA_Human_Atlas_H,ARC-ATAC,1306626433,B8XM_231023_01_A02,R8XA-23103109,ATX-16017,10000,Nuclei,1061736689,L8XA_231023_01_C11,1920_A03,human,Homo Sapiens,1304888405,M1XM_231017_226-A_A01,FacsWellTemplate,NYGC
NY-AT16017-3,10xATAC_Mult,HMBA_Human_Atlas+HMBA_Human_Atlas_H,ARC-ATAC,1306626435,B8XM_231023_01_B02,R8XA-23103109,ATX-16017,10000,Nuclei,1061736689,L8XA_231023_01_D11,1920_B03,human,Homo Sapiens,1304888404,M1XM_231017_226-A_B01,FacsWellTemplate,NYGC
NY-AT16017-4,10xATAC_Mult,HMBA_Human_Atlas+HMBA_Human_Atlas_H,ARC-ATAC,1306626438,B8XM_231023_01_C02,R8XA-23103109,ATX-16017,10000,Nuclei,1061736689,L8XA_231023_01_E11,1920_C03,human,Homo Sapiens,1304888431,M2XM_231017_216-A_C01,FacsWellTemplate,NYGC
NY-AT16017-5,10xATAC_Mult,HMBA_Human_Atlas+HMBA_Human_Atlas_H,ARC-ATAC,1306626440,B8XM_231023_01_D02,R8XA-23103109,ATX-16017,10000,Nuclei,1061736689,L8XA_231023_01_F11,1921_A04,human,Homo Sapiens,1306172964,M2XM_231018_221-A_A01,FacsWellTemplate,NYGC
NY-AT16017-6,10xATAC_Mult,HMBA_Human_Atlas+HMBA_Human_Atlas_H,ARC-ATAC,1306626442,B8XM_231023_01_E02,R8XA-23103109,ATX-16017,10000,Nuclei,1061736689,L8XA_231023_01_G11,1921_B04,human,Homo Sapiens,1306172963,M2XM_231018_221-A_B01,FacsWellTemplate,NYGC
NY-AT16017-7,10xATAC_Mult,BICAN_Dev_Atlas+BICAN_Dev_P14,ARC-ATAC,1306626456,B8XM_231023_01_C03,R8XA-23103109,ATX-16017,10000,Nuclei,1061736689,L8XA_231023_01_F01,1923_C06,mouse,Mus musculus,1306200289,M2XM_231019_226-A_C01,FacsWellTemplate,NYGC
NY-AT16017-8,10xATAC_Mult,BICAN_Dev_Atlas+BICAN_Dev_P14,ARC-ATAC,1306626459,B8XM_231023_01_D03,R8XA-23103109,ATX-16017,10000,Nuclei,1061736689,L8XA_231023_01_G01,1923_D06,mouse,Mus musculus,1306200290,M2XM_231019_226-A_D01,FacsWellTemplate,NYGC
NY-AT16017-9,10xATAC_Mult,BICAN_Dev_Atlas+BICAN_Dev_P14,ARC-ATAC,1306626461,B8XM_231023_01_E03,R8XA-23103109,ATX-16017,10000,Nuclei,1061736689,L8XA_231023_01_H01,1923_E06,mouse,Mus musculus,1306201700,M2XM_231019_241-A_E01,FacsWellTemplate,NYGC
NY-AT16018-1,10xATAC_Mult,BICAN_Dev_Atlas+BICAN_Dev_P14,ARC-ATAC,1306626463,B8XM_231023_01_F03,R8XA-23103110,ATX-16018,10000,Nuclei,1061736689,L8XA_231023_01_A02,1923_F06,mouse,Mus musculus,1306201701,M2XM_231019_241-A_F01,FacsWellTemplate,NYGC
NY-AT16018-2,10xATAC_Mult,BICAN_Dev_Atlas+BICAN_Dev_P14,ARC-ATAC,1306626465,B8XM_231023_01_G03,R8XA-23103110,ATX-16018,10000,Nuclei,1061736689,L8XA_231023_01_B02,1925_A07,mouse,Mus musculus,1305681036,M2XM_231020_226-A_A01,FacsWellTemplate,NYGC
NY-AT16018-3,10xATAC_Mult,BICAN_Dev_Atlas+BICAN_Dev_P14,ARC-ATAC,1306626468,B8XM_231023_01_H03,R8XA-23103110,ATX-16018,10000,Nuclei,1061736689,L8XA_231023_01_C02,1925_B07,mouse,Mus musculus,1305681037,M2XM_231020_226-A_B01,FacsWellTemplate,NYGC
NY-AT16018-4,10xATAC_Mult,BICAN_Dev_Atlas+BICAN_Dev_P14,ARC-ATAC,1306626471,B8XM_231023_01_A04,R8XA-23103110,ATX-16018,10000,Nuclei,1061736689,L8XA_231023_01_D02,1925_C07,mouse,Mus musculus,1305681038,M2XM_231020_226-A_C01,FacsWellTemplate,NYGC
NY-AT16018-5,10xATAC_Mult,BICAN_Dev_Atlas+BICAN_Dev_P14,ARC-ATAC,1306626473,B8XM_231023_01_B04,R8XA-23103110,ATX-16018,10000,Nuclei,1061736689,L8XA_231023_01_E02,1925_D07,mouse,Mus musculus,1305681039,M2XM_231020_226-A_D01,FacsWellTemplate,NYGC
NY-AT16018-6,10xATAC_Mult,HMBA_Human_Atlas+HMBA_Human_Atlas_H,ARC-ATAC,1306626480,B8XM_231023_01_E04,R8XA-23103110,ATX-16018,9378,Nuclei,1061736689,L8XA_231023_01_A12,1926_A08,human,Homo Sapiens,1304895655,M2XM_231020_206-A_A01,FacsWellTemplate,NYGC
NY-AT16018-7,10xATAC_Mult,HMBA_Human_Atlas+HMBA_Human_Atlas_H,ARC-ATAC,1306626482,B8XM_231023_01_F04,R8XA-23103110,ATX-16018,10000,Nuclei,1061736689,L8XA_231023_01_B12,1926_B08,human,Homo Sapiens,1304895654,M2XM_231020_206-A_B01,FacsWellTemplate,NYGC
NY-AT16018-8,10xATAC_Mult,HMBA_Human_Atlas+HMBA_Human_Atlas_H,ARC-ATAC,1306626484,B8XM_231023_01_G04,R8XA-23103110,ATX-16018,10000,Nuclei,1061736689,L8XA_231023_01_C12,1926_C08,human,Homo Sapiens,1304895653,M2XM_231020_206-A_C01,FacsWellTemplate,NYGC
NY-AT16018-9,10xATAC_Mult,HMBA_Human_Atlas+HMBA_Human_Atlas_H,ARC-ATAC,1306838076,B8XM_231024_01_D01,R8XA-23103110,ATX-16018,10000,Nuclei,1061736689,L8XA_231024_01_E03,1932_A01,human,Homo Sapiens,1306198492,M1XM_231023_241-A_A01,FacsWellTemplate,NYGC
NY-AT16019-1,10xATAC_Mult,HMBA_Human_Atlas+HMBA_Human_Atlas_H,ARC-ATAC,1306838079,B8XM_231024_01_E01,R8XA-23110704,ATX-16019,10000,Nuclei,1061736689,L8XA_231024_01_F03,1932_B01,human,Homo Sapiens,1306198491,M1XM_231023_241-A_B01,FacsWellTemplate,NYGC
NY-AT16019-2,10xATAC_Mult,HMBA_Human_Atlas+HMBA_Human_Atlas_H,ARC-ATAC,1306838081,B8XM_231024_01_F01,R8XA-23110704,ATX-16019,10000,Nuclei,1061736689,L8XA_231024_01_G03,1932_C01,human,Homo Sapiens,1306198490,M1XM_231023_241-A_C01,FacsWellTemplate,NYGC
NY-AT16019-3,10xATAC_Mult,BICAN_Dev_Atlas+BICAN_Dev_P14,ARC-ATAC,1308442189,B8XM_231031_01_A01,R8XA-23110704,ATX-16019,10000,Nuclei,1061736689,L8XA_231031_01_G04,1933_A02,mouse,Mus musculus,1306535632,M2XM_231024_226-A_A01,FacsWellTemplate,NYGC
NY-AT16019-4,10xATAC_Mult,BICAN_Dev_Atlas+BICAN_Dev_P14,ARC-ATAC,1308442191,B8XM_231031_01_B01,R8XA-23110704,ATX-16019,10000,Nuclei,1061736689,L8XA_231031_01_H04,1933_B02,mouse,Mus musculus,1306535633,M2XM_231024_226-A_B01,FacsWellTemplate,NYGC
NY-AT16019-5,10xATAC_Mult,BICAN_Dev_Atlas+BICAN_Dev_P14,ARC-ATAC,1308442193,B8XM_231031_01_C01,R8XA-23110704,ATX-16019,10000,Nuclei,1061736689,L8XA_231031_01_A05,1933_C02,mouse,Mus musculus,1306535634,M2XM_231024_226-A_C01,FacsWellTemplate,NYGC
NY-AT16019-6,10xATAC_Mult,BICAN_Dev_Atlas+BICAN_Dev_P14,ARC-ATAC,1308442196,B8XM_231031_01_D01,R8XA-23110704,ATX-16019,10000,Nuclei,1061736689,L8XA_231031_01_B05,1933_D02,mouse,Mus musculus,1306535635,M2XM_231024_226-A_D01,FacsWellTemplate,NYGC
NY-AT16019-7,10xATAC_Mult,BICAN_Dev_Atlas+BICAN_Dev_P14,ARC-ATAC,1308442198,B8XM_231031_01_E01,R8XA-23110704,ATX-16019,10000,Nuclei,1061736689,L8XA_231031_01_C05,1933_E02,mouse,Mus musculus,1306576978,M2XM_231024_241-A_E01,FacsWellTemplate,NYGC
NY-AT16019-8,10xATAC_Mult,HMBA_Human_Atlas+HMBA_Human_Atlas_H,ARC-ATAC,1308442204,B8XM_231031_01_G01,R8XA-23110704,ATX-16019,10000,Nuclei,1061736689,L8XA_231031_01_H03,1935_A04,human,Homo Sapiens,1307577339,M1XM_231024_221-A_A01,FacsWellTemplate,NYGC
NY-AT16019-9,10xATAC_Mult,BICAN_Dev_Atlas+P0_Pilot,ARC-ATAC,1263245361,B8XM_230404_01_G01,R8XA-23110704,ATX-16019,10000,Nuclei,1061736689,L8XA_230404_01_G07,1666_C04,mouse,Mus musculus,1260046175,M2XM_230330_226-A_C01,FacsWellTemplate,NYGC
NY-AT16020-1,10xATAC_Mult,HMBA_Human_Atlas+HMBA_Human_Atlas_H,ARC-ATAC,1308442206,B8XM_231031_01_H01,R8XA-23111408,ATX-16020,10000,Nuclei,1061736689,L8XA_231031_01_A04,1935_B04,human,Homo Sapiens,1307577338,M1XM_231024_221-A_B01,FacsWellTemplate,NYGC
NY-AT16020-10,10xATAC_Mult,HMBA_Human_Atlas+HMBA_Human_Atlas_H,ARC-ATAC,1305182135,B8XM_231017_01_E04,R8XA-23111408,ATX-16020,10000,Nuclei,1061736689,L8XA_231017_01_B08,1918_C01,human,Homo Sapiens,1304353470,M1XM_231016_241-A_C01,FacsWellTemplate,NYGC
NY-AT16020-2,10xATAC_Mult,HMBA_Human_Atlas+HMBA_Human_Atlas_H,ARC-ATAC,1308442209,B8XM_231031_01_A02,R8XA-23111408,ATX-16020,10000,Nuclei,1061736689,L8XA_231031_01_B04,1935_C04,human,Homo Sapiens,1307577337,M1XM_231024_221-A_C01,FacsWellTemplate,NYGC
NY-AT16020-3,10xATAC_Mult,HMBA_Human_Atlas+HMBA_Human_Atlas_H,ARC-ATAC,1308442232,B8XM_231031_01_C03,R8XA-23111408,ATX-16020,10000,Nuclei,1061736689,L8XA_231031_01_D04,1939_A01,human,Homo Sapiens,1307733742,M1XM_231030_216-A_A01,FacsWellTemplate,NYGC
NY-AT16020-4,10xATAC_Mult,HMBA_Human_Atlas+HMBA_Human_Atlas_H,ARC-ATAC,1308442234,B8XM_231031_01_D03,R8XA-23111408,ATX-16020,10000,Nuclei,1061736689,L8XA_231031_01_E04,1939_B01,human,Homo Sapiens,1307733741,M1XM_231030_216-A_B01,FacsWellTemplate,NYGC
NY-AT16020-5,10xATAC_Mult,HMBA_Human_Atlas+HMBA_Human_Atlas_H,ARC-ATAC,1308442236,B8XM_231031_01_E03,R8XA-23111408,ATX-16020,10000,Nuclei,1061736689,L8XA_231031_01_F04,1939_C01,human,Homo Sapiens,1307733739,M1XM_231030_216-A_C01,FacsWellTemplate,NYGC
NY-AT16020-6,10xATAC_Mult,HMBA_Human_Atlas+HMBA_Human_Atlas_H,ARC-ATAC,1309502757,B8XM_231107_01_E01,R8XA-23111408,ATX-16020,10000,Nuclei,1061736689,L8XA_231107_01_F06,1941_A03,human,Homo Sapiens,1308195325,M1XM_231101_226-A_A01,FacsWellTemplate,NYGC
NY-AT16020-7,10xATAC_Mult,HMBA_Human_Atlas+HMBA_Human_Atlas_H,ARC-ATAC,1309502759,B8XM_231107_01_F01,R8XA-23111408,ATX-16020,10000,Nuclei,1061736689,L8XA_231107_01_G06,1941_B03,human,Homo Sapiens,1308195324,M1XM_231101_226-A_B01,FacsWellTemplate,NYGC
NY-AT16020-8,10xATAC_Mult,HMBA_Human_Atlas+HMBA_Human_Atlas_H,ARC-ATAC,1309502762,B8XM_231107_01_G01,R8XA-23111408,ATX-16020,10000,Nuclei,1061736689,L8XA_231107_01_H06,1941_C03,human,Homo Sapiens,1308195322,M1XM_231101_226-A_C01,FacsWellTemplate,NYGC
NY-AT16020-9,10xATAC_Mult,HMBA_Human_Atlas+HMBA_Human_Atlas_H,ARC-ATAC,1309502778,B8XM_231107_01_F02,R8XA-23111408,ATX-16020,10000,Nuclei,1061736689,L8XA_231107_01_A07,1951_A02,human,Homo Sapiens,1309452985,M1XM_231106_206-A_A01,FacsWellTemplate,NYGC
NY-AT16021-1,10xATAC_Mult,HMBA_Human_Atlas+HMBA_Human_Atlas_H,ARC-ATAC,1309502781,B8XM_231107_01_G02,R8XA-23112804,ATX-16021,10000,Nuclei,1061736689,L8XA_231107_01_B07,1951_B02,human,Homo Sapiens,1309452984,M1XM_231106_206-A_B01,FacsWellTemplate,NYGC
NY-AT16021-2,10xATAC_Mult,HMBA_Human_Atlas+HMBA_Human_Atlas_H,ARC-ATAC,1309502784,B8XM_231107_01_H02,R8XA-23112804,ATX-16021,10000,Nuclei,1061736689,L8XA_231107_01_C07,1951_C02,human,Homo Sapiens,1309452983,M1XM_231106_206-A_C01,FacsWellTemplate,NYGC
NY-AT16021-3,10xATAC_Mult,HMBA_Cross_Species,ARC-ATAC,1309857167,B8XM_231107_02_G01,R8XA-23112804,ATX-16021,10000,Nuclei,1061736689,L8XA_231107_02_C09,1948_B07,chimp,Pan troglodytes,1309516691,M1XM_231103_353-A_B01,FacsWellTemplate,NYGC
NY-AT16021-4,10xATAC_Mult,HMBA_Cross_Species,ARC-ATAC,1309857169,B8XM_231107_02_H01,R8XA-23112804,ATX-16021,10000,Nuclei,1061736689,L8XA_231107_02_D09,1948.1_C07,rat,Rattus norvegicus,1309515416,M1XM_231103_351-A_C01,FacsWellTemplate,NYGC
NY-AT16021-5,10xATAC_Mult,HMBA_Human_Atlas+HMBA_Human_Atlas_H,ARC-ATAC,1311479633,B8XM_231114_01_D01,R8XA-23112804,ATX-16021,10000,Nuclei,1061736689,L8XA_231114_01_A01,1955_A06,human,Homo Sapiens,1310847203,M1XM_231109_221-A_A01,FacsWellTemplate,NYGC
NY-AT16021-6,10xATAC_Mult,BG_paper_Human+HMBA_Human_Atlas+HMBA_Human_Atlas_BN_BF,ARC-ATAC,1311479637,B8XM_231114_01_E01,R8XA-23112804,ATX-16021,10000,Nuclei,1061736689,L8XA_231114_01_H02,1955_B06,human,Homo Sapiens,1310847202,M1XM_231109_221-A_B01,FacsWellTemplate,NYGC
NY-AT16021-7,10xATAC_Mult,BG_paper_Human+HMBA_Human_Atlas+HMBA_Human_Atlas_BN_BF,ARC-ATAC,1311479642,B8XM_231114_01_F01,R8XA-23112804,ATX-16021,10000,Nuclei,1061736689,L8XA_231114_01_B12,1955_C06,human,Homo Sapiens,1310847201,M1XM_231109_221-A_C01,FacsWellTemplate,NYGC
NY-AT16021-8,10xATAC_Mult,HMBA_Human_Atlas+HMBA_Human_Atlas_H,ARC-ATAC,1311479644,B8XM_231114_01_G01,R8XA-23112804,ATX-16021,10000,Nuclei,1061736689,L8XA_231114_01_B01,1956_A07,human,Homo Sapiens,1310672613,M2XM_231110_241-A_A01,FacsWellTemplate,NYGC
NY-AT16021-9,10xATAC_Mult,HMBA_Human_Atlas+HMBA_Human_Atlas_H,ARC-ATAC,1311479646,B8XM_231114_01_H01,R8XA-23112804,ATX-16021,10000,Nuclei,1061736689,L8XA_231114_01_C01,1956_B07,human,Homo Sapiens,1310672612,M2XM_231110_241-A_B01,FacsWellTemplate,NYGC
NY-AT16022-1,10xATAC_Mult,HMBA_Human_Atlas+HMBA_Human_Atlas_H,ARC-ATAC,1311479648,B8XM_231114_01_A02,R8XA-23120509,ATX-16022,10000,Nuclei,1061736689,L8XA_231114_01_D01,1956_C07,human,Homo Sapiens,1310672611,M2XM_231110_241-A_C01,FacsWellTemplate,NYGC
NY-AT16022-2,10xATAC_Mult,BG_paper_Human+HMBA_Human_Atlas+HMBA_Human_Atlas_BN_BF,ARC-ATAC,1311479675,B8XM_231114_01_E03,R8XA-23120509,ATX-16022,10000,Nuclei,1061736689,L8XA_231114_01_E02,1959_A02,human,Homo Sapiens,1311440060,M1XM_231113_216-A_A01,FacsWellTemplate,NYGC
NY-AT16022-3,10xATAC_Mult,BG_paper_Human+HMBA_Human_Atlas+HMBA_Human_Atlas_BN_BF,ARC-ATAC,1311479678,B8XM_231114_01_F03,R8XA-23120509,ATX-16022,10000,Nuclei,1061736689,L8XA_231114_01_F02,1959_B02,human,Homo Sapiens,1311440061,M1XM_231113_216-A_B01,FacsWellTemplate,NYGC
NY-AT16022-4,10xATAC_Mult,BG_paper_Human+HMBA_Human_Atlas+HMBA_Human_Atlas_BN_BF,ARC-ATAC,1311479680,B8XM_231114_01_G03,R8XA-23120509,ATX-16022,10000,Nuclei,1061736689,L8XA_231114_01_G02,1959_C02,human,Homo Sapiens,1311440062,M1XM_231113_216-A_C01,FacsWellTemplate,NYGC
NY-AT16022-5,10xATAC_Mult,HMBA_Human_Atlas+HMBA_Human_Atlas_H,ARC-ATAC,1312887220,B8XM_231117_01_A01,R8XA-23120509,ATX-16022,10000,Nuclei,1061736689,L8XA_231117_01_B03,1960_A03,human,Homo Sapiens,1312607827,M2XM_231114_226-A_A01,FacsWellTemplate,NYGC
NY-AT16022-6,10xATAC_Mult,HMBA_Human_Atlas+HMBA_Human_Atlas_H,ARC-ATAC,1312887222,B8XM_231117_01_B01,R8XA-23120509,ATX-16022,10000,Nuclei,1061736689,L8XA_231117_01_C03,1960_B03,human,Homo Sapiens,1312607826,M2XM_231114_226-A_B01,FacsWellTemplate,NYGC
NY-AT16022-7,10xATAC_Mult,HMBA_Human_Atlas+HMBA_Human_Atlas_H,ARC-ATAC,1312887224,B8XM_231117_01_C01,R8XA-23120509,ATX-16022,10000,Nuclei,1061736689,L8XA_231117_01_D03,1960_C03,human,Homo Sapiens,1312607825,M2XM_231114_226-A_C01,FacsWellTemplate,NYGC
NY-AT16022-8,10xATAC_Mult,HMBA_Human_Atlas+HMBA_Human_Atlas_H,ARC-ATAC,1312887245,B8XM_231117_01_D02,R8XA-23120509,ATX-16022,10000,Nuclei,1061736689,L8XA_231117_01_E03,1962_A05,human,Homo Sapiens,1312797510,M2XM_231115_221-A_A01,FacsWellTemplate,NYGC
NY-AT16022-9,10xATAC_Mult,HMBA_Human_Atlas+HMBA_Human_Atlas_H,ARC-ATAC,1312887248,B8XM_231117_01_E02,R8XA-23120509,ATX-16022,10000,Nuclei,1061736689,L8XA_231117_01_A03,1962_B05,human,Homo Sapiens,1312797509,M2XM_231115_221-A_B01,FacsWellTemplate,NYGC
NY-AT16023-1,10xATAC_Mult,HMBA_Human_Atlas+HMBA_Human_Atlas_H,ARC-ATAC,1312887251,B8XM_231117_01_F02,R8XA-23121205,ATX-16023,10000,Nuclei,1061736689,L8XA_231117_01_F03,1962_C05,human,Homo Sapiens,1312797508,M2XM_231115_221-A_C01,FacsWellTemplate,NYGC
NY-AT16023-2,10xATAC_Mult,HMBA_Human_Atlas+HMBA_Human_Atlas_H,ARC-ATAC,1314536405,B8XM_231128_01_A02,R8XA-23121205,ATX-16023,10000,Nuclei,1061736689,L8XA_231128_01_D07,1969_A02,human,Homo Sapiens,1312805259,M1XM_231121_221-A_A01,FacsWellTemplate,NYGC
NY-AT16023-3,10xATAC_Mult,HMBA_Human_Atlas+HMBA_Human_Atlas_H,ARC-ATAC,1314536407,B8XM_231128_01_B02,R8XA-23121205,ATX-16023,10000,Nuclei,1061736689,L8XA_231128_01_E07,1969_B02,human,Homo Sapiens,1312805258,M1XM_231121_221-A_B01,FacsWellTemplate,NYGC
NY-AT16023-4,10xATAC_Mult,HMBA_Human_Atlas+HMBA_Human_Atlas_H,ARC-ATAC,1314536409,B8XM_231128_01_C02,R8XA-23121205,ATX-16023,10000,Nuclei,1061736689,L8XA_231128_01_F07,1969_C02,human,Homo Sapiens,1312805257,M1XM_231121_221-A_C01,FacsWellTemplate,NYGC
NY-AT16023-5,10xATAC_Mult,HMBA_Human_Atlas+HMBA_Human_Atlas_H,ARC-ATAC,1314536449,B8XM_231128_01_D04,R8XA-23121205,ATX-16023,10000,Nuclei,1061736689,L8XA_231128_01_G07,1973_A02,human,Homo Sapiens,1313947636,M2XM_231127_241-A_A01,FacsWellTemplate,NYGC
NY-AT16023-6,10xATAC_Mult,HMBA_Human_Atlas+HMBA_Human_Atlas_H,ARC-ATAC,1314536451,B8XM_231128_01_E04,R8XA-23121205,ATX-16023,10000,Nuclei,1061736689,L8XA_231128_01_H07,1973_B02,human,Homo Sapiens,1313947635,M2XM_231127_241-A_B01,FacsWellTemplate,NYGC
NY-AT16023-7,10xATAC_Mult,HMBA_Human_Atlas+HMBA_Human_Atlas_H,ARC-ATAC,1314536453,B8XM_231128_01_F04,R8XA-23121205,ATX-16023,10000,Nuclei,1061736689,L8XA_231128_01_A08,1973_C02,human,Homo Sapiens,1313947634,M2XM_231127_241-A_C01,FacsWellTemplate,NYGC
NY-AT16023-8,10xATAC_Mult,BICAN_Dev_Atlas+BICAN_Dev_P14,ARC-ATAC,1316208210,B8XM_231205_01_E02,R8XA-23121205,ATX-16023,10000,Nuclei,1061736689,L8XA_231205_01_E02,1979_E07,mouse,Mus musculus,1314672787,M2XM_231201_206-A_E01,FacsWellTemplate,NYGC
NY-AT16023-9,10xATAC_Mult,HMBA_Human_Atlas+HMBA_Human_Atlas_H,ARC-ATAC,1316208144,B8XM_231205_01_G01,R8XA-23121205,ATX-16023,10000,Nuclei,1061736689,L8XA_231205_01_G01,1980_A08,human,Homo Sapiens,1315957166,M1XM_231201_221-A_A01,FacsWellTemplate,NYGC
NY-AT16024-1,10xATAC_Mult,HMBA_Human_Atlas+HMBA_Human_Atlas_H,ARC-ATAC,1316208154,B8XM_231205_01_H01,R8XA-23121906,ATX-16024,10000,Nuclei,1061736689,L8XA_231205_01_H01,1980_B08,human,Homo Sapiens,1315957165,M1XM_231201_221-A_B01,FacsWellTemplate,NYGC
NY-AT16024-2,10xATAC_Mult,HMBA_Human_Atlas+HMBA_Human_Atlas_H,ARC-ATAC,1316208165,B8XM_231205_01_A02,R8XA-23121906,ATX-16024,10000,Nuclei,1061736689,L8XA_231205_01_A02,1980_C08,human,Homo Sapiens,1315957164,M1XM_231201_221-A_C01,FacsWellTemplate,NYGC
NY-AT16024-3,10xATAC_Mult,HMBA_Human_Atlas+HMBA_Human_Atlas_H,ARC-ATAC,1316208080,B8XM_231205_01_B01,R8XA-23121906,ATX-16024,10000,Nuclei,1061736689,L8XA_231205_01_B01,1984_A02,human,Homo Sapiens,1315747032,M1XM_231204_226-A_A01,FacsWellTemplate,NYGC
NY-AT16024-4,10xATAC_Mult,HMBA_Human_Atlas+HMBA_Human_Atlas_H,ARC-ATAC,1316208091,B8XM_231205_01_C01,R8XA-23121906,ATX-16024,10000,Nuclei,1061736689,L8XA_231205_01_C01,1984_B02,human,Homo Sapiens,1315747030,M1XM_231204_226-A_B01,FacsWellTemplate,NYGC
NY-AT16024-5,10xATAC_Mult,HMBA_Human_Atlas+HMBA_Human_Atlas_H,ARC-ATAC,1316208067,B8XM_231205_01_A01,R8XA-23121906,ATX-16024,4565,Nuclei,1061736689,L8XA_231205_01_A01,1984_E02,human,Homo Sapiens,1315958923,M2XM_231204_221-A_E01,FacsWellTemplate,NYGC
NY-AT16024-6,10xATAC_Mult,HMBA_Human_Atlas+HMBA_Human_Atlas_H,ARC-ATAC,1316208103,B8XM_231205_01_D01,R8XA-23121906,ATX-16024,10000,Nuclei,1061736689,L8XA_231205_01_D01,1984_F02,human,Homo Sapiens,1315958922,M2XM_231204_221-A_F01,FacsWellTemplate,NYGC
NY-AT16024-7,10xATAC_Mult,HMBA_Human_Atlas+HMBA_Human_Atlas_H,ARC-ATAC,1316208116,B8XM_231205_01_E01,R8XA-23121906,ATX-16024,10000,Nuclei,1061736689,L8XA_231205_01_E01,1984.1_G02,human,Homo Sapiens,1315747024,M1XM_231204_226-A_G01,FacsWellTemplate,NYGC
NY-AT16024-8,10xATAC_Mult,HMBA_Human_Atlas+HMBA_Human_Atlas_H,ARC-ATAC,1316208133,B8XM_231205_01_F01,R8XA-23121906,ATX-16024,10000,Nuclei,1061736689,L8XA_231205_01_F01,1984.1_H02,human,Homo Sapiens,1315958920,M2XM_231204_221-A_H01,FacsWellTemplate,NYGC
NY-AT16024-9,10xATAC_Mult,HMBA_Human_Atlas+HMBA_Human_Atlas_H,ARC-ATAC,1317694424,B8XM_231212_01_A01,R8XA-23121906,ATX-16024,10000,Nuclei,1061736689,L8XA_231212_01_F04,1986_A04,human,Homo Sapiens,1316195813,M1XM_231206_241-A_A01,FacsWellTemplate,NYGC
